task,source,sequence_trial_index,start,goal,n_actions,shortest_steps,excess_steps,hit_rate,reached_goal,path_efficiency,revisit_rate,unique_state_fraction,action_entropy,left_frac,up_frac,right_frac,down_frac,straight_frac,turn_frac,reverse_frac,first_action_matches_shortest,shortest_action_alignment,mean_distance_delta,progress_action_frac,stall_action_frac,regress_action_frac,model,source_role,raw_source
1,model_rollout,3,44,30,6,6,0.0,0.0,1,1.0,0.0,1.0,0.792481250360578,0.3333333333333333,0.3333333333333333,0.0,0.3333333333333333,0.4,0.6,0.0,1,1.0,1.0,1.0,0.0,0.0,old_minimal,model,model_rollout
1,actual_subject,3,44,30,14,6,8.0,0.1428571428571428,1,0.4285714285714285,0.3333333333333333,0.6666666666666666,0.9620871761502205,0.2857142857142857,0.35714285714285715,0.14285714285714285,0.21428571428571427,0.3076923076923077,0.6923076923076923,0.0,1,0.8571428571428571,0.42857142857142855,0.6428571428571429,0.14285714285714285,0.21428571428571427,old_minimal,actual,actual_subject
1,model_rollout,7,39,38,3,3,0.0,0.0,1,1.0,0.0,1.0,0.792481250360578,0.3333333333333333,0.3333333333333333,0.3333333333333333,0.0,0.0,1.0,0.0,1,1.0,1.0,1.0,0.0,0.0,old_minimal,model,model_rollout
1,actual_subject,7,39,38,3,3,0.0,0.0,1,1.0,0.0,1.0,0.792481250360578,0.3333333333333333,0.3333333333333333,0.3333333333333333,0.0,0.0,1.0,0.0,1,1.0,1.0,1.0,0.0,0.0,old_minimal,actual,actual_subject
1,model_rollout,11,47,46,3,3,0.0,0.0,1,1.0,0.0,1.0,0.792481250360578,0.3333333333333333,0.3333333333333333,0.3333333333333333,0.0,0.0,1.0,0.0,1,1.0,1.0,1.0,0.0,0.0,old_minimal,model,model_rollout
1,actual_subject,11,47,46,3,3,0.0,0.0,1,1.0,0.0,1.0,0.792481250360578,0.3333333333333333,0.3333333333333333,0.3333333333333333,0.0,0.0,1.0,0.0,1,1.0,1.0,1.0,0.0,0.0,old_minimal,actual,actual_subject
1,model_rollout,15,20,6,8,8,0.0,0.0,1,1.0,0.0,1.0,0.9528195311147832,0.375,0.25,0.125,0.25,0.14285714285714285,0.8571428571428571,0.0,1,1.0,0.5,0.75,0.0,0.25,old_minimal,model,model_rollout
1,actual_subject,15,20,6,9,8,1.0,0.1111111111111111,1,0.8888888888888888,0.1,0.9,0.9182958340544894,0.4444444444444444,0.2222222222222222,0.1111111111111111,0.2222222222222222,0.125,0.75,0.125,0,0.8888888888888888,0.4444444444444444,0.6666666666666666,0.1111111111111111,0.2222222222222222,old_minimal,actual,actual_subject
1,model_rollout,19,25,0,50,13,37.0,0.32,0,0.26,0.6470588235294118,0.35294117647058826,0.8735689697995374,0.24,0.46,0.24,0.06,0.08163265306122448,0.9183673469387755,0.0,1,0.3939393939393939,0.04,0.36,0.32,0.32,old_minimal,model,model_rollout
1,actual_subject,19,25,0,15,13,2.0,0.0,1,0.8666666666666667,0.0625,0.9375,0.9161314485121345,0.3333333333333333,0.4,0.13333333333333333,0.13333333333333333,0.21428571428571427,0.7142857142857143,0.07142857142857142,1,0.9285714285714286,0.4666666666666667,0.7333333333333333,0.0,0.26666666666666666,old_minimal,actual,actual_subject
1,model_rollout,23,7,19,14,10,4.0,0.1428571428571428,1,0.7142857142857143,0.13333333333333333,0.8666666666666667,0.746307034008563,0.21428571428571427,0.0,0.2857142857142857,0.5,0.07692307692307693,0.9230769230769231,0.0,1,0.8333333333333334,0.2857142857142857,0.5714285714285714,0.14285714285714285,0.2857142857142857,old_minimal,model,model_rollout
1,actual_subject,23,7,19,12,10,2.0,0.0,1,0.8333333333333334,0.07692307692307693,0.9230769230769231,0.7772925846688998,0.25,0.0,0.3333333333333333,0.4166666666666667,0.18181818181818182,0.7272727272727273,0.09090909090909091,1,0.9090909090909091,0.3333333333333333,0.6666666666666666,0.0,0.3333333333333333,old_minimal,actual,actual_subject
1,model_rollout,27,46,12,8,8,0.0,0.0,1,1.0,0.0,1.0,0.6493974703476993,0.625,0.125,0.0,0.25,0.14285714285714285,0.8571428571428571,0.0,1,1.0,1.0,1.0,0.0,0.0,old_minimal,model,model_rollout
1,actual_subject,27,46,12,12,8,4.0,0.0,1,0.6666666666666666,0.15384615384615385,0.8461538461538461,0.8647869792568111,0.5,0.16666666666666666,0.08333333333333333,0.25,0.18181818181818182,0.7272727272727273,0.09090909090909091,1,0.8888888888888888,0.6666666666666666,0.8333333333333334,0.0,0.16666666666666666,old_minimal,actual,actual_subject
1,model_rollout,31,35,25,18,8,10.0,0.2222222222222222,1,0.4444444444444444,0.21052631578947367,0.7894736842105263,0.8941079061856879,0.2777777777777778,0.05555555555555555,0.2777777777777778,0.3888888888888889,0.058823529411764705,0.9411764705882353,0.0,0,0.0,0.2222222222222222,0.5,0.2222222222222222,0.2777777777777778,old_minimal,model,model_rollout
1,actual_subject,31,35,25,15,8,7.0,0.2,1,0.5333333333333333,0.375,0.625,0.8732328992520361,0.26666666666666666,0.2,0.06666666666666667,0.4666666666666667,0.2857142857142857,0.5714285714285714,0.14285714285714285,1,0.75,0.26666666666666666,0.5333333333333333,0.2,0.26666666666666666,old_minimal,actual,actual_subject
1,model_rollout,35,37,8,7,7,0.0,0.0,1,1.0,0.0,1.0,0.6893917467430878,0.5714285714285714,0.2857142857142857,0.0,0.14285714285714285,0.5,0.5,0.0,1,1.0,1.0,1.0,0.0,0.0,old_minimal,model,model_rollout
1,actual_subject,35,37,8,7,7,0.0,0.0,1,1.0,0.0,1.0,0.6893917467430878,0.5714285714285714,0.2857142857142857,0.0,0.14285714285714285,0.5,0.5,0.0,1,1.0,1.0,1.0,0.0,0.0,old_minimal,actual,actual_subject
1,model_rollout,39,12,44,50,10,40.0,0.36,0,0.2,0.7058823529411765,0.29411764705882354,0.8102844312694042,0.02,0.24,0.48,0.26,0.04081632653061224,0.9591836734693877,0.0,1,0.8888888888888888,0.08,0.36,0.36,0.28,old_minimal,model,model_rollout
1,actual_subject,39,12,44,10,10,0.0,0.0,1,1.0,0.0,1.0,0.6804820237218405,0.0,0.4,0.5,0.1,0.1111111111111111,0.8888888888888888,0.0,1,1.0,1.0,1.0,0.0,0.0,old_minimal,actual,actual_subject
1,model_rollout,43,31,7,10,10,0.0,0.0,1,1.0,0.0,1.0,0.8609640474436813,0.4,0.4,0.1,0.1,0.3333333333333333,0.6666666666666666,0.0,1,1.0,0.8,0.9,0.0,0.1,old_minimal,model,model_rollout
1,actual_subject,43,31,7,10,10,0.0,0.0,1,1.0,0.0,1.0,0.8609640474436813,0.4,0.4,0.1,0.1,0.3333333333333333,0.6666666666666666,0.0,1,1.0,0.8,0.9,0.0,0.1,old_minimal,actual,actual_subject
1,model_rollout,47,25,46,5,5,0.0,0.0,1,1.0,0.0,1.0,0.6854752972273345,0.0,0.2,0.6,0.2,0.25,0.75,0.0,1,1.0,1.0,1.0,0.0,0.0,old_minimal,model,model_rollout
1,actual_subject,47,25,46,5,5,0.0,0.0,1,1.0,0.0,1.0,0.6854752972273345,0.0,0.2,0.6,0.2,0.25,0.75,0.0,1,1.0,1.0,1.0,0.0,0.0,old_minimal,actual,actual_subject
2,model_rollout,51,11,39,9,8,1.0,0.1111111111111111,1,0.8888888888888888,0.1,0.9,0.7177602521413333,0.0,0.2222222222222222,0.5555555555555556,0.2222222222222222,0.25,0.75,0.0,1,0.8888888888888888,0.8888888888888888,0.8888888888888888,0.1111111111111111,0.0,old_minimal,model,model_rollout
2,actual_subject,51,11,39,14,8,6.0,0.0,1,0.5714285714285714,0.0,1.0,0.9176188726560588,0.07142857142857142,0.2857142857142857,0.35714285714285715,0.2857142857142857,0.3076923076923077,0.6923076923076923,0.0,0,0.0,0.5714285714285714,0.7857142857142857,0.0,0.21428571428571427,old_minimal,actual,actual_subject
2,model_rollout,55,23,39,50,10,40.0,0.86,0,0.2,0.8431372549019608,0.1568627450980392,0.6005447975505682,0.0,0.04,0.5,0.46,0.02040816326530612,0.9795918367346939,0.0,1,0.75,0.06,0.1,0.86,0.04,old_minimal,model,model_rollout
2,actual_subject,55,23,39,12,10,2.0,0.0,1,0.8333333333333334,0.07692307692307693,0.9230769230769231,0.9591479170272448,0.16666666666666666,0.16666666666666666,0.3333333333333333,0.3333333333333333,0.18181818181818182,0.7272727272727273,0.09090909090909091,1,0.9090909090909091,0.6666666666666666,0.8333333333333334,0.0,0.16666666666666666,old_minimal,actual,actual_subject
2,model_rollout,59,25,28,12,9,3.0,0.0833333333333333,1,0.75,0.07692307692307693,0.9230769230769231,0.8647869792568114,0.16666666666666666,0.5,0.25,0.08333333333333333,0.18181818181818182,0.8181818181818182,0.0,0,0.0,0.25,0.5833333333333334,0.08333333333333333,0.3333333333333333,old_minimal,model,model_rollout
2,actual_subject,59,25,28,11,9,2.0,0.0,1,0.8181818181818182,0.08333333333333333,0.9166666666666666,0.8949645376549997,0.18181818181818182,0.45454545454545453,0.2727272727272727,0.09090909090909091,0.3,0.6,0.1,0,0.9,0.2727272727272727,0.6363636363636364,0.0,0.36363636363636365,old_minimal,actual,actual_subject
2,model_rollout,63,17,32,50,9,41.0,0.34,0,0.18,0.6470588235294118,0.35294117647058826,0.890775866857608,0.08,0.24,0.46,0.22,0.061224489795918366,0.8979591836734694,0.04081632653061224,0,0.0,0.1,0.38,0.34,0.28,old_minimal,model,model_rollout
2,actual_subject,63,17,32,16,9,7.0,0.0625,1,0.5625,0.17647058823529413,0.8235294117647058,0.9618974703476992,0.125,0.25,0.3125,0.3125,0.26666666666666666,0.7333333333333333,0.0,1,0.3333333333333333,0.5625,0.75,0.0625,0.1875,old_minimal,actual,actual_subject
2,model_rollout,67,15,23,50,4,46.0,0.12,0,0.08,0.49019607843137253,0.5098039215686274,0.9801715203365519,0.18,0.22,0.34,0.26,0.04081632653061224,0.8979591836734694,0.061224489795918366,0,0.0,-0.08,0.4,0.12,0.48,old_minimal,model,model_rollout
2,actual_subject,67,15,23,5,4,1.0,0.2,1,0.8,0.16666666666666666,0.8333333333333334,0.7609640474436813,0.2,0.0,0.4,0.4,0.0,1.0,0.0,1,0.8,0.8,0.8,0.2,0.0,old_minimal,actual,actual_subject
2,model_rollout,71,2,1,46,3,43.0,0.2391304347826087,1,0.0652173913043478,0.3617021276595745,0.6382978723404256,0.9883321605666032,0.2826086956521739,0.21739130434782608,0.30434782608695654,0.1956521739130435,0.28888888888888886,0.7111111111111111,0.0,1,0.75,0.06521739130434782,0.41304347826086957,0.2391304347826087,0.34782608695652173,old_minimal,model,model_rollout
2,actual_subject,71,2,1,3,3,0.0,0.0,1,1.0,0.0,1.0,0.792481250360578,0.3333333333333333,0.3333333333333333,0.3333333333333333,0.0,0.0,1.0,0.0,1,1.0,1.0,1.0,0.0,0.0,old_minimal,actual,actual_subject
2,model_rollout,75,11,1,30,6,24.0,0.2,1,0.2,0.25806451612903225,0.7419354838709677,0.9450537400706276,0.3333333333333333,0.3,0.26666666666666666,0.1,0.3448275862068966,0.6551724137931034,0.0,0,0.5,0.2,0.5,0.2,0.3,old_minimal,model,model_rollout
2,actual_subject,75,11,1,6,6,0.0,0.0,1,1.0,0.0,1.0,0.7295739585136223,0.3333333333333333,0.5,0.16666666666666666,0.0,0.0,1.0,0.0,1,1.0,1.0,1.0,0.0,0.0,old_minimal,actual,actual_subject
2,model_rollout,79,40,5,16,9,7.0,0.0625,1,0.5625,0.23529411764705882,0.7647058823529411,0.9248008763572908,0.4375,0.25,0.125,0.1875,0.2,0.7333333333333333,0.06666666666666667,0,0.8181818181818182,0.5625,0.75,0.0625,0.1875,old_minimal,model,model_rollout
2,actual_subject,79,40,5,9,9,0.0,0.0,1,1.0,0.0,1.0,0.7177602521413333,0.5555555555555556,0.2222222222222222,0.0,0.2222222222222222,0.125,0.875,0.0,1,1.0,1.0,1.0,0.0,0.0,old_minimal,actual,actual_subject
2,model_rollout,83,3,46,50,11,39.0,0.78,0,0.22,0.7647058823529411,0.23529411764705882,0.629878234365504,0.0,0.06,0.52,0.42,0.08163265306122448,0.9183673469387755,0.0,1,0.5,0.14,0.18,0.78,0.04,old_minimal,model,model_rollout
2,actual_subject,83,3,46,14,11,3.0,0.0714285714285714,1,0.7857142857142857,0.06666666666666667,0.9333333333333333,0.7463070340085628,0.0,0.21428571428571427,0.5,0.2857142857142857,0.3076923076923077,0.6923076923076923,0.0,1,0.5,0.7857142857142857,0.8571428571428571,0.07142857142857142,0.07142857142857142,old_minimal,actual,actual_subject
2,model_rollout,87,16,24,75,10,65.0,0.0933333333333333,0,0.1333333333333333,0.7631578947368421,0.23684210526315788,0.9944679488102265,0.28,0.26666666666666666,0.25333333333333335,0.2,0.1891891891891892,0.8108108108108109,0.0,1,0.48,0.0,0.4533333333333333,0.09333333333333334,0.4533333333333333,old_minimal,model,model_rollout
2,actual_subject,87,16,24,25,10,15.0,0.12,1,0.4,0.4230769230769231,0.5769230769230769,0.9893442852255488,0.24,0.2,0.32,0.24,0.16666666666666666,0.6666666666666666,0.16666666666666666,1,0.4166666666666667,0.4,0.64,0.12,0.24,old_minimal,actual,actual_subject
2,model_rollout,91,20,16,12,10,2.0,0.1666666666666666,1,0.8333333333333334,0.15384615384615385,0.8461538461538461,0.8920795639257109,0.3333333333333333,0.4166666666666667,0.16666666666666666,0.08333333333333333,0.36363636363636365,0.6363636363636364,0.0,1,0.8333333333333334,0.5,0.6666666666666666,0.16666666666666666,0.16666666666666666,old_minimal,model,model_rollout
2,actual_subject,91,20,16,30,10,20.0,0.0666666666666666,1,0.3333333333333333,0.22580645161290322,0.7741935483870968,0.9949490477321438,0.26666666666666666,0.26666666666666666,0.26666666666666666,0.2,0.2413793103448276,0.6551724137931034,0.10344827586206896,1,0.6666666666666666,0.2,0.5666666666666667,0.06666666666666667,0.36666666666666664,old_minimal,actual,actual_subject
2,model_rollout,95,19,16,6,5,1.0,0.1666666666666666,1,0.8333333333333334,0.14285714285714285,0.8571428571428571,0.6258145836939114,0.16666666666666666,0.6666666666666666,0.16666666666666666,0.0,0.4,0.6,0.0,1,0.8333333333333334,0.8333333333333334,0.8333333333333334,0.16666666666666666,0.0,old_minimal,model,model_rollout
2,actual_subject,95,19,16,10,5,5.0,0.1,1,0.5,0.2727272727272727,0.7272727272727273,0.8804820237218406,0.2,0.5,0.2,0.1,0.1111111111111111,0.8888888888888888,0.0,0,0.8333333333333334,0.5,0.7,0.1,0.2,old_minimal,actual,actual_subject
2,model_rollout,99,32,14,10,10,0.0,0.0,1,1.0,0.0,1.0,0.8427376486136672,0.3,0.5,0.1,0.1,0.3333333333333333,0.6666666666666666,0.0,1,1.0,0.6,0.8,0.0,0.2,old_minimal,model,model_rollout
2,actual_subject,99,32,14,12,10,2.0,0.0,1,0.8333333333333334,0.07692307692307693,0.9230769230769231,0.8920795639257109,0.3333333333333333,0.4166666666666667,0.16666666666666666,0.08333333333333333,0.36363636363636365,0.5454545454545454,0.09090909090909091,1,0.9090909090909091,0.5,0.75,0.0,0.25,old_minimal,actual,actual_subject
3,model_rollout,103,19,21,54,10,44.0,0.9629629629629628,0,0.1851851851851851,0.9454545454545454,0.05454545454545454,0.5,0.0,0.5,0.5,0.0,0.0,1.0,0.0,0,0.0,0.0,0.018518518518518517,0.9629629629629629,0.018518518518518517,old_minimal,model,model_rollout
3,actual_subject,103,19,21,18,10,8.0,0.0,1,0.5555555555555556,0.05263157894736842,0.9473684210526315,0.9388201415867107,0.2222222222222222,0.3888888888888889,0.2777777777777778,0.1111111111111111,0.29411764705882354,0.6470588235294118,0.058823529411764705,0,0.6666666666666666,0.2222222222222222,0.6111111111111112,0.0,0.3888888888888889,old_minimal,actual,actual_subject
3,model_rollout,107,2,40,50,10,40.0,0.68,0,0.2,0.6862745098039216,0.3137254901960784,0.879242093567971,0.4,0.38,0.12,0.1,0.061224489795918366,0.9387755102040817,0.0,0,0.125,0.12,0.22,0.68,0.1,old_minimal,model,model_rollout
3,actual_subject,107,2,40,14,10,4.0,0.0,1,0.7142857142857143,0.13333333333333333,0.8666666666666667,0.8446958733715438,0.14285714285714285,0.07142857142857142,0.5,0.2857142857142857,0.23076923076923078,0.6153846153846154,0.15384615384615385,0,0.8333333333333334,0.7142857142857143,0.8571428571428571,0.0,0.14285714285714285,old_minimal,actual,actual_subject
3,model_rollout,111,47,45,4,4,0.0,0.0,1,1.0,0.0,1.0,0.75,0.25,0.5,0.25,0.0,0.0,1.0,0.0,1,1.0,1.0,1.0,0.0,0.0,old_minimal,model,model_rollout
3,actual_subject,111,47,45,4,4,0.0,0.0,1,1.0,0.0,1.0,0.75,0.25,0.5,0.25,0.0,0.0,1.0,0.0,1,1.0,1.0,1.0,0.0,0.0,old_minimal,actual,actual_subject
3,model_rollout,115,43,18,9,9,0.0,0.0,1,1.0,0.0,1.0,0.6960736118322673,0.4444444444444444,0.1111111111111111,0.0,0.4444444444444444,0.125,0.875,0.0,1,1.0,1.0,1.0,0.0,0.0,old_minimal,model,model_rollout
3,actual_subject,115,43,18,9,9,0.0,0.0,1,1.0,0.0,1.0,0.6960736118322673,0.4444444444444444,0.1111111111111111,0.0,0.4444444444444444,0.125,0.875,0.0,1,1.0,1.0,1.0,0.0,0.0,old_minimal,actual,actual_subject
3,model_rollout,119,36,17,18,7,11.0,0.2777777777777778,1,0.3888888888888889,0.3157894736842105,0.6842105263157895,0.9206250851407775,0.3333333333333333,0.1111111111111111,0.16666666666666666,0.3888888888888889,0.11764705882352941,0.8823529411764706,0.0,0,0.6,0.3888888888888889,0.5555555555555556,0.2777777777777778,0.16666666666666666,old_minimal,model,model_rollout
3,actual_subject,119,36,17,18,7,11.0,0.0555555555555555,1,0.3888888888888889,0.21052631578947367,0.7894736842105263,0.9535998353544739,0.2777777777777778,0.2777777777777778,0.1111111111111111,0.3333333333333333,0.17647058823529413,0.6470588235294118,0.17647058823529413,0,0.0,0.3888888888888889,0.6666666666666666,0.05555555555555555,0.2777777777777778,old_minimal,actual,actual_subject
3,model_rollout,123,42,45,19,5,14.0,0.1052631578947368,1,0.2631578947368421,0.25,0.75,0.9752404816059185,0.21052631578947367,0.21052631578947367,0.21052631578947367,0.3684210526315789,0.2222222222222222,0.7777777777777778,0.0,0,0.6666666666666666,0.2631578947368421,0.5789473684210527,0.10526315789473684,0.3157894736842105,old_minimal,model,model_rollout
3,actual_subject,123,42,45,7,5,2.0,0.0,1,0.7142857142857143,0.125,0.875,0.7783283537314115,0.2857142857142857,0.0,0.2857142857142857,0.42857142857142855,0.16666666666666666,0.6666666666666666,0.16666666666666666,1,0.8333333333333334,0.7142857142857143,0.8571428571428571,0.0,0.14285714285714285,old_minimal,actual,actual_subject
3,model_rollout,127,36,2,51,8,43.0,0.3333333333333333,0,0.1568627450980392,0.6346153846153846,0.36538461538461536,0.9600632472651311,0.13725490196078433,0.29411764705882354,0.35294117647058826,0.21568627450980393,0.06,0.94,0.0,1,0.8333333333333334,0.11764705882352941,0.39215686274509803,0.3333333333333333,0.27450980392156865,old_minimal,model,model_rollout
3,actual_subject,127,36,2,17,8,9.0,0.0588235294117647,1,0.4705882352941176,0.1111111111111111,0.8888888888888888,0.8889924521298744,0.4117647058823529,0.23529411764705882,0.058823529411764705,0.29411764705882354,0.1875,0.75,0.0625,0,0.0,0.47058823529411764,0.7058823529411765,0.058823529411764705,0.23529411764705882,old_minimal,actual,actual_subject
3,model_rollout,131,16,45,19,9,10.0,0.2105263157894736,1,0.4736842105263157,0.25,0.75,0.9064726381299401,0.10526315789473684,0.15789473684210525,0.42105263157894735,0.3157894736842105,0.16666666666666666,0.8333333333333334,0.0,1,0.25,0.47368421052631576,0.631578947368421,0.21052631578947367,0.15789473684210525,old_minimal,model,model_rollout
3,actual_subject,131,16,45,12,9,3.0,0.0833333333333333,1,0.75,0.15384615384615385,0.8461538461538461,0.8920795639257109,0.08333333333333333,0.16666666666666666,0.4166666666666667,0.3333333333333333,0.2727272727272727,0.7272727272727273,0.0,1,0.9,0.75,0.8333333333333334,0.08333333333333333,0.08333333333333333,old_minimal,actual,actual_subject
3,model_rollout,135,23,7,14,6,8.0,0.1428571428571428,1,0.4285714285714285,0.2,0.8,0.9046000163489059,0.35714285714285715,0.35714285714285715,0.21428571428571427,0.07142857142857142,0.07692307692307693,0.9230769230769231,0.0,0,0.6666666666666666,0.42857142857142855,0.6428571428571429,0.14285714285714285,0.21428571428571427,old_minimal,model,model_rollout
3,actual_subject,135,23,7,14,6,8.0,0.1428571428571428,1,0.4285714285714285,0.2,0.8,0.9046000163489059,0.35714285714285715,0.35714285714285715,0.21428571428571427,0.07142857142857142,0.07692307692307693,0.9230769230769231,0.0,0,0.6666666666666666,0.42857142857142855,0.6428571428571429,0.14285714285714285,0.21428571428571427,old_minimal,actual,actual_subject
3,model_rollout,139,8,17,8,5,3.0,0.125,1,0.625,0.1111111111111111,0.8888888888888888,0.7806390622295665,0.25,0.0,0.375,0.375,0.2857142857142857,0.7142857142857143,0.0,0,0.0,0.625,0.75,0.125,0.125,old_minimal,model,model_rollout
3,actual_subject,139,8,17,9,5,4.0,0.0,1,0.5555555555555556,0.2,0.8,0.7652465283787413,0.3333333333333333,0.0,0.4444444444444444,0.2222222222222222,0.375,0.5,0.125,0,0.8333333333333334,0.5555555555555556,0.7777777777777778,0.0,0.2222222222222222,old_minimal,actual,actual_subject
3,model_rollout,143,43,7,16,10,6.0,0.375,1,0.625,0.35294117647058826,0.6470588235294118,0.9414280318460244,0.375,0.3125,0.1875,0.125,0.2,0.8,0.0,0,0.625,0.625,0.625,0.375,0.0,old_minimal,model,model_rollout
3,actual_subject,143,43,7,10,10,0.0,0.0,1,1.0,0.0,1.0,0.7427376486136673,0.5,0.3,0.0,0.2,0.2222222222222222,0.7777777777777778,0.0,1,1.0,1.0,1.0,0.0,0.0,old_minimal,actual,actual_subject
3,model_rollout,147,48,46,13,4,9.0,0.6923076923076923,1,0.3076923076923077,0.6428571428571429,0.35714285714285715,0.4956321302677144,0.07692307692307693,0.15384615384615385,0.7692307692307693,0.0,0.6666666666666666,0.3333333333333333,0.0,0,0.3076923076923077,0.3076923076923077,0.3076923076923077,0.6923076923076923,0.0,old_minimal,model,model_rollout
3,actual_subject,147,48,46,4,4,0.0,0.0,1,1.0,0.0,1.0,0.75,0.25,0.5,0.25,0.0,0.0,1.0,0.0,1,1.0,1.0,1.0,0.0,0.0,old_minimal,actual,actual_subject
4,model_rollout,151,36,9,108,7,101.0,0.1666666666666666,0,0.0648148148148148,0.8256880733944955,0.1743119266055046,0.9767168545625888,0.3148148148148148,0.2962962962962963,0.1574074074074074,0.23148148148148148,0.08411214953271028,0.9158878504672897,0.0,1,0.8333333333333334,0.018518518518518517,0.42592592592592593,0.16666666666666666,0.4074074074074074,old_minimal,model,model_rollout
4,actual_subject,151,36,9,36,7,29.0,0.5277777777777778,1,0.1944444444444444,0.5405405405405406,0.4594594594594595,0.8813915737886833,0.4166666666666667,0.3055555555555556,0.05555555555555555,0.2222222222222222,0.2571428571428571,0.6857142857142857,0.05714285714285714,0,0.0,0.19444444444444445,0.3333333333333333,0.5277777777777778,0.1388888888888889,old_minimal,actual,actual_subject
4,model_rollout,155,10,15,50,5,45.0,0.12,0,0.1,0.5686274509803921,0.43137254901960786,0.9924490326124676,0.2,0.3,0.24,0.26,0.14285714285714285,0.8571428571428571,0.0,0,0.0,0.0,0.44,0.12,0.44,old_minimal,model,model_rollout
4,actual_subject,155,10,15,12,5,7.0,0.4166666666666667,1,0.4166666666666667,0.38461538461538464,0.6153846153846154,0.7295739585136223,0.16666666666666666,0.5,0.3333333333333333,0.0,0.36363636363636365,0.6363636363636364,0.0,0,0.0,0.4166666666666667,0.5,0.4166666666666667,0.08333333333333333,old_minimal,actual,actual_subject
4,model_rollout,159,14,12,8,8,0.0,0.0,1,1.0,0.0,1.0,0.6493974703476993,0.25,0.0,0.125,0.625,0.14285714285714285,0.8571428571428571,0.0,1,1.0,0.25,0.625,0.0,0.375,old_minimal,model,model_rollout
4,actual_subject,159,14,12,14,8,6.0,0.2857142857142857,1,0.5714285714285714,0.26666666666666666,0.7333333333333333,0.805288621665821,0.14285714285714285,0.07142857142857142,0.21428571428571427,0.5714285714285714,0.23076923076923078,0.7692307692307693,0.0,1,0.625,0.14285714285714285,0.42857142857142855,0.2857142857142857,0.2857142857142857,old_minimal,actual,actual_subject
4,model_rollout,163,0,11,14,9,5.0,0.2142857142857142,1,0.6428571428571429,0.2,0.8,0.746307034008563,0.21428571428571427,0.0,0.2857142857142857,0.5,0.15384615384615385,0.8461538461538461,0.0,1,0.8,0.35714285714285715,0.5714285714285714,0.21428571428571427,0.21428571428571427,old_minimal,model,model_rollout
4,actual_subject,163,0,11,22,9,13.0,0.3181818181818182,1,0.4090909090909091,0.391304347826087,0.6086956521739131,0.9061060148293874,0.13636363636363635,0.13636363636363635,0.2727272727272727,0.45454545454545453,0.2857142857142857,0.7142857142857143,0.0,1,0.5384615384615384,0.22727272727272727,0.45454545454545453,0.3181818181818182,0.22727272727272727,old_minimal,actual,actual_subject
4,model_rollout,167,18,0,102,12,90.0,0.2450980392156862,0,0.1176470588235294,0.7087378640776699,0.2912621359223301,0.8805705055190871,0.24509803921568626,0.4411764705882353,0.2549019607843137,0.058823529411764705,0.07920792079207921,0.9108910891089109,0.009900990099009901,0,0.48148148148148145,0.029411764705882353,0.39215686274509803,0.24509803921568626,0.3627450980392157,old_minimal,model,model_rollout
4,actual_subject,167,18,0,34,12,22.0,0.4705882352941176,1,0.3529411764705882,0.5428571428571428,0.45714285714285713,0.8648066891036259,0.3235294117647059,0.4411764705882353,0.17647058823529413,0.058823529411764705,0.2727272727272727,0.6363636363636364,0.09090909090909091,0,0.5454545454545454,0.17647058823529413,0.35294117647058826,0.47058823529411764,0.17647058823529413,old_minimal,actual,actual_subject
4,model_rollout,171,24,8,16,10,6.0,0.375,1,0.625,0.35294117647058826,0.6470588235294118,0.8246987351738496,0.5,0.3125,0.125,0.0625,0.3333333333333333,0.6666666666666666,0.0,0,0.625,0.625,0.625,0.375,0.0,old_minimal,model,model_rollout
4,actual_subject,171,24,8,24,10,14.0,0.4166666666666667,1,0.4166666666666667,0.4,0.6,0.8920795639257109,0.3333333333333333,0.4166666666666667,0.08333333333333333,0.16666666666666666,0.21739130434782608,0.6956521739130435,0.08695652173913043,0,0.16666666666666666,0.4166666666666667,0.5,0.4166666666666667,0.08333333333333333,old_minimal,actual,actual_subject
4,model_rollout,175,46,8,69,10,59.0,0.9130434782608696,0,0.144927536231884,0.9142857142857143,0.08571428571428572,0.546165851201235,0.5217391304347826,0.463768115942029,0.014492753623188406,0.0,0.058823529411764705,0.9411764705882353,0.0,0,0.5,0.0,0.043478260869565216,0.9130434782608695,0.043478260869565216,old_minimal,model,model_rollout
4,actual_subject,175,46,8,23,10,13.0,0.391304347826087,1,0.4347826086956521,0.375,0.625,0.7708446124200048,0.391304347826087,0.4782608695652174,0.043478260869565216,0.08695652173913043,0.3181818181818182,0.5909090909090909,0.09090909090909091,0,0.0,0.43478260869565216,0.5217391304347826,0.391304347826087,0.08695652173913043,old_minimal,actual,actual_subject
4,model_rollout,179,12,44,63,10,53.0,0.3968253968253968,0,0.1587301587301587,0.765625,0.234375,0.7967078620982049,0.015873015873015872,0.23809523809523808,0.49206349206349204,0.25396825396825395,0.03225806451612903,0.967741935483871,0.0,1,0.8888888888888888,0.06349206349206349,0.3333333333333333,0.3968253968253968,0.2698412698412698,old_minimal,model,model_rollout
4,actual_subject,179,12,44,21,10,11.0,0.238095238095238,1,0.4761904761904761,0.36363636363636365,0.6363636363636364,0.824119356497944,0.14285714285714285,0.3333333333333333,0.47619047619047616,0.047619047619047616,0.2,0.7,0.1,1,0.5833333333333334,0.47619047619047616,0.6190476190476191,0.23809523809523808,0.14285714285714285,old_minimal,actual,actual_subject
4,model_rollout,183,46,19,18,7,11.0,0.2777777777777778,1,0.3888888888888889,0.3684210526315789,0.631578947368421,0.9206250851407777,0.3888888888888889,0.16666666666666666,0.1111111111111111,0.3333333333333333,0.23529411764705882,0.7647058823529411,0.0,1,0.625,0.3888888888888889,0.5555555555555556,0.2777777777777778,0.16666666666666666,old_minimal,model,model_rollout
4,actual_subject,183,46,19,8,7,1.0,0.125,1,0.875,0.1111111111111111,0.8888888888888888,0.6493974703476993,0.625,0.125,0.0,0.25,0.2857142857142857,0.7142857142857143,0.0,1,0.875,0.875,0.875,0.125,0.0,old_minimal,actual,actual_subject
4,model_rollout,187,38,18,11,6,5.0,0.2727272727272727,1,0.5454545454545454,0.3333333333333333,0.6666666666666666,0.9115339911368306,0.36363636363636365,0.18181818181818182,0.09090909090909091,0.36363636363636365,0.3,0.6,0.1,1,0.75,0.5454545454545454,0.6363636363636364,0.2727272727272727,0.09090909090909091,old_minimal,model,model_rollout
4,actual_subject,187,38,18,8,6,2.0,0.25,1,0.75,0.2222222222222222,0.7777777777777778,0.6493974703476993,0.625,0.125,0.0,0.25,0.14285714285714285,0.8571428571428571,0.0,1,0.75,0.75,0.75,0.25,0.0,old_minimal,actual,actual_subject
4,model_rollout,191,2,45,63,11,52.0,0.6190476190476191,0,0.1746031746031746,0.65625,0.34375,0.7503994941366512,0.06349206349206349,0.047619047619047616,0.4603174603174603,0.42857142857142855,0.06451612903225806,0.9354838709677419,0.0,1,0.625,0.09523809523809523,0.23809523809523808,0.6190476190476191,0.14285714285714285,old_minimal,model,model_rollout
4,actual_subject,191,2,45,21,11,10.0,0.2857142857142857,1,0.5238095238095238,0.36363636363636365,0.6363636363636364,0.824119356497944,0.047619047619047616,0.14285714285714285,0.47619047619047616,0.3333333333333333,0.3,0.6,0.1,1,0.6875,0.5238095238095238,0.6190476190476191,0.2857142857142857,0.09523809523809523,old_minimal,actual,actual_subject
4,model_rollout,195,37,39,12,4,8.0,0.3333333333333333,1,0.3333333333333333,0.46153846153846156,0.5384615384615384,0.892079563925711,0.16666666666666666,0.08333333333333333,0.4166666666666667,0.3333333333333333,0.0,0.9090909090909091,0.09090909090909091,0,0.8,0.3333333333333333,0.5,0.3333333333333333,0.16666666666666666,old_minimal,model,model_rollout
4,actual_subject,195,37,39,5,4,1.0,0.2,1,0.8,0.16666666666666666,0.8333333333333334,0.6854752972273345,0.2,0.0,0.2,0.6,0.25,0.75,0.0,1,0.8,0.8,0.8,0.2,0.0,old_minimal,actual,actual_subject
4,model_rollout,199,18,39,5,5,0.0,0.0,1,1.0,0.0,1.0,0.6854752972273345,0.0,0.2,0.6,0.2,0.25,0.75,0.0,1,1.0,1.0,1.0,0.0,0.0,old_minimal,model,model_rollout
4,actual_subject,199,18,39,7,5,2.0,0.2857142857142857,1,0.7142857142857143,0.25,0.75,0.6893917467430878,0.0,0.2857142857142857,0.5714285714285714,0.14285714285714285,0.3333333333333333,0.5,0.16666666666666666,1,0.7142857142857143,0.7142857142857143,0.7142857142857143,0.2857142857142857,0.0,old_minimal,actual,actual_subject
4,model_rollout,203,21,18,41,11,30.0,0.1463414634146341,1,0.2682926829268293,0.5238095238095238,0.47619047619047616,0.9832853981124403,0.2682926829268293,0.17073170731707318,0.24390243902439024,0.3170731707317073,0.15,0.825,0.025,1,0.7619047619047619,0.12195121951219512,0.4878048780487805,0.14634146341463414,0.36585365853658536,old_minimal,model,model_rollout
4,actual_subject,203,21,18,24,11,13.0,0.2916666666666667,1,0.4583333333333333,0.44,0.56,0.9244939945387638,0.16666666666666666,0.16666666666666666,0.20833333333333334,0.4583333333333333,0.17391304347826086,0.782608695652174,0.043478260869565216,0,0.6,0.20833333333333334,0.4583333333333333,0.2916666666666667,0.25,old_minimal,actual,actual_subject
4,model_rollout,207,41,38,50,5,45.0,0.92,0,0.1,0.9019607843137255,0.09803921568627451,0.5593945182775654,0.46,0.52,0.02,0.0,0.02040816326530612,0.9795918367346939,0.0,0,0.0,0.04,0.06,0.92,0.02,old_minimal,model,model_rollout
4,actual_subject,207,41,38,9,5,4.0,0.2222222222222222,1,0.5555555555555556,0.2,0.8,0.7177602521413333,0.2222222222222222,0.5555555555555556,0.2222222222222222,0.0,0.125,0.875,0.0,0,0.0,0.5555555555555556,0.6666666666666666,0.2222222222222222,0.1111111111111111,old_minimal,actual,actual_subject
4,model_rollout,211,11,36,46,9,37.0,0.2391304347826087,1,0.1956521739130435,0.5531914893617021,0.44680851063829785,0.935766980364308,0.10869565217391304,0.2826086956521739,0.391304347826087,0.21739130434782608,0.06666666666666667,0.8888888888888888,0.044444444444444446,0,0.0,0.1956521739130435,0.4782608695652174,0.2391304347826087,0.2826086956521739,old_minimal,model,model_rollout
4,actual_subject,211,11,36,12,9,3.0,0.25,1,0.75,0.23076923076923078,0.7692307692307693,0.6625056054120886,0.0,0.4166666666666667,0.5,0.08333333333333333,0.09090909090909091,0.9090909090909091,0.0,1,0.75,0.75,0.75,0.25,0.0,old_minimal,actual,actual_subject
4,model_rollout,215,18,44,50,8,42.0,0.38,0,0.16,0.7450980392156863,0.2549019607843137,0.8399424533058403,0.04,0.22,0.48,0.26,0.04081632653061224,0.9387755102040817,0.02040816326530612,1,0.6666666666666666,0.02,0.32,0.38,0.3,old_minimal,model,model_rollout
4,actual_subject,215,18,44,14,8,6.0,0.2857142857142857,1,0.5714285714285714,0.26666666666666666,0.7333333333333333,0.7958363892911637,0.07142857142857142,0.42857142857142855,0.42857142857142855,0.07142857142857142,0.23076923076923078,0.6923076923076923,0.07692307692307693,0,0.5555555555555556,0.5714285714285714,0.6428571428571429,0.2857142857142857,0.07142857142857142,old_minimal,actual,actual_subject
4,model_rollout,219,46,29,7,7,0.0,0.0,1,1.0,0.0,1.0,0.6893917467430878,0.2857142857142857,0.5714285714285714,0.0,0.14285714285714285,0.3333333333333333,0.6666666666666666,0.0,1,1.0,1.0,1.0,0.0,0.0,old_minimal,model,model_rollout
4,actual_subject,219,46,29,11,7,4.0,0.1818181818181818,1,0.6363636363636364,0.3333333333333333,0.6666666666666666,0.7474594241169754,0.36363636363636365,0.45454545454545453,0.0,0.18181818181818182,0.2,0.8,0.0,1,0.7272727272727273,0.6363636363636364,0.7272727272727273,0.18181818181818182,0.09090909090909091,old_minimal,actual,actual_subject
4,model_rollout,223,3,40,66,9,57.0,0.7424242424242424,0,0.1363636363636363,0.8507462686567164,0.14925373134328357,0.8195882264612631,0.3939393939393939,0.4393939393939394,0.10606060606060606,0.06060606060606061,0.03076923076923077,0.9692307692307692,0.0,1,0.13333333333333333,0.07575757575757576,0.16666666666666666,0.7424242424242424,0.09090909090909091,old_minimal,model,model_rollout
4,actual_subject,223,3,40,22,9,13.0,0.3181818181818182,1,0.4090909090909091,0.30434782608695654,0.6956521739130435,0.8248626836794422,0.045454545454545456,0.13636363636363635,0.4090909090909091,0.4090909090909091,0.23809523809523808,0.7142857142857143,0.047619047619047616,1,0.5,0.4090909090909091,0.5454545454545454,0.3181818181818182,0.13636363636363635,old_minimal,actual,actual_subject
4,model_rollout,227,10,25,60,5,55.0,0.9333333333333332,0,0.0833333333333333,0.9180327868852459,0.08196721311475409,0.5518951024742089,0.0,0.016666666666666666,0.5166666666666667,0.4666666666666667,0.01694915254237288,0.9830508474576272,0.0,0,0.0,0.0,0.03333333333333333,0.9333333333333333,0.03333333333333333,old_minimal,model,model_rollout
4,actual_subject,227,10,25,20,5,15.0,0.35,1,0.25,0.5238095238095238,0.47619047619047616,0.8911143594569007,0.15,0.1,0.45,0.3,0.10526315789473684,0.8421052631578947,0.05263157894736842,0,0.625,0.25,0.45,0.35,0.2,old_minimal,actual,actual_subject
4,model_rollout,231,15,10,5,5,0.0,0.0,1,1.0,0.0,1.0,0.7609640474436813,0.4,0.0,0.2,0.4,0.0,1.0,0.0,1,1.0,1.0,1.0,0.0,0.0,old_minimal,model,model_rollout
4,actual_subject,231,15,10,10,5,5.0,0.3,1,0.5,0.36363636363636365,0.6363636363636364,0.9232196723355078,0.3,0.1,0.2,0.4,0.1111111111111111,0.7777777777777778,0.1111111111111111,0,0.7142857142857143,0.5,0.6,0.3,0.1,old_minimal,actual,actual_subject
4,model_rollout,235,11,27,50,6,44.0,0.16,0,0.12,0.5882352941176471,0.4117647058823529,0.9841336242494271,0.2,0.22,0.34,0.24,0.10204081632653061,0.8775510204081632,0.02040816326530612,1,0.7142857142857143,0.04,0.44,0.16,0.4,old_minimal,model,model_rollout
4,actual_subject,235,11,27,11,6,5.0,0.2727272727272727,1,0.5454545454545454,0.25,0.75,0.8383685150260664,0.09090909090909091,0.09090909090909091,0.45454545454545453,0.36363636363636365,0.0,1.0,0.0,0,0.5555555555555556,0.5454545454545454,0.6363636363636364,0.2727272727272727,0.09090909090909091,old_minimal,actual,actual_subject
4,model_rollout,239,25,46,5,5,0.0,0.0,1,1.0,0.0,1.0,0.6854752972273345,0.0,0.2,0.6,0.2,0.25,0.75,0.0,1,1.0,1.0,1.0,0.0,0.0,old_minimal,model,model_rollout
4,actual_subject,239,25,46,11,5,6.0,0.1818181818181818,1,0.4545454545454545,0.16666666666666666,0.8333333333333334,0.8949645376549997,0.09090909090909091,0.2727272727272727,0.45454545454545453,0.18181818181818182,0.0,1.0,0.0,0,0.6666666666666666,0.45454545454545453,0.6363636363636364,0.18181818181818182,0.18181818181818182,old_minimal,actual,actual_subject
4,model_rollout,243,23,31,14,8,6.0,0.1428571428571428,1,0.5714285714285714,0.13333333333333333,0.8666666666666667,0.9751060324573735,0.14285714285714285,0.2857142857142857,0.2857142857142857,0.2857142857142857,0.15384615384615385,0.8461538461538461,0.0,0,0.0,0.5714285714285714,0.7142857142857143,0.14285714285714285,0.14285714285714285,old_minimal,model,model_rollout
4,actual_subject,243,23,31,23,8,15.0,0.391304347826087,1,0.3478260869565217,0.5416666666666666,0.4583333333333333,0.9570850556153867,0.13043478260869565,0.21739130434782608,0.34782608695652173,0.30434782608695654,0.22727272727272727,0.6818181818181818,0.09090909090909091,0,0.5294117647058824,0.34782608695652173,0.4782608695652174,0.391304347826087,0.13043478260869565,old_minimal,actual,actual_subject
4,model_rollout,247,39,3,78,10,68.0,0.3205128205128205,0,0.1282051282051282,0.6329113924050633,0.3670886075949367,0.9447188816464335,0.11538461538461539,0.24358974358974358,0.38461538461538464,0.2564102564102564,0.07792207792207792,0.8961038961038961,0.025974025974025976,0,0.6153846153846154,-0.01282051282051282,0.3333333333333333,0.32051282051282054,0.34615384615384615,old_minimal,model,model_rollout
4,actual_subject,247,39,3,26,10,16.0,0.3846153846153846,1,0.3846153846153846,0.48148148148148145,0.5185185185185185,0.8097253141506577,0.5,0.3076923076923077,0.038461538461538464,0.15384615384615385,0.12,0.84,0.04,0,0.5555555555555556,0.38461538461538464,0.5,0.38461538461538464,0.11538461538461539,old_minimal,actual,actual_subject
4,model_rollout,251,16,14,10,6,4.0,0.2,1,0.6,0.2727272727272727,0.7272727272727273,0.9232196723355077,0.3,0.4,0.2,0.1,0.2222222222222222,0.7777777777777778,0.0,1,0.75,0.6,0.7,0.2,0.1,old_minimal,model,model_rollout
4,actual_subject,251,16,14,10,6,4.0,0.4,1,0.6,0.36363636363636365,0.6363636363636364,0.7427376486136673,0.3,0.5,0.2,0.0,0.0,0.8888888888888888,0.1111111111111111,0,0.6,0.6,0.6,0.4,0.0,old_minimal,actual,actual_subject
4,model_rollout,255,12,15,50,7,43.0,0.22,0,0.14,0.5490196078431373,0.45098039215686275,0.9906576387006182,0.22,0.32,0.22,0.24,0.14285714285714285,0.8367346938775511,0.02040816326530612,0,0.5,-0.02,0.38,0.22,0.4,old_minimal,model,model_rollout
4,actual_subject,255,12,15,13,7,6.0,0.3076923076923077,1,0.5384615384615384,0.2857142857142857,0.7142857142857143,0.7286329568116936,0.23076923076923078,0.5384615384615384,0.23076923076923078,0.0,0.3333333333333333,0.5833333333333334,0.08333333333333333,1,0.5,0.23076923076923078,0.46153846153846156,0.3076923076923077,0.23076923076923078,old_minimal,actual,actual_subject
4,model_rollout,259,2,44,14,10,4.0,0.1428571428571428,1,0.7142857142857143,0.2,0.8,0.70689978230284,0.0,0.21428571428571427,0.5714285714285714,0.21428571428571427,0.23076923076923078,0.7692307692307693,0.0,1,0.8333333333333334,0.7142857142857143,0.7857142857142857,0.14285714285714285,0.07142857142857142,old_minimal,model,model_rollout
4,actual_subject,259,2,44,20,10,10.0,0.3,1,0.5,0.42857142857142855,0.5714285714285714,0.7697455351500672,0.0,0.25,0.45,0.3,0.10526315789473684,0.7368421052631579,0.15789473684210525,1,0.625,0.5,0.6,0.3,0.1,old_minimal,actual,actual_subject
4,model_rollout,263,32,30,66,8,58.0,0.9242424242424242,0,0.1212121212121212,0.9253731343283582,0.07462686567164178,0.6314388352701878,0.030303030303030304,0.48484848484848486,0.4696969696969697,0.015151515151515152,0.0,1.0,0.0,0,0.0,0.015151515151515152,0.045454545454545456,0.9242424242424242,0.030303030303030304,old_minimal,model,model_rollout
4,actual_subject,263,32,30,22,8,14.0,0.2727272727272727,1,0.3636363636363636,0.4782608695652174,0.5217391304347826,0.9681300137657637,0.36363636363636365,0.2727272727272727,0.18181818181818182,0.18181818181818182,0.19047619047619047,0.7142857142857143,0.09523809523809523,0,0.5625,0.2727272727272727,0.5,0.2727272727272727,0.22727272727272727,old_minimal,actual,actual_subject
4,model_rollout,267,9,38,69,9,60.0,0.8985507246376812,0,0.1304347826086956,0.9,0.1,0.6534744767465618,0.4492753623188406,0.4927536231884058,0.043478260869565216,0.014492753623188406,0.014705882352941176,0.9852941176470589,0.0,0,0.0,0.014492753623188406,0.057971014492753624,0.8985507246376812,0.043478260869565216,old_minimal,model,model_rollout
4,actual_subject,267,9,38,23,9,14.0,0.3478260869565217,1,0.391304347826087,0.4583333333333333,0.5416666666666666,0.8439705226182103,0.043478260869565216,0.17391304347826086,0.34782608695652173,0.43478260869565216,0.18181818181818182,0.6818181818181818,0.13636363636363635,0,0.6,0.391304347826087,0.5217391304347826,0.34782608695652173,0.13043478260869565,old_minimal,actual,actual_subject
4,model_rollout,271,15,18,9,9,0.0,0.0,1,1.0,0.0,1.0,0.9182958340544897,0.2222222222222222,0.1111111111111111,0.2222222222222222,0.4444444444444444,0.125,0.875,0.0,1,1.0,0.5555555555555556,0.7777777777777778,0.0,0.2222222222222222,old_minimal,model,model_rollout
4,actual_subject,271,15,18,16,9,7.0,0.3125,1,0.5625,0.29411764705882354,0.7058823529411765,0.8980898459737487,0.125,0.125,0.3125,0.4375,0.2,0.8,0.0,0,0.6666666666666666,0.3125,0.5,0.3125,0.1875,old_minimal,actual,actual_subject
4,model_rollout,275,23,31,14,8,6.0,0.1428571428571428,1,0.5714285714285714,0.13333333333333333,0.8666666666666667,0.9751060324573735,0.14285714285714285,0.2857142857142857,0.2857142857142857,0.2857142857142857,0.15384615384615385,0.8461538461538461,0.0,0,0.0,0.5714285714285714,0.7142857142857143,0.14285714285714285,0.14285714285714285,old_minimal,model,model_rollout
4,actual_subject,275,23,31,11,8,3.0,0.2727272727272727,1,0.7272727272727273,0.25,0.75,0.9115339911368306,0.09090909090909091,0.18181818181818182,0.36363636363636365,0.36363636363636365,0.3,0.7,0.0,0,0.7272727272727273,0.7272727272727273,0.7272727272727273,0.2727272727272727,0.0,old_minimal,actual,actual_subject
4,model_rollout,279,19,38,50,7,43.0,0.84,0,0.14,0.8235294117647058,0.17647058823529413,0.5593945182775654,0.46,0.52,0.02,0.0,0.04081632653061224,0.9591836734693877,0.0,0,0.0,-0.04,0.06,0.84,0.1,old_minimal,model,model_rollout
4,actual_subject,279,19,38,10,7,3.0,0.3,1,0.7,0.2727272727272727,0.7272727272727273,0.6477309221191608,0.0,0.3,0.6,0.1,0.1111111111111111,0.8888888888888888,0.0,0,0.7,0.7,0.7,0.3,0.0,old_minimal,actual,actual_subject
4,model_rollout,283,43,39,6,6,0.0,0.0,1,1.0,0.0,1.0,0.7295739585136223,0.3333333333333333,0.0,0.16666666666666666,0.5,0.0,1.0,0.0,1,1.0,1.0,1.0,0.0,0.0,old_minimal,model,model_rollout
4,actual_subject,283,43,39,11,6,5.0,0.2727272727272727,1,0.5454545454545454,0.25,0.75,0.8429078545765152,0.18181818181818182,0.09090909090909091,0.18181818181818182,0.5454545454545454,0.2,0.8,0.0,1,0.5,0.5454545454545454,0.6363636363636364,0.2727272727272727,0.09090909090909091,old_minimal,actual,actual_subject
4,model_rollout,287,12,46,11,8,3.0,0.0909090909090909,1,0.7272727272727273,0.16666666666666666,0.8333333333333334,0.8085947862963575,0.09090909090909091,0.2727272727272727,0.5454545454545454,0.09090909090909091,0.2,0.8,0.0,1,0.8888888888888888,0.7272727272727273,0.8181818181818182,0.09090909090909091,0.09090909090909091,old_minimal,model,model_rollout
4,actual_subject,287,12,46,20,8,12.0,0.4,1,0.4,0.47619047619047616,0.5238095238095238,0.8238654610595805,0.05,0.3,0.5,0.15,0.15789473684210525,0.8421052631578947,0.0,1,0.5333333333333333,0.4,0.5,0.4,0.1,old_minimal,actual,actual_subject
4,model_rollout,291,0,34,114,14,100.0,0.9473684210526316,0,0.1228070175438596,0.9391304347826087,0.06086956521739131,0.4998889836059454,0.0,0.0,0.5087719298245614,0.49122807017543857,0.008849557522123894,0.9911504424778761,0.0,1,0.7142857142857143,0.017543859649122806,0.03508771929824561,0.9473684210526315,0.017543859649122806,old_minimal,model,model_rollout
4,actual_subject,291,0,34,38,14,24.0,0.3684210526315789,1,0.3684210526315789,0.46153846153846156,0.5384615384615384,0.8316874487143641,0.13157894736842105,0.05263157894736842,0.42105263157894735,0.39473684210526316,0.10810810810810811,0.8378378378378378,0.05405405405405406,1,0.6,0.15789473684210525,0.39473684210526316,0.3684210526315789,0.23684210526315788,old_minimal,actual,actual_subject
4,model_rollout,295,26,1,18,11,7.0,0.1666666666666666,1,0.6111111111111112,0.21052631578947367,0.7894736842105263,0.8553885422075338,0.4444444444444444,0.3333333333333333,0.16666666666666666,0.05555555555555555,0.35294117647058826,0.5882352941176471,0.058823529411764705,0,0.5,0.3888888888888889,0.6111111111111112,0.16666666666666666,0.2222222222222222,old_minimal,model,model_rollout
4,actual_subject,295,26,1,21,11,10.0,0.1904761904761904,1,0.5238095238095238,0.3181818181818182,0.6818181818181818,0.8881659264001537,0.3333333333333333,0.42857142857142855,0.14285714285714285,0.09523809523809523,0.1,0.8,0.1,0,0.6875,0.3333333333333333,0.5714285714285714,0.19047619047619047,0.23809523809523808,old_minimal,actual,actual_subject
4,model_rollout,299,23,7,14,6,8.0,0.1428571428571428,1,0.4285714285714285,0.2,0.8,0.9046000163489059,0.35714285714285715,0.35714285714285715,0.21428571428571427,0.07142857142857142,0.07692307692307693,0.9230769230769231,0.0,0,0.6666666666666666,0.42857142857142855,0.6428571428571429,0.14285714285714285,0.21428571428571427,old_minimal,model,model_rollout
4,actual_subject,299,23,7,18,6,12.0,0.3333333333333333,1,0.3333333333333333,0.3684210526315789,0.631578947368421,0.8553885422075339,0.3333333333333333,0.4444444444444444,0.16666666666666666,0.05555555555555555,0.0,1.0,0.0,0,0.5,0.3333333333333333,0.5,0.3333333333333333,0.16666666666666666,old_minimal,actual,actual_subject
4,model_rollout,303,31,23,11,8,3.0,0.0909090909090909,1,0.7272727272727273,0.16666666666666666,0.8333333333333334,0.9904129681145393,0.2727272727272727,0.2727272727272727,0.18181818181818182,0.2727272727272727,0.2,0.8,0.0,1,0.8888888888888888,0.7272727272727273,0.8181818181818182,0.09090909090909091,0.09090909090909091,old_minimal,model,model_rollout
4,actual_subject,303,31,23,21,8,13.0,0.3333333333333333,1,0.3809523809523809,0.45454545454545453,0.5454545454545454,0.9849500113113598,0.3333333333333333,0.23809523809523808,0.19047619047619047,0.23809523809523808,0.05,0.85,0.1,0,0.6153846153846154,0.38095238095238093,0.5238095238095238,0.3333333333333333,0.14285714285714285,old_minimal,actual,actual_subject
4,model_rollout,307,32,14,10,10,0.0,0.0,1,1.0,0.0,1.0,0.8427376486136672,0.3,0.5,0.1,0.1,0.3333333333333333,0.6666666666666666,0.0,1,1.0,0.6,0.8,0.0,0.2,old_minimal,model,model_rollout
4,actual_subject,307,32,14,18,10,8.0,0.3333333333333333,1,0.5555555555555556,0.3684210526315789,0.631578947368421,0.8763576394898526,0.3333333333333333,0.4444444444444444,0.1111111111111111,0.1111111111111111,0.17647058823529413,0.8235294117647058,0.0,1,0.7142857142857143,0.3333333333333333,0.5,0.3333333333333333,0.16666666666666666,old_minimal,actual,actual_subject
4,model_rollout,311,27,10,11,7,4.0,0.1818181818181818,1,0.6363636363636364,0.25,0.75,0.8383685150260664,0.36363636363636365,0.45454545454545453,0.09090909090909091,0.09090909090909091,0.3,0.7,0.0,0,0.7777777777777778,0.6363636363636364,0.7272727272727273,0.18181818181818182,0.09090909090909091,old_minimal,model,model_rollout
4,actual_subject,311,27,10,11,7,4.0,0.3636363636363636,1,0.6363636363636364,0.3333333333333333,0.6666666666666666,0.6610896727583333,0.36363636363636365,0.5454545454545454,0.0,0.09090909090909091,0.2,0.8,0.0,1,0.6363636363636364,0.6363636363636364,0.6363636363636364,0.36363636363636365,0.0,old_minimal,actual,actual_subject
4,model_rollout,315,40,3,50,9,41.0,0.1,0,0.18,0.3137254901960784,0.6862745098039216,0.9734922447366375,0.22,0.34,0.28,0.16,0.1836734693877551,0.7755102040816326,0.04081632653061224,0,0.6363636363636364,-0.02,0.44,0.1,0.46,old_minimal,model,model_rollout
4,actual_subject,315,40,3,12,9,3.0,0.25,1,0.75,0.23076923076923078,0.7692307692307693,0.6403360647604436,0.5833333333333334,0.3333333333333333,0.0,0.08333333333333333,0.2727272727272727,0.7272727272727273,0.0,1,0.75,0.75,0.75,0.25,0.0,old_minimal,actual,actual_subject
4,model_rollout,319,31,16,18,9,9.0,0.0555555555555555,1,0.5,0.10526315789473684,0.8947368421052632,0.9625632797054146,0.3888888888888889,0.2222222222222222,0.2222222222222222,0.16666666666666666,0.29411764705882354,0.6470588235294118,0.058823529411764705,0,0.6666666666666666,0.5,0.7222222222222222,0.05555555555555555,0.2222222222222222,old_minimal,model,model_rollout
4,actual_subject,319,31,16,26,9,17.0,0.4230769230769231,1,0.3461538461538461,0.5185185185185185,0.48148148148148145,0.9351466105037404,0.38461538461538464,0.3076923076923077,0.11538461538461539,0.19230769230769232,0.16,0.76,0.08,0,0.0,0.34615384615384615,0.46153846153846156,0.4230769230769231,0.11538461538461539,old_minimal,actual,actual_subject
4,model_rollout,323,19,31,51,6,45.0,0.1176470588235294,0,0.1176470588235294,0.4423076923076923,0.5576923076923077,0.9553842199486068,0.19607843137254902,0.3333333333333333,0.3333333333333333,0.13725490196078433,0.08,0.88,0.04,0,0.0,0.09803921568627451,0.49019607843137253,0.11764705882352941,0.39215686274509803,old_minimal,model,model_rollout
4,actual_subject,323,19,31,17,6,11.0,0.2941176470588235,1,0.3529411764705882,0.3333333333333333,0.6666666666666666,0.8919296718389883,0.11764705882352941,0.4117647058823529,0.35294117647058826,0.11764705882352941,0.1875,0.8125,0.0,1,0.45454545454545453,0.35294117647058826,0.5294117647058824,0.29411764705882354,0.17647058823529413,old_minimal,actual,actual_subject
4,model_rollout,327,3,7,22,6,16.0,0.2727272727272727,1,0.2727272727272727,0.4782608695652174,0.5217391304347826,0.8763322860996783,0.2727272727272727,0.4090909090909091,0.2727272727272727,0.045454545454545456,0.047619047619047616,0.9523809523809523,0.0,0,0.6666666666666666,0.18181818181818182,0.45454545454545453,0.2727272727272727,0.2727272727272727,old_minimal,model,model_rollout
4,actual_subject,327,3,7,10,6,4.0,0.2,1,0.6,0.2727272727272727,0.7272727272727273,0.7427376486136673,0.2,0.5,0.3,0.0,0.2222222222222222,0.7777777777777778,0.0,1,0.75,0.4,0.6,0.2,0.2,old_minimal,actual,actual_subject
4,model_rollout,331,28,39,96,7,89.0,0.9270833333333334,0,0.0729166666666666,0.9278350515463918,0.07216494845360824,0.5843225166542535,0.03125,0.0,0.46875,0.5,0.0,1.0,0.0,0,0.0,-0.052083333333333336,0.010416666666666666,0.9270833333333334,0.0625,old_minimal,model,model_rollout
4,actual_subject,331,28,39,32,7,25.0,0.40625,1,0.21875,0.48484848484848486,0.5151515151515151,0.9037583727993054,0.125,0.125,0.40625,0.34375,0.22580645161290322,0.7096774193548387,0.06451612903225806,0,0.0,0.15625,0.375,0.40625,0.21875,old_minimal,actual,actual_subject
4,model_rollout,335,32,29,7,7,0.0,0.0,1,1.0,0.0,1.0,0.8322488896002306,0.14285714285714285,0.5714285714285714,0.14285714285714285,0.14285714285714285,0.3333333333333333,0.6666666666666666,0.0,1,1.0,0.7142857142857143,0.8571428571428571,0.0,0.14285714285714285,old_minimal,model,model_rollout
4,actual_subject,335,32,29,9,7,2.0,0.2222222222222222,1,0.7777777777777778,0.2,0.8,0.8288713632524444,0.2222222222222222,0.5555555555555556,0.1111111111111111,0.1111111111111111,0.25,0.75,0.0,1,0.7777777777777778,0.5555555555555556,0.6666666666666666,0.2222222222222222,0.1111111111111111,old_minimal,actual,actual_subject
4,model_rollout,339,2,40,99,10,89.0,0.8383838383838383,0,0.101010101010101,0.84,0.16,0.7512975124698761,0.4444444444444444,0.4444444444444444,0.06060606060606061,0.050505050505050504,0.030612244897959183,0.9693877551020408,0.0,0,0.056179775280898875,0.06060606060606061,0.1111111111111111,0.8383838383838383,0.050505050505050504,old_minimal,model,model_rollout
4,actual_subject,339,2,40,33,10,23.0,0.3939393939393939,1,0.303030303030303,0.4411764705882353,0.5588235294117647,0.8695090836243208,0.12121212121212122,0.09090909090909091,0.42424242424242425,0.36363636363636365,0.09375,0.8125,0.09375,0,0.6666666666666666,0.30303030303030304,0.45454545454545453,0.3939393939393939,0.15151515151515152,old_minimal,actual,actual_subject
4,model_rollout,343,33,21,17,12,5.0,0.1764705882352941,1,0.7058823529411765,0.2222222222222222,0.7777777777777778,0.8294898760621027,0.23529411764705882,0.5294117647058824,0.17647058823529413,0.058823529411764705,0.1875,0.8125,0.0,1,0.8,0.23529411764705882,0.5294117647058824,0.17647058823529413,0.29411764705882354,old_minimal,model,model_rollout
4,actual_subject,343,33,21,28,12,16.0,0.3571428571428571,1,0.4285714285714285,0.5172413793103449,0.4827586206896552,0.8982531302466922,0.32142857142857145,0.42857142857142855,0.14285714285714285,0.10714285714285714,0.14814814814814814,0.8518518518518519,0.0,1,0.5833333333333334,0.14285714285714285,0.39285714285714285,0.35714285714285715,0.25,old_minimal,actual,actual_subject
4,model_rollout,347,10,31,51,9,42.0,0.1176470588235294,0,0.1764705882352941,0.5,0.5,0.9451201982130796,0.17647058823529413,0.3137254901960784,0.37254901960784315,0.13725490196078433,0.08,0.88,0.04,0,0.0,0.09803921568627451,0.49019607843137253,0.11764705882352941,0.39215686274509803,old_minimal,model,model_rollout
4,actual_subject,347,10,31,17,9,8.0,0.3529411764705882,1,0.5294117647058824,0.3333333333333333,0.6666666666666666,0.8697270982459452,0.058823529411764705,0.17647058823529413,0.4117647058823529,0.35294117647058826,0.1875,0.75,0.0625,0,0.0,0.5294117647058824,0.5882352941176471,0.35294117647058826,0.058823529411764705,old_minimal,actual,actual_subject
1,model_context_rollout,3,44,30,50,6,44.0,0.5,0,0.12,0.9607843137254902,0.0392156862745098,0.7497113839988004,0.0,0.26,0.5,0.24,0.0,1.0,0.0,0,0.0,-0.02,0.24,0.5,0.26,context,model,model_context_rollout
1,actual_subject,3,44,30,14,6,8.0,0.1428571428571428,1,0.4285714285714285,0.3333333333333333,0.6666666666666666,0.9620871761502205,0.2857142857142857,0.35714285714285715,0.14285714285714285,0.21428571428571427,0.3076923076923077,0.6923076923076923,0.0,1,0.8571428571428571,0.42857142857142855,0.6428571428571429,0.14285714285714285,0.21428571428571427,context,actual,actual_subject
1,model_context_rollout,7,39,38,4,3,1.0,0.25,1,0.75,0.2,0.8,0.75,0.25,0.5,0.25,0.0,0.0,1.0,0.0,0,0.75,0.75,0.75,0.25,0.0,context,model,model_context_rollout
1,actual_subject,7,39,38,3,3,0.0,0.0,1,1.0,0.0,1.0,0.792481250360578,0.3333333333333333,0.3333333333333333,0.3333333333333333,0.0,0.0,1.0,0.0,1,1.0,1.0,1.0,0.0,0.0,context,actual,actual_subject
1,model_context_rollout,11,47,46,3,3,0.0,0.0,1,1.0,0.0,1.0,0.792481250360578,0.3333333333333333,0.3333333333333333,0.3333333333333333,0.0,0.0,1.0,0.0,1,1.0,1.0,1.0,0.0,0.0,context,model,model_context_rollout
1,actual_subject,11,47,46,3,3,0.0,0.0,1,1.0,0.0,1.0,0.792481250360578,0.3333333333333333,0.3333333333333333,0.3333333333333333,0.0,0.0,1.0,0.0,1,1.0,1.0,1.0,0.0,0.0,context,actual,actual_subject
1,model_context_rollout,15,20,6,50,8,42.0,0.14,0,0.16,0.39215686274509803,0.6078431372549019,0.9971082643043144,0.26,0.22,0.28,0.24,0.16326530612244897,0.7959183673469388,0.04081632653061224,1,0.38461538461538464,-0.1,0.38,0.14,0.48,context,model,model_context_rollout
1,actual_subject,15,20,6,9,8,1.0,0.1111111111111111,1,0.8888888888888888,0.1,0.9,0.9182958340544894,0.4444444444444444,0.2222222222222222,0.1111111111111111,0.2222222222222222,0.125,0.75,0.125,0,0.8888888888888888,0.4444444444444444,0.6666666666666666,0.1111111111111111,0.2222222222222222,context,actual,actual_subject
1,model_context_rollout,19,25,0,50,13,37.0,0.42,0,0.26,0.6274509803921569,0.37254901960784315,0.836314596137484,0.28,0.48,0.2,0.04,0.061224489795918366,0.9387755102040817,0.0,1,0.20689655172413793,0.02,0.3,0.42,0.28,context,model,model_context_rollout
1,actual_subject,19,25,0,15,13,2.0,0.0,1,0.8666666666666667,0.0625,0.9375,0.9161314485121345,0.3333333333333333,0.4,0.13333333333333333,0.13333333333333333,0.21428571428571427,0.7142857142857143,0.07142857142857142,1,0.9285714285714286,0.4666666666666667,0.7333333333333333,0.0,0.26666666666666666,context,actual,actual_subject
1,model_context_rollout,23,7,19,14,10,4.0,0.1428571428571428,1,0.7142857142857143,0.13333333333333333,0.8666666666666667,0.746307034008563,0.21428571428571427,0.0,0.2857142857142857,0.5,0.07692307692307693,0.9230769230769231,0.0,1,0.8333333333333334,0.2857142857142857,0.5714285714285714,0.14285714285714285,0.2857142857142857,context,model,model_context_rollout
1,actual_subject,23,7,19,12,10,2.0,0.0,1,0.8333333333333334,0.07692307692307693,0.9230769230769231,0.7772925846688998,0.25,0.0,0.3333333333333333,0.4166666666666667,0.18181818181818182,0.7272727272727273,0.09090909090909091,1,0.9090909090909091,0.3333333333333333,0.6666666666666666,0.0,0.3333333333333333,context,actual,actual_subject
1,model_context_rollout,27,46,12,18,8,10.0,0.1111111111111111,1,0.4444444444444444,0.10526315789473684,0.8947368421052632,0.8735835986534669,0.4444444444444444,0.2222222222222222,0.05555555555555555,0.2777777777777778,0.17647058823529413,0.8235294117647058,0.0,0,0.0,0.4444444444444444,0.6666666666666666,0.1111111111111111,0.2222222222222222,context,model,model_context_rollout
1,actual_subject,27,46,12,12,8,4.0,0.0,1,0.6666666666666666,0.15384615384615385,0.8461538461538461,0.8647869792568111,0.5,0.16666666666666666,0.08333333333333333,0.25,0.18181818181818182,0.7272727272727273,0.09090909090909091,1,0.8888888888888888,0.6666666666666666,0.8333333333333334,0.0,0.16666666666666666,context,actual,actual_subject
1,model_context_rollout,31,35,25,9,8,1.0,0.1111111111111111,1,0.8888888888888888,0.1,0.9,0.6758220575766962,0.3333333333333333,0.1111111111111111,0.0,0.5555555555555556,0.25,0.75,0.0,1,0.8888888888888888,0.4444444444444444,0.6666666666666666,0.1111111111111111,0.2222222222222222,context,model,model_context_rollout
1,actual_subject,31,35,25,15,8,7.0,0.2,1,0.5333333333333333,0.375,0.625,0.8732328992520361,0.26666666666666666,0.2,0.06666666666666667,0.4666666666666667,0.2857142857142857,0.5714285714285714,0.14285714285714285,1,0.75,0.26666666666666666,0.5333333333333333,0.2,0.26666666666666666,context,actual,actual_subject
1,model_context_rollout,35,37,8,7,7,0.0,0.0,1,1.0,0.0,1.0,0.6893917467430878,0.5714285714285714,0.2857142857142857,0.0,0.14285714285714285,0.5,0.5,0.0,1,1.0,1.0,1.0,0.0,0.0,context,model,model_context_rollout
1,actual_subject,35,37,8,7,7,0.0,0.0,1,1.0,0.0,1.0,0.6893917467430878,0.5714285714285714,0.2857142857142857,0.0,0.14285714285714285,0.5,0.5,0.0,1,1.0,1.0,1.0,0.0,0.0,context,actual,actual_subject
1,model_context_rollout,39,12,44,13,10,3.0,0.0769230769230769,1,0.7692307692307693,0.14285714285714285,0.8571428571428571,0.7302423406565557,0.0,0.38461538461538464,0.46153846153846156,0.15384615384615385,0.08333333333333333,0.9166666666666666,0.0,0,0.9090909090909091,0.7692307692307693,0.8461538461538461,0.07692307692307693,0.07692307692307693,context,model,model_context_rollout
1,actual_subject,39,12,44,10,10,0.0,0.0,1,1.0,0.0,1.0,0.6804820237218405,0.0,0.4,0.5,0.1,0.1111111111111111,0.8888888888888888,0.0,1,1.0,1.0,1.0,0.0,0.0,context,actual,actual_subject
1,model_context_rollout,43,31,7,10,10,0.0,0.0,1,1.0,0.0,1.0,0.8609640474436813,0.4,0.4,0.1,0.1,0.3333333333333333,0.6666666666666666,0.0,1,1.0,0.8,0.9,0.0,0.1,context,model,model_context_rollout
1,actual_subject,43,31,7,10,10,0.0,0.0,1,1.0,0.0,1.0,0.8609640474436813,0.4,0.4,0.1,0.1,0.3333333333333333,0.6666666666666666,0.0,1,1.0,0.8,0.9,0.0,0.1,context,actual,actual_subject
1,model_context_rollout,47,25,46,9,5,4.0,0.2222222222222222,1,0.5555555555555556,0.3,0.7,0.8288713632524444,0.1111111111111111,0.2222222222222222,0.5555555555555556,0.1111111111111111,0.25,0.75,0.0,0,0.7142857142857143,0.5555555555555556,0.6666666666666666,0.2222222222222222,0.1111111111111111,context,model,model_context_rollout
1,actual_subject,47,25,46,5,5,0.0,0.0,1,1.0,0.0,1.0,0.6854752972273345,0.0,0.2,0.6,0.2,0.25,0.75,0.0,1,1.0,1.0,1.0,0.0,0.0,context,actual,actual_subject
2,model_context_rollout,51,11,39,26,8,18.0,0.3846153846153846,1,0.3076923076923077,0.4074074074074074,0.5925925925925926,0.8690746665964332,0.07692307692307693,0.15384615384615385,0.46153846153846156,0.3076923076923077,0.12,0.84,0.04,0,0.0,0.3076923076923077,0.46153846153846156,0.38461538461538464,0.15384615384615385,context,model,model_context_rollout
2,actual_subject,51,11,39,14,8,6.0,0.0,1,0.5714285714285714,0.0,1.0,0.9176188726560588,0.07142857142857142,0.2857142857142857,0.35714285714285715,0.2857142857142857,0.3076923076923077,0.6923076923076923,0.0,0,0.0,0.5714285714285714,0.7857142857142857,0.0,0.21428571428571427,context,actual,actual_subject
2,model_context_rollout,55,23,39,15,10,5.0,0.2,1,0.6666666666666666,0.1875,0.8125,0.8983958159908184,0.13333333333333333,0.13333333333333333,0.4666666666666667,0.26666666666666666,0.14285714285714285,0.7857142857142857,0.07142857142857142,0,0.0,0.5333333333333333,0.6666666666666666,0.2,0.13333333333333333,context,model,model_context_rollout
2,actual_subject,55,23,39,12,10,2.0,0.0,1,0.8333333333333334,0.07692307692307693,0.9230769230769231,0.9591479170272448,0.16666666666666666,0.16666666666666666,0.3333333333333333,0.3333333333333333,0.18181818181818182,0.7272727272727273,0.09090909090909091,1,0.9090909090909091,0.6666666666666666,0.8333333333333334,0.0,0.16666666666666666,context,actual,actual_subject
2,model_context_rollout,59,25,28,14,9,5.0,0.2142857142857142,1,0.6428571428571429,0.26666666666666666,0.7333333333333333,0.8636983367872394,0.14285714285714285,0.42857142857142855,0.35714285714285715,0.07142857142857142,0.3076923076923077,0.6153846153846154,0.07692307692307693,0,0.6923076923076923,0.21428571428571427,0.5,0.21428571428571427,0.2857142857142857,context,model,model_context_rollout
2,actual_subject,59,25,28,11,9,2.0,0.0,1,0.8181818181818182,0.08333333333333333,0.9166666666666666,0.8949645376549997,0.18181818181818182,0.45454545454545453,0.2727272727272727,0.09090909090909091,0.3,0.6,0.1,0,0.9,0.2727272727272727,0.6363636363636364,0.0,0.36363636363636365,context,actual,actual_subject
2,model_context_rollout,63,17,32,36,9,27.0,0.1944444444444444,1,0.25,0.3783783783783784,0.6216216216216216,0.9718400513719624,0.16666666666666666,0.25,0.3611111111111111,0.2222222222222222,0.11428571428571428,0.8571428571428571,0.02857142857142857,0,0.36363636363636365,0.25,0.5277777777777778,0.19444444444444445,0.2777777777777778,context,model,model_context_rollout
2,actual_subject,63,17,32,16,9,7.0,0.0625,1,0.5625,0.17647058823529413,0.8235294117647058,0.9618974703476992,0.125,0.25,0.3125,0.3125,0.26666666666666666,0.7333333333333333,0.0,1,0.3333333333333333,0.5625,0.75,0.0625,0.1875,context,actual,actual_subject
2,model_context_rollout,67,15,23,5,4,1.0,0.2,1,0.8,0.16666666666666666,0.8333333333333334,0.7609640474436813,0.2,0.0,0.4,0.4,0.0,1.0,0.0,1,0.8,0.8,0.8,0.2,0.0,context,model,model_context_rollout
2,actual_subject,67,15,23,5,4,1.0,0.2,1,0.8,0.16666666666666666,0.8333333333333334,0.7609640474436813,0.2,0.0,0.4,0.4,0.0,1.0,0.0,1,0.8,0.8,0.8,0.2,0.0,context,actual,actual_subject
2,model_context_rollout,71,2,1,5,3,2.0,0.4,1,0.6,0.3333333333333333,0.6666666666666666,0.6854752972273345,0.2,0.6,0.2,0.0,0.25,0.75,0.0,0,0.6,0.6,0.6,0.4,0.0,context,model,model_context_rollout
2,actual_subject,71,2,1,3,3,0.0,0.0,1,1.0,0.0,1.0,0.792481250360578,0.3333333333333333,0.3333333333333333,0.3333333333333333,0.0,0.0,1.0,0.0,1,1.0,1.0,1.0,0.0,0.0,context,actual,actual_subject
2,model_context_rollout,75,11,1,14,6,8.0,0.1428571428571428,1,0.4285714285714285,0.2,0.8,0.8942252286541448,0.42857142857142855,0.2857142857142857,0.21428571428571427,0.07142857142857142,0.38461538461538464,0.5384615384615384,0.07692307692307693,1,0.6666666666666666,0.42857142857142855,0.6428571428571429,0.14285714285714285,0.21428571428571427,context,model,model_context_rollout
2,actual_subject,75,11,1,6,6,0.0,0.0,1,1.0,0.0,1.0,0.7295739585136223,0.3333333333333333,0.5,0.16666666666666666,0.0,0.0,1.0,0.0,1,1.0,1.0,1.0,0.0,0.0,context,actual,actual_subject
2,model_context_rollout,79,40,5,11,9,2.0,0.1818181818181818,1,0.8181818181818182,0.16666666666666666,0.8333333333333334,0.7176856953872667,0.5454545454545454,0.2727272727272727,0.0,0.18181818181818182,0.1,0.9,0.0,1,0.8181818181818182,0.8181818181818182,0.8181818181818182,0.18181818181818182,0.0,context,model,model_context_rollout
2,actual_subject,79,40,5,9,9,0.0,0.0,1,1.0,0.0,1.0,0.7177602521413333,0.5555555555555556,0.2222222222222222,0.0,0.2222222222222222,0.125,0.875,0.0,1,1.0,1.0,1.0,0.0,0.0,context,actual,actual_subject
2,model_context_rollout,83,3,46,20,11,9.0,0.25,1,0.55,0.2857142857142857,0.7142857142857143,0.8005071529034175,0.05,0.15,0.55,0.25,0.21052631578947367,0.7894736842105263,0.0,1,0.5,0.55,0.65,0.25,0.1,context,model,model_context_rollout
2,actual_subject,83,3,46,14,11,3.0,0.0714285714285714,1,0.7857142857142857,0.06666666666666667,0.9333333333333333,0.7463070340085628,0.0,0.21428571428571427,0.5,0.2857142857142857,0.3076923076923077,0.6923076923076923,0.0,1,0.5,0.7857142857142857,0.8571428571428571,0.07142857142857142,0.07142857142857142,context,actual,actual_subject
2,model_context_rollout,87,16,24,75,10,65.0,0.0933333333333333,0,0.1333333333333333,0.7631578947368421,0.23684210526315788,0.99060458443166,0.30666666666666664,0.2,0.26666666666666666,0.22666666666666666,0.25675675675675674,0.6756756756756757,0.06756756756756757,1,0.4,0.0,0.4533333333333333,0.09333333333333334,0.4533333333333333,context,model,model_context_rollout
2,actual_subject,87,16,24,25,10,15.0,0.12,1,0.4,0.4230769230769231,0.5769230769230769,0.9893442852255488,0.24,0.2,0.32,0.24,0.16666666666666666,0.6666666666666666,0.16666666666666666,1,0.4166666666666667,0.4,0.64,0.12,0.24,context,actual,actual_subject
2,model_context_rollout,91,20,16,44,10,34.0,0.2727272727272727,1,0.2272727272727272,0.37777777777777777,0.6222222222222222,0.9806627987381725,0.29545454545454547,0.25,0.29545454545454547,0.1590909090909091,0.2558139534883721,0.7209302325581395,0.023255813953488372,1,0.35714285714285715,0.13636363636363635,0.4318181818181818,0.2727272727272727,0.29545454545454547,context,model,model_context_rollout
2,actual_subject,91,20,16,30,10,20.0,0.0666666666666666,1,0.3333333333333333,0.22580645161290322,0.7741935483870968,0.9949490477321438,0.26666666666666666,0.26666666666666666,0.26666666666666666,0.2,0.2413793103448276,0.6551724137931034,0.10344827586206896,1,0.6666666666666666,0.2,0.5666666666666667,0.06666666666666667,0.36666666666666664,context,actual,actual_subject
2,model_context_rollout,95,19,16,15,5,10.0,0.0,1,0.3333333333333333,0.0625,0.9375,0.9128025995084719,0.3333333333333333,0.26666666666666666,0.3333333333333333,0.06666666666666667,0.35714285714285715,0.5714285714285714,0.07142857142857142,1,0.75,0.3333333333333333,0.6666666666666666,0.0,0.3333333333333333,context,model,model_context_rollout
2,actual_subject,95,19,16,10,5,5.0,0.1,1,0.5,0.2727272727272727,0.7272727272727273,0.8804820237218406,0.2,0.5,0.2,0.1,0.1111111111111111,0.8888888888888888,0.0,0,0.8333333333333334,0.5,0.7,0.1,0.2,context,actual,actual_subject
2,model_context_rollout,99,32,14,10,10,0.0,0.0,1,1.0,0.0,1.0,0.8427376486136672,0.3,0.5,0.1,0.1,0.3333333333333333,0.6666666666666666,0.0,1,1.0,0.6,0.8,0.0,0.2,context,model,model_context_rollout
2,actual_subject,99,32,14,12,10,2.0,0.0,1,0.8333333333333334,0.07692307692307693,0.9230769230769231,0.8920795639257109,0.3333333333333333,0.4166666666666667,0.16666666666666666,0.08333333333333333,0.36363636363636365,0.5454545454545454,0.09090909090909091,1,0.9090909090909091,0.5,0.75,0.0,0.25,context,actual,actual_subject
3,model_context_rollout,103,19,21,32,10,22.0,0.3125,1,0.3125,0.36363636363636365,0.6363636363636364,0.8963274789247655,0.25,0.40625,0.28125,0.0625,0.1935483870967742,0.8064516129032258,0.0,0,0.6666666666666666,0.125,0.40625,0.3125,0.28125,context,model,model_context_rollout
3,actual_subject,103,19,21,18,10,8.0,0.0,1,0.5555555555555556,0.05263157894736842,0.9473684210526315,0.9388201415867107,0.2222222222222222,0.3888888888888889,0.2777777777777778,0.1111111111111111,0.29411764705882354,0.6470588235294118,0.058823529411764705,0,0.6666666666666666,0.2222222222222222,0.6111111111111112,0.0,0.3888888888888889,context,actual,actual_subject
3,model_context_rollout,107,2,40,21,10,11.0,0.1428571428571428,1,0.4761904761904761,0.13636363636363635,0.8636363636363636,0.9304144385624714,0.14285714285714285,0.14285714285714285,0.38095238095238093,0.3333333333333333,0.15,0.85,0.0,0,0.8,0.47619047619047616,0.6666666666666666,0.14285714285714285,0.19047619047619047,context,model,model_context_rollout
3,actual_subject,107,2,40,14,10,4.0,0.0,1,0.7142857142857143,0.13333333333333333,0.8666666666666667,0.8446958733715438,0.14285714285714285,0.07142857142857142,0.5,0.2857142857142857,0.23076923076923078,0.6153846153846154,0.15384615384615385,0,0.8333333333333334,0.7142857142857143,0.8571428571428571,0.0,0.14285714285714285,context,actual,actual_subject
3,model_context_rollout,111,47,45,4,4,0.0,0.0,1,1.0,0.0,1.0,0.75,0.25,0.5,0.25,0.0,0.0,1.0,0.0,1,1.0,1.0,1.0,0.0,0.0,context,model,model_context_rollout
3,actual_subject,111,47,45,4,4,0.0,0.0,1,1.0,0.0,1.0,0.75,0.25,0.5,0.25,0.0,0.0,1.0,0.0,1,1.0,1.0,1.0,0.0,0.0,context,actual,actual_subject
3,model_context_rollout,115,43,18,16,9,7.0,0.3125,1,0.5625,0.35294117647058826,0.6470588235294118,0.9056390622295664,0.375,0.125,0.125,0.375,0.26666666666666666,0.6666666666666666,0.06666666666666667,0,0.6923076923076923,0.5625,0.625,0.3125,0.0625,context,model,model_context_rollout
3,actual_subject,115,43,18,9,9,0.0,0.0,1,1.0,0.0,1.0,0.6960736118322673,0.4444444444444444,0.1111111111111111,0.0,0.4444444444444444,0.125,0.875,0.0,1,1.0,1.0,1.0,0.0,0.0,context,actual,actual_subject
3,model_context_rollout,119,36,17,40,7,33.0,0.275,1,0.175,0.4878048780487805,0.5121951219512195,0.9771758058803798,0.35,0.25,0.175,0.225,0.1794871794871795,0.7435897435897436,0.07692307692307693,0,0.0,0.175,0.45,0.275,0.275,context,model,model_context_rollout
3,actual_subject,119,36,17,18,7,11.0,0.0555555555555555,1,0.3888888888888889,0.21052631578947367,0.7894736842105263,0.9535998353544739,0.2777777777777778,0.2777777777777778,0.1111111111111111,0.3333333333333333,0.17647058823529413,0.6470588235294118,0.17647058823529413,0,0.0,0.3888888888888889,0.6666666666666666,0.05555555555555555,0.2777777777777778,context,actual,actual_subject
3,model_context_rollout,123,42,45,11,5,6.0,0.3636363636363636,1,0.4545454545454545,0.3333333333333333,0.6666666666666666,0.8383685150260664,0.09090909090909091,0.36363636363636365,0.45454545454545453,0.09090909090909091,0.1,0.9,0.0,0,0.0,0.45454545454545453,0.5454545454545454,0.36363636363636365,0.09090909090909091,context,model,model_context_rollout
3,actual_subject,123,42,45,7,5,2.0,0.0,1,0.7142857142857143,0.125,0.875,0.7783283537314115,0.2857142857142857,0.0,0.2857142857142857,0.42857142857142855,0.16666666666666666,0.6666666666666666,0.16666666666666666,1,0.8333333333333334,0.7142857142857143,0.8571428571428571,0.0,0.14285714285714285,context,actual,actual_subject
3,model_context_rollout,127,36,2,30,8,22.0,0.2666666666666666,1,0.2666666666666666,0.4838709677419355,0.5161290322580645,0.9480699825132538,0.4,0.23333333333333334,0.13333333333333333,0.23333333333333334,0.20689655172413793,0.7931034482758621,0.0,0,0.7272727272727273,0.26666666666666666,0.5,0.26666666666666666,0.23333333333333334,context,model,model_context_rollout
3,actual_subject,127,36,2,17,8,9.0,0.0588235294117647,1,0.4705882352941176,0.1111111111111111,0.8888888888888888,0.8889924521298744,0.4117647058823529,0.23529411764705882,0.058823529411764705,0.29411764705882354,0.1875,0.75,0.0625,0,0.0,0.47058823529411764,0.7058823529411765,0.058823529411764705,0.23529411764705882,context,actual,actual_subject
3,model_context_rollout,131,16,45,20,9,11.0,0.15,1,0.45,0.23809523809523808,0.7619047619047619,0.9354752972273344,0.15,0.15,0.4,0.3,0.2631578947368421,0.7368421052631579,0.0,1,0.3333333333333333,0.45,0.65,0.15,0.2,context,model,model_context_rollout
3,actual_subject,131,16,45,12,9,3.0,0.0833333333333333,1,0.75,0.15384615384615385,0.8461538461538461,0.8920795639257109,0.08333333333333333,0.16666666666666666,0.4166666666666667,0.3333333333333333,0.2727272727272727,0.7272727272727273,0.0,1,0.9,0.75,0.8333333333333334,0.08333333333333333,0.08333333333333333,context,actual,actual_subject
3,model_context_rollout,135,23,7,10,6,4.0,0.2,1,0.6,0.2727272727272727,0.7272727272727273,0.8609640474436813,0.4,0.4,0.1,0.1,0.2222222222222222,0.7777777777777778,0.0,0,0.75,0.6,0.7,0.2,0.1,context,model,model_context_rollout
3,actual_subject,135,23,7,14,6,8.0,0.1428571428571428,1,0.4285714285714285,0.2,0.8,0.9046000163489059,0.35714285714285715,0.35714285714285715,0.21428571428571427,0.07142857142857142,0.07692307692307693,0.9230769230769231,0.0,0,0.6666666666666666,0.42857142857142855,0.6428571428571429,0.14285714285714285,0.21428571428571427,context,actual,actual_subject
3,model_context_rollout,139,8,17,6,5,1.0,0.1666666666666666,1,0.8333333333333334,0.14285714285714285,0.8571428571428571,0.7295739585136225,0.16666666666666666,0.0,0.3333333333333333,0.5,0.4,0.6,0.0,1,0.8333333333333334,0.8333333333333334,0.8333333333333334,0.16666666666666666,0.0,context,model,model_context_rollout
3,actual_subject,139,8,17,9,5,4.0,0.0,1,0.5555555555555556,0.2,0.8,0.7652465283787413,0.3333333333333333,0.0,0.4444444444444444,0.2222222222222222,0.375,0.5,0.125,0,0.8333333333333334,0.5555555555555556,0.7777777777777778,0.0,0.2222222222222222,context,actual,actual_subject
3,model_context_rollout,143,43,7,17,10,7.0,0.4117647058823529,1,0.5882352941176471,0.3888888888888889,0.6111111111111112,0.8228556852037893,0.47058823529411764,0.35294117647058826,0.058823529411764705,0.11764705882352941,0.125,0.875,0.0,0,0.5882352941176471,0.5882352941176471,0.5882352941176471,0.4117647058823529,0.0,context,model,model_context_rollout
3,actual_subject,143,43,7,10,10,0.0,0.0,1,1.0,0.0,1.0,0.7427376486136673,0.5,0.3,0.0,0.2,0.2222222222222222,0.7777777777777778,0.0,1,1.0,1.0,1.0,0.0,0.0,context,actual,actual_subject
3,model_context_rollout,147,48,46,50,4,46.0,0.72,0,0.08,0.9607843137254902,0.0392156862745098,0.5677254052800654,0.0,0.14,0.72,0.14,0.4489795918367347,0.5510204081632653,0.0,1,0.14,0.0,0.14,0.72,0.14,context,model,model_context_rollout
3,actual_subject,147,48,46,4,4,0.0,0.0,1,1.0,0.0,1.0,0.75,0.25,0.5,0.25,0.0,0.0,1.0,0.0,1,1.0,1.0,1.0,0.0,0.0,context,actual,actual_subject
4,model_context_rollout,151,36,9,108,7,101.0,0.1851851851851851,0,0.0648148148148148,0.8440366972477065,0.1559633027522936,0.8477698165788484,0.26851851851851855,0.49074074074074076,0.18518518518518517,0.05555555555555555,0.2897196261682243,0.7102803738317757,0.0,1,0.5555555555555556,0.018518518518518517,0.4166666666666667,0.18518518518518517,0.39814814814814814,context,model,model_context_rollout
4,actual_subject,151,36,9,36,7,29.0,0.5277777777777778,1,0.1944444444444444,0.5405405405405406,0.4594594594594595,0.8813915737886833,0.4166666666666667,0.3055555555555556,0.05555555555555555,0.2222222222222222,0.2571428571428571,0.6857142857142857,0.05714285714285714,0,0.0,0.19444444444444445,0.3333333333333333,0.5277777777777778,0.1388888888888889,context,actual,actual_subject
4,model_context_rollout,155,10,15,23,5,18.0,0.1739130434782608,1,0.217391304347826,0.4166666666666667,0.5833333333333334,0.9565831515652945,0.17391304347826086,0.391304347826087,0.2608695652173913,0.17391304347826086,0.18181818181818182,0.8181818181818182,0.0,0,0.0,0.21739130434782608,0.5217391304347826,0.17391304347826086,0.30434782608695654,context,model,model_context_rollout
4,actual_subject,155,10,15,12,5,7.0,0.4166666666666667,1,0.4166666666666667,0.38461538461538464,0.6153846153846154,0.7295739585136223,0.16666666666666666,0.5,0.3333333333333333,0.0,0.36363636363636365,0.6363636363636364,0.0,0,0.0,0.4166666666666667,0.5,0.4166666666666667,0.08333333333333333,context,actual,actual_subject
4,model_context_rollout,159,14,12,31,8,23.0,0.2258064516129032,1,0.2580645161290322,0.65625,0.34375,0.9870894389417637,0.25806451612903225,0.1935483870967742,0.22580645161290322,0.3225806451612903,0.13333333333333333,0.8666666666666667,0.0,1,0.56,0.06451612903225806,0.41935483870967744,0.22580645161290322,0.3548387096774194,context,model,model_context_rollout
4,actual_subject,159,14,12,14,8,6.0,0.2857142857142857,1,0.5714285714285714,0.26666666666666666,0.7333333333333333,0.805288621665821,0.14285714285714285,0.07142857142857142,0.21428571428571427,0.5714285714285714,0.23076923076923078,0.7692307692307693,0.0,1,0.625,0.14285714285714285,0.42857142857142855,0.2857142857142857,0.2857142857142857,context,actual,actual_subject
4,model_context_rollout,163,0,11,66,9,57.0,0.1969696969696969,0,0.1363636363636363,0.7761194029850746,0.22388059701492538,0.9767162630546437,0.25757575757575757,0.2727272727272727,0.3181818181818182,0.15151515151515152,0.2923076923076923,0.7076923076923077,0.0,1,0.5483870967741935,0.015151515151515152,0.4090909090909091,0.19696969696969696,0.3939393939393939,context,model,model_context_rollout
4,actual_subject,163,0,11,22,9,13.0,0.3181818181818182,1,0.4090909090909091,0.391304347826087,0.6086956521739131,0.9061060148293874,0.13636363636363635,0.13636363636363635,0.2727272727272727,0.45454545454545453,0.2857142857142857,0.7142857142857143,0.0,1,0.5384615384615384,0.22727272727272727,0.45454545454545453,0.3181818181818182,0.22727272727272727,context,actual,actual_subject
4,model_context_rollout,167,18,0,102,12,90.0,0.6274509803921569,0,0.1176470588235294,0.9514563106796117,0.04854368932038835,0.7964548932255092,0.3333333333333333,0.47058823529411764,0.17647058823529413,0.0196078431372549,0.009900990099009901,0.9900990099009901,0.0,0,0.0,0.0,0.18627450980392157,0.6274509803921569,0.18627450980392157,context,model,model_context_rollout
4,actual_subject,167,18,0,34,12,22.0,0.4705882352941176,1,0.3529411764705882,0.5428571428571428,0.45714285714285713,0.8648066891036259,0.3235294117647059,0.4411764705882353,0.17647058823529413,0.058823529411764705,0.2727272727272727,0.6363636363636364,0.09090909090909091,0,0.5454545454545454,0.17647058823529413,0.35294117647058826,0.47058823529411764,0.17647058823529413,context,actual,actual_subject
4,model_context_rollout,171,24,8,13,10,3.0,0.2307692307692307,1,0.7692307692307693,0.21428571428571427,0.7857142857142857,0.8802475148830993,0.38461538461538464,0.38461538461538464,0.15384615384615385,0.07692307692307693,0.3333333333333333,0.6666666666666666,0.0,0,0.7692307692307693,0.7692307692307693,0.7692307692307693,0.23076923076923078,0.0,context,model,model_context_rollout
4,actual_subject,171,24,8,24,10,14.0,0.4166666666666667,1,0.4166666666666667,0.4,0.6,0.8920795639257109,0.3333333333333333,0.4166666666666667,0.08333333333333333,0.16666666666666666,0.21739130434782608,0.6956521739130435,0.08695652173913043,0,0.16666666666666666,0.4166666666666667,0.5,0.4166666666666667,0.08333333333333333,context,actual,actual_subject
4,model_context_rollout,175,46,8,69,10,59.0,0.8840579710144928,0,0.144927536231884,0.9142857142857143,0.08571428571428572,0.6269163109795807,0.4927536231884058,0.463768115942029,0.028985507246376812,0.014492753623188406,0.11764705882352941,0.8823529411764706,0.0,0,0.4,0.0,0.057971014492753624,0.8840579710144928,0.057971014492753624,context,model,model_context_rollout
4,actual_subject,175,46,8,23,10,13.0,0.391304347826087,1,0.4347826086956521,0.375,0.625,0.7708446124200048,0.391304347826087,0.4782608695652174,0.043478260869565216,0.08695652173913043,0.3181818181818182,0.5909090909090909,0.09090909090909091,0,0.0,0.43478260869565216,0.5217391304347826,0.391304347826087,0.08695652173913043,context,actual,actual_subject
4,model_context_rollout,179,12,44,14,10,4.0,0.1428571428571428,1,0.7142857142857143,0.13333333333333333,0.8666666666666667,0.7872087135702291,0.07142857142857142,0.35714285714285715,0.5,0.07142857142857142,0.07692307692307693,0.9230769230769231,0.0,1,0.7,0.7142857142857143,0.7857142857142857,0.14285714285714285,0.07142857142857142,context,model,model_context_rollout
4,actual_subject,179,12,44,21,10,11.0,0.238095238095238,1,0.4761904761904761,0.36363636363636365,0.6363636363636364,0.824119356497944,0.14285714285714285,0.3333333333333333,0.47619047619047616,0.047619047619047616,0.2,0.7,0.1,1,0.5833333333333334,0.47619047619047616,0.6190476190476191,0.23809523809523808,0.14285714285714285,context,actual,actual_subject
4,model_context_rollout,183,46,19,19,7,12.0,0.1052631578947368,1,0.3684210526315789,0.1,0.9,0.9355095604394199,0.3157894736842105,0.21052631578947367,0.10526315789473684,0.3684210526315789,0.16666666666666666,0.8333333333333334,0.0,0,0.0,0.3684210526315789,0.631578947368421,0.10526315789473684,0.2631578947368421,context,model,model_context_rollout
4,actual_subject,183,46,19,8,7,1.0,0.125,1,0.875,0.1111111111111111,0.8888888888888888,0.6493974703476993,0.625,0.125,0.0,0.25,0.2857142857142857,0.7142857142857143,0.0,1,0.875,0.875,0.875,0.125,0.0,context,actual,actual_subject
4,model_context_rollout,187,38,18,9,6,3.0,0.1111111111111111,1,0.6666666666666666,0.2,0.8,0.8763576394898523,0.4444444444444444,0.1111111111111111,0.1111111111111111,0.3333333333333333,0.125,0.75,0.125,0,0.75,0.6666666666666666,0.7777777777777778,0.1111111111111111,0.1111111111111111,context,model,model_context_rollout
4,actual_subject,187,38,18,8,6,2.0,0.25,1,0.75,0.2222222222222222,0.7777777777777778,0.6493974703476993,0.625,0.125,0.0,0.25,0.14285714285714285,0.8571428571428571,0.0,1,0.75,0.75,0.75,0.25,0.0,context,actual,actual_subject
4,model_context_rollout,191,2,45,63,11,52.0,0.1428571428571428,0,0.1746031746031746,0.515625,0.484375,0.9866721116192968,0.19047619047619047,0.2222222222222222,0.2698412698412698,0.31746031746031744,0.12903225806451613,0.8709677419354839,0.0,1,0.23529411764705882,0.09523809523809523,0.47619047619047616,0.14285714285714285,0.38095238095238093,context,model,model_context_rollout
4,actual_subject,191,2,45,21,11,10.0,0.2857142857142857,1,0.5238095238095238,0.36363636363636365,0.6363636363636364,0.824119356497944,0.047619047619047616,0.14285714285714285,0.47619047619047616,0.3333333333333333,0.3,0.6,0.1,1,0.6875,0.5238095238095238,0.6190476190476191,0.2857142857142857,0.09523809523809523,context,actual,actual_subject
4,model_context_rollout,195,37,39,10,4,6.0,0.2,1,0.4,0.36363636363636365,0.6363636363636364,0.9232196723355078,0.2,0.1,0.4,0.3,0.0,0.8888888888888888,0.1111111111111111,0,0.8,0.4,0.6,0.2,0.2,context,model,model_context_rollout
4,actual_subject,195,37,39,5,4,1.0,0.2,1,0.8,0.16666666666666666,0.8333333333333334,0.6854752972273345,0.2,0.0,0.2,0.6,0.25,0.75,0.0,1,0.8,0.8,0.8,0.2,0.0,context,actual,actual_subject
4,model_context_rollout,199,18,39,5,5,0.0,0.0,1,1.0,0.0,1.0,0.6854752972273345,0.0,0.2,0.6,0.2,0.25,0.75,0.0,1,1.0,1.0,1.0,0.0,0.0,context,model,model_context_rollout
4,actual_subject,199,18,39,7,5,2.0,0.2857142857142857,1,0.7142857142857143,0.25,0.75,0.6893917467430878,0.0,0.2857142857142857,0.5714285714285714,0.14285714285714285,0.3333333333333333,0.5,0.16666666666666666,1,0.7142857142857143,0.7142857142857143,0.7142857142857143,0.2857142857142857,0.0,context,actual,actual_subject
4,model_context_rollout,203,21,18,13,11,2.0,0.1538461538461538,1,0.8461538461538461,0.14285714285714285,0.8571428571428571,0.8879294741223203,0.23076923076923078,0.07692307692307693,0.23076923076923078,0.46153846153846156,0.08333333333333333,0.9166666666666666,0.0,1,0.8461538461538461,0.38461538461538464,0.6153846153846154,0.15384615384615385,0.23076923076923078,context,model,model_context_rollout
4,actual_subject,203,21,18,24,11,13.0,0.2916666666666667,1,0.4583333333333333,0.44,0.56,0.9244939945387638,0.16666666666666666,0.16666666666666666,0.20833333333333334,0.4583333333333333,0.17391304347826086,0.782608695652174,0.043478260869565216,0,0.6,0.20833333333333334,0.4583333333333333,0.2916666666666667,0.25,context,actual,actual_subject
4,model_context_rollout,207,41,38,50,5,45.0,0.22,0,0.1,0.6470588235294118,0.35294117647058826,0.8215370947142848,0.32,0.48,0.16,0.04,0.2653061224489796,0.7346938775510204,0.0,0,0.0,-0.14,0.32,0.22,0.46,context,model,model_context_rollout
4,actual_subject,207,41,38,9,5,4.0,0.2222222222222222,1,0.5555555555555556,0.2,0.8,0.7177602521413333,0.2222222222222222,0.5555555555555556,0.2222222222222222,0.0,0.125,0.875,0.0,0,0.0,0.5555555555555556,0.6666666666666666,0.2222222222222222,0.1111111111111111,context,actual,actual_subject
4,model_context_rollout,211,11,36,30,9,21.0,0.1666666666666666,1,0.3,0.41935483870967744,0.5806451612903226,0.9278171101313544,0.1,0.3333333333333333,0.36666666666666664,0.2,0.1724137931034483,0.7931034482758621,0.034482758620689655,0,0.6428571428571429,0.3,0.5666666666666667,0.16666666666666666,0.26666666666666666,context,model,model_context_rollout
4,actual_subject,211,11,36,12,9,3.0,0.25,1,0.75,0.23076923076923078,0.7692307692307693,0.6625056054120886,0.0,0.4166666666666667,0.5,0.08333333333333333,0.09090909090909091,0.9090909090909091,0.0,1,0.75,0.75,0.75,0.25,0.0,context,actual,actual_subject
4,model_context_rollout,215,18,44,10,8,2.0,0.0,1,0.8,0.09090909090909091,0.9090909090909091,0.8427376486136672,0.1,0.3,0.5,0.1,0.2222222222222222,0.6666666666666666,0.1111111111111111,1,0.8888888888888888,0.8,0.9,0.0,0.1,context,model,model_context_rollout
4,actual_subject,215,18,44,14,8,6.0,0.2857142857142857,1,0.5714285714285714,0.26666666666666666,0.7333333333333333,0.7958363892911637,0.07142857142857142,0.42857142857142855,0.42857142857142855,0.07142857142857142,0.23076923076923078,0.6923076923076923,0.07692307692307693,0,0.5555555555555556,0.5714285714285714,0.6428571428571429,0.2857142857142857,0.07142857142857142,context,actual,actual_subject
4,model_context_rollout,219,46,29,10,7,3.0,0.1,1,0.7,0.18181818181818182,0.8181818181818182,0.8427376486136672,0.3,0.5,0.1,0.1,0.2222222222222222,0.7777777777777778,0.0,0,0.875,0.7,0.8,0.1,0.1,context,model,model_context_rollout
4,actual_subject,219,46,29,11,7,4.0,0.1818181818181818,1,0.6363636363636364,0.3333333333333333,0.6666666666666666,0.7474594241169754,0.36363636363636365,0.45454545454545453,0.0,0.18181818181818182,0.2,0.8,0.0,1,0.7272727272727273,0.6363636363636364,0.7272727272727273,0.18181818181818182,0.09090909090909091,context,actual,actual_subject
4,model_context_rollout,223,3,40,19,9,10.0,0.1052631578947368,1,0.4736842105263157,0.3,0.7,0.9064726381299401,0.15789473684210525,0.10526315789473684,0.42105263157894735,0.3157894736842105,0.2222222222222222,0.7777777777777778,0.0,1,0.9,0.47368421052631576,0.6842105263157895,0.10526315789473684,0.21052631578947367,context,model,model_context_rollout
4,actual_subject,223,3,40,22,9,13.0,0.3181818181818182,1,0.4090909090909091,0.30434782608695654,0.6956521739130435,0.8248626836794422,0.045454545454545456,0.13636363636363635,0.4090909090909091,0.4090909090909091,0.23809523809523808,0.7142857142857143,0.047619047619047616,1,0.5,0.4090909090909091,0.5454545454545454,0.3181818181818182,0.13636363636363635,context,actual,actual_subject
4,model_context_rollout,227,10,25,5,5,0.0,0.0,1,1.0,0.0,1.0,0.7609640474436813,0.0,0.2,0.4,0.4,0.25,0.75,0.0,1,1.0,1.0,1.0,0.0,0.0,context,model,model_context_rollout
4,actual_subject,227,10,25,20,5,15.0,0.35,1,0.25,0.5238095238095238,0.47619047619047616,0.8911143594569007,0.15,0.1,0.45,0.3,0.10526315789473684,0.8421052631578947,0.05263157894736842,0,0.625,0.25,0.45,0.35,0.2,context,actual,actual_subject
4,model_context_rollout,231,15,10,5,5,0.0,0.0,1,1.0,0.0,1.0,0.7609640474436813,0.4,0.0,0.2,0.4,0.0,1.0,0.0,1,1.0,1.0,1.0,0.0,0.0,context,model,model_context_rollout
4,actual_subject,231,15,10,10,5,5.0,0.3,1,0.5,0.36363636363636365,0.6363636363636364,0.9232196723355078,0.3,0.1,0.2,0.4,0.1111111111111111,0.7777777777777778,0.1111111111111111,0,0.7142857142857143,0.5,0.6,0.3,0.1,context,actual,actual_subject
4,model_context_rollout,235,11,27,8,6,2.0,0.25,1,0.75,0.2222222222222222,0.7777777777777778,0.7028195311147832,0.0,0.125,0.5,0.375,0.2857142857142857,0.7142857142857143,0.0,0,0.75,0.75,0.75,0.25,0.0,context,model,model_context_rollout
4,actual_subject,235,11,27,11,6,5.0,0.2727272727272727,1,0.5454545454545454,0.25,0.75,0.8383685150260664,0.09090909090909091,0.09090909090909091,0.45454545454545453,0.36363636363636365,0.0,1.0,0.0,0,0.5555555555555556,0.5454545454545454,0.6363636363636364,0.2727272727272727,0.09090909090909091,context,actual,actual_subject
4,model_context_rollout,239,25,46,9,5,4.0,0.2222222222222222,1,0.5555555555555556,0.3,0.7,0.8288713632524444,0.1111111111111111,0.2222222222222222,0.5555555555555556,0.1111111111111111,0.25,0.75,0.0,0,0.7142857142857143,0.5555555555555556,0.6666666666666666,0.2222222222222222,0.1111111111111111,context,model,model_context_rollout
4,actual_subject,239,25,46,11,5,6.0,0.1818181818181818,1,0.4545454545454545,0.16666666666666666,0.8333333333333334,0.8949645376549997,0.09090909090909091,0.2727272727272727,0.45454545454545453,0.18181818181818182,0.0,1.0,0.0,0,0.6666666666666666,0.45454545454545453,0.6363636363636364,0.18181818181818182,0.18181818181818182,context,actual,actual_subject
4,model_context_rollout,243,23,31,27,8,19.0,0.1111111111111111,1,0.2962962962962963,0.32142857142857145,0.6785714285714286,0.9728424282675803,0.2222222222222222,0.18518518518518517,0.37037037037037035,0.2222222222222222,0.2692307692307692,0.7307692307692307,0.0,1,0.3333333333333333,0.2962962962962963,0.5925925925925926,0.1111111111111111,0.2962962962962963,context,model,model_context_rollout
4,actual_subject,243,23,31,23,8,15.0,0.391304347826087,1,0.3478260869565217,0.5416666666666666,0.4583333333333333,0.9570850556153867,0.13043478260869565,0.21739130434782608,0.34782608695652173,0.30434782608695654,0.22727272727272727,0.6818181818181818,0.09090909090909091,0,0.5294117647058824,0.34782608695652173,0.4782608695652174,0.391304347826087,0.13043478260869565,context,actual,actual_subject
4,model_context_rollout,247,39,3,78,10,68.0,0.1794871794871795,0,0.1282051282051282,0.5443037974683544,0.45569620253164556,0.9940401501844147,0.2564102564102564,0.2948717948717949,0.24358974358974358,0.20512820512820512,0.16883116883116883,0.8051948051948052,0.025974025974025976,0,0.4782608695652174,0.02564102564102564,0.4230769230769231,0.1794871794871795,0.3974358974358974,context,model,model_context_rollout
4,actual_subject,247,39,3,26,10,16.0,0.3846153846153846,1,0.3846153846153846,0.48148148148148145,0.5185185185185185,0.8097253141506577,0.5,0.3076923076923077,0.038461538461538464,0.15384615384615385,0.12,0.84,0.04,0,0.5555555555555556,0.38461538461538464,0.5,0.38461538461538464,0.11538461538461539,context,actual,actual_subject
4,model_context_rollout,251,16,14,9,6,3.0,0.1111111111111111,1,0.6666666666666666,0.2,0.8,0.9455305560363264,0.3333333333333333,0.3333333333333333,0.2222222222222222,0.1111111111111111,0.375,0.625,0.0,1,0.8571428571428571,0.6666666666666666,0.7777777777777778,0.1111111111111111,0.1111111111111111,context,model,model_context_rollout
4,actual_subject,251,16,14,10,6,4.0,0.4,1,0.6,0.36363636363636365,0.6363636363636364,0.7427376486136673,0.3,0.5,0.2,0.0,0.0,0.8888888888888888,0.1111111111111111,0,0.6,0.6,0.6,0.4,0.0,context,actual,actual_subject
4,model_context_rollout,255,12,15,50,7,43.0,0.32,0,0.14,0.7058823529411765,0.29411764705882354,0.7219280948873623,0.16,0.64,0.16,0.04,0.3469387755102041,0.6530612244897959,0.0,1,0.5,-0.04,0.32,0.32,0.36,context,model,model_context_rollout
4,actual_subject,255,12,15,13,7,6.0,0.3076923076923077,1,0.5384615384615384,0.2857142857142857,0.7142857142857143,0.7286329568116936,0.23076923076923078,0.5384615384615384,0.23076923076923078,0.0,0.3333333333333333,0.5833333333333334,0.08333333333333333,1,0.5,0.23076923076923078,0.46153846153846156,0.3076923076923077,0.23076923076923078,context,actual,actual_subject
4,model_context_rollout,259,2,44,15,10,5.0,0.2,1,0.6666666666666666,0.25,0.75,0.6854752972273345,0.0,0.2,0.6,0.2,0.14285714285714285,0.8571428571428571,0.0,1,0.7692307692307693,0.6666666666666666,0.7333333333333333,0.2,0.06666666666666667,context,model,model_context_rollout
4,actual_subject,259,2,44,20,10,10.0,0.3,1,0.5,0.42857142857142855,0.5714285714285714,0.7697455351500672,0.0,0.25,0.45,0.3,0.10526315789473684,0.7368421052631579,0.15789473684210525,1,0.625,0.5,0.6,0.3,0.1,context,actual,actual_subject
4,model_context_rollout,263,32,30,57,8,49.0,0.1929824561403508,1,0.1403508771929824,0.4482758620689655,0.5517241379310345,0.8767877435224474,0.15789473684210525,0.47368421052631576,0.2807017543859649,0.08771929824561403,0.26785714285714285,0.7321428571428571,0.0,0,0.8,0.10526315789473684,0.45614035087719296,0.19298245614035087,0.3508771929824561,context,model,model_context_rollout
4,actual_subject,263,32,30,22,8,14.0,0.2727272727272727,1,0.3636363636363636,0.4782608695652174,0.5217391304347826,0.9681300137657637,0.36363636363636365,0.2727272727272727,0.18181818181818182,0.18181818181818182,0.19047619047619047,0.7142857142857143,0.09523809523809523,0,0.5625,0.2727272727272727,0.5,0.2727272727272727,0.22727272727272727,context,actual,actual_subject
4,model_context_rollout,267,9,38,69,9,60.0,0.3188405797101449,0,0.1304347826086956,0.6857142857142857,0.3142857142857143,0.7240729992620305,0.2753623188405797,0.5362318840579711,0.18840579710144928,0.0,0.29411764705882354,0.7058823529411765,0.0,1,0.3076923076923077,-0.014492753623188406,0.3333333333333333,0.3188405797101449,0.34782608695652173,context,model,model_context_rollout
4,actual_subject,267,9,38,23,9,14.0,0.3478260869565217,1,0.391304347826087,0.4583333333333333,0.5416666666666666,0.8439705226182103,0.043478260869565216,0.17391304347826086,0.34782608695652173,0.43478260869565216,0.18181818181818182,0.6818181818181818,0.13636363636363635,0,0.6,0.391304347826087,0.5217391304347826,0.34782608695652173,0.13043478260869565,context,actual,actual_subject
4,model_context_rollout,271,15,18,17,9,8.0,0.3529411764705882,1,0.5294117647058824,0.3333333333333333,0.6666666666666666,0.8565394213133969,0.17647058823529413,0.058823529411764705,0.29411764705882354,0.47058823529411764,0.1875,0.8125,0.0,0,0.5714285714285714,0.29411764705882354,0.47058823529411764,0.35294117647058826,0.17647058823529413,context,model,model_context_rollout
4,actual_subject,271,15,18,16,9,7.0,0.3125,1,0.5625,0.29411764705882354,0.7058823529411765,0.8980898459737487,0.125,0.125,0.3125,0.4375,0.2,0.8,0.0,0,0.6666666666666666,0.3125,0.5,0.3125,0.1875,context,actual,actual_subject
4,model_context_rollout,275,23,31,50,8,42.0,0.28,0,0.16,0.6078431372549019,0.39215686274509803,0.9661190960509454,0.2,0.16,0.36,0.28,0.061224489795918366,0.8163265306122449,0.12244897959183673,1,0.4166666666666667,0.12,0.42,0.28,0.3,context,model,model_context_rollout
4,actual_subject,275,23,31,11,8,3.0,0.2727272727272727,1,0.7272727272727273,0.25,0.75,0.9115339911368306,0.09090909090909091,0.18181818181818182,0.36363636363636365,0.36363636363636365,0.3,0.7,0.0,0,0.7272727272727273,0.7272727272727273,0.7272727272727273,0.2727272727272727,0.0,context,actual,actual_subject
4,model_context_rollout,279,19,38,50,7,43.0,0.32,0,0.14,0.5686274509803921,0.43137254901960786,0.7493442852255486,0.32,0.48,0.2,0.0,0.2653061224489796,0.7346938775510204,0.0,0,0.0,-0.04,0.32,0.32,0.36,context,model,model_context_rollout
4,actual_subject,279,19,38,10,7,3.0,0.3,1,0.7,0.2727272727272727,0.7272727272727273,0.6477309221191608,0.0,0.3,0.6,0.1,0.1111111111111111,0.8888888888888888,0.0,0,0.7,0.7,0.7,0.3,0.0,context,actual,actual_subject
4,model_context_rollout,283,43,39,50,6,44.0,0.98,0,0.12,0.9607843137254902,0.0392156862745098,0.5,0.0,0.0,0.5,0.5,0.0,1.0,0.0,0,0.02,0.02,0.02,0.98,0.0,context,model,model_context_rollout
4,actual_subject,283,43,39,11,6,5.0,0.2727272727272727,1,0.5454545454545454,0.25,0.75,0.8429078545765152,0.18181818181818182,0.09090909090909091,0.18181818181818182,0.5454545454545454,0.2,0.8,0.0,1,0.5,0.5454545454545454,0.6363636363636364,0.2727272727272727,0.09090909090909091,context,actual,actual_subject
4,model_context_rollout,287,12,46,13,8,5.0,0.2307692307692307,1,0.6153846153846154,0.2857142857142857,0.7142857142857143,0.7867012262088835,0.07692307692307693,0.3076923076923077,0.5384615384615384,0.07692307692307693,0.16666666666666666,0.8333333333333334,0.0,1,0.7272727272727273,0.6153846153846154,0.6923076923076923,0.23076923076923078,0.07692307692307693,context,model,model_context_rollout
4,actual_subject,287,12,46,20,8,12.0,0.4,1,0.4,0.47619047619047616,0.5238095238095238,0.8238654610595805,0.05,0.3,0.5,0.15,0.15789473684210525,0.8421052631578947,0.0,1,0.5333333333333333,0.4,0.5,0.4,0.1,context,actual,actual_subject
4,model_context_rollout,291,0,34,114,14,100.0,0.9298245614035088,0,0.1228070175438596,0.9304347826086956,0.06956521739130435,0.5318546279480897,0.008771929824561403,0.0,0.5,0.49122807017543857,0.008849557522123894,0.9911504424778761,0.0,1,0.7142857142857143,0.017543859649122806,0.043859649122807015,0.9298245614035088,0.02631578947368421,context,model,model_context_rollout
4,actual_subject,291,0,34,38,14,24.0,0.3684210526315789,1,0.3684210526315789,0.46153846153846156,0.5384615384615384,0.8316874487143641,0.13157894736842105,0.05263157894736842,0.42105263157894735,0.39473684210526316,0.10810810810810811,0.8378378378378378,0.05405405405405406,1,0.6,0.15789473684210525,0.39473684210526316,0.3684210526315789,0.23684210526315788,context,actual,actual_subject
4,model_context_rollout,295,26,1,35,11,24.0,0.3428571428571428,1,0.3142857142857143,0.4444444444444444,0.5555555555555556,0.9247274010514659,0.34285714285714286,0.34285714285714286,0.22857142857142856,0.08571428571428572,0.3235294117647059,0.6764705882352942,0.0,0,0.21428571428571427,0.2,0.42857142857142855,0.34285714285714286,0.22857142857142856,context,model,model_context_rollout
4,actual_subject,295,26,1,21,11,10.0,0.1904761904761904,1,0.5238095238095238,0.3181818181818182,0.6818181818181818,0.8881659264001537,0.3333333333333333,0.42857142857142855,0.14285714285714285,0.09523809523809523,0.1,0.8,0.1,0,0.6875,0.3333333333333333,0.5714285714285714,0.19047619047619047,0.23809523809523808,context,actual,actual_subject
4,model_context_rollout,299,23,7,20,6,14.0,0.5,1,0.3,0.5714285714285714,0.42857142857142855,0.78919491236176,0.35,0.5,0.1,0.05,0.2631578947368421,0.7368421052631579,0.0,0,0.46153846153846156,0.3,0.4,0.5,0.1,context,model,model_context_rollout
4,actual_subject,299,23,7,18,6,12.0,0.3333333333333333,1,0.3333333333333333,0.3684210526315789,0.631578947368421,0.8553885422075339,0.3333333333333333,0.4444444444444444,0.16666666666666666,0.05555555555555555,0.0,1.0,0.0,0,0.5,0.3333333333333333,0.5,0.3333333333333333,0.16666666666666666,context,actual,actual_subject
4,model_context_rollout,303,31,23,53,8,45.0,0.2075471698113207,1,0.1509433962264151,0.5555555555555556,0.4444444444444444,0.9954150198874608,0.2641509433962264,0.2830188679245283,0.24528301886792453,0.20754716981132076,0.038461538461538464,0.9615384615384616,0.0,1,0.5,0.1509433962264151,0.4716981132075472,0.20754716981132076,0.32075471698113206,context,model,model_context_rollout
4,actual_subject,303,31,23,21,8,13.0,0.3333333333333333,1,0.3809523809523809,0.45454545454545453,0.5454545454545454,0.9849500113113598,0.3333333333333333,0.23809523809523808,0.19047619047619047,0.23809523809523808,0.05,0.85,0.1,0,0.6153846153846154,0.38095238095238093,0.5238095238095238,0.3333333333333333,0.14285714285714285,context,actual,actual_subject
4,model_context_rollout,307,32,14,10,10,0.0,0.0,1,1.0,0.0,1.0,0.8427376486136672,0.3,0.5,0.1,0.1,0.3333333333333333,0.6666666666666666,0.0,1,1.0,0.6,0.8,0.0,0.2,context,model,model_context_rollout
4,actual_subject,307,32,14,18,10,8.0,0.3333333333333333,1,0.5555555555555556,0.3684210526315789,0.631578947368421,0.8763576394898526,0.3333333333333333,0.4444444444444444,0.1111111111111111,0.1111111111111111,0.17647058823529413,0.8235294117647058,0.0,1,0.7142857142857143,0.3333333333333333,0.5,0.3333333333333333,0.16666666666666666,context,actual,actual_subject
4,model_context_rollout,311,27,10,12,7,5.0,0.25,1,0.5833333333333334,0.3076923076923077,0.6923076923076923,0.8250112108241772,0.4166666666666667,0.4166666666666667,0.08333333333333333,0.08333333333333333,0.18181818181818182,0.8181818181818182,0.0,0,0.7,0.5833333333333334,0.6666666666666666,0.25,0.08333333333333333,context,model,model_context_rollout
4,actual_subject,311,27,10,11,7,4.0,0.3636363636363636,1,0.6363636363636364,0.3333333333333333,0.6666666666666666,0.6610896727583333,0.36363636363636365,0.5454545454545454,0.0,0.09090909090909091,0.2,0.8,0.0,1,0.6363636363636364,0.6363636363636364,0.6363636363636364,0.36363636363636365,0.0,context,actual,actual_subject
4,model_context_rollout,315,40,3,50,9,41.0,0.28,0,0.18,0.43137254901960786,0.5686274509803921,0.9934804071359583,0.2,0.28,0.28,0.24,0.14285714285714285,0.7959183673469388,0.061224489795918366,0,0.4666666666666667,-0.04,0.34,0.28,0.38,context,model,model_context_rollout
4,actual_subject,315,40,3,12,9,3.0,0.25,1,0.75,0.23076923076923078,0.7692307692307693,0.6403360647604436,0.5833333333333334,0.3333333333333333,0.0,0.08333333333333333,0.2727272727272727,0.7272727272727273,0.0,1,0.75,0.75,0.75,0.25,0.0,context,actual,actual_subject
4,model_context_rollout,319,31,16,18,9,9.0,0.1666666666666666,1,0.5,0.15789473684210525,0.8421052631578947,0.995538029919111,0.2777777777777778,0.2777777777777778,0.2222222222222222,0.2222222222222222,0.29411764705882354,0.7058823529411765,0.0,0,0.75,0.5,0.6666666666666666,0.16666666666666666,0.16666666666666666,context,model,model_context_rollout
4,actual_subject,319,31,16,26,9,17.0,0.4230769230769231,1,0.3461538461538461,0.5185185185185185,0.48148148148148145,0.9351466105037404,0.38461538461538464,0.3076923076923077,0.11538461538461539,0.19230769230769232,0.16,0.76,0.08,0,0.0,0.34615384615384615,0.46153846153846156,0.4230769230769231,0.11538461538461539,context,actual,actual_subject
4,model_context_rollout,323,19,31,26,6,20.0,0.0769230769230769,1,0.2307692307692307,0.2222222222222222,0.7777777777777778,0.9771411972194373,0.19230769230769232,0.2692307692307692,0.34615384615384615,0.19230769230769232,0.24,0.76,0.0,0,0.75,0.23076923076923078,0.5769230769230769,0.07692307692307693,0.34615384615384615,context,model,model_context_rollout
4,actual_subject,323,19,31,17,6,11.0,0.2941176470588235,1,0.3529411764705882,0.3333333333333333,0.6666666666666666,0.8919296718389883,0.11764705882352941,0.4117647058823529,0.35294117647058826,0.11764705882352941,0.1875,0.8125,0.0,1,0.45454545454545453,0.35294117647058826,0.5294117647058824,0.29411764705882354,0.17647058823529413,context,actual,actual_subject
4,model_context_rollout,327,3,7,15,6,9.0,0.2,1,0.4,0.25,0.75,0.9031194643266949,0.26666666666666666,0.4,0.26666666666666666,0.06666666666666667,0.2857142857142857,0.7142857142857143,0.0,0,0.6666666666666666,0.26666666666666666,0.5333333333333333,0.2,0.26666666666666666,context,model,model_context_rollout
4,actual_subject,327,3,7,10,6,4.0,0.2,1,0.6,0.2727272727272727,0.7272727272727273,0.7427376486136673,0.2,0.5,0.3,0.0,0.2222222222222222,0.7777777777777778,0.0,1,0.75,0.4,0.6,0.2,0.2,context,actual,actual_subject
4,model_context_rollout,331,28,39,34,7,27.0,0.3235294117647059,1,0.2058823529411764,0.4,0.6,0.9022405497383003,0.17647058823529413,0.08823529411764706,0.3235294117647059,0.4117647058823529,0.06060606060606061,0.9393939393939394,0.0,0,0.7777777777777778,0.14705882352941177,0.4117647058823529,0.3235294117647059,0.2647058823529412,context,model,model_context_rollout
4,actual_subject,331,28,39,32,7,25.0,0.40625,1,0.21875,0.48484848484848486,0.5151515151515151,0.9037583727993054,0.125,0.125,0.40625,0.34375,0.22580645161290322,0.7096774193548387,0.06451612903225806,0,0.0,0.15625,0.375,0.40625,0.21875,context,actual,actual_subject
4,model_context_rollout,335,32,29,8,7,1.0,0.125,1,0.875,0.1111111111111111,0.8888888888888888,0.875,0.125,0.5,0.25,0.125,0.2857142857142857,0.7142857142857143,0.0,0,0.875,0.625,0.75,0.125,0.125,context,model,model_context_rollout
4,actual_subject,335,32,29,9,7,2.0,0.2222222222222222,1,0.7777777777777778,0.2,0.8,0.8288713632524444,0.2222222222222222,0.5555555555555556,0.1111111111111111,0.1111111111111111,0.25,0.75,0.0,1,0.7777777777777778,0.5555555555555556,0.6666666666666666,0.2222222222222222,0.1111111111111111,context,actual,actual_subject
4,model_context_rollout,339,2,40,99,10,89.0,0.2424242424242424,0,0.101010101010101,0.82,0.18,0.881040577787058,0.24242424242424243,0.06060606060606061,0.25252525252525254,0.4444444444444444,0.01020408163265306,0.9897959183673469,0.0,0,0.782608695652174,0.030303030303030304,0.3939393939393939,0.24242424242424243,0.36363636363636365,context,model,model_context_rollout
4,actual_subject,339,2,40,33,10,23.0,0.3939393939393939,1,0.303030303030303,0.4411764705882353,0.5588235294117647,0.8695090836243208,0.12121212121212122,0.09090909090909091,0.42424242424242425,0.36363636363636365,0.09375,0.8125,0.09375,0,0.6666666666666666,0.30303030303030304,0.45454545454545453,0.3939393939393939,0.15151515151515152,context,actual,actual_subject
4,model_context_rollout,343,33,21,35,12,23.0,0.3142857142857143,1,0.3428571428571428,0.4444444444444444,0.5555555555555556,0.8924761531773276,0.2857142857142857,0.4,0.2571428571428571,0.05714285714285714,0.23529411764705882,0.7647058823529411,0.0,0,0.5555555555555556,0.11428571428571428,0.4,0.3142857142857143,0.2857142857142857,context,model,model_context_rollout
4,actual_subject,343,33,21,28,12,16.0,0.3571428571428571,1,0.4285714285714285,0.5172413793103449,0.4827586206896552,0.8982531302466922,0.32142857142857145,0.42857142857142855,0.14285714285714285,0.10714285714285714,0.14814814814814814,0.8518518518518519,0.0,1,0.5833333333333334,0.14285714285714285,0.39285714285714285,0.35714285714285715,0.25,context,actual,actual_subject
4,model_context_rollout,347,10,31,51,9,42.0,0.2941176470588235,0,0.1764705882352941,0.7307692307692307,0.2692307692307692,0.941065086516229,0.21568627450980393,0.11764705882352941,0.39215686274509803,0.27450980392156865,0.02,0.74,0.24,0,0.0,0.1568627450980392,0.43137254901960786,0.29411764705882354,0.27450980392156865,context,model,model_context_rollout
4,actual_subject,347,10,31,17,9,8.0,0.3529411764705882,1,0.5294117647058824,0.3333333333333333,0.6666666666666666,0.8697270982459452,0.058823529411764705,0.17647058823529413,0.4117647058823529,0.35294117647058826,0.1875,0.75,0.0625,0,0.0,0.5294117647058824,0.5882352941176471,0.35294117647058826,0.058823529411764705,context,actual,actual_subject
1,model_rollout,3,44,30,6,6,0.0,0.0,1,1.0,0.0,1.0,0.792481250360578,0.3333333333333333,0.3333333333333333,0.0,0.3333333333333333,0.4,0.6,0.0,1,1.0,1.0,1.0,0.0,0.0,rollout_soft,model,model_rollout
1,actual_subject,3,44,30,14,6,8.0,0.1428571428571428,1,0.4285714285714285,0.3333333333333333,0.6666666666666666,0.9620871761502205,0.2857142857142857,0.35714285714285715,0.14285714285714285,0.21428571428571427,0.3076923076923077,0.6923076923076923,0.0,1,0.8571428571428571,0.42857142857142855,0.6428571428571429,0.14285714285714285,0.21428571428571427,rollout_soft,actual,actual_subject
1,model_rollout,7,39,38,3,3,0.0,0.0,1,1.0,0.0,1.0,0.792481250360578,0.3333333333333333,0.3333333333333333,0.3333333333333333,0.0,0.0,1.0,0.0,1,1.0,1.0,1.0,0.0,0.0,rollout_soft,model,model_rollout
1,actual_subject,7,39,38,3,3,0.0,0.0,1,1.0,0.0,1.0,0.792481250360578,0.3333333333333333,0.3333333333333333,0.3333333333333333,0.0,0.0,1.0,0.0,1,1.0,1.0,1.0,0.0,0.0,rollout_soft,actual,actual_subject
1,model_rollout,11,47,46,3,3,0.0,0.0,1,1.0,0.0,1.0,0.792481250360578,0.3333333333333333,0.3333333333333333,0.3333333333333333,0.0,0.0,1.0,0.0,1,1.0,1.0,1.0,0.0,0.0,rollout_soft,model,model_rollout
1,actual_subject,11,47,46,3,3,0.0,0.0,1,1.0,0.0,1.0,0.792481250360578,0.3333333333333333,0.3333333333333333,0.3333333333333333,0.0,0.0,1.0,0.0,1,1.0,1.0,1.0,0.0,0.0,rollout_soft,actual,actual_subject
1,model_rollout,15,20,6,8,8,0.0,0.0,1,1.0,0.0,1.0,0.9528195311147832,0.375,0.25,0.125,0.25,0.14285714285714285,0.8571428571428571,0.0,1,1.0,0.5,0.75,0.0,0.25,rollout_soft,model,model_rollout
1,actual_subject,15,20,6,9,8,1.0,0.1111111111111111,1,0.8888888888888888,0.1,0.9,0.9182958340544894,0.4444444444444444,0.2222222222222222,0.1111111111111111,0.2222222222222222,0.125,0.75,0.125,0,0.8888888888888888,0.4444444444444444,0.6666666666666666,0.1111111111111111,0.2222222222222222,rollout_soft,actual,actual_subject
1,model_rollout,19,25,0,15,13,2.0,0.0,1,0.8666666666666667,0.0625,0.9375,0.8909685317733521,0.4,0.3333333333333333,0.2,0.06666666666666667,0.21428571428571427,0.7142857142857143,0.07142857142857142,1,0.9285714285714286,0.4666666666666667,0.7333333333333333,0.0,0.26666666666666666,rollout_soft,model,model_rollout
1,actual_subject,19,25,0,15,13,2.0,0.0,1,0.8666666666666667,0.0625,0.9375,0.9161314485121345,0.3333333333333333,0.4,0.13333333333333333,0.13333333333333333,0.21428571428571427,0.7142857142857143,0.07142857142857142,1,0.9285714285714286,0.4666666666666667,0.7333333333333333,0.0,0.26666666666666666,rollout_soft,actual,actual_subject
1,model_rollout,23,7,19,14,10,4.0,0.1428571428571428,1,0.7142857142857143,0.13333333333333333,0.8666666666666667,0.7653094974242585,0.21428571428571427,0.0,0.35714285714285715,0.42857142857142855,0.07692307692307693,0.9230769230769231,0.0,1,0.7142857142857143,0.2857142857142857,0.5714285714285714,0.14285714285714285,0.2857142857142857,rollout_soft,model,model_rollout
1,actual_subject,23,7,19,12,10,2.0,0.0,1,0.8333333333333334,0.07692307692307693,0.9230769230769231,0.7772925846688998,0.25,0.0,0.3333333333333333,0.4166666666666667,0.18181818181818182,0.7272727272727273,0.09090909090909091,1,0.9090909090909091,0.3333333333333333,0.6666666666666666,0.0,0.3333333333333333,rollout_soft,actual,actual_subject
1,model_rollout,27,46,12,10,8,2.0,0.0,1,0.8,0.09090909090909091,0.9090909090909091,0.7427376486136673,0.5,0.2,0.0,0.3,0.0,0.8888888888888888,0.1111111111111111,1,0.8888888888888888,0.8,0.9,0.0,0.1,rollout_soft,model,model_rollout
1,actual_subject,27,46,12,12,8,4.0,0.0,1,0.6666666666666666,0.15384615384615385,0.8461538461538461,0.8647869792568111,0.5,0.16666666666666666,0.08333333333333333,0.25,0.18181818181818182,0.7272727272727273,0.09090909090909091,1,0.8888888888888888,0.6666666666666666,0.8333333333333334,0.0,0.16666666666666666,rollout_soft,actual,actual_subject
1,model_rollout,31,35,25,8,8,0.0,0.0,1,1.0,0.0,1.0,0.6493974703476993,0.25,0.125,0.0,0.625,0.42857142857142855,0.5714285714285714,0.0,1,1.0,0.5,0.75,0.0,0.25,rollout_soft,model,model_rollout
1,actual_subject,31,35,25,15,8,7.0,0.2,1,0.5333333333333333,0.375,0.625,0.8732328992520361,0.26666666666666666,0.2,0.06666666666666667,0.4666666666666667,0.2857142857142857,0.5714285714285714,0.14285714285714285,1,0.75,0.26666666666666666,0.5333333333333333,0.2,0.26666666666666666,rollout_soft,actual,actual_subject
1,model_rollout,35,37,8,8,7,1.0,0.125,1,0.875,0.1111111111111111,0.8888888888888888,0.7028195311147832,0.5,0.375,0.0,0.125,0.2857142857142857,0.7142857142857143,0.0,1,0.875,0.875,0.875,0.125,0.0,rollout_soft,model,model_rollout
1,actual_subject,35,37,8,7,7,0.0,0.0,1,1.0,0.0,1.0,0.6893917467430878,0.5714285714285714,0.2857142857142857,0.0,0.14285714285714285,0.5,0.5,0.0,1,1.0,1.0,1.0,0.0,0.0,rollout_soft,actual,actual_subject
1,model_rollout,39,12,44,15,10,5.0,0.0666666666666666,1,0.6666666666666666,0.25,0.75,0.8447411335095913,0.13333333333333333,0.3333333333333333,0.4666666666666667,0.06666666666666667,0.21428571428571427,0.5714285714285714,0.21428571428571427,1,0.7857142857142857,0.6666666666666666,0.8,0.06666666666666667,0.13333333333333333,rollout_soft,model,model_rollout
1,actual_subject,39,12,44,10,10,0.0,0.0,1,1.0,0.0,1.0,0.6804820237218405,0.0,0.4,0.5,0.1,0.1111111111111111,0.8888888888888888,0.0,1,1.0,1.0,1.0,0.0,0.0,rollout_soft,actual,actual_subject
1,model_rollout,43,31,7,10,10,0.0,0.0,1,1.0,0.0,1.0,0.8609640474436813,0.4,0.4,0.1,0.1,0.3333333333333333,0.6666666666666666,0.0,1,1.0,0.8,0.9,0.0,0.1,rollout_soft,model,model_rollout
1,actual_subject,43,31,7,10,10,0.0,0.0,1,1.0,0.0,1.0,0.8609640474436813,0.4,0.4,0.1,0.1,0.3333333333333333,0.6666666666666666,0.0,1,1.0,0.8,0.9,0.0,0.1,rollout_soft,actual,actual_subject
1,model_rollout,47,25,46,5,5,0.0,0.0,1,1.0,0.0,1.0,0.6854752972273345,0.0,0.2,0.6,0.2,0.25,0.75,0.0,1,1.0,1.0,1.0,0.0,0.0,rollout_soft,model,model_rollout
1,actual_subject,47,25,46,5,5,0.0,0.0,1,1.0,0.0,1.0,0.6854752972273345,0.0,0.2,0.6,0.2,0.25,0.75,0.0,1,1.0,1.0,1.0,0.0,0.0,rollout_soft,actual,actual_subject
2,model_rollout,51,11,39,10,8,2.0,0.2,1,0.8,0.18181818181818182,0.8181818181818182,0.6854752972273345,0.0,0.2,0.6,0.2,0.3333333333333333,0.6666666666666666,0.0,1,0.8,0.8,0.8,0.2,0.0,rollout_soft,model,model_rollout
2,actual_subject,51,11,39,14,8,6.0,0.0,1,0.5714285714285714,0.0,1.0,0.9176188726560588,0.07142857142857142,0.2857142857142857,0.35714285714285715,0.2857142857142857,0.3076923076923077,0.6923076923076923,0.0,0,0.0,0.5714285714285714,0.7857142857142857,0.0,0.21428571428571427,rollout_soft,actual,actual_subject
2,model_rollout,55,23,39,15,10,5.0,0.2,1,0.6666666666666666,0.25,0.75,0.9161314485121345,0.13333333333333333,0.13333333333333333,0.4,0.3333333333333333,0.21428571428571427,0.7142857142857143,0.07142857142857142,0,0.7142857142857143,0.5333333333333333,0.6666666666666666,0.2,0.13333333333333333,rollout_soft,model,model_rollout
2,actual_subject,55,23,39,12,10,2.0,0.0,1,0.8333333333333334,0.07692307692307693,0.9230769230769231,0.9591479170272448,0.16666666666666666,0.16666666666666666,0.3333333333333333,0.3333333333333333,0.18181818181818182,0.7272727272727273,0.09090909090909091,1,0.9090909090909091,0.6666666666666666,0.8333333333333334,0.0,0.16666666666666666,rollout_soft,actual,actual_subject
2,model_rollout,59,25,28,44,9,35.0,0.2045454545454545,1,0.2045454545454545,0.5555555555555556,0.4444444444444444,0.8557079639483288,0.1590909090909091,0.5227272727272727,0.22727272727272727,0.09090909090909091,0.23255813953488372,0.7209302325581395,0.046511627906976744,0,0.0,0.06818181818181818,0.4318181818181818,0.20454545454545456,0.36363636363636365,rollout_soft,model,model_rollout
2,actual_subject,59,25,28,11,9,2.0,0.0,1,0.8181818181818182,0.08333333333333333,0.9166666666666666,0.8949645376549997,0.18181818181818182,0.45454545454545453,0.2727272727272727,0.09090909090909091,0.3,0.6,0.1,0,0.9,0.2727272727272727,0.6363636363636364,0.0,0.36363636363636365,rollout_soft,actual,actual_subject
2,model_rollout,63,17,32,12,9,3.0,0.25,1,0.75,0.23076923076923078,0.7692307692307693,0.8647869792568111,0.08333333333333333,0.16666666666666666,0.5,0.25,0.09090909090909091,0.8181818181818182,0.09090909090909091,0,0.75,0.75,0.75,0.25,0.0,rollout_soft,model,model_rollout
2,actual_subject,63,17,32,16,9,7.0,0.0625,1,0.5625,0.17647058823529413,0.8235294117647058,0.9618974703476992,0.125,0.25,0.3125,0.3125,0.26666666666666666,0.7333333333333333,0.0,1,0.3333333333333333,0.5625,0.75,0.0625,0.1875,rollout_soft,actual,actual_subject
2,model_rollout,67,15,23,5,4,1.0,0.2,1,0.8,0.16666666666666666,0.8333333333333334,0.7609640474436813,0.2,0.0,0.4,0.4,0.0,1.0,0.0,1,0.8,0.8,0.8,0.2,0.0,rollout_soft,model,model_rollout
2,actual_subject,67,15,23,5,4,1.0,0.2,1,0.8,0.16666666666666666,0.8333333333333334,0.7609640474436813,0.2,0.0,0.4,0.4,0.0,1.0,0.0,1,0.8,0.8,0.8,0.2,0.0,rollout_soft,actual,actual_subject
2,model_rollout,71,2,1,4,3,1.0,0.25,1,0.75,0.2,0.8,0.75,0.25,0.5,0.25,0.0,0.0,1.0,0.0,0,0.75,0.75,0.75,0.25,0.0,rollout_soft,model,model_rollout
2,actual_subject,71,2,1,3,3,0.0,0.0,1,1.0,0.0,1.0,0.792481250360578,0.3333333333333333,0.3333333333333333,0.3333333333333333,0.0,0.0,1.0,0.0,1,1.0,1.0,1.0,0.0,0.0,rollout_soft,actual,actual_subject
2,model_rollout,75,11,1,27,6,21.0,0.2592592592592592,1,0.2222222222222222,0.25,0.75,0.9455305560363264,0.3333333333333333,0.3333333333333333,0.2222222222222222,0.1111111111111111,0.2692307692307692,0.6538461538461539,0.07692307692307693,0,0.5,0.2222222222222222,0.48148148148148145,0.25925925925925924,0.25925925925925924,rollout_soft,model,model_rollout
2,actual_subject,75,11,1,6,6,0.0,0.0,1,1.0,0.0,1.0,0.7295739585136223,0.3333333333333333,0.5,0.16666666666666666,0.0,0.0,1.0,0.0,1,1.0,1.0,1.0,0.0,0.0,rollout_soft,actual,actual_subject
2,model_rollout,79,40,5,50,9,41.0,0.16,0,0.18,0.5098039215686274,0.49019607843137253,0.9818076530996781,0.26,0.3,0.16,0.28,0.14285714285714285,0.7755102040816326,0.08163265306122448,0,0.2857142857142857,0.08,0.46,0.16,0.38,rollout_soft,model,model_rollout
2,actual_subject,79,40,5,9,9,0.0,0.0,1,1.0,0.0,1.0,0.7177602521413333,0.5555555555555556,0.2222222222222222,0.0,0.2222222222222222,0.125,0.875,0.0,1,1.0,1.0,1.0,0.0,0.0,rollout_soft,actual,actual_subject
2,model_rollout,83,3,46,22,11,11.0,0.3181818181818182,1,0.5,0.34782608695652173,0.6521739130434783,0.8212119808859875,0.045454545454545456,0.13636363636363635,0.45454545454545453,0.36363636363636365,0.09523809523809523,0.9047619047619048,0.0,1,0.5,0.5,0.5909090909090909,0.3181818181818182,0.09090909090909091,rollout_soft,model,model_rollout
2,actual_subject,83,3,46,14,11,3.0,0.0714285714285714,1,0.7857142857142857,0.06666666666666667,0.9333333333333333,0.7463070340085628,0.0,0.21428571428571427,0.5,0.2857142857142857,0.3076923076923077,0.6923076923076923,0.0,1,0.5,0.7857142857142857,0.8571428571428571,0.07142857142857142,0.07142857142857142,rollout_soft,actual,actual_subject
2,model_rollout,87,16,24,67,10,57.0,0.1940298507462686,1,0.1492537313432835,0.5882352941176471,0.4117647058823529,0.9893262375935328,0.29850746268656714,0.19402985074626866,0.2835820895522388,0.22388059701492538,0.21212121212121213,0.696969696969697,0.09090909090909091,1,0.5,0.14925373134328357,0.47761194029850745,0.19402985074626866,0.3283582089552239,rollout_soft,model,model_rollout
2,actual_subject,87,16,24,25,10,15.0,0.12,1,0.4,0.4230769230769231,0.5769230769230769,0.9893442852255488,0.24,0.2,0.32,0.24,0.16666666666666666,0.6666666666666666,0.16666666666666666,1,0.4166666666666667,0.4,0.64,0.12,0.24,rollout_soft,actual,actual_subject
2,model_rollout,91,20,16,19,10,9.0,0.3684210526315789,1,0.5263157894736842,0.45,0.55,0.8571488754739607,0.2631578947368421,0.47368421052631576,0.21052631578947367,0.05263157894736842,0.2222222222222222,0.7222222222222222,0.05555555555555555,1,0.5789473684210527,0.3157894736842105,0.47368421052631576,0.3684210526315789,0.15789473684210525,rollout_soft,model,model_rollout
2,actual_subject,91,20,16,30,10,20.0,0.0666666666666666,1,0.3333333333333333,0.22580645161290322,0.7741935483870968,0.9949490477321438,0.26666666666666666,0.26666666666666666,0.26666666666666666,0.2,0.2413793103448276,0.6551724137931034,0.10344827586206896,1,0.6666666666666666,0.2,0.5666666666666667,0.06666666666666667,0.36666666666666664,rollout_soft,actual,actual_subject
2,model_rollout,95,19,16,25,5,20.0,0.0,1,0.2,0.11538461538461539,0.8846153846153846,0.9828390276231688,0.28,0.28,0.28,0.16,0.2916666666666667,0.5833333333333334,0.125,0,0.6666666666666666,0.2,0.6,0.0,0.4,rollout_soft,model,model_rollout
2,actual_subject,95,19,16,10,5,5.0,0.1,1,0.5,0.2727272727272727,0.7272727272727273,0.8804820237218406,0.2,0.5,0.2,0.1,0.1111111111111111,0.8888888888888888,0.0,0,0.8333333333333334,0.5,0.7,0.1,0.2,rollout_soft,actual,actual_subject
2,model_rollout,99,32,14,12,10,2.0,0.1666666666666666,1,0.8333333333333334,0.15384615384615385,0.8461538461538461,0.8129072918469556,0.3333333333333333,0.5,0.08333333333333333,0.08333333333333333,0.09090909090909091,0.9090909090909091,0.0,1,0.8333333333333334,0.5,0.6666666666666666,0.16666666666666666,0.16666666666666666,rollout_soft,model,model_rollout
2,actual_subject,99,32,14,12,10,2.0,0.0,1,0.8333333333333334,0.07692307692307693,0.9230769230769231,0.8920795639257109,0.3333333333333333,0.4166666666666667,0.16666666666666666,0.08333333333333333,0.36363636363636365,0.5454545454545454,0.09090909090909091,1,0.9090909090909091,0.5,0.75,0.0,0.25,rollout_soft,actual,actual_subject
3,model_rollout,103,19,21,31,10,21.0,0.3548387096774194,1,0.3225806451612903,0.40625,0.59375,0.9037292032315878,0.2903225806451613,0.3870967741935484,0.25806451612903225,0.06451612903225806,0.16666666666666666,0.7666666666666667,0.06666666666666667,0,0.6666666666666666,0.12903225806451613,0.3870967741935484,0.3548387096774194,0.25806451612903225,rollout_soft,model,model_rollout
3,actual_subject,103,19,21,18,10,8.0,0.0,1,0.5555555555555556,0.05263157894736842,0.9473684210526315,0.9388201415867107,0.2222222222222222,0.3888888888888889,0.2777777777777778,0.1111111111111111,0.29411764705882354,0.6470588235294118,0.058823529411764705,0,0.6666666666666666,0.2222222222222222,0.6111111111111112,0.0,0.3888888888888889,rollout_soft,actual,actual_subject
3,model_rollout,107,2,40,35,10,25.0,0.2571428571428571,1,0.2857142857142857,0.4722222222222222,0.5277777777777778,0.959719404281602,0.17142857142857143,0.17142857142857143,0.37142857142857144,0.2857142857142857,0.20588235294117646,0.7941176470588235,0.0,0,0.7142857142857143,0.2857142857142857,0.5142857142857142,0.2571428571428571,0.22857142857142856,rollout_soft,model,model_rollout
3,actual_subject,107,2,40,14,10,4.0,0.0,1,0.7142857142857143,0.13333333333333333,0.8666666666666667,0.8446958733715438,0.14285714285714285,0.07142857142857142,0.5,0.2857142857142857,0.23076923076923078,0.6153846153846154,0.15384615384615385,0,0.8333333333333334,0.7142857142857143,0.8571428571428571,0.0,0.14285714285714285,rollout_soft,actual,actual_subject
3,model_rollout,111,47,45,5,4,1.0,0.2,1,0.8,0.16666666666666666,0.8333333333333334,0.6854752972273345,0.2,0.6,0.2,0.0,0.25,0.75,0.0,1,0.8,0.8,0.8,0.2,0.0,rollout_soft,model,model_rollout
3,actual_subject,111,47,45,4,4,0.0,0.0,1,1.0,0.0,1.0,0.75,0.25,0.5,0.25,0.0,0.0,1.0,0.0,1,1.0,1.0,1.0,0.0,0.0,rollout_soft,actual,actual_subject
3,model_rollout,115,43,18,14,9,5.0,0.2142857142857142,1,0.6428571428571429,0.3333333333333333,0.6666666666666666,0.7244078178625923,0.42857142857142855,0.14285714285714285,0.0,0.42857142857142855,0.23076923076923078,0.6923076923076923,0.07692307692307693,1,0.7142857142857143,0.6428571428571429,0.7142857142857143,0.21428571428571427,0.07142857142857142,rollout_soft,model,model_rollout
3,actual_subject,115,43,18,9,9,0.0,0.0,1,1.0,0.0,1.0,0.6960736118322673,0.4444444444444444,0.1111111111111111,0.0,0.4444444444444444,0.125,0.875,0.0,1,1.0,1.0,1.0,0.0,0.0,rollout_soft,actual,actual_subject
3,model_rollout,119,36,17,21,7,14.0,0.1904761904761904,1,0.3333333333333333,0.3181818181818182,0.6818181818181818,0.98495001131136,0.3333333333333333,0.23809523809523808,0.19047619047619047,0.23809523809523808,0.25,0.65,0.1,0,0.0,0.3333333333333333,0.5714285714285714,0.19047619047619047,0.23809523809523808,rollout_soft,model,model_rollout
3,actual_subject,119,36,17,18,7,11.0,0.0555555555555555,1,0.3888888888888889,0.21052631578947367,0.7894736842105263,0.9535998353544739,0.2777777777777778,0.2777777777777778,0.1111111111111111,0.3333333333333333,0.17647058823529413,0.6470588235294118,0.17647058823529413,0,0.0,0.3888888888888889,0.6666666666666666,0.05555555555555555,0.2777777777777778,rollout_soft,actual,actual_subject
3,model_rollout,123,42,45,7,5,2.0,0.0,1,0.7142857142857143,0.0,1.0,0.6893917467430878,0.14285714285714285,0.5714285714285714,0.2857142857142857,0.0,0.0,1.0,0.0,0,0.0,0.7142857142857143,0.8571428571428571,0.0,0.14285714285714285,rollout_soft,model,model_rollout
3,actual_subject,123,42,45,7,5,2.0,0.0,1,0.7142857142857143,0.125,0.875,0.7783283537314115,0.2857142857142857,0.0,0.2857142857142857,0.42857142857142855,0.16666666666666666,0.6666666666666666,0.16666666666666666,1,0.8333333333333334,0.7142857142857143,0.8571428571428571,0.0,0.14285714285714285,rollout_soft,actual,actual_subject
3,model_rollout,127,36,2,33,8,25.0,0.1515151515151515,1,0.2424242424242424,0.4117647058823529,0.5882352941176471,0.9420064723680486,0.3333333333333333,0.36363636363636365,0.15151515151515152,0.15151515151515152,0.15625,0.78125,0.0625,1,0.7647058823529411,0.24242424242424243,0.5454545454545454,0.15151515151515152,0.30303030303030304,rollout_soft,model,model_rollout
3,actual_subject,127,36,2,17,8,9.0,0.0588235294117647,1,0.4705882352941176,0.1111111111111111,0.8888888888888888,0.8889924521298744,0.4117647058823529,0.23529411764705882,0.058823529411764705,0.29411764705882354,0.1875,0.75,0.0625,0,0.0,0.47058823529411764,0.7058823529411765,0.058823529411764705,0.23529411764705882,rollout_soft,actual,actual_subject
3,model_rollout,131,16,45,16,9,7.0,0.0625,1,0.5625,0.11764705882352941,0.8823529411764706,0.902518266288633,0.0625,0.25,0.375,0.3125,0.06666666666666667,0.9333333333333333,0.0,0,0.0,0.5625,0.75,0.0625,0.1875,rollout_soft,model,model_rollout
3,actual_subject,131,16,45,12,9,3.0,0.0833333333333333,1,0.75,0.15384615384615385,0.8461538461538461,0.8920795639257109,0.08333333333333333,0.16666666666666666,0.4166666666666667,0.3333333333333333,0.2727272727272727,0.7272727272727273,0.0,1,0.9,0.75,0.8333333333333334,0.08333333333333333,0.08333333333333333,rollout_soft,actual,actual_subject
3,model_rollout,135,23,7,11,6,5.0,0.0909090909090909,1,0.5454545454545454,0.25,0.75,0.8949645376549997,0.45454545454545453,0.2727272727272727,0.18181818181818182,0.09090909090909091,0.3,0.6,0.1,0,0.75,0.5454545454545454,0.7272727272727273,0.09090909090909091,0.18181818181818182,rollout_soft,model,model_rollout
3,actual_subject,135,23,7,14,6,8.0,0.1428571428571428,1,0.4285714285714285,0.2,0.8,0.9046000163489059,0.35714285714285715,0.35714285714285715,0.21428571428571427,0.07142857142857142,0.07692307692307693,0.9230769230769231,0.0,0,0.6666666666666666,0.42857142857142855,0.6428571428571429,0.14285714285714285,0.21428571428571427,rollout_soft,actual,actual_subject
3,model_rollout,139,8,17,5,5,0.0,0.0,1,1.0,0.0,1.0,0.7609640474436813,0.2,0.0,0.4,0.4,0.25,0.75,0.0,1,1.0,1.0,1.0,0.0,0.0,rollout_soft,model,model_rollout
3,actual_subject,139,8,17,9,5,4.0,0.0,1,0.5555555555555556,0.2,0.8,0.7652465283787413,0.3333333333333333,0.0,0.4444444444444444,0.2222222222222222,0.375,0.5,0.125,0,0.8333333333333334,0.5555555555555556,0.7777777777777778,0.0,0.2222222222222222,rollout_soft,actual,actual_subject
3,model_rollout,143,43,7,28,10,18.0,0.1428571428571428,1,0.3571428571428571,0.20689655172413793,0.7931034482758621,0.9454026703243898,0.39285714285714285,0.2857142857142857,0.14285714285714285,0.17857142857142858,0.14814814814814814,0.8148148148148148,0.037037037037037035,0,0.6666666666666666,0.35714285714285715,0.6071428571428571,0.14285714285714285,0.25,rollout_soft,model,model_rollout
3,actual_subject,143,43,7,10,10,0.0,0.0,1,1.0,0.0,1.0,0.7427376486136673,0.5,0.3,0.0,0.2,0.2222222222222222,0.7777777777777778,0.0,1,1.0,1.0,1.0,0.0,0.0,rollout_soft,actual,actual_subject
3,model_rollout,147,48,46,4,4,0.0,0.0,1,1.0,0.0,1.0,0.75,0.25,0.5,0.25,0.0,0.0,1.0,0.0,1,1.0,1.0,1.0,0.0,0.0,rollout_soft,model,model_rollout
3,actual_subject,147,48,46,4,4,0.0,0.0,1,1.0,0.0,1.0,0.75,0.25,0.5,0.25,0.0,0.0,1.0,0.0,1,1.0,1.0,1.0,0.0,0.0,rollout_soft,actual,actual_subject
4,model_rollout,151,36,9,48,7,41.0,0.1041666666666666,1,0.1458333333333333,0.46938775510204084,0.5306122448979592,0.9646257885126132,0.3125,0.3333333333333333,0.14583333333333334,0.20833333333333334,0.19148936170212766,0.7872340425531915,0.02127659574468085,0,0.7142857142857143,0.14583333333333334,0.5208333333333334,0.10416666666666667,0.375,rollout_soft,model,model_rollout
4,actual_subject,151,36,9,36,7,29.0,0.5277777777777778,1,0.1944444444444444,0.5405405405405406,0.4594594594594595,0.8813915737886833,0.4166666666666667,0.3055555555555556,0.05555555555555555,0.2222222222222222,0.2571428571428571,0.6857142857142857,0.05714285714285714,0,0.0,0.19444444444444445,0.3333333333333333,0.5277777777777778,0.1388888888888889,rollout_soft,actual,actual_subject
4,model_rollout,155,10,15,24,5,19.0,0.125,1,0.2083333333333333,0.2,0.8,0.9745411476764105,0.20833333333333334,0.3333333333333333,0.2916666666666667,0.16666666666666666,0.21739130434782608,0.6956521739130435,0.08695652173913043,0,0.0,0.20833333333333334,0.5416666666666666,0.125,0.3333333333333333,rollout_soft,model,model_rollout
4,actual_subject,155,10,15,12,5,7.0,0.4166666666666667,1,0.4166666666666667,0.38461538461538464,0.6153846153846154,0.7295739585136223,0.16666666666666666,0.5,0.3333333333333333,0.0,0.36363636363636365,0.6363636363636364,0.0,0,0.0,0.4166666666666667,0.5,0.4166666666666667,0.08333333333333333,rollout_soft,actual,actual_subject
4,model_rollout,159,14,12,10,8,2.0,0.2,1,0.8,0.18181818181818182,0.8181818181818182,0.5783898247235197,0.2,0.0,0.1,0.7,0.3333333333333333,0.6666666666666666,0.0,1,0.8,0.2,0.5,0.2,0.3,rollout_soft,model,model_rollout
4,actual_subject,159,14,12,14,8,6.0,0.2857142857142857,1,0.5714285714285714,0.26666666666666666,0.7333333333333333,0.805288621665821,0.14285714285714285,0.07142857142857142,0.21428571428571427,0.5714285714285714,0.23076923076923078,0.7692307692307693,0.0,1,0.625,0.14285714285714285,0.42857142857142855,0.2857142857142857,0.2857142857142857,rollout_soft,actual,actual_subject
4,model_rollout,163,0,11,18,9,9.0,0.3888888888888889,1,0.5,0.3684210526315789,0.631578947368421,0.7477690149595555,0.2222222222222222,0.0,0.2777777777777778,0.5,0.17647058823529413,0.7647058823529411,0.058823529411764705,0,0.5714285714285714,0.2777777777777778,0.4444444444444444,0.3888888888888889,0.16666666666666666,rollout_soft,model,model_rollout
4,actual_subject,163,0,11,22,9,13.0,0.3181818181818182,1,0.4090909090909091,0.391304347826087,0.6086956521739131,0.9061060148293874,0.13636363636363635,0.13636363636363635,0.2727272727272727,0.45454545454545453,0.2857142857142857,0.7142857142857143,0.0,1,0.5384615384615384,0.22727272727272727,0.45454545454545453,0.3181818181818182,0.22727272727272727,rollout_soft,actual,actual_subject
4,model_rollout,167,18,0,33,12,21.0,0.3333333333333333,1,0.3636363636363636,0.47058823529411764,0.5294117647058824,0.909710292295365,0.3333333333333333,0.3939393939393939,0.18181818181818182,0.09090909090909091,0.125,0.875,0.0,0,0.6,0.18181818181818182,0.42424242424242425,0.3333333333333333,0.24242424242424243,rollout_soft,model,model_rollout
4,actual_subject,167,18,0,34,12,22.0,0.4705882352941176,1,0.3529411764705882,0.5428571428571428,0.45714285714285713,0.8648066891036259,0.3235294117647059,0.4411764705882353,0.17647058823529413,0.058823529411764705,0.2727272727272727,0.6363636363636364,0.09090909090909091,0,0.5454545454545454,0.17647058823529413,0.35294117647058826,0.47058823529411764,0.17647058823529413,rollout_soft,actual,actual_subject
4,model_rollout,171,24,8,16,10,6.0,0.375,1,0.625,0.35294117647058826,0.6470588235294118,0.8387106419146823,0.4375,0.375,0.125,0.0625,0.2,0.8,0.0,0,0.625,0.625,0.625,0.375,0.0,rollout_soft,model,model_rollout
4,actual_subject,171,24,8,24,10,14.0,0.4166666666666667,1,0.4166666666666667,0.4,0.6,0.8920795639257109,0.3333333333333333,0.4166666666666667,0.08333333333333333,0.16666666666666666,0.21739130434782608,0.6956521739130435,0.08695652173913043,0,0.16666666666666666,0.4166666666666667,0.5,0.4166666666666667,0.08333333333333333,rollout_soft,actual,actual_subject
4,model_rollout,175,46,8,17,10,7.0,0.2941176470588235,1,0.5882352941176471,0.3333333333333333,0.6666666666666666,0.7598642307897806,0.47058823529411764,0.4117647058823529,0.058823529411764705,0.058823529411764705,0.375,0.625,0.0,0,0.7692307692307693,0.5882352941176471,0.6470588235294118,0.29411764705882354,0.058823529411764705,rollout_soft,model,model_rollout
4,actual_subject,175,46,8,23,10,13.0,0.391304347826087,1,0.4347826086956521,0.375,0.625,0.7708446124200048,0.391304347826087,0.4782608695652174,0.043478260869565216,0.08695652173913043,0.3181818181818182,0.5909090909090909,0.09090909090909091,0,0.0,0.43478260869565216,0.5217391304347826,0.391304347826087,0.08695652173913043,rollout_soft,actual,actual_subject
4,model_rollout,179,12,44,15,10,5.0,0.0666666666666666,1,0.6666666666666666,0.25,0.75,0.8447411335095913,0.13333333333333333,0.3333333333333333,0.4666666666666667,0.06666666666666667,0.21428571428571427,0.5714285714285714,0.21428571428571427,1,0.7857142857142857,0.6666666666666666,0.8,0.06666666666666667,0.13333333333333333,rollout_soft,model,model_rollout
4,actual_subject,179,12,44,21,10,11.0,0.238095238095238,1,0.4761904761904761,0.36363636363636365,0.6363636363636364,0.824119356497944,0.14285714285714285,0.3333333333333333,0.47619047619047616,0.047619047619047616,0.2,0.7,0.1,1,0.5833333333333334,0.47619047619047616,0.6190476190476191,0.23809523809523808,0.14285714285714285,rollout_soft,actual,actual_subject
4,model_rollout,183,46,19,19,7,12.0,0.3157894736842105,1,0.3684210526315789,0.45,0.55,0.8813511001724871,0.42105263157894735,0.2631578947368421,0.05263157894736842,0.2631578947368421,0.16666666666666666,0.7222222222222222,0.1111111111111111,1,0.5,0.3684210526315789,0.5263157894736842,0.3157894736842105,0.15789473684210525,rollout_soft,model,model_rollout
4,actual_subject,183,46,19,8,7,1.0,0.125,1,0.875,0.1111111111111111,0.8888888888888888,0.6493974703476993,0.625,0.125,0.0,0.25,0.2857142857142857,0.7142857142857143,0.0,1,0.875,0.875,0.875,0.125,0.0,rollout_soft,actual,actual_subject
4,model_rollout,187,38,18,8,6,2.0,0.0,1,0.75,0.1111111111111111,0.8888888888888888,0.875,0.5,0.125,0.125,0.25,0.2857142857142857,0.5714285714285714,0.14285714285714285,1,0.8571428571428571,0.75,0.875,0.0,0.125,rollout_soft,model,model_rollout
4,actual_subject,187,38,18,8,6,2.0,0.25,1,0.75,0.2222222222222222,0.7777777777777778,0.6493974703476993,0.625,0.125,0.0,0.25,0.14285714285714285,0.8571428571428571,0.0,1,0.75,0.75,0.75,0.25,0.0,rollout_soft,actual,actual_subject
4,model_rollout,191,2,45,63,11,52.0,0.2063492063492063,0,0.1746031746031746,0.53125,0.46875,0.9679884450497106,0.19047619047619047,0.1746031746031746,0.2698412698412698,0.36507936507936506,0.20967741935483872,0.7580645161290323,0.03225806451612903,0,0.16,0.06349206349206349,0.42857142857142855,0.20634920634920634,0.36507936507936506,rollout_soft,model,model_rollout
4,actual_subject,191,2,45,21,11,10.0,0.2857142857142857,1,0.5238095238095238,0.36363636363636365,0.6363636363636364,0.824119356497944,0.047619047619047616,0.14285714285714285,0.47619047619047616,0.3333333333333333,0.3,0.6,0.1,1,0.6875,0.5238095238095238,0.6190476190476191,0.2857142857142857,0.09523809523809523,rollout_soft,actual,actual_subject
4,model_rollout,195,37,39,7,4,3.0,0.1428571428571428,1,0.5714285714285714,0.375,0.625,0.7783283537314115,0.2857142857142857,0.0,0.2857142857142857,0.42857142857142855,0.0,0.8333333333333334,0.16666666666666666,1,0.7142857142857143,0.5714285714285714,0.7142857142857143,0.14285714285714285,0.14285714285714285,rollout_soft,model,model_rollout
4,actual_subject,195,37,39,5,4,1.0,0.2,1,0.8,0.16666666666666666,0.8333333333333334,0.6854752972273345,0.2,0.0,0.2,0.6,0.25,0.75,0.0,1,0.8,0.8,0.8,0.2,0.0,rollout_soft,actual,actual_subject
4,model_rollout,199,18,39,5,5,0.0,0.0,1,1.0,0.0,1.0,0.6854752972273345,0.0,0.2,0.6,0.2,0.25,0.75,0.0,1,1.0,1.0,1.0,0.0,0.0,rollout_soft,model,model_rollout
4,actual_subject,199,18,39,7,5,2.0,0.2857142857142857,1,0.7142857142857143,0.25,0.75,0.6893917467430878,0.0,0.2857142857142857,0.5714285714285714,0.14285714285714285,0.3333333333333333,0.5,0.16666666666666666,1,0.7142857142857143,0.7142857142857143,0.7142857142857143,0.2857142857142857,0.0,rollout_soft,actual,actual_subject
4,model_rollout,203,21,18,18,11,7.0,0.2777777777777778,1,0.6111111111111112,0.3157894736842105,0.6842105263157895,0.8735835986534669,0.2222222222222222,0.05555555555555555,0.2777777777777778,0.4444444444444444,0.0,1.0,0.0,1,0.6875,0.2777777777777778,0.5,0.2777777777777778,0.2222222222222222,rollout_soft,model,model_rollout
4,actual_subject,203,21,18,24,11,13.0,0.2916666666666667,1,0.4583333333333333,0.44,0.56,0.9244939945387638,0.16666666666666666,0.16666666666666666,0.20833333333333334,0.4583333333333333,0.17391304347826086,0.782608695652174,0.043478260869565216,0,0.6,0.20833333333333334,0.4583333333333333,0.2916666666666667,0.25,rollout_soft,actual,actual_subject
4,model_rollout,207,41,38,50,5,45.0,0.4,0,0.1,0.5686274509803921,0.43137254901960786,0.7744357499106365,0.36,0.48,0.14,0.02,0.22448979591836735,0.7551020408163265,0.02040816326530612,1,0.5,-0.08,0.26,0.4,0.34,rollout_soft,model,model_rollout
4,actual_subject,207,41,38,9,5,4.0,0.2222222222222222,1,0.5555555555555556,0.2,0.8,0.7177602521413333,0.2222222222222222,0.5555555555555556,0.2222222222222222,0.0,0.125,0.875,0.0,0,0.0,0.5555555555555556,0.6666666666666666,0.2222222222222222,0.1111111111111111,rollout_soft,actual,actual_subject
4,model_rollout,211,11,36,14,9,5.0,0.0714285714285714,1,0.6428571428571429,0.13333333333333333,0.8666666666666667,0.8636983367872396,0.07142857142857142,0.35714285714285715,0.42857142857142855,0.14285714285714285,0.3076923076923077,0.6153846153846154,0.07692307692307693,0,0.0,0.6428571428571429,0.7857142857142857,0.07142857142857142,0.14285714285714285,rollout_soft,model,model_rollout
4,actual_subject,211,11,36,12,9,3.0,0.25,1,0.75,0.23076923076923078,0.7692307692307693,0.6625056054120886,0.0,0.4166666666666667,0.5,0.08333333333333333,0.09090909090909091,0.9090909090909091,0.0,1,0.75,0.75,0.75,0.25,0.0,rollout_soft,actual,actual_subject
4,model_rollout,215,18,44,11,8,3.0,0.0909090909090909,1,0.7272727272727273,0.16666666666666666,0.8333333333333334,0.8383685150260664,0.09090909090909091,0.36363636363636365,0.45454545454545453,0.09090909090909091,0.3,0.6,0.1,1,0.8,0.7272727272727273,0.8181818181818182,0.09090909090909091,0.09090909090909091,rollout_soft,model,model_rollout
4,actual_subject,215,18,44,14,8,6.0,0.2857142857142857,1,0.5714285714285714,0.26666666666666666,0.7333333333333333,0.7958363892911637,0.07142857142857142,0.42857142857142855,0.42857142857142855,0.07142857142857142,0.23076923076923078,0.6923076923076923,0.07692307692307693,0,0.5555555555555556,0.5714285714285714,0.6428571428571429,0.2857142857142857,0.07142857142857142,rollout_soft,actual,actual_subject
4,model_rollout,219,46,29,40,7,33.0,0.275,1,0.175,0.43902439024390244,0.5609756097560976,0.9909312621106193,0.275,0.3,0.225,0.2,0.15384615384615385,0.7948717948717948,0.05128205128205128,0,0.0,0.175,0.45,0.275,0.275,rollout_soft,model,model_rollout
4,actual_subject,219,46,29,11,7,4.0,0.1818181818181818,1,0.6363636363636364,0.3333333333333333,0.6666666666666666,0.7474594241169754,0.36363636363636365,0.45454545454545453,0.0,0.18181818181818182,0.2,0.8,0.0,1,0.7272727272727273,0.6363636363636364,0.7272727272727273,0.18181818181818182,0.09090909090909091,rollout_soft,actual,actual_subject
4,model_rollout,223,3,40,53,9,44.0,0.2264150943396226,1,0.1698113207547169,0.6296296296296297,0.37037037037037035,0.9695521519248445,0.18867924528301888,0.16981132075471697,0.33962264150943394,0.3018867924528302,0.23076923076923078,0.7307692307692307,0.038461538461538464,1,0.5185185185185185,0.16981132075471697,0.4716981132075472,0.22641509433962265,0.3018867924528302,rollout_soft,model,model_rollout
4,actual_subject,223,3,40,22,9,13.0,0.3181818181818182,1,0.4090909090909091,0.30434782608695654,0.6956521739130435,0.8248626836794422,0.045454545454545456,0.13636363636363635,0.4090909090909091,0.4090909090909091,0.23809523809523808,0.7142857142857143,0.047619047619047616,1,0.5,0.4090909090909091,0.5454545454545454,0.3181818181818182,0.13636363636363635,rollout_soft,actual,actual_subject
4,model_rollout,227,10,25,7,5,2.0,0.2857142857142857,1,0.7142857142857143,0.25,0.75,0.6893917467430878,0.0,0.14285714285714285,0.5714285714285714,0.2857142857142857,0.16666666666666666,0.8333333333333334,0.0,1,0.7142857142857143,0.7142857142857143,0.7142857142857143,0.2857142857142857,0.0,rollout_soft,model,model_rollout
4,actual_subject,227,10,25,20,5,15.0,0.35,1,0.25,0.5238095238095238,0.47619047619047616,0.8911143594569007,0.15,0.1,0.45,0.3,0.10526315789473684,0.8421052631578947,0.05263157894736842,0,0.625,0.25,0.45,0.35,0.2,rollout_soft,actual,actual_subject
4,model_rollout,231,15,10,11,5,6.0,0.1818181818181818,1,0.4545454545454545,0.3333333333333333,0.6666666666666666,0.7863118319475819,0.36363636363636365,0.0,0.2727272727272727,0.36363636363636365,0.1,0.8,0.1,0,0.0,0.45454545454545453,0.6363636363636364,0.18181818181818182,0.18181818181818182,rollout_soft,model,model_rollout
4,actual_subject,231,15,10,10,5,5.0,0.3,1,0.5,0.36363636363636365,0.6363636363636364,0.9232196723355078,0.3,0.1,0.2,0.4,0.1111111111111111,0.7777777777777778,0.1111111111111111,0,0.7142857142857143,0.5,0.6,0.3,0.1,rollout_soft,actual,actual_subject
4,model_rollout,235,11,27,7,6,1.0,0.1428571428571428,1,0.8571428571428571,0.125,0.875,0.7244078178625923,0.0,0.14285714285714285,0.42857142857142855,0.42857142857142855,0.3333333333333333,0.6666666666666666,0.0,1,0.8571428571428571,0.8571428571428571,0.8571428571428571,0.14285714285714285,0.0,rollout_soft,model,model_rollout
4,actual_subject,235,11,27,11,6,5.0,0.2727272727272727,1,0.5454545454545454,0.25,0.75,0.8383685150260664,0.09090909090909091,0.09090909090909091,0.45454545454545453,0.36363636363636365,0.0,1.0,0.0,0,0.5555555555555556,0.5454545454545454,0.6363636363636364,0.2727272727272727,0.09090909090909091,rollout_soft,actual,actual_subject
4,model_rollout,239,25,46,5,5,0.0,0.0,1,1.0,0.0,1.0,0.6854752972273345,0.0,0.2,0.6,0.2,0.25,0.75,0.0,1,1.0,1.0,1.0,0.0,0.0,rollout_soft,model,model_rollout
4,actual_subject,239,25,46,11,5,6.0,0.1818181818181818,1,0.4545454545454545,0.16666666666666666,0.8333333333333334,0.8949645376549997,0.09090909090909091,0.2727272727272727,0.45454545454545453,0.18181818181818182,0.0,1.0,0.0,0,0.6666666666666666,0.45454545454545453,0.6363636363636364,0.18181818181818182,0.18181818181818182,rollout_soft,actual,actual_subject
4,model_rollout,243,23,31,24,8,16.0,0.1666666666666666,1,0.3333333333333333,0.6,0.4,0.9949671891627883,0.25,0.25,0.2916666666666667,0.20833333333333334,0.2608695652173913,0.6086956521739131,0.13043478260869565,0,0.6,0.3333333333333333,0.5833333333333334,0.16666666666666666,0.25,rollout_soft,model,model_rollout
4,actual_subject,243,23,31,23,8,15.0,0.391304347826087,1,0.3478260869565217,0.5416666666666666,0.4583333333333333,0.9570850556153867,0.13043478260869565,0.21739130434782608,0.34782608695652173,0.30434782608695654,0.22727272727272727,0.6818181818181818,0.09090909090909091,0,0.5294117647058824,0.34782608695652173,0.4782608695652174,0.391304347826087,0.13043478260869565,rollout_soft,actual,actual_subject
4,model_rollout,247,39,3,18,10,8.0,0.2222222222222222,1,0.5555555555555556,0.21052631578947367,0.7894736842105263,0.8941079061856881,0.3888888888888889,0.2777777777777778,0.05555555555555555,0.2777777777777778,0.11764705882352941,0.8823529411764706,0.0,0,0.0,0.5555555555555556,0.6666666666666666,0.2222222222222222,0.1111111111111111,rollout_soft,model,model_rollout
4,actual_subject,247,39,3,26,10,16.0,0.3846153846153846,1,0.3846153846153846,0.48148148148148145,0.5185185185185185,0.8097253141506577,0.5,0.3076923076923077,0.038461538461538464,0.15384615384615385,0.12,0.84,0.04,0,0.5555555555555556,0.38461538461538464,0.5,0.38461538461538464,0.11538461538461539,rollout_soft,actual,actual_subject
4,model_rollout,251,16,14,10,6,4.0,0.2,1,0.6,0.2727272727272727,0.7272727272727273,0.9232196723355078,0.4,0.3,0.2,0.1,0.4444444444444444,0.5555555555555556,0.0,1,0.8571428571428571,0.6,0.7,0.2,0.1,rollout_soft,model,model_rollout
4,actual_subject,251,16,14,10,6,4.0,0.4,1,0.6,0.36363636363636365,0.6363636363636364,0.7427376486136673,0.3,0.5,0.2,0.0,0.0,0.8888888888888888,0.1111111111111111,0,0.6,0.6,0.6,0.4,0.0,rollout_soft,actual,actual_subject
4,model_rollout,255,12,15,10,7,3.0,0.3,1,0.7,0.2727272727272727,0.7272727272727273,0.6477309221191608,0.1,0.6,0.3,0.0,0.2222222222222222,0.7777777777777778,0.0,1,0.7,0.3,0.5,0.3,0.2,rollout_soft,model,model_rollout
4,actual_subject,255,12,15,13,7,6.0,0.3076923076923077,1,0.5384615384615384,0.2857142857142857,0.7142857142857143,0.7286329568116936,0.23076923076923078,0.5384615384615384,0.23076923076923078,0.0,0.3333333333333333,0.5833333333333334,0.08333333333333333,1,0.5,0.23076923076923078,0.46153846153846156,0.3076923076923077,0.23076923076923078,rollout_soft,actual,actual_subject
4,model_rollout,259,2,44,14,10,4.0,0.1428571428571428,1,0.7142857142857143,0.2,0.8,0.70689978230284,0.0,0.21428571428571427,0.5714285714285714,0.21428571428571427,0.3076923076923077,0.6153846153846154,0.07692307692307693,1,0.7692307692307693,0.7142857142857143,0.7857142857142857,0.14285714285714285,0.07142857142857142,rollout_soft,model,model_rollout
4,actual_subject,259,2,44,20,10,10.0,0.3,1,0.5,0.42857142857142855,0.5714285714285714,0.7697455351500672,0.0,0.25,0.45,0.3,0.10526315789473684,0.7368421052631579,0.15789473684210525,1,0.625,0.5,0.6,0.3,0.1,rollout_soft,actual,actual_subject
4,model_rollout,263,32,30,15,8,7.0,0.2,1,0.5333333333333333,0.1875,0.8125,0.9147366491799206,0.2,0.4666666666666667,0.13333333333333333,0.2,0.2857142857142857,0.7142857142857143,0.0,0,0.75,0.4,0.6,0.2,0.2,rollout_soft,model,model_rollout
4,actual_subject,263,32,30,22,8,14.0,0.2727272727272727,1,0.3636363636363636,0.4782608695652174,0.5217391304347826,0.9681300137657637,0.36363636363636365,0.2727272727272727,0.18181818181818182,0.18181818181818182,0.19047619047619047,0.7142857142857143,0.09523809523809523,0,0.5625,0.2727272727272727,0.5,0.2727272727272727,0.22727272727272727,rollout_soft,actual,actual_subject
4,model_rollout,267,9,38,34,9,25.0,0.2058823529411764,1,0.2647058823529412,0.2571428571428571,0.7428571428571429,0.905644231640192,0.17647058823529413,0.38235294117647056,0.35294117647058826,0.08823529411764706,0.18181818181818182,0.7878787878787878,0.030303030303030304,0,0.2222222222222222,0.2647058823529412,0.5294117647058824,0.20588235294117646,0.2647058823529412,rollout_soft,model,model_rollout
4,actual_subject,267,9,38,23,9,14.0,0.3478260869565217,1,0.391304347826087,0.4583333333333333,0.5416666666666666,0.8439705226182103,0.043478260869565216,0.17391304347826086,0.34782608695652173,0.43478260869565216,0.18181818181818182,0.6818181818181818,0.13636363636363635,0,0.6,0.391304347826087,0.5217391304347826,0.34782608695652173,0.13043478260869565,rollout_soft,actual,actual_subject
4,model_rollout,271,15,18,16,9,7.0,0.3125,1,0.5625,0.35294117647058826,0.6470588235294118,0.8744996115311403,0.1875,0.0625,0.3125,0.4375,0.13333333333333333,0.8,0.06666666666666667,0,0.6428571428571429,0.3125,0.5,0.3125,0.1875,rollout_soft,model,model_rollout
4,actual_subject,271,15,18,16,9,7.0,0.3125,1,0.5625,0.29411764705882354,0.7058823529411765,0.8980898459737487,0.125,0.125,0.3125,0.4375,0.2,0.8,0.0,0,0.6666666666666666,0.3125,0.5,0.3125,0.1875,rollout_soft,actual,actual_subject
4,model_rollout,275,23,31,24,8,16.0,0.1666666666666666,1,0.3333333333333333,0.6,0.4,0.9949671891627883,0.25,0.25,0.2916666666666667,0.20833333333333334,0.2608695652173913,0.6086956521739131,0.13043478260869565,0,0.6,0.3333333333333333,0.5833333333333334,0.16666666666666666,0.25,rollout_soft,model,model_rollout
4,actual_subject,275,23,31,11,8,3.0,0.2727272727272727,1,0.7272727272727273,0.25,0.75,0.9115339911368306,0.09090909090909091,0.18181818181818182,0.36363636363636365,0.36363636363636365,0.3,0.7,0.0,0,0.7272727272727273,0.7272727272727273,0.7272727272727273,0.2727272727272727,0.0,rollout_soft,actual,actual_subject
4,model_rollout,279,19,38,50,7,43.0,0.28,0,0.14,0.6470588235294118,0.35294117647058826,0.803310695884271,0.3,0.48,0.2,0.02,0.24489795918367346,0.7551020408163265,0.0,0,0.2222222222222222,-0.08,0.32,0.28,0.4,rollout_soft,model,model_rollout
4,actual_subject,279,19,38,10,7,3.0,0.3,1,0.7,0.2727272727272727,0.7272727272727273,0.6477309221191608,0.0,0.3,0.6,0.1,0.1111111111111111,0.8888888888888888,0.0,0,0.7,0.7,0.7,0.3,0.0,rollout_soft,actual,actual_subject
4,model_rollout,283,43,39,7,6,1.0,0.1428571428571428,1,0.8571428571428571,0.125,0.875,0.7783283537314115,0.2857142857142857,0.0,0.2857142857142857,0.42857142857142855,0.0,0.8333333333333334,0.16666666666666666,1,0.8571428571428571,0.8571428571428571,0.8571428571428571,0.14285714285714285,0.0,rollout_soft,model,model_rollout
4,actual_subject,283,43,39,11,6,5.0,0.2727272727272727,1,0.5454545454545454,0.25,0.75,0.8429078545765152,0.18181818181818182,0.09090909090909091,0.18181818181818182,0.5454545454545454,0.2,0.8,0.0,1,0.5,0.5454545454545454,0.6363636363636364,0.2727272727272727,0.09090909090909091,rollout_soft,actual,actual_subject
4,model_rollout,287,12,46,25,8,17.0,0.36,1,0.32,0.38461538461538464,0.6153846153846154,0.8411460945412074,0.04,0.24,0.48,0.24,0.16666666666666666,0.8333333333333334,0.0,0,0.0,0.32,0.48,0.36,0.16,rollout_soft,model,model_rollout
4,actual_subject,287,12,46,20,8,12.0,0.4,1,0.4,0.47619047619047616,0.5238095238095238,0.8238654610595805,0.05,0.3,0.5,0.15,0.15789473684210525,0.8421052631578947,0.0,1,0.5333333333333333,0.4,0.5,0.4,0.1,rollout_soft,actual,actual_subject
4,model_rollout,291,0,34,114,14,100.0,0.9473684210526316,0,0.1228070175438596,0.9391304347826087,0.06086956521739131,0.5,0.0,0.0,0.5,0.5,0.02654867256637168,0.9734513274336283,0.0,0,0.5555555555555556,0.017543859649122806,0.03508771929824561,0.9473684210526315,0.017543859649122806,rollout_soft,model,model_rollout
4,actual_subject,291,0,34,38,14,24.0,0.3684210526315789,1,0.3684210526315789,0.46153846153846156,0.5384615384615384,0.8316874487143641,0.13157894736842105,0.05263157894736842,0.42105263157894735,0.39473684210526316,0.10810810810810811,0.8378378378378378,0.05405405405405406,1,0.6,0.15789473684210525,0.39473684210526316,0.3684210526315789,0.23684210526315788,rollout_soft,actual,actual_subject
4,model_rollout,295,26,1,28,11,17.0,0.3214285714285714,1,0.3928571428571428,0.3793103448275862,0.6206896551724138,0.8829896843132395,0.32142857142857145,0.42857142857142855,0.17857142857142858,0.07142857142857142,0.2222222222222222,0.7777777777777778,0.0,1,0.2727272727272727,0.25,0.4642857142857143,0.32142857142857145,0.21428571428571427,rollout_soft,model,model_rollout
4,actual_subject,295,26,1,21,11,10.0,0.1904761904761904,1,0.5238095238095238,0.3181818181818182,0.6818181818181818,0.8881659264001537,0.3333333333333333,0.42857142857142855,0.14285714285714285,0.09523809523809523,0.1,0.8,0.1,0,0.6875,0.3333333333333333,0.5714285714285714,0.19047619047619047,0.23809523809523808,rollout_soft,actual,actual_subject
4,model_rollout,299,23,7,11,6,5.0,0.0909090909090909,1,0.5454545454545454,0.25,0.75,0.8949645376549997,0.45454545454545453,0.2727272727272727,0.18181818181818182,0.09090909090909091,0.3,0.6,0.1,0,0.75,0.5454545454545454,0.7272727272727273,0.09090909090909091,0.18181818181818182,rollout_soft,model,model_rollout
4,actual_subject,299,23,7,18,6,12.0,0.3333333333333333,1,0.3333333333333333,0.3684210526315789,0.631578947368421,0.8553885422075339,0.3333333333333333,0.4444444444444444,0.16666666666666666,0.05555555555555555,0.0,1.0,0.0,0,0.5,0.3333333333333333,0.5,0.3333333333333333,0.16666666666666666,rollout_soft,actual,actual_subject
4,model_rollout,303,31,23,11,8,3.0,0.0909090909090909,1,0.7272727272727273,0.16666666666666666,0.8333333333333334,0.9904129681145393,0.2727272727272727,0.2727272727272727,0.18181818181818182,0.2727272727272727,0.2,0.8,0.0,1,0.8888888888888888,0.7272727272727273,0.8181818181818182,0.09090909090909091,0.09090909090909091,rollout_soft,model,model_rollout
4,actual_subject,303,31,23,21,8,13.0,0.3333333333333333,1,0.3809523809523809,0.45454545454545453,0.5454545454545454,0.9849500113113598,0.3333333333333333,0.23809523809523808,0.19047619047619047,0.23809523809523808,0.05,0.85,0.1,0,0.6153846153846154,0.38095238095238093,0.5238095238095238,0.3333333333333333,0.14285714285714285,rollout_soft,actual,actual_subject
4,model_rollout,307,32,14,12,10,2.0,0.1666666666666666,1,0.8333333333333334,0.15384615384615385,0.8461538461538461,0.8129072918469556,0.3333333333333333,0.5,0.08333333333333333,0.08333333333333333,0.09090909090909091,0.9090909090909091,0.0,1,0.8333333333333334,0.5,0.6666666666666666,0.16666666666666666,0.16666666666666666,rollout_soft,model,model_rollout
4,actual_subject,307,32,14,18,10,8.0,0.3333333333333333,1,0.5555555555555556,0.3684210526315789,0.631578947368421,0.8763576394898526,0.3333333333333333,0.4444444444444444,0.1111111111111111,0.1111111111111111,0.17647058823529413,0.8235294117647058,0.0,1,0.7142857142857143,0.3333333333333333,0.5,0.3333333333333333,0.16666666666666666,rollout_soft,actual,actual_subject
4,model_rollout,311,27,10,14,7,7.0,0.3571428571428571,1,0.5,0.4,0.6,0.7872087135702291,0.35714285714285715,0.5,0.07142857142857142,0.07142857142857142,0.23076923076923078,0.6923076923076923,0.07692307692307693,0,0.6363636363636364,0.5,0.5714285714285714,0.35714285714285715,0.07142857142857142,rollout_soft,model,model_rollout
4,actual_subject,311,27,10,11,7,4.0,0.3636363636363636,1,0.6363636363636364,0.3333333333333333,0.6666666666666666,0.6610896727583333,0.36363636363636365,0.5454545454545454,0.0,0.09090909090909091,0.2,0.8,0.0,1,0.6363636363636364,0.6363636363636364,0.6363636363636364,0.36363636363636365,0.0,rollout_soft,actual,actual_subject
4,model_rollout,315,40,3,24,9,15.0,0.2916666666666667,1,0.375,0.32,0.68,0.9145861360393776,0.3333333333333333,0.375,0.08333333333333333,0.20833333333333334,0.21739130434782608,0.7391304347826086,0.043478260869565216,0,0.0,0.375,0.5416666666666666,0.2916666666666667,0.16666666666666666,rollout_soft,model,model_rollout
4,actual_subject,315,40,3,12,9,3.0,0.25,1,0.75,0.23076923076923078,0.7692307692307693,0.6403360647604436,0.5833333333333334,0.3333333333333333,0.0,0.08333333333333333,0.2727272727272727,0.7272727272727273,0.0,1,0.75,0.75,0.75,0.25,0.0,rollout_soft,actual,actual_subject
4,model_rollout,319,31,16,17,9,8.0,0.0,1,0.5294117647058824,0.05555555555555555,0.9444444444444444,0.97712369984604,0.35294117647058826,0.23529411764705882,0.23529411764705882,0.17647058823529413,0.375,0.5625,0.0625,0,0.75,0.5294117647058824,0.7647058823529411,0.0,0.23529411764705882,rollout_soft,model,model_rollout
4,actual_subject,319,31,16,26,9,17.0,0.4230769230769231,1,0.3461538461538461,0.5185185185185185,0.48148148148148145,0.9351466105037404,0.38461538461538464,0.3076923076923077,0.11538461538461539,0.19230769230769232,0.16,0.76,0.08,0,0.0,0.34615384615384615,0.46153846153846156,0.4230769230769231,0.11538461538461539,rollout_soft,actual,actual_subject
4,model_rollout,323,19,31,8,6,2.0,0.0,1,0.75,0.2222222222222222,0.7777777777777778,0.9056390622295665,0.125,0.375,0.375,0.125,0.14285714285714285,0.5714285714285714,0.2857142857142857,1,0.875,0.75,0.875,0.0,0.125,rollout_soft,model,model_rollout
4,actual_subject,323,19,31,17,6,11.0,0.2941176470588235,1,0.3529411764705882,0.3333333333333333,0.6666666666666666,0.8919296718389883,0.11764705882352941,0.4117647058823529,0.35294117647058826,0.11764705882352941,0.1875,0.8125,0.0,1,0.45454545454545453,0.35294117647058826,0.5294117647058824,0.29411764705882354,0.17647058823529413,rollout_soft,actual,actual_subject
4,model_rollout,327,3,7,50,6,44.0,0.2,0,0.12,0.47058823529411764,0.5294117647058824,0.9884869286995925,0.26,0.3,0.26,0.18,0.1836734693877551,0.7346938775510204,0.08163265306122448,0,0.5714285714285714,0.04,0.42,0.2,0.38,rollout_soft,model,model_rollout
4,actual_subject,327,3,7,10,6,4.0,0.2,1,0.6,0.2727272727272727,0.7272727272727273,0.7427376486136673,0.2,0.5,0.3,0.0,0.2222222222222222,0.7777777777777778,0.0,1,0.75,0.4,0.6,0.2,0.2,rollout_soft,actual,actual_subject
4,model_rollout,331,28,39,33,7,26.0,0.4242424242424242,1,0.2121212121212121,0.47058823529411764,0.5294117647058824,0.8565582810141186,0.15151515151515152,0.06060606060606061,0.36363636363636365,0.42424242424242425,0.15625,0.75,0.09375,0,0.0,0.15151515151515152,0.36363636363636365,0.42424242424242425,0.21212121212121213,rollout_soft,model,model_rollout
4,actual_subject,331,28,39,32,7,25.0,0.40625,1,0.21875,0.48484848484848486,0.5151515151515151,0.9037583727993054,0.125,0.125,0.40625,0.34375,0.22580645161290322,0.7096774193548387,0.06451612903225806,0,0.0,0.15625,0.375,0.40625,0.21875,rollout_soft,actual,actual_subject
4,model_rollout,335,32,29,11,7,4.0,0.1818181818181818,1,0.6363636363636364,0.25,0.75,0.9115339911368306,0.36363636363636365,0.36363636363636365,0.18181818181818182,0.09090909090909091,0.1,0.8,0.1,1,0.7,0.45454545454545453,0.6363636363636364,0.18181818181818182,0.18181818181818182,rollout_soft,model,model_rollout
4,actual_subject,335,32,29,9,7,2.0,0.2222222222222222,1,0.7777777777777778,0.2,0.8,0.8288713632524444,0.2222222222222222,0.5555555555555556,0.1111111111111111,0.1111111111111111,0.25,0.75,0.0,1,0.7777777777777778,0.5555555555555556,0.6666666666666666,0.2222222222222222,0.1111111111111111,rollout_soft,actual,actual_subject
4,model_rollout,339,2,40,35,10,25.0,0.2571428571428571,1,0.2857142857142857,0.4722222222222222,0.5277777777777778,0.959719404281602,0.17142857142857143,0.17142857142857143,0.37142857142857144,0.2857142857142857,0.20588235294117646,0.7941176470588235,0.0,0,0.7142857142857143,0.2857142857142857,0.5142857142857142,0.2571428571428571,0.22857142857142856,rollout_soft,model,model_rollout
4,actual_subject,339,2,40,33,10,23.0,0.3939393939393939,1,0.303030303030303,0.4411764705882353,0.5588235294117647,0.8695090836243208,0.12121212121212122,0.09090909090909091,0.42424242424242425,0.36363636363636365,0.09375,0.8125,0.09375,0,0.6666666666666666,0.30303030303030304,0.45454545454545453,0.3939393939393939,0.15151515151515152,rollout_soft,actual,actual_subject
4,model_rollout,343,33,21,17,12,5.0,0.1764705882352941,1,0.7058823529411765,0.2222222222222222,0.7777777777777778,0.8565394213133969,0.29411764705882354,0.47058823529411764,0.17647058823529413,0.058823529411764705,0.25,0.6875,0.0625,1,0.75,0.23529411764705882,0.5294117647058824,0.17647058823529413,0.29411764705882354,rollout_soft,model,model_rollout
4,actual_subject,343,33,21,28,12,16.0,0.3571428571428571,1,0.4285714285714285,0.5172413793103449,0.4827586206896552,0.8982531302466922,0.32142857142857145,0.42857142857142855,0.14285714285714285,0.10714285714285714,0.14814814814814814,0.8518518518518519,0.0,1,0.5833333333333334,0.14285714285714285,0.39285714285714285,0.35714285714285715,0.25,rollout_soft,actual,actual_subject
4,model_rollout,347,10,31,13,9,4.0,0.1538461538461538,1,0.6923076923076923,0.21428571428571427,0.7857142857142857,0.9131226292013046,0.07692307692307693,0.3076923076923077,0.38461538461538464,0.23076923076923078,0.16666666666666666,0.75,0.08333333333333333,0,0.75,0.6923076923076923,0.7692307692307693,0.15384615384615385,0.07692307692307693,rollout_soft,model,model_rollout
4,actual_subject,347,10,31,17,9,8.0,0.3529411764705882,1,0.5294117647058824,0.3333333333333333,0.6666666666666666,0.8697270982459452,0.058823529411764705,0.17647058823529413,0.4117647058823529,0.35294117647058826,0.1875,0.75,0.0625,0,0.0,0.5294117647058824,0.5882352941176471,0.35294117647058826,0.058823529411764705,rollout_soft,actual,actual_subject
1,model_rollout,3,44,30,6,6,0.0,0.0,1,1.0,0.0,1.0,0.792481250360578,0.3333333333333333,0.3333333333333333,0.0,0.3333333333333333,0.4,0.6,0.0,1,1.0,1.0,1.0,0.0,0.0,hardmask_recovery,model,model_rollout
1,actual_subject,3,44,30,14,6,8.0,0.1428571428571428,1,0.4285714285714285,0.3333333333333333,0.6666666666666666,0.9620871761502205,0.2857142857142857,0.35714285714285715,0.14285714285714285,0.21428571428571427,0.3076923076923077,0.6923076923076923,0.0,1,0.8571428571428571,0.42857142857142855,0.6428571428571429,0.14285714285714285,0.21428571428571427,hardmask_recovery,actual,actual_subject
1,model_rollout,7,39,38,3,3,0.0,0.0,1,1.0,0.0,1.0,0.792481250360578,0.3333333333333333,0.3333333333333333,0.3333333333333333,0.0,0.0,1.0,0.0,1,1.0,1.0,1.0,0.0,0.0,hardmask_recovery,model,model_rollout
1,actual_subject,7,39,38,3,3,0.0,0.0,1,1.0,0.0,1.0,0.792481250360578,0.3333333333333333,0.3333333333333333,0.3333333333333333,0.0,0.0,1.0,0.0,1,1.0,1.0,1.0,0.0,0.0,hardmask_recovery,actual,actual_subject
1,model_rollout,11,47,46,3,3,0.0,0.0,1,1.0,0.0,1.0,0.792481250360578,0.3333333333333333,0.3333333333333333,0.3333333333333333,0.0,0.0,1.0,0.0,1,1.0,1.0,1.0,0.0,0.0,hardmask_recovery,model,model_rollout
1,actual_subject,11,47,46,3,3,0.0,0.0,1,1.0,0.0,1.0,0.792481250360578,0.3333333333333333,0.3333333333333333,0.3333333333333333,0.0,0.0,1.0,0.0,1,1.0,1.0,1.0,0.0,0.0,hardmask_recovery,actual,actual_subject
1,model_rollout,15,20,6,8,8,0.0,0.0,1,1.0,0.0,1.0,0.9528195311147832,0.375,0.25,0.125,0.25,0.14285714285714285,0.8571428571428571,0.0,1,1.0,0.5,0.75,0.0,0.25,hardmask_recovery,model,model_rollout
1,actual_subject,15,20,6,9,8,1.0,0.1111111111111111,1,0.8888888888888888,0.1,0.9,0.9182958340544894,0.4444444444444444,0.2222222222222222,0.1111111111111111,0.2222222222222222,0.125,0.75,0.125,0,0.8888888888888888,0.4444444444444444,0.6666666666666666,0.1111111111111111,0.2222222222222222,hardmask_recovery,actual,actual_subject
1,model_rollout,19,25,0,15,13,2.0,0.0,1,0.8666666666666667,0.0625,0.9375,0.8909685317733521,0.4,0.3333333333333333,0.2,0.06666666666666667,0.21428571428571427,0.7142857142857143,0.07142857142857142,1,0.9285714285714286,0.4666666666666667,0.7333333333333333,0.0,0.26666666666666666,hardmask_recovery,model,model_rollout
1,actual_subject,19,25,0,15,13,2.0,0.0,1,0.8666666666666667,0.0625,0.9375,0.9161314485121345,0.3333333333333333,0.4,0.13333333333333333,0.13333333333333333,0.21428571428571427,0.7142857142857143,0.07142857142857142,1,0.9285714285714286,0.4666666666666667,0.7333333333333333,0.0,0.26666666666666666,hardmask_recovery,actual,actual_subject
1,model_rollout,23,7,19,12,10,2.0,0.0,1,0.8333333333333334,0.0,1.0,0.7772925846688998,0.25,0.0,0.3333333333333333,0.4166666666666667,0.2727272727272727,0.7272727272727273,0.0,1,0.8333333333333334,0.3333333333333333,0.6666666666666666,0.0,0.3333333333333333,hardmask_recovery,model,model_rollout
1,actual_subject,23,7,19,12,10,2.0,0.0,1,0.8333333333333334,0.07692307692307693,0.9230769230769231,0.7772925846688998,0.25,0.0,0.3333333333333333,0.4166666666666667,0.18181818181818182,0.7272727272727273,0.09090909090909091,1,0.9090909090909091,0.3333333333333333,0.6666666666666666,0.0,0.3333333333333333,hardmask_recovery,actual,actual_subject
1,model_rollout,27,46,12,10,8,2.0,0.0,1,0.8,0.09090909090909091,0.9090909090909091,0.7427376486136673,0.5,0.2,0.0,0.3,0.0,0.8888888888888888,0.1111111111111111,1,0.8888888888888888,0.8,0.9,0.0,0.1,hardmask_recovery,model,model_rollout
1,actual_subject,27,46,12,12,8,4.0,0.0,1,0.6666666666666666,0.15384615384615385,0.8461538461538461,0.8647869792568111,0.5,0.16666666666666666,0.08333333333333333,0.25,0.18181818181818182,0.7272727272727273,0.09090909090909091,1,0.8888888888888888,0.6666666666666666,0.8333333333333334,0.0,0.16666666666666666,hardmask_recovery,actual,actual_subject
1,model_rollout,31,35,25,8,8,0.0,0.0,1,1.0,0.0,1.0,0.6493974703476993,0.25,0.125,0.0,0.625,0.42857142857142855,0.5714285714285714,0.0,1,1.0,0.5,0.75,0.0,0.25,hardmask_recovery,model,model_rollout
1,actual_subject,31,35,25,15,8,7.0,0.2,1,0.5333333333333333,0.375,0.625,0.8732328992520361,0.26666666666666666,0.2,0.06666666666666667,0.4666666666666667,0.2857142857142857,0.5714285714285714,0.14285714285714285,1,0.75,0.26666666666666666,0.5333333333333333,0.2,0.26666666666666666,hardmask_recovery,actual,actual_subject
1,model_rollout,35,37,8,7,7,0.0,0.0,1,1.0,0.0,1.0,0.6893917467430878,0.5714285714285714,0.2857142857142857,0.0,0.14285714285714285,0.5,0.5,0.0,1,1.0,1.0,1.0,0.0,0.0,hardmask_recovery,model,model_rollout
1,actual_subject,35,37,8,7,7,0.0,0.0,1,1.0,0.0,1.0,0.6893917467430878,0.5714285714285714,0.2857142857142857,0.0,0.14285714285714285,0.5,0.5,0.0,1,1.0,1.0,1.0,0.0,0.0,hardmask_recovery,actual,actual_subject
1,model_rollout,39,12,44,14,10,4.0,0.0,1,0.7142857142857143,0.2,0.8,0.8446958733715438,0.14285714285714285,0.2857142857142857,0.5,0.07142857142857142,0.15384615384615385,0.6153846153846154,0.23076923076923078,1,0.8461538461538461,0.7142857142857143,0.8571428571428571,0.0,0.14285714285714285,hardmask_recovery,model,model_rollout
1,actual_subject,39,12,44,10,10,0.0,0.0,1,1.0,0.0,1.0,0.6804820237218405,0.0,0.4,0.5,0.1,0.1111111111111111,0.8888888888888888,0.0,1,1.0,1.0,1.0,0.0,0.0,hardmask_recovery,actual,actual_subject
1,model_rollout,43,31,7,10,10,0.0,0.0,1,1.0,0.0,1.0,0.8609640474436813,0.4,0.4,0.1,0.1,0.3333333333333333,0.6666666666666666,0.0,1,1.0,0.8,0.9,0.0,0.1,hardmask_recovery,model,model_rollout
1,actual_subject,43,31,7,10,10,0.0,0.0,1,1.0,0.0,1.0,0.8609640474436813,0.4,0.4,0.1,0.1,0.3333333333333333,0.6666666666666666,0.0,1,1.0,0.8,0.9,0.0,0.1,hardmask_recovery,actual,actual_subject
1,model_rollout,47,25,46,5,5,0.0,0.0,1,1.0,0.0,1.0,0.6854752972273345,0.0,0.2,0.6,0.2,0.25,0.75,0.0,1,1.0,1.0,1.0,0.0,0.0,hardmask_recovery,model,model_rollout
1,actual_subject,47,25,46,5,5,0.0,0.0,1,1.0,0.0,1.0,0.6854752972273345,0.0,0.2,0.6,0.2,0.25,0.75,0.0,1,1.0,1.0,1.0,0.0,0.0,hardmask_recovery,actual,actual_subject
2,model_rollout,51,11,39,8,8,0.0,0.0,1,1.0,0.0,1.0,0.75,0.0,0.25,0.5,0.25,0.14285714285714285,0.8571428571428571,0.0,1,1.0,1.0,1.0,0.0,0.0,hardmask_recovery,model,model_rollout
2,actual_subject,51,11,39,14,8,6.0,0.0,1,0.5714285714285714,0.0,1.0,0.9176188726560588,0.07142857142857142,0.2857142857142857,0.35714285714285715,0.2857142857142857,0.3076923076923077,0.6923076923076923,0.0,0,0.0,0.5714285714285714,0.7857142857142857,0.0,0.21428571428571427,hardmask_recovery,actual,actual_subject
2,model_rollout,55,23,39,12,10,2.0,0.0,1,0.8333333333333334,0.07692307692307693,0.9230769230769231,0.9591479170272448,0.16666666666666666,0.16666666666666666,0.3333333333333333,0.3333333333333333,0.36363636363636365,0.5454545454545454,0.09090909090909091,0,0.9090909090909091,0.6666666666666666,0.8333333333333334,0.0,0.16666666666666666,hardmask_recovery,model,model_rollout
2,actual_subject,55,23,39,12,10,2.0,0.0,1,0.8333333333333334,0.07692307692307693,0.9230769230769231,0.9591479170272448,0.16666666666666666,0.16666666666666666,0.3333333333333333,0.3333333333333333,0.18181818181818182,0.7272727272727273,0.09090909090909091,1,0.9090909090909091,0.6666666666666666,0.8333333333333334,0.0,0.16666666666666666,hardmask_recovery,actual,actual_subject
2,model_rollout,59,25,28,31,9,22.0,0.0,1,0.2903225806451613,0.1875,0.8125,0.9870894389417636,0.22580645161290322,0.3225806451612903,0.25806451612903225,0.1935483870967742,0.26666666666666666,0.7333333333333333,0.0,0,0.9,0.0967741935483871,0.5483870967741935,0.0,0.45161290322580644,hardmask_recovery,model,model_rollout
2,actual_subject,59,25,28,11,9,2.0,0.0,1,0.8181818181818182,0.08333333333333333,0.9166666666666666,0.8949645376549997,0.18181818181818182,0.45454545454545453,0.2727272727272727,0.09090909090909091,0.3,0.6,0.1,0,0.9,0.2727272727272727,0.6363636363636364,0.0,0.36363636363636365,hardmask_recovery,actual,actual_subject
2,model_rollout,63,17,32,9,9,0.0,0.0,1,1.0,0.0,1.0,0.9455305560363264,0.1111111111111111,0.2222222222222222,0.3333333333333333,0.3333333333333333,0.125,0.875,0.0,1,1.0,1.0,1.0,0.0,0.0,hardmask_recovery,model,model_rollout
2,actual_subject,63,17,32,16,9,7.0,0.0625,1,0.5625,0.17647058823529413,0.8235294117647058,0.9618974703476992,0.125,0.25,0.3125,0.3125,0.26666666666666666,0.7333333333333333,0.0,1,0.3333333333333333,0.5625,0.75,0.0625,0.1875,hardmask_recovery,actual,actual_subject
2,model_rollout,67,15,23,4,4,0.0,0.0,1,1.0,0.0,1.0,0.75,0.25,0.0,0.5,0.25,0.3333333333333333,0.6666666666666666,0.0,1,1.0,1.0,1.0,0.0,0.0,hardmask_recovery,model,model_rollout
2,actual_subject,67,15,23,5,4,1.0,0.2,1,0.8,0.16666666666666666,0.8333333333333334,0.7609640474436813,0.2,0.0,0.4,0.4,0.0,1.0,0.0,1,0.8,0.8,0.8,0.2,0.0,hardmask_recovery,actual,actual_subject
2,model_rollout,71,2,1,3,3,0.0,0.0,1,1.0,0.0,1.0,0.792481250360578,0.3333333333333333,0.3333333333333333,0.3333333333333333,0.0,0.0,1.0,0.0,1,1.0,1.0,1.0,0.0,0.0,hardmask_recovery,model,model_rollout
2,actual_subject,71,2,1,3,3,0.0,0.0,1,1.0,0.0,1.0,0.792481250360578,0.3333333333333333,0.3333333333333333,0.3333333333333333,0.0,0.0,1.0,0.0,1,1.0,1.0,1.0,0.0,0.0,hardmask_recovery,actual,actual_subject
2,model_rollout,75,11,1,14,6,8.0,0.0,1,0.4285714285714285,0.26666666666666666,0.7333333333333333,0.9620871761502207,0.2857142857142857,0.35714285714285715,0.21428571428571427,0.14285714285714285,0.07692307692307693,0.8461538461538461,0.07692307692307693,0,0.8571428571428571,0.42857142857142855,0.7142857142857143,0.0,0.2857142857142857,hardmask_recovery,model,model_rollout
2,actual_subject,75,11,1,6,6,0.0,0.0,1,1.0,0.0,1.0,0.7295739585136223,0.3333333333333333,0.5,0.16666666666666666,0.0,0.0,1.0,0.0,1,1.0,1.0,1.0,0.0,0.0,hardmask_recovery,actual,actual_subject
2,model_rollout,79,40,5,27,9,18.0,0.0,1,0.3333333333333333,0.42857142857142855,0.5714285714285714,0.9731420117893775,0.3333333333333333,0.25925925925925924,0.14814814814814814,0.25925925925925924,0.15384615384615385,0.6923076923076923,0.15384615384615385,0,0.6666666666666666,0.3333333333333333,0.6666666666666666,0.0,0.3333333333333333,hardmask_recovery,model,model_rollout
2,actual_subject,79,40,5,9,9,0.0,0.0,1,1.0,0.0,1.0,0.7177602521413333,0.5555555555555556,0.2222222222222222,0.0,0.2222222222222222,0.125,0.875,0.0,1,1.0,1.0,1.0,0.0,0.0,hardmask_recovery,actual,actual_subject
2,model_rollout,83,3,46,15,11,4.0,0.0,1,0.7333333333333333,0.125,0.875,0.8616157143988104,0.13333333333333333,0.13333333333333333,0.5333333333333333,0.2,0.2857142857142857,0.5714285714285714,0.14285714285714285,1,0.8461538461538461,0.7333333333333333,0.8666666666666667,0.0,0.13333333333333333,hardmask_recovery,model,model_rollout
2,actual_subject,83,3,46,14,11,3.0,0.0714285714285714,1,0.7857142857142857,0.06666666666666667,0.9333333333333333,0.7463070340085628,0.0,0.21428571428571427,0.5,0.2857142857142857,0.3076923076923077,0.6923076923076923,0.0,1,0.5,0.7857142857142857,0.8571428571428571,0.07142857142857142,0.07142857142857142,hardmask_recovery,actual,actual_subject
2,model_rollout,87,16,24,36,10,26.0,0.0,1,0.2777777777777778,0.40540540540540543,0.5945945945945946,0.9705936497156796,0.3055555555555556,0.16666666666666666,0.3333333333333333,0.19444444444444445,0.2857142857142857,0.6285714285714286,0.08571428571428572,1,0.5384615384615384,0.2777777777777778,0.6388888888888888,0.0,0.3611111111111111,hardmask_recovery,model,model_rollout
2,actual_subject,87,16,24,25,10,15.0,0.12,1,0.4,0.4230769230769231,0.5769230769230769,0.9893442852255488,0.24,0.2,0.32,0.24,0.16666666666666666,0.6666666666666666,0.16666666666666666,1,0.4166666666666667,0.4,0.64,0.12,0.24,hardmask_recovery,actual,actual_subject
2,model_rollout,91,20,16,12,10,2.0,0.0,1,0.8333333333333334,0.15384615384615385,0.8461538461538461,0.9125056054120885,0.25,0.4166666666666667,0.25,0.08333333333333333,0.18181818181818182,0.6363636363636364,0.18181818181818182,1,0.9166666666666666,0.5,0.75,0.0,0.25,hardmask_recovery,model,model_rollout
2,actual_subject,91,20,16,30,10,20.0,0.0666666666666666,1,0.3333333333333333,0.22580645161290322,0.7741935483870968,0.9949490477321438,0.26666666666666666,0.26666666666666666,0.26666666666666666,0.2,0.2413793103448276,0.6551724137931034,0.10344827586206896,1,0.6666666666666666,0.2,0.5666666666666667,0.06666666666666667,0.36666666666666664,hardmask_recovery,actual,actual_subject
2,model_rollout,95,19,16,21,5,16.0,0.0,1,0.238095238095238,0.18181818181818182,0.8181818181818182,0.9363346784550166,0.3333333333333333,0.23809523809523808,0.3333333333333333,0.09523809523809523,0.3,0.6,0.1,1,0.75,0.23809523809523808,0.6190476190476191,0.0,0.38095238095238093,hardmask_recovery,model,model_rollout
2,actual_subject,95,19,16,10,5,5.0,0.1,1,0.5,0.2727272727272727,0.7272727272727273,0.8804820237218406,0.2,0.5,0.2,0.1,0.1111111111111111,0.8888888888888888,0.0,0,0.8333333333333334,0.5,0.7,0.1,0.2,hardmask_recovery,actual,actual_subject
2,model_rollout,99,32,14,10,10,0.0,0.0,1,1.0,0.0,1.0,0.8427376486136672,0.3,0.5,0.1,0.1,0.3333333333333333,0.6666666666666666,0.0,1,1.0,0.6,0.8,0.0,0.2,hardmask_recovery,model,model_rollout
2,actual_subject,99,32,14,12,10,2.0,0.0,1,0.8333333333333334,0.07692307692307693,0.9230769230769231,0.8920795639257109,0.3333333333333333,0.4166666666666667,0.16666666666666666,0.08333333333333333,0.36363636363636365,0.5454545454545454,0.09090909090909091,1,0.9090909090909091,0.5,0.75,0.0,0.25,hardmask_recovery,actual,actual_subject
3,model_rollout,103,19,21,36,10,26.0,0.0,1,0.2777777777777778,0.21621621621621623,0.7837837837837838,0.8921008100711904,0.25,0.3888888888888889,0.3055555555555556,0.05555555555555555,0.22857142857142856,0.6,0.17142857142857143,0,0.7692307692307693,0.1111111111111111,0.5555555555555556,0.0,0.4444444444444444,hardmask_recovery,model,model_rollout
3,actual_subject,103,19,21,18,10,8.0,0.0,1,0.5555555555555556,0.05263157894736842,0.9473684210526315,0.9388201415867107,0.2222222222222222,0.3888888888888889,0.2777777777777778,0.1111111111111111,0.29411764705882354,0.6470588235294118,0.058823529411764705,0,0.6666666666666666,0.2222222222222222,0.6111111111111112,0.0,0.3888888888888889,hardmask_recovery,actual,actual_subject
3,model_rollout,107,2,40,20,10,10.0,0.0,1,0.5,0.047619047619047616,0.9523809523809523,0.9074899102582407,0.2,0.1,0.45,0.25,0.3157894736842105,0.631578947368421,0.05263157894736842,0,0.8888888888888888,0.5,0.75,0.0,0.25,hardmask_recovery,model,model_rollout
3,actual_subject,107,2,40,14,10,4.0,0.0,1,0.7142857142857143,0.13333333333333333,0.8666666666666667,0.8446958733715438,0.14285714285714285,0.07142857142857142,0.5,0.2857142857142857,0.23076923076923078,0.6153846153846154,0.15384615384615385,0,0.8333333333333334,0.7142857142857143,0.8571428571428571,0.0,0.14285714285714285,hardmask_recovery,actual,actual_subject
3,model_rollout,111,47,45,4,4,0.0,0.0,1,1.0,0.0,1.0,0.75,0.25,0.5,0.25,0.0,0.0,1.0,0.0,1,1.0,1.0,1.0,0.0,0.0,hardmask_recovery,model,model_rollout
3,actual_subject,111,47,45,4,4,0.0,0.0,1,1.0,0.0,1.0,0.75,0.25,0.5,0.25,0.0,0.0,1.0,0.0,1,1.0,1.0,1.0,0.0,0.0,hardmask_recovery,actual,actual_subject
3,model_rollout,115,43,18,9,9,0.0,0.0,1,1.0,0.0,1.0,0.6960736118322673,0.4444444444444444,0.1111111111111111,0.0,0.4444444444444444,0.125,0.875,0.0,1,1.0,1.0,1.0,0.0,0.0,hardmask_recovery,model,model_rollout
3,actual_subject,115,43,18,9,9,0.0,0.0,1,1.0,0.0,1.0,0.6960736118322673,0.4444444444444444,0.1111111111111111,0.0,0.4444444444444444,0.125,0.875,0.0,1,1.0,1.0,1.0,0.0,0.0,hardmask_recovery,actual,actual_subject
3,model_rollout,119,36,17,33,7,26.0,0.0,1,0.2121212121212121,0.38235294117647056,0.6176470588235294,0.9833558049922992,0.3333333333333333,0.18181818181818182,0.24242424242424243,0.24242424242424243,0.3125,0.53125,0.15625,0,0.6,0.21212121212121213,0.6060606060606061,0.0,0.3939393939393939,hardmask_recovery,model,model_rollout
3,actual_subject,119,36,17,18,7,11.0,0.0555555555555555,1,0.3888888888888889,0.21052631578947367,0.7894736842105263,0.9535998353544739,0.2777777777777778,0.2777777777777778,0.1111111111111111,0.3333333333333333,0.17647058823529413,0.6470588235294118,0.17647058823529413,0,0.0,0.3888888888888889,0.6666666666666666,0.05555555555555555,0.2777777777777778,hardmask_recovery,actual,actual_subject
3,model_rollout,123,42,45,7,5,2.0,0.0,1,0.7142857142857143,0.0,1.0,0.6893917467430878,0.14285714285714285,0.5714285714285714,0.2857142857142857,0.0,0.0,1.0,0.0,0,0.0,0.7142857142857143,0.8571428571428571,0.0,0.14285714285714285,hardmask_recovery,model,model_rollout
3,actual_subject,123,42,45,7,5,2.0,0.0,1,0.7142857142857143,0.125,0.875,0.7783283537314115,0.2857142857142857,0.0,0.2857142857142857,0.42857142857142855,0.16666666666666666,0.6666666666666666,0.16666666666666666,1,0.8333333333333334,0.7142857142857143,0.8571428571428571,0.0,0.14285714285714285,hardmask_recovery,actual,actual_subject
3,model_rollout,127,36,2,8,8,0.0,0.0,1,1.0,0.0,1.0,0.6493974703476993,0.625,0.125,0.0,0.25,0.2857142857142857,0.7142857142857143,0.0,1,1.0,1.0,1.0,0.0,0.0,hardmask_recovery,model,model_rollout
3,actual_subject,127,36,2,17,8,9.0,0.0588235294117647,1,0.4705882352941176,0.1111111111111111,0.8888888888888888,0.8889924521298744,0.4117647058823529,0.23529411764705882,0.058823529411764705,0.29411764705882354,0.1875,0.75,0.0625,0,0.0,0.47058823529411764,0.7058823529411765,0.058823529411764705,0.23529411764705882,hardmask_recovery,actual,actual_subject
3,model_rollout,131,16,45,13,9,4.0,0.0,1,0.6923076923076923,0.0,1.0,0.9131226292013046,0.07692307692307693,0.23076923076923078,0.38461538461538464,0.3076923076923077,0.16666666666666666,0.8333333333333334,0.0,0,0.0,0.6923076923076923,0.8461538461538461,0.0,0.15384615384615385,hardmask_recovery,model,model_rollout
3,actual_subject,131,16,45,12,9,3.0,0.0833333333333333,1,0.75,0.15384615384615385,0.8461538461538461,0.8920795639257109,0.08333333333333333,0.16666666666666666,0.4166666666666667,0.3333333333333333,0.2727272727272727,0.7272727272727273,0.0,1,0.9,0.75,0.8333333333333334,0.08333333333333333,0.08333333333333333,hardmask_recovery,actual,actual_subject
3,model_rollout,135,23,7,20,6,14.0,0.0,1,0.3,0.3333333333333333,0.6666666666666666,0.9854752972273345,0.3,0.3,0.2,0.2,0.2631578947368421,0.631578947368421,0.10526315789473684,0,0.75,0.3,0.65,0.0,0.35,hardmask_recovery,model,model_rollout
3,actual_subject,135,23,7,14,6,8.0,0.1428571428571428,1,0.4285714285714285,0.2,0.8,0.9046000163489059,0.35714285714285715,0.35714285714285715,0.21428571428571427,0.07142857142857142,0.07692307692307693,0.9230769230769231,0.0,0,0.6666666666666666,0.42857142857142855,0.6428571428571429,0.14285714285714285,0.21428571428571427,hardmask_recovery,actual,actual_subject
3,model_rollout,139,8,17,7,5,2.0,0.0,1,0.7142857142857143,0.0,1.0,0.7783283537314115,0.2857142857142857,0.0,0.42857142857142855,0.2857142857142857,0.5,0.5,0.0,0,0.0,0.7142857142857143,0.8571428571428571,0.0,0.14285714285714285,hardmask_recovery,model,model_rollout
3,actual_subject,139,8,17,9,5,4.0,0.0,1,0.5555555555555556,0.2,0.8,0.7652465283787413,0.3333333333333333,0.0,0.4444444444444444,0.2222222222222222,0.375,0.5,0.125,0,0.8333333333333334,0.5555555555555556,0.7777777777777778,0.0,0.2222222222222222,hardmask_recovery,actual,actual_subject
3,model_rollout,143,43,7,10,10,0.0,0.0,1,1.0,0.0,1.0,0.7427376486136673,0.5,0.3,0.0,0.2,0.2222222222222222,0.7777777777777778,0.0,1,1.0,1.0,1.0,0.0,0.0,hardmask_recovery,model,model_rollout
3,actual_subject,143,43,7,10,10,0.0,0.0,1,1.0,0.0,1.0,0.7427376486136673,0.5,0.3,0.0,0.2,0.2222222222222222,0.7777777777777778,0.0,1,1.0,1.0,1.0,0.0,0.0,hardmask_recovery,actual,actual_subject
3,model_rollout,147,48,46,4,4,0.0,0.0,1,1.0,0.0,1.0,0.75,0.25,0.5,0.25,0.0,0.0,1.0,0.0,1,1.0,1.0,1.0,0.0,0.0,hardmask_recovery,model,model_rollout
3,actual_subject,147,48,46,4,4,0.0,0.0,1,1.0,0.0,1.0,0.75,0.25,0.5,0.25,0.0,0.0,1.0,0.0,1,1.0,1.0,1.0,0.0,0.0,hardmask_recovery,actual,actual_subject
4,model_rollout,151,36,9,21,7,14.0,0.0,1,0.3333333333333333,0.13636363636363635,0.8636363636363636,0.91874241485597,0.3333333333333333,0.38095238095238093,0.19047619047619047,0.09523809523809523,0.1,0.85,0.05,1,0.8333333333333334,0.3333333333333333,0.6666666666666666,0.0,0.3333333333333333,hardmask_recovery,model,model_rollout
4,actual_subject,151,36,9,36,7,29.0,0.5277777777777778,1,0.1944444444444444,0.5405405405405406,0.4594594594594595,0.8813915737886833,0.4166666666666667,0.3055555555555556,0.05555555555555555,0.2222222222222222,0.2571428571428571,0.6857142857142857,0.05714285714285714,0,0.0,0.19444444444444445,0.3333333333333333,0.5277777777777778,0.1388888888888889,hardmask_recovery,actual,actual_subject
4,model_rollout,155,10,15,7,5,2.0,0.0,1,0.7142857142857143,0.0,1.0,0.7783283537314115,0.2857142857142857,0.2857142857142857,0.42857142857142855,0.0,0.3333333333333333,0.6666666666666666,0.0,0,0.0,0.7142857142857143,0.8571428571428571,0.0,0.14285714285714285,hardmask_recovery,model,model_rollout
4,actual_subject,155,10,15,12,5,7.0,0.4166666666666667,1,0.4166666666666667,0.38461538461538464,0.6153846153846154,0.7295739585136223,0.16666666666666666,0.5,0.3333333333333333,0.0,0.36363636363636365,0.6363636363636364,0.0,0,0.0,0.4166666666666667,0.5,0.4166666666666667,0.08333333333333333,hardmask_recovery,actual,actual_subject
4,model_rollout,159,14,12,10,8,2.0,0.0,1,0.8,0.0,1.0,0.7427376486136673,0.3,0.0,0.2,0.5,0.3333333333333333,0.6666666666666666,0.0,1,0.75,0.2,0.6,0.0,0.4,hardmask_recovery,model,model_rollout
4,actual_subject,159,14,12,14,8,6.0,0.2857142857142857,1,0.5714285714285714,0.26666666666666666,0.7333333333333333,0.805288621665821,0.14285714285714285,0.07142857142857142,0.21428571428571427,0.5714285714285714,0.23076923076923078,0.7692307692307693,0.0,1,0.625,0.14285714285714285,0.42857142857142855,0.2857142857142857,0.2857142857142857,hardmask_recovery,actual,actual_subject
4,model_rollout,163,0,11,23,9,14.0,0.0,1,0.391304347826087,0.08333333333333333,0.9166666666666666,0.9765762937075554,0.21739130434782608,0.17391304347826086,0.2608695652173913,0.34782608695652173,0.2727272727272727,0.6818181818181818,0.045454545454545456,1,0.75,0.21739130434782608,0.6086956521739131,0.0,0.391304347826087,hardmask_recovery,model,model_rollout
4,actual_subject,163,0,11,22,9,13.0,0.3181818181818182,1,0.4090909090909091,0.391304347826087,0.6086956521739131,0.9061060148293874,0.13636363636363635,0.13636363636363635,0.2727272727272727,0.45454545454545453,0.2857142857142857,0.7142857142857143,0.0,1,0.5384615384615384,0.22727272727272727,0.45454545454545453,0.3181818181818182,0.22727272727272727,hardmask_recovery,actual,actual_subject
4,model_rollout,167,18,0,102,12,90.0,0.0,0,0.1176470588235294,0.9320388349514563,0.06796116504854369,0.9998613237697036,0.24509803921568626,0.2549019607843137,0.2549019607843137,0.24509803921568626,0.009900990099009901,0.5148514851485149,0.4752475247524752,0,0.0,-0.0392156862745098,0.4803921568627451,0.0,0.5196078431372549,hardmask_recovery,model,model_rollout
4,actual_subject,167,18,0,34,12,22.0,0.4705882352941176,1,0.3529411764705882,0.5428571428571428,0.45714285714285713,0.8648066891036259,0.3235294117647059,0.4411764705882353,0.17647058823529413,0.058823529411764705,0.2727272727272727,0.6363636363636364,0.09090909090909091,0,0.5454545454545454,0.17647058823529413,0.35294117647058826,0.47058823529411764,0.17647058823529413,hardmask_recovery,actual,actual_subject
4,model_rollout,171,24,8,12,10,2.0,0.0,1,0.8333333333333334,0.07692307692307693,0.9230769230769231,0.9591479170272448,0.3333333333333333,0.3333333333333333,0.16666666666666666,0.16666666666666666,0.36363636363636365,0.5454545454545454,0.09090909090909091,1,0.9090909090909091,0.8333333333333334,0.9166666666666666,0.0,0.08333333333333333,hardmask_recovery,model,model_rollout
4,actual_subject,171,24,8,24,10,14.0,0.4166666666666667,1,0.4166666666666667,0.4,0.6,0.8920795639257109,0.3333333333333333,0.4166666666666667,0.08333333333333333,0.16666666666666666,0.21739130434782608,0.6956521739130435,0.08695652173913043,0,0.16666666666666666,0.4166666666666667,0.5,0.4166666666666667,0.08333333333333333,hardmask_recovery,actual,actual_subject
4,model_rollout,175,46,8,14,10,4.0,0.0,1,0.7142857142857143,0.0,1.0,0.8636983367872396,0.42857142857142855,0.35714285714285715,0.07142857142857142,0.14285714285714285,0.38461538461538464,0.6153846153846154,0.0,0,0.8888888888888888,0.7142857142857143,0.8571428571428571,0.0,0.14285714285714285,hardmask_recovery,model,model_rollout
4,actual_subject,175,46,8,23,10,13.0,0.391304347826087,1,0.4347826086956521,0.375,0.625,0.7708446124200048,0.391304347826087,0.4782608695652174,0.043478260869565216,0.08695652173913043,0.3181818181818182,0.5909090909090909,0.09090909090909091,0,0.0,0.43478260869565216,0.5217391304347826,0.391304347826087,0.08695652173913043,hardmask_recovery,actual,actual_subject
4,model_rollout,179,12,44,14,10,4.0,0.0,1,0.7142857142857143,0.2,0.8,0.8446958733715438,0.14285714285714285,0.2857142857142857,0.5,0.07142857142857142,0.15384615384615385,0.6153846153846154,0.23076923076923078,1,0.8461538461538461,0.7142857142857143,0.8571428571428571,0.0,0.14285714285714285,hardmask_recovery,model,model_rollout
4,actual_subject,179,12,44,21,10,11.0,0.238095238095238,1,0.4761904761904761,0.36363636363636365,0.6363636363636364,0.824119356497944,0.14285714285714285,0.3333333333333333,0.47619047619047616,0.047619047619047616,0.2,0.7,0.1,1,0.5833333333333334,0.47619047619047616,0.6190476190476191,0.23809523809523808,0.14285714285714285,hardmask_recovery,actual,actual_subject
4,model_rollout,183,46,19,19,7,12.0,0.0,1,0.3684210526315789,0.25,0.75,0.9495113755878274,0.3157894736842105,0.2631578947368421,0.10526315789473684,0.3157894736842105,0.2222222222222222,0.6111111111111112,0.16666666666666666,1,0.625,0.3684210526315789,0.6842105263157895,0.0,0.3157894736842105,hardmask_recovery,model,model_rollout
4,actual_subject,183,46,19,8,7,1.0,0.125,1,0.875,0.1111111111111111,0.8888888888888888,0.6493974703476993,0.625,0.125,0.0,0.25,0.2857142857142857,0.7142857142857143,0.0,1,0.875,0.875,0.875,0.125,0.0,hardmask_recovery,actual,actual_subject
4,model_rollout,187,38,18,8,6,2.0,0.0,1,0.75,0.1111111111111111,0.8888888888888888,0.875,0.5,0.125,0.125,0.25,0.2857142857142857,0.5714285714285714,0.14285714285714285,1,0.8571428571428571,0.75,0.875,0.0,0.125,hardmask_recovery,model,model_rollout
4,actual_subject,187,38,18,8,6,2.0,0.25,1,0.75,0.2222222222222222,0.7777777777777778,0.6493974703476993,0.625,0.125,0.0,0.25,0.14285714285714285,0.8571428571428571,0.0,1,0.75,0.75,0.75,0.25,0.0,hardmask_recovery,actual,actual_subject
4,model_rollout,191,2,45,21,11,10.0,0.0,1,0.5238095238095238,0.0,1.0,0.936781259256497,0.14285714285714285,0.19047619047619047,0.42857142857142855,0.23809523809523808,0.25,0.75,0.0,1,0.8333333333333334,0.5238095238095238,0.7619047619047619,0.0,0.23809523809523808,hardmask_recovery,model,model_rollout
4,actual_subject,191,2,45,21,11,10.0,0.2857142857142857,1,0.5238095238095238,0.36363636363636365,0.6363636363636364,0.824119356497944,0.047619047619047616,0.14285714285714285,0.47619047619047616,0.3333333333333333,0.3,0.6,0.1,1,0.6875,0.5238095238095238,0.6190476190476191,0.2857142857142857,0.09523809523809523,hardmask_recovery,actual,actual_subject
4,model_rollout,195,37,39,12,4,8.0,0.0,1,0.3333333333333333,0.46153846153846156,0.5384615384615384,0.9795739585136223,0.25,0.16666666666666666,0.25,0.3333333333333333,0.0,0.8181818181818182,0.18181818181818182,1,0.6666666666666666,0.3333333333333333,0.6666666666666666,0.0,0.3333333333333333,hardmask_recovery,model,model_rollout
4,actual_subject,195,37,39,5,4,1.0,0.2,1,0.8,0.16666666666666666,0.8333333333333334,0.6854752972273345,0.2,0.0,0.2,0.6,0.25,0.75,0.0,1,0.8,0.8,0.8,0.2,0.0,hardmask_recovery,actual,actual_subject
4,model_rollout,199,18,39,5,5,0.0,0.0,1,1.0,0.0,1.0,0.6854752972273345,0.0,0.2,0.6,0.2,0.25,0.75,0.0,1,1.0,1.0,1.0,0.0,0.0,hardmask_recovery,model,model_rollout
4,actual_subject,199,18,39,7,5,2.0,0.2857142857142857,1,0.7142857142857143,0.25,0.75,0.6893917467430878,0.0,0.2857142857142857,0.5714285714285714,0.14285714285714285,0.3333333333333333,0.5,0.16666666666666666,1,0.7142857142857143,0.7142857142857143,0.7142857142857143,0.2857142857142857,0.0,hardmask_recovery,actual,actual_subject
4,model_rollout,203,21,18,31,11,20.0,0.0,1,0.3548387096774194,0.25,0.75,0.9870894389417637,0.25806451612903225,0.1935483870967742,0.22580645161290322,0.3225806451612903,0.36666666666666664,0.6,0.03333333333333333,1,0.42857142857142855,0.16129032258064516,0.5806451612903226,0.0,0.41935483870967744,hardmask_recovery,model,model_rollout
4,actual_subject,203,21,18,24,11,13.0,0.2916666666666667,1,0.4583333333333333,0.44,0.56,0.9244939945387638,0.16666666666666666,0.16666666666666666,0.20833333333333334,0.4583333333333333,0.17391304347826086,0.782608695652174,0.043478260869565216,0,0.6,0.20833333333333334,0.4583333333333333,0.2916666666666667,0.25,hardmask_recovery,actual,actual_subject
4,model_rollout,207,41,38,50,5,45.0,0.0,0,0.1,0.5686274509803921,0.43137254901960786,0.8792744159451906,0.36,0.3,0.3,0.04,0.1836734693877551,0.5714285714285714,0.24489795918367346,1,0.5,-0.08,0.46,0.0,0.54,hardmask_recovery,model,model_rollout
4,actual_subject,207,41,38,9,5,4.0,0.2222222222222222,1,0.5555555555555556,0.2,0.8,0.7177602521413333,0.2222222222222222,0.5555555555555556,0.2222222222222222,0.0,0.125,0.875,0.0,0,0.0,0.5555555555555556,0.6666666666666666,0.2222222222222222,0.1111111111111111,hardmask_recovery,actual,actual_subject
4,model_rollout,211,11,36,9,9,0.0,0.0,1,1.0,0.0,1.0,0.6758220575766962,0.0,0.1111111111111111,0.3333333333333333,0.5555555555555556,0.25,0.75,0.0,0,0.5,1.0,1.0,0.0,0.0,hardmask_recovery,model,model_rollout
4,actual_subject,211,11,36,12,9,3.0,0.25,1,0.75,0.23076923076923078,0.7692307692307693,0.6625056054120886,0.0,0.4166666666666667,0.5,0.08333333333333333,0.09090909090909091,0.9090909090909091,0.0,1,0.75,0.75,0.75,0.25,0.0,hardmask_recovery,actual,actual_subject
4,model_rollout,215,18,44,10,8,2.0,0.0,1,0.8,0.09090909090909091,0.9090909090909091,0.8427376486136672,0.1,0.3,0.5,0.1,0.2222222222222222,0.6666666666666666,0.1111111111111111,1,0.8888888888888888,0.8,0.9,0.0,0.1,hardmask_recovery,model,model_rollout
4,actual_subject,215,18,44,14,8,6.0,0.2857142857142857,1,0.5714285714285714,0.26666666666666666,0.7333333333333333,0.7958363892911637,0.07142857142857142,0.42857142857142855,0.42857142857142855,0.07142857142857142,0.23076923076923078,0.6923076923076923,0.07692307692307693,0,0.5555555555555556,0.5714285714285714,0.6428571428571429,0.2857142857142857,0.07142857142857142,hardmask_recovery,actual,actual_subject
4,model_rollout,219,46,29,9,7,2.0,0.0,1,0.7777777777777778,0.1,0.9,0.8763576394898523,0.3333333333333333,0.4444444444444444,0.1111111111111111,0.1111111111111111,0.25,0.625,0.125,0,0.875,0.7777777777777778,0.8888888888888888,0.0,0.1111111111111111,hardmask_recovery,model,model_rollout
4,actual_subject,219,46,29,11,7,4.0,0.1818181818181818,1,0.6363636363636364,0.3333333333333333,0.6666666666666666,0.7474594241169754,0.36363636363636365,0.45454545454545453,0.0,0.18181818181818182,0.2,0.8,0.0,1,0.7272727272727273,0.6363636363636364,0.7272727272727273,0.18181818181818182,0.09090909090909091,hardmask_recovery,actual,actual_subject
4,model_rollout,223,3,40,31,9,22.0,0.0,1,0.2903225806451613,0.25,0.75,0.975915932392403,0.1935483870967742,0.1935483870967742,0.3548387096774194,0.25806451612903225,0.36666666666666664,0.6,0.03333333333333333,1,0.8125,0.2903225806451613,0.6451612903225806,0.0,0.3548387096774194,hardmask_recovery,model,model_rollout
4,actual_subject,223,3,40,22,9,13.0,0.3181818181818182,1,0.4090909090909091,0.30434782608695654,0.6956521739130435,0.8248626836794422,0.045454545454545456,0.13636363636363635,0.4090909090909091,0.4090909090909091,0.23809523809523808,0.7142857142857143,0.047619047619047616,1,0.5,0.4090909090909091,0.5454545454545454,0.3181818181818182,0.13636363636363635,hardmask_recovery,actual,actual_subject
4,model_rollout,227,10,25,5,5,0.0,0.0,1,1.0,0.0,1.0,0.7609640474436813,0.0,0.2,0.4,0.4,0.25,0.75,0.0,1,1.0,1.0,1.0,0.0,0.0,hardmask_recovery,model,model_rollout
4,actual_subject,227,10,25,20,5,15.0,0.35,1,0.25,0.5238095238095238,0.47619047619047616,0.8911143594569007,0.15,0.1,0.45,0.3,0.10526315789473684,0.8421052631578947,0.05263157894736842,0,0.625,0.25,0.45,0.35,0.2,hardmask_recovery,actual,actual_subject
4,model_rollout,231,15,10,50,5,45.0,0.0,0,0.1,0.6666666666666666,0.3333333333333333,0.9971082643043144,0.24,0.22,0.26,0.28,0.1836734693877551,0.5918367346938775,0.22448979591836735,0,0.0,0.0,0.5,0.0,0.5,hardmask_recovery,model,model_rollout
4,actual_subject,231,15,10,10,5,5.0,0.3,1,0.5,0.36363636363636365,0.6363636363636364,0.9232196723355078,0.3,0.1,0.2,0.4,0.1111111111111111,0.7777777777777778,0.1111111111111111,0,0.7142857142857143,0.5,0.6,0.3,0.1,hardmask_recovery,actual,actual_subject
4,model_rollout,235,11,27,50,6,44.0,0.0,0,0.12,0.39215686274509803,0.6078431372549019,0.9971082643043144,0.24,0.26,0.28,0.22,0.2857142857142857,0.6326530612244898,0.08163265306122448,1,0.7,0.04,0.52,0.0,0.48,hardmask_recovery,model,model_rollout
4,actual_subject,235,11,27,11,6,5.0,0.2727272727272727,1,0.5454545454545454,0.25,0.75,0.8383685150260664,0.09090909090909091,0.09090909090909091,0.45454545454545453,0.36363636363636365,0.0,1.0,0.0,0,0.5555555555555556,0.5454545454545454,0.6363636363636364,0.2727272727272727,0.09090909090909091,hardmask_recovery,actual,actual_subject
4,model_rollout,239,25,46,5,5,0.0,0.0,1,1.0,0.0,1.0,0.6854752972273345,0.0,0.2,0.6,0.2,0.25,0.75,0.0,1,1.0,1.0,1.0,0.0,0.0,hardmask_recovery,model,model_rollout
4,actual_subject,239,25,46,11,5,6.0,0.1818181818181818,1,0.4545454545454545,0.16666666666666666,0.8333333333333334,0.8949645376549997,0.09090909090909091,0.2727272727272727,0.45454545454545453,0.18181818181818182,0.0,1.0,0.0,0,0.6666666666666666,0.45454545454545453,0.6363636363636364,0.18181818181818182,0.18181818181818182,hardmask_recovery,actual,actual_subject
4,model_rollout,243,23,31,22,8,14.0,0.0,1,0.3636363636363636,0.43478260869565216,0.5652173913043478,0.9970151057384782,0.22727272727272727,0.22727272727272727,0.2727272727272727,0.2727272727272727,0.14285714285714285,0.6666666666666666,0.19047619047619047,0,0.6428571428571429,0.36363636363636365,0.6818181818181818,0.0,0.3181818181818182,hardmask_recovery,model,model_rollout
4,actual_subject,243,23,31,23,8,15.0,0.391304347826087,1,0.3478260869565217,0.5416666666666666,0.4583333333333333,0.9570850556153867,0.13043478260869565,0.21739130434782608,0.34782608695652173,0.30434782608695654,0.22727272727272727,0.6818181818181818,0.09090909090909091,0,0.5294117647058824,0.34782608695652173,0.4782608695652174,0.391304347826087,0.13043478260869565,hardmask_recovery,actual,actual_subject
4,model_rollout,247,39,3,34,10,24.0,0.0,1,0.2941176470588235,0.2857142857142857,0.7142857142857143,0.944837563741826,0.3235294117647059,0.35294117647058826,0.20588235294117646,0.11764705882352941,0.21212121212121213,0.7878787878787878,0.0,0,0.8888888888888888,0.29411764705882354,0.6470588235294118,0.0,0.35294117647058826,hardmask_recovery,model,model_rollout
4,actual_subject,247,39,3,26,10,16.0,0.3846153846153846,1,0.3846153846153846,0.48148148148148145,0.5185185185185185,0.8097253141506577,0.5,0.3076923076923077,0.038461538461538464,0.15384615384615385,0.12,0.84,0.04,0,0.5555555555555556,0.38461538461538464,0.5,0.38461538461538464,0.11538461538461539,hardmask_recovery,actual,actual_subject
4,model_rollout,251,16,14,28,6,22.0,0.0,1,0.2142857142857142,0.27586206896551724,0.7241379310344828,0.9089411706821325,0.25,0.39285714285714285,0.2857142857142857,0.07142857142857142,0.3333333333333333,0.48148148148148145,0.18518518518518517,1,0.8571428571428571,0.21428571428571427,0.6071428571428571,0.0,0.39285714285714285,hardmask_recovery,model,model_rollout
4,actual_subject,251,16,14,10,6,4.0,0.4,1,0.6,0.36363636363636365,0.6363636363636364,0.7427376486136673,0.3,0.5,0.2,0.0,0.0,0.8888888888888888,0.1111111111111111,0,0.6,0.6,0.6,0.4,0.0,hardmask_recovery,actual,actual_subject
4,model_rollout,255,12,15,7,7,0.0,0.0,1,1.0,0.0,1.0,0.6893917467430878,0.14285714285714285,0.5714285714285714,0.2857142857142857,0.0,0.16666666666666666,0.8333333333333334,0.0,1,1.0,0.42857142857142855,0.7142857142857143,0.0,0.2857142857142857,hardmask_recovery,model,model_rollout
4,actual_subject,255,12,15,13,7,6.0,0.3076923076923077,1,0.5384615384615384,0.2857142857142857,0.7142857142857143,0.7286329568116936,0.23076923076923078,0.5384615384615384,0.23076923076923078,0.0,0.3333333333333333,0.5833333333333334,0.08333333333333333,1,0.5,0.23076923076923078,0.46153846153846156,0.3076923076923077,0.23076923076923078,hardmask_recovery,actual,actual_subject
4,model_rollout,259,2,44,12,10,2.0,0.0,1,0.8333333333333334,0.07692307692307693,0.9230769230769231,0.75,0.0,0.25,0.5,0.25,0.36363636363636365,0.5454545454545454,0.09090909090909091,1,0.9090909090909091,0.8333333333333334,0.9166666666666666,0.0,0.08333333333333333,hardmask_recovery,model,model_rollout
4,actual_subject,259,2,44,20,10,10.0,0.3,1,0.5,0.42857142857142855,0.5714285714285714,0.7697455351500672,0.0,0.25,0.45,0.3,0.10526315789473684,0.7368421052631579,0.15789473684210525,1,0.625,0.5,0.6,0.3,0.1,hardmask_recovery,actual,actual_subject
4,model_rollout,263,32,30,12,8,4.0,0.0,1,0.6666666666666666,0.0,1.0,0.9439592513355664,0.16666666666666666,0.4166666666666667,0.16666666666666666,0.25,0.2727272727272727,0.7272727272727273,0.0,0,0.8571428571428571,0.5,0.75,0.0,0.25,hardmask_recovery,model,model_rollout
4,actual_subject,263,32,30,22,8,14.0,0.2727272727272727,1,0.3636363636363636,0.4782608695652174,0.5217391304347826,0.9681300137657637,0.36363636363636365,0.2727272727272727,0.18181818181818182,0.18181818181818182,0.19047619047619047,0.7142857142857143,0.09523809523809523,0,0.5625,0.2727272727272727,0.5,0.2727272727272727,0.22727272727272727,hardmask_recovery,actual,actual_subject
4,model_rollout,267,9,38,69,9,60.0,0.0,0,0.1304347826086956,0.6142857142857143,0.38571428571428573,0.9035776433597316,0.2753623188405797,0.3333333333333333,0.3333333333333333,0.057971014492753624,0.17647058823529413,0.6617647058823529,0.16176470588235295,0,0.35294117647058826,0.043478260869565216,0.5217391304347826,0.0,0.4782608695652174,hardmask_recovery,model,model_rollout
4,actual_subject,267,9,38,23,9,14.0,0.3478260869565217,1,0.391304347826087,0.4583333333333333,0.5416666666666666,0.8439705226182103,0.043478260869565216,0.17391304347826086,0.34782608695652173,0.43478260869565216,0.18181818181818182,0.6818181818181818,0.13636363636363635,0,0.6,0.391304347826087,0.5217391304347826,0.34782608695652173,0.13043478260869565,hardmask_recovery,actual,actual_subject
4,model_rollout,271,15,18,9,9,0.0,0.0,1,1.0,0.0,1.0,0.9182958340544897,0.2222222222222222,0.1111111111111111,0.2222222222222222,0.4444444444444444,0.125,0.875,0.0,1,1.0,0.5555555555555556,0.7777777777777778,0.0,0.2222222222222222,hardmask_recovery,model,model_rollout
4,actual_subject,271,15,18,16,9,7.0,0.3125,1,0.5625,0.29411764705882354,0.7058823529411765,0.8980898459737487,0.125,0.125,0.3125,0.4375,0.2,0.8,0.0,0,0.6666666666666666,0.3125,0.5,0.3125,0.1875,hardmask_recovery,actual,actual_subject
4,model_rollout,275,23,31,22,8,14.0,0.0,1,0.3636363636363636,0.43478260869565216,0.5652173913043478,0.9970151057384782,0.22727272727272727,0.22727272727272727,0.2727272727272727,0.2727272727272727,0.14285714285714285,0.6666666666666666,0.19047619047619047,0,0.6428571428571429,0.36363636363636365,0.6818181818181818,0.0,0.3181818181818182,hardmask_recovery,model,model_rollout
4,actual_subject,275,23,31,11,8,3.0,0.2727272727272727,1,0.7272727272727273,0.25,0.75,0.9115339911368306,0.09090909090909091,0.18181818181818182,0.36363636363636365,0.36363636363636365,0.3,0.7,0.0,0,0.7272727272727273,0.7272727272727273,0.7272727272727273,0.2727272727272727,0.0,hardmask_recovery,actual,actual_subject
4,model_rollout,279,19,38,50,7,43.0,0.0,0,0.14,0.6666666666666666,0.3333333333333333,0.8810258225335269,0.3,0.34,0.32,0.04,0.12244897959183673,0.673469387755102,0.20408163265306123,0,0.36363636363636365,-0.04,0.48,0.0,0.52,hardmask_recovery,model,model_rollout
4,actual_subject,279,19,38,10,7,3.0,0.3,1,0.7,0.2727272727272727,0.7272727272727273,0.6477309221191608,0.0,0.3,0.6,0.1,0.1111111111111111,0.8888888888888888,0.0,0,0.7,0.7,0.7,0.3,0.0,hardmask_recovery,actual,actual_subject
4,model_rollout,283,43,39,6,6,0.0,0.0,1,1.0,0.0,1.0,0.7295739585136223,0.3333333333333333,0.0,0.16666666666666666,0.5,0.0,1.0,0.0,1,1.0,1.0,1.0,0.0,0.0,hardmask_recovery,model,model_rollout
4,actual_subject,283,43,39,11,6,5.0,0.2727272727272727,1,0.5454545454545454,0.25,0.75,0.8429078545765152,0.18181818181818182,0.09090909090909091,0.18181818181818182,0.5454545454545454,0.2,0.8,0.0,1,0.5,0.5454545454545454,0.6363636363636364,0.2727272727272727,0.09090909090909091,hardmask_recovery,actual,actual_subject
4,model_rollout,287,12,46,10,8,2.0,0.0,1,0.8,0.09090909090909091,0.9090909090909091,0.7854752972273343,0.1,0.2,0.6,0.1,0.2222222222222222,0.6666666666666666,0.1111111111111111,1,0.8888888888888888,0.8,0.9,0.0,0.1,hardmask_recovery,model,model_rollout
4,actual_subject,287,12,46,20,8,12.0,0.4,1,0.4,0.47619047619047616,0.5238095238095238,0.8238654610595805,0.05,0.3,0.5,0.15,0.15789473684210525,0.8421052631578947,0.0,1,0.5333333333333333,0.4,0.5,0.4,0.1,hardmask_recovery,actual,actual_subject
4,model_rollout,291,0,34,18,14,4.0,0.0,1,0.7777777777777778,0.0,1.0,0.8611331559719915,0.16666666666666666,0.05555555555555555,0.3888888888888889,0.3888888888888889,0.23529411764705882,0.7647058823529411,0.0,1,0.8571428571428571,0.3333333333333333,0.6666666666666666,0.0,0.3333333333333333,hardmask_recovery,model,model_rollout
4,actual_subject,291,0,34,38,14,24.0,0.3684210526315789,1,0.3684210526315789,0.46153846153846156,0.5384615384615384,0.8316874487143641,0.13157894736842105,0.05263157894736842,0.42105263157894735,0.39473684210526316,0.10810810810810811,0.8378378378378378,0.05405405405405406,1,0.6,0.15789473684210525,0.39473684210526316,0.3684210526315789,0.23684210526315788,hardmask_recovery,actual,actual_subject
4,model_rollout,295,26,1,11,11,0.0,0.0,1,1.0,0.0,1.0,0.8383685150260664,0.36363636363636365,0.45454545454545453,0.09090909090909091,0.09090909090909091,0.1,0.9,0.0,1,1.0,0.6363636363636364,0.8181818181818182,0.0,0.18181818181818182,hardmask_recovery,model,model_rollout
4,actual_subject,295,26,1,21,11,10.0,0.1904761904761904,1,0.5238095238095238,0.3181818181818182,0.6818181818181818,0.8881659264001537,0.3333333333333333,0.42857142857142855,0.14285714285714285,0.09523809523809523,0.1,0.8,0.1,0,0.6875,0.3333333333333333,0.5714285714285714,0.19047619047619047,0.23809523809523808,hardmask_recovery,actual,actual_subject
4,model_rollout,299,23,7,20,6,14.0,0.0,1,0.3,0.3333333333333333,0.6666666666666666,0.9854752972273345,0.3,0.3,0.2,0.2,0.2631578947368421,0.631578947368421,0.10526315789473684,0,0.75,0.3,0.65,0.0,0.35,hardmask_recovery,model,model_rollout
4,actual_subject,299,23,7,18,6,12.0,0.3333333333333333,1,0.3333333333333333,0.3684210526315789,0.631578947368421,0.8553885422075339,0.3333333333333333,0.4444444444444444,0.16666666666666666,0.05555555555555555,0.0,1.0,0.0,0,0.5,0.3333333333333333,0.5,0.3333333333333333,0.16666666666666666,hardmask_recovery,actual,actual_subject
4,model_rollout,303,31,23,10,8,2.0,0.0,1,0.8,0.09090909090909091,0.9090909090909091,0.9854752972273345,0.3,0.3,0.2,0.2,0.2222222222222222,0.6666666666666666,0.1111111111111111,1,0.8888888888888888,0.8,0.9,0.0,0.1,hardmask_recovery,model,model_rollout
4,actual_subject,303,31,23,21,8,13.0,0.3333333333333333,1,0.3809523809523809,0.45454545454545453,0.5454545454545454,0.9849500113113598,0.3333333333333333,0.23809523809523808,0.19047619047619047,0.23809523809523808,0.05,0.85,0.1,0,0.6153846153846154,0.38095238095238093,0.5238095238095238,0.3333333333333333,0.14285714285714285,hardmask_recovery,actual,actual_subject
4,model_rollout,307,32,14,10,10,0.0,0.0,1,1.0,0.0,1.0,0.8427376486136672,0.3,0.5,0.1,0.1,0.3333333333333333,0.6666666666666666,0.0,1,1.0,0.6,0.8,0.0,0.2,hardmask_recovery,model,model_rollout
4,actual_subject,307,32,14,18,10,8.0,0.3333333333333333,1,0.5555555555555556,0.3684210526315789,0.631578947368421,0.8763576394898526,0.3333333333333333,0.4444444444444444,0.1111111111111111,0.1111111111111111,0.17647058823529413,0.8235294117647058,0.0,1,0.7142857142857143,0.3333333333333333,0.5,0.3333333333333333,0.16666666666666666,hardmask_recovery,actual,actual_subject
4,model_rollout,311,27,10,50,7,43.0,0.0,0,0.14,0.5098039215686274,0.49019607843137253,0.9143172867352866,0.24,0.4,0.28,0.08,0.22448979591836735,0.6938775510204082,0.08163265306122448,0,0.3125,0.04,0.52,0.0,0.48,hardmask_recovery,model,model_rollout
4,actual_subject,311,27,10,11,7,4.0,0.3636363636363636,1,0.6363636363636364,0.3333333333333333,0.6666666666666666,0.6610896727583333,0.36363636363636365,0.5454545454545454,0.0,0.09090909090909091,0.2,0.8,0.0,1,0.6363636363636364,0.6363636363636364,0.6363636363636364,0.36363636363636365,0.0,hardmask_recovery,actual,actual_subject
4,model_rollout,315,40,3,39,9,30.0,0.0,1,0.2307692307692307,0.325,0.675,0.9408965237304935,0.3333333333333333,0.3333333333333333,0.23076923076923078,0.10256410256410256,0.2631578947368421,0.6842105263157895,0.05263157894736842,0,0.8181818181818182,0.23076923076923078,0.6153846153846154,0.0,0.38461538461538464,hardmask_recovery,model,model_rollout
4,actual_subject,315,40,3,12,9,3.0,0.25,1,0.75,0.23076923076923078,0.7692307692307693,0.6403360647604436,0.5833333333333334,0.3333333333333333,0.0,0.08333333333333333,0.2727272727272727,0.7272727272727273,0.0,1,0.75,0.75,0.75,0.25,0.0,hardmask_recovery,actual,actual_subject
4,model_rollout,319,31,16,17,9,8.0,0.0,1,0.5294117647058824,0.05555555555555555,0.9444444444444444,0.97712369984604,0.35294117647058826,0.23529411764705882,0.23529411764705882,0.17647058823529413,0.375,0.5625,0.0625,0,0.75,0.5294117647058824,0.7647058823529411,0.0,0.23529411764705882,hardmask_recovery,model,model_rollout
4,actual_subject,319,31,16,26,9,17.0,0.4230769230769231,1,0.3461538461538461,0.5185185185185185,0.48148148148148145,0.9351466105037404,0.38461538461538464,0.3076923076923077,0.11538461538461539,0.19230769230769232,0.16,0.76,0.08,0,0.0,0.34615384615384615,0.46153846153846156,0.4230769230769231,0.11538461538461539,hardmask_recovery,actual,actual_subject
4,model_rollout,323,19,31,6,6,0.0,0.0,1,1.0,0.0,1.0,0.7295739585136223,0.0,0.5,0.3333333333333333,0.16666666666666666,0.2,0.8,0.0,1,1.0,1.0,1.0,0.0,0.0,hardmask_recovery,model,model_rollout
4,actual_subject,323,19,31,17,6,11.0,0.2941176470588235,1,0.3529411764705882,0.3333333333333333,0.6666666666666666,0.8919296718389883,0.11764705882352941,0.4117647058823529,0.35294117647058826,0.11764705882352941,0.1875,0.8125,0.0,1,0.45454545454545453,0.35294117647058826,0.5294117647058824,0.29411764705882354,0.17647058823529413,hardmask_recovery,actual,actual_subject
4,model_rollout,327,3,7,12,6,6.0,0.0,1,0.5,0.07692307692307693,0.9230769230769231,0.7772925846688996,0.3333333333333333,0.25,0.4166666666666667,0.0,0.36363636363636365,0.5454545454545454,0.09090909090909091,0,0.6,0.3333333333333333,0.6666666666666666,0.0,0.3333333333333333,hardmask_recovery,model,model_rollout
4,actual_subject,327,3,7,10,6,4.0,0.2,1,0.6,0.2727272727272727,0.7272727272727273,0.7427376486136673,0.2,0.5,0.3,0.0,0.2222222222222222,0.7777777777777778,0.0,1,0.75,0.4,0.6,0.2,0.2,hardmask_recovery,actual,actual_subject
4,model_rollout,331,28,39,15,7,8.0,0.0,1,0.4666666666666667,0.0,1.0,0.9446232142545792,0.2,0.13333333333333333,0.26666666666666666,0.4,0.2857142857142857,0.7142857142857143,0.0,0,0.0,0.3333333333333333,0.6666666666666666,0.0,0.3333333333333333,hardmask_recovery,model,model_rollout
4,actual_subject,331,28,39,32,7,25.0,0.40625,1,0.21875,0.48484848484848486,0.5151515151515151,0.9037583727993054,0.125,0.125,0.40625,0.34375,0.22580645161290322,0.7096774193548387,0.06451612903225806,0,0.0,0.15625,0.375,0.40625,0.21875,hardmask_recovery,actual,actual_subject
4,model_rollout,335,32,29,9,7,2.0,0.0,1,0.7777777777777778,0.1,0.9,0.9182958340544897,0.2222222222222222,0.4444444444444444,0.2222222222222222,0.1111111111111111,0.375,0.5,0.125,1,0.875,0.5555555555555556,0.7777777777777778,0.0,0.2222222222222222,hardmask_recovery,model,model_rollout
4,actual_subject,335,32,29,9,7,2.0,0.2222222222222222,1,0.7777777777777778,0.2,0.8,0.8288713632524444,0.2222222222222222,0.5555555555555556,0.1111111111111111,0.1111111111111111,0.25,0.75,0.0,1,0.7777777777777778,0.5555555555555556,0.6666666666666666,0.2222222222222222,0.1111111111111111,hardmask_recovery,actual,actual_subject
4,model_rollout,339,2,40,20,10,10.0,0.0,1,0.5,0.047619047619047616,0.9523809523809523,0.9074899102582407,0.2,0.1,0.45,0.25,0.3157894736842105,0.631578947368421,0.05263157894736842,0,0.8888888888888888,0.5,0.75,0.0,0.25,hardmask_recovery,model,model_rollout
4,actual_subject,339,2,40,33,10,23.0,0.3939393939393939,1,0.303030303030303,0.4411764705882353,0.5588235294117647,0.8695090836243208,0.12121212121212122,0.09090909090909091,0.42424242424242425,0.36363636363636365,0.09375,0.8125,0.09375,0,0.6666666666666666,0.30303030303030304,0.45454545454545453,0.3939393939393939,0.15151515151515152,hardmask_recovery,actual,actual_subject
4,model_rollout,343,33,21,32,12,20.0,0.0,1,0.375,0.24242424242424243,0.7575757575757576,0.8568067755969403,0.28125,0.40625,0.28125,0.03125,0.25806451612903225,0.5483870967741935,0.1935483870967742,1,0.7647058823529411,0.125,0.5625,0.0,0.4375,hardmask_recovery,model,model_rollout
4,actual_subject,343,33,21,28,12,16.0,0.3571428571428571,1,0.4285714285714285,0.5172413793103449,0.4827586206896552,0.8982531302466922,0.32142857142857145,0.42857142857142855,0.14285714285714285,0.10714285714285714,0.14814814814814814,0.8518518518518519,0.0,1,0.5833333333333334,0.14285714285714285,0.39285714285714285,0.35714285714285715,0.25,hardmask_recovery,actual,actual_subject
4,model_rollout,347,10,31,39,9,30.0,0.0,1,0.2307692307692307,0.475,0.525,0.984688323729742,0.2564102564102564,0.20512820512820512,0.3333333333333333,0.20512820512820512,0.3157894736842105,0.6578947368421053,0.02631578947368421,0,0.8181818181818182,0.23076923076923078,0.6153846153846154,0.0,0.38461538461538464,hardmask_recovery,model,model_rollout
4,actual_subject,347,10,31,17,9,8.0,0.3529411764705882,1,0.5294117647058824,0.3333333333333333,0.6666666666666666,0.8697270982459452,0.058823529411764705,0.17647058823529413,0.4117647058823529,0.35294117647058826,0.1875,0.75,0.0625,0,0.0,0.5294117647058824,0.5882352941176471,0.35294117647058826,0.058823529411764705,hardmask_recovery,actual,actual_subject
