subid,trial,step,task,replan,target,state,goal,true_goal,pred_goal,correct_goal
18765816132,47,14,3,0,0,7,1,1,19,False
15260233525,29,6,4,0,3,12,1,1,0,False
15797725211,1,9,4,0,2,26,31,31,24,False
18053307086,2,2,4,0,1,10,21,21,0,False
15260233525,25,5,2,0,2,3,11,11,39,False
17527328008,43,6,4,0,3,38,39,39,39,True
19881266563,13,10,4,0,1,19,32,32,39,False
18636055184,20,5,1,0,0,27,20,20,0,False
15797725211,4,27,1,0,2,10,24,24,39,False
17623708813,42,140,4,0,2,26,10,10,9,False
18365196069,41,10,4,0,3,16,9,9,9,True
15079495784,48,3,2,0,0,33,5,5,1,False
15260233525,19,8,4,0,3,26,41,41,39,False
15797725211,5,4,1,0,0,17,24,24,19,False
18991311567,1,12,4,0,3,3,46,46,39,False
15797725211,46,18,4,0,1,2,7,7,0,False
18053307086,43,27,4,0,1,29,24,24,9,False
18053307086,16,2,4,0,2,0,5,5,39,False
15661502139,45,36,4,0,2,18,31,31,39,False
19881266563,46,18,4,0,0,30,27,27,9,False
15661502139,20,5,4,0,1,13,26,26,39,False
18989781863,4,10,4,0,2,25,32,32,39,False
18758415613,44,1,4,0,0,40,20,20,0,False
13670356740,22,8,3,0,0,22,21,21,0,False
13943039298,44,3,4,0,1,5,3,3,9,False
13932780308,29,21,4,0,0,46,47,47,19,False
13630678332,47,6,2,0,0,14,7,7,0,False
13630678332,26,9,3,0,1,41,40,40,9,False
13670356740,13,4,4,0,3,37,17,17,2,False
17623708813,9,14,4,0,0,25,1,1,1,True
15079495784,36,32,4,0,0,9,2,2,39,False
15797725211,41,4,4,0,1,18,16,16,9,False
18989781863,40,4,4,0,0,30,1,1,9,False
18989781863,47,5,4,0,1,29,28,28,0,False
13074255915,37,4,1,0,2,19,41,41,9,False
13932780308,42,2,3,0,1,3,1,1,9,False
18989781863,9,2,4,0,1,27,18,18,9,False
18636055184,24,7,3,0,1,17,8,8,0,False
13074255915,18,2,3,0,1,5,8,8,9,False
18636055184,8,11,4,0,0,25,4,4,1,False
13943039298,9,2,2,0,3,39,27,27,1,False
17331496902,20,6,3,0,1,32,24,24,9,False
15167050060,4,30,4,0,0,45,32,32,19,False
17713196465,30,3,4,0,1,17,24,24,19,False
13670356740,16,4,3,0,1,17,47,47,39,False
17713196465,36,15,3,0,0,17,24,24,19,False
13932780308,45,11,3,0,1,36,30,30,9,False
19550593600,36,19,4,0,3,25,27,27,39,False
15079495784,32,4,3,0,3,3,11,11,39,False
13670356740,35,5,1,0,3,36,38,38,39,False
17731093916,14,9,4,0,0,37,34,34,39,False
15167050060,7,0,4,0,2,12,11,11,9,False
18765816132,33,19,4,0,1,23,15,15,9,False
19852999776,50,15,3,0,3,25,40,40,39,False
17527328008,1,16,4,0,3,33,34,34,39,False
18702113651,25,3,2,0,0,45,10,10,9,False
15661502139,12,10,2,0,2,2,8,8,0,False
18702113651,33,0,4,0,3,5,25,25,39,False
18365196069,29,5,4,0,0,37,30,30,0,False
18053307086,45,22,4,0,3,6,33,33,39,False
15079495784,5,9,4,0,1,24,11,11,9,False
17731093916,6,2,4,0,2,30,25,25,39,False
13932780308,44,0,1,0,2,24,25,25,39,False
18765816132,32,1,4,0,1,12,11,11,9,False
13943039298,37,25,4,0,2,41,48,48,39,False
15079495784,2,6,4,0,1,3,0,0,0,True
18702113651,48,10,4,0,1,12,10,10,9,False
18664891854,34,1,1,0,3,31,13,13,39,False
15797725211,41,34,4,0,1,36,16,16,1,False
19831701219,7,17,4,0,3,36,24,24,1,False
18765816132,37,11,1,0,0,11,12,12,19,False
18636055184,29,4,4,0,0,11,9,9,9,True
19970957519,2,5,4,0,2,15,23,23,39,False
19550593600,39,6,4,0,0,33,5,5,9,False
13943039298,35,0,4,0,1,48,38,38,0,False
17713196465,14,6,3,0,2,39,46,46,24,False
19852999776,3,11,4,0,0,26,30,30,0,False
19970957519,41,15,4,0,1,29,31,31,9,False
19831701219,44,36,4,0,0,15,0,0,9,False
17623708813,33,15,4,0,1,30,25,25,39,False
13074255915,47,6,3,0,0,23,7,7,9,False
18802233956,3,1,3,0,0,46,29,29,19,False
17623708813,40,19,4,0,2,16,27,27,39,False
17623708813,8,53,4,0,3,39,47,47,39,False
19859608897,10,0,1,0,1,40,29,29,39,False
17807329663,13,40,4,0,3,2,25,25,39,False
15797725211,34,10,4,0,3,2,11,11,39,False
19948700293,12,15,1,0,1,2,0,0,0,True
19881266563,26,13,4,0,1,37,22,22,9,False
19948700293,19,9,4,0,3,17,20,20,39,False
15797725211,10,13,4,0,3,24,30,30,9,False
17623708813,12,18,4,0,3,11,18,18,39,False
17331496902,44,0,1,0,2,6,15,15,0,False
15165929133,34,11,4,0,0,32,20,20,9,False
18702113651,6,0,3,0,1,33,22,22,9,False
17807329663,8,7,1,0,0,11,9,9,0,False
15260233525,9,1,4,0,1,26,10,10,0,False
19550593600,3,7,2,0,3,16,15,15,8,False
15661502139,27,5,2,0,3,36,37,37,39,False
13130819298,47,9,4,0,2,14,21,21,39,False
19970957519,46,33,4,0,2,14,21,21,39,False
18802233956,1,43,4,0,1,20,16,16,0,False
15735414945,8,8,4,0,0,30,23,23,9,False
16630722126,50,10,4,0,0,18,2,2,2,True
19834840803,48,16,4,0,0,16,9,9,9,True
18802233956,33,5,4,0,2,18,33,33,39,False
15735414945,23,4,3,0,2,24,10,10,24,False
15661502139,1,16,4,0,0,14,0,0,0,True
13513580369,35,8,4,0,3,37,32,32,39,False
18989781863,32,12,4,0,3,38,39,39,39,True
18702113651,41,14,4,0,1,22,7,7,9,False
15165929133,29,53,4,0,3,33,20,20,9,False
16630722126,9,19,4,0,2,40,47,47,39,False
15167050060,11,15,4,0,3,46,48,48,39,False
17331496902,7,5,1,0,0,10,8,8,1,False
18765816132,31,13,4,0,1,13,19,19,0,False
13630678332,19,17,4,0,3,30,24,24,39,False
19834840803,17,9,1,0,3,45,39,39,19,False
15079495784,49,1,2,0,0,33,5,5,1,False
18365196069,44,8,4,0,0,44,3,3,9,False
19831701219,28,8,3,0,3,11,45,45,39,False
18053307086,22,3,4,0,1,32,19,19,1,False
18765816132,20,4,2,0,1,17,9,9,0,False
18991311567,4,12,2,0,2,35,42,42,39,False
19881266563,49,22,4,0,1,31,0,0,9,False
15079495784,29,38,4,0,0,36,18,18,19,False
18365196069,11,12,4,0,2,23,44,44,39,False
18989781863,16,0,4,0,3,28,0,0,39,False
17807329663,16,12,4,0,0,23,39,39,39,True
19970957519,39,5,4,0,3,22,33,33,39,False
18758415613,43,4,1,0,1,9,1,1,0,False
13401917913,12,4,1,0,0,23,9,9,9,True
15797725211,48,33,4,0,1,37,30,30,9,False
16630722126,26,10,2,0,1,13,19,19,21,False
15079495784,13,1,2,0,1,36,2,2,9,False
15260233525,2,0,3,0,2,15,24,24,39,False
15167050060,47,29,4,0,0,11,4,4,9,False
19852999776,27,6,4,0,3,10,19,19,39,False
13513580369,47,5,4,0,3,2,16,16,39,False
18636055184,41,23,4,0,3,7,8,8,19,False
13943039298,43,4,2,0,1,32,22,22,9,False
17331496902,38,4,4,0,3,22,31,31,39,False
19852999776,3,2,4,0,3,39,13,13,1,False
15260233525,1,17,2,0,1,12,9,9,9,True
18765816132,43,2,3,0,2,15,43,43,39,False
19834840803,18,24,4,0,3,33,34,34,39,False
18053307086,31,8,4,0,3,18,0,0,39,False
19852999776,12,1,2,0,0,38,17,17,9,False
17807329663,29,6,4,0,3,38,18,18,19,False
19970957519,50,88,4,0,2,29,41,41,0,False
15079495784,7,10,4,0,3,9,18,18,39,False
17731093916,30,2,4,0,3,14,28,28,39,False
13401917913,43,19,4,0,0,30,25,25,9,False
13074255915,50,7,3,0,0,11,12,12,19,False
17713196465,35,2,1,0,2,22,19,19,39,False
17807329663,9,3,1,0,1,32,9,9,1,False
17731093916,10,10,4,0,2,38,39,39,39,True
15661502139,20,6,4,0,3,19,27,27,39,False
18802233956,12,17,4,0,0,19,13,13,9,False
18765816132,35,3,4,0,2,15,21,21,39,False
13130819298,1,17,1,0,0,9,18,18,9,False
18802233956,13,1,4,0,0,40,10,10,1,False
13074255915,48,8,4,0,0,16,8,8,0,False
19881266563,44,33,4,0,2,30,20,20,19,False
18702113651,11,12,3,0,2,2,9,9,24,False
17527328008,7,6,4,0,2,33,40,40,39,False
15735414945,30,4,2,0,2,31,42,42,0,False
13943039298,20,2,1,0,1,45,37,37,9,False
17623708813,23,17,4,0,0,25,16,16,9,False
18365196069,41,7,4,0,1,38,14,14,0,False
15797725211,9,26,4,0,2,19,25,25,39,False
17527328008,7,16,4,0,3,31,40,40,39,False
13130819298,39,8,4,0,0,28,1,1,19,False
18053307086,31,13,4,0,0,10,0,0,0,True
18765816132,26,0,2,0,1,40,47,47,39,False
18053307086,38,17,4,0,3,38,46,46,39,False
16630722126,3,6,4,0,1,27,40,40,0,False
13401917913,24,11,4,0,0,16,8,8,0,False
19834840803,30,6,1,0,1,30,29,29,0,False
19859608897,15,1,2,0,0,9,25,25,9,False
15661502139,25,2,4,0,1,25,44,44,39,False
17731093916,3,1,2,0,1,9,46,46,39,False
15165929133,7,5,3,0,0,30,8,8,9,False
16630722126,35,2,1,0,2,16,24,24,39,False
13670356740,18,11,4,0,0,43,14,14,19,False
16726368276,39,1,4,0,3,21,1,1,19,False
17713196465,44,6,4,0,0,20,13,13,0,False
19550593600,40,9,4,0,2,15,37,37,39,False
18802233956,38,14,4,0,0,23,31,31,24,False
15735414945,34,15,4,0,1,31,21,21,0,False
19948700293,23,11,3,0,2,15,31,31,39,False
18053307086,14,0,1,0,2,31,22,22,9,False
17807329663,11,17,2,0,1,9,0,0,0,True
17807329663,41,13,4,0,2,12,34,34,39,False
18765816132,31,0,3,0,3,8,33,33,9,False
19834840803,28,4,4,0,1,11,9,9,9,True
18053307086,25,17,4,0,3,7,1,1,9,False
19852999776,11,8,2,0,0,32,17,17,9,False
18636055184,36,12,4,0,0,21,14,14,19,False
18802233956,15,44,4,0,1,24,21,21,39,False
19852999776,35,1,3,0,1,40,45,45,9,False
19834840803,32,0,4,0,1,12,8,8,0,False
18702113651,44,2,2,0,3,25,33,33,39,False
18664891854,46,4,4,0,3,15,0,0,0,True
19948700293,46,7,3,0,0,23,16,16,19,False
17807329663,12,0,4,0,1,0,12,12,24,False
17331496902,38,2,4,0,3,14,31,31,39,False
19881266563,15,22,4,0,3,28,10,10,19,False
17713196465,27,10,3,0,3,10,26,26,39,False
19550593600,29,15,4,0,0,11,20,20,19,False
19881266563,28,5,2,0,2,31,36,36,0,False
16630722126,21,8,3,0,1,30,29,29,0,False
17807329663,30,9,4,0,0,17,26,26,19,False
18991311567,11,1,2,0,0,21,23,23,19,False
15661502139,42,4,1,0,2,2,9,9,24,False
15797725211,35,7,4,0,1,30,21,21,0,False
19834840803,16,7,1,0,2,32,39,39,39,True
18053307086,16,1,4,0,3,0,5,5,39,False
15079495784,46,22,4,0,1,1,7,7,0,False
18989781863,31,0,3,0,0,30,1,1,0,False
18802233956,30,3,4,0,2,15,20,20,39,False
19970957519,2,0,3,0,2,39,42,42,0,False
13943039298,42,5,3,0,0,16,1,1,1,True
16630722126,20,8,4,0,0,30,21,21,1,False
13670356740,1,25,4,0,1,11,9,9,9,True
18053307086,38,5,4,0,2,18,32,32,39,False
13074255915,12,3,3,0,3,33,47,47,39,False
19852999776,16,6,4,0,3,18,3,3,39,False
18053307086,18,2,4,0,0,39,9,9,8,False
15661502139,3,4,4,0,0,18,30,30,39,False
19970957519,33,8,4,0,0,29,7,7,9,False
18365196069,21,0,4,0,1,24,1,1,39,False
15661502139,2,12,4,0,0,48,41,41,9,False
19881266563,49,1,4,0,0,39,28,28,0,False
19831701219,40,14,4,0,3,5,11,11,39,False
15079495784,48,7,4,0,3,15,34,34,39,False
19948700293,33,8,4,0,2,32,39,39,39,True
19852999776,46,1,4,0,2,16,43,43,24,False
15735414945,46,1,1,0,2,10,21,21,0,False
17713196465,17,1,4,0,2,19,46,46,39,False
17623708813,11,9,4,0,3,26,19,19,9,False
16630722126,41,14,4,0,2,3,11,11,39,False
19550593600,46,5,1,0,2,23,28,28,39,False
15165929133,35,2,4,0,3,9,19,19,9,False
19948700293,31,7,4,0,3,18,20,20,19,False
15735414945,20,0,4,0,3,31,9,9,9,True
15079495784,32,7,4,0,3,18,0,0,39,False
15165929133,16,12,4,0,3,40,31,31,9,False
18365196069,35,6,4,0,1,9,33,33,19,False
19881266563,11,4,4,0,0,23,41,41,19,False
13932780308,25,6,2,0,0,31,0,0,0,True
18991311567,4,28,4,0,0,19,17,17,9,False
16630722126,34,7,4,0,2,33,40,40,39,False
15260233525,23,2,3,0,2,15,29,29,39,False
18802233956,6,5,4,0,0,45,30,30,9,False
19881266563,33,29,4,0,3,14,1,1,39,False
15079495784,1,4,4,0,1,25,31,31,9,False
15735414945,47,33,4,0,1,25,16,16,0,False
16630722126,33,9,4,0,0,40,33,33,9,False
17331496902,29,9,4,0,0,9,1,1,8,False
13670356740,29,7,1,0,0,29,17,17,1,False
18702113651,3,0,3,0,2,20,16,16,0,False
18702113651,27,3,4,0,2,33,39,39,39,True
18802233956,19,9,4,0,1,25,14,14,9,False
15165929133,3,0,3,0,1,47,38,38,9,False
19948700293,10,6,3,0,2,37,46,46,39,False
13074255915,20,25,4,0,3,38,41,41,39,False
19970957519,33,1,4,0,0,25,15,15,9,False
13670356740,13,34,4,0,3,37,17,17,2,False
18365196069,30,9,4,0,0,36,22,22,0,False
13670356740,14,1,4,0,0,15,11,11,19,False
15735414945,27,42,4,0,1,25,7,7,9,False
18991311567,13,16,1,0,3,10,38,38,39,False
18802233956,22,6,4,0,2,30,41,41,19,False
18664891854,27,4,4,0,3,32,41,41,39,False
15165929133,28,9,4,0,0,18,11,11,19,False
13943039298,3,5,4,0,3,14,48,48,39,False
15165929133,41,0,4,0,1,47,33,33,9,False
19550593600,37,2,1,0,1,11,8,8,9,False
15079495784,29,10,4,0,3,25,18,18,9,False
15735414945,7,5,2,0,2,24,7,7,39,False
18702113651,50,4,4,0,0,33,25,25,1,False
15797725211,4,16,4,0,2,35,44,44,19,False
18636055184,36,11,4,0,3,26,20,20,39,False
17623708813,31,13,3,0,3,36,24,24,1,False
17713196465,49,16,2,0,1,33,31,31,9,False
15797725211,16,41,4,0,1,18,24,24,9,False
17731093916,12,1,4,0,1,39,4,4,9,False
19859608897,26,1,4,0,2,4,39,39,39,True
17731093916,32,1,1,0,0,10,1,1,8,False
19970957519,43,3,4,0,2,29,46,46,0,False
17807329663,23,2,1,0,1,36,29,29,9,False
18989781863,36,8,4,0,3,21,28,28,39,False
17807329663,15,6,4,0,3,21,39,39,19,False
13630678332,34,5,4,0,1,26,19,19,9,False
17731093916,43,0,4,0,1,31,29,29,9,False
18053307086,11,2,4,0,1,25,2,2,0,False
15165929133,16,3,4,0,2,37,31,31,39,False
19859608897,50,0,4,0,3,21,43,43,39,False
15079495784,22,1,4,0,0,35,2,2,19,False
18636055184,20,2,4,0,2,24,0,0,39,False
18636055184,32,3,4,0,0,39,26,26,9,False
18365196069,2,16,4,0,1,26,30,30,0,False
18365196069,43,3,4,0,2,11,2,2,0,False
19831701219,47,1,4,0,1,19,24,24,9,False
18636055184,12,13,4,0,2,26,41,41,39,False
19859608897,1,1,4,0,0,41,13,13,9,False
16726368276,8,2,4,0,2,24,18,18,39,False
18053307086,27,5,4,0,2,33,39,39,24,False
13130819298,38,5,4,0,1,24,1,1,39,False
19831701219,1,6,4,0,1,30,38,38,24,False
18758415613,43,18,4,0,1,40,39,39,21,False
18053307086,49,9,4,0,2,26,38,38,24,False
19834840803,46,0,1,0,2,24,25,25,39,False
19881266563,2,20,4,0,2,25,46,46,39,False
17331496902,12,13,4,0,1,27,33,33,0,False
13074255915,41,3,4,0,3,39,24,24,8,False
19834840803,12,1,1,0,2,12,41,41,39,False
13932780308,34,4,2,0,2,15,28,28,39,False
15735414945,28,1,4,0,3,10,1,1,9,False
18991311567,42,8,3,0,2,1,0,0,39,False
19948700293,9,5,1,0,2,3,4,4,39,False
13670356740,46,12,4,0,0,43,7,7,19,False
17623708813,5,48,4,0,0,23,33,33,9,False
19831701219,37,18,4,0,0,42,46,46,19,False
15079495784,26,4,4,0,0,26,13,13,21,False
13130819298,39,0,3,0,1,36,43,43,39,False
13670356740,26,17,1,0,2,2,9,9,24,False
19881266563,42,2,2,0,0,9,12,12,9,False
17331496902,18,1,2,0,3,39,24,24,1,False
15167050060,3,19,1,0,2,14,28,28,39,False
19834840803,27,8,4,0,3,16,5,5,39,False
18765816132,3,9,3,0,1,3,9,9,9,True
16726368276,11,4,2,0,0,46,33,33,0,False
18702113651,19,8,4,0,2,11,20,20,39,False
15167050060,25,6,4,0,2,11,10,10,0,False
17807329663,18,3,4,0,3,18,3,3,39,False
18664891854,9,12,4,0,3,30,11,11,9,False
17713196465,19,40,4,0,2,19,39,39,39,True
18989781863,43,2,4,0,2,0,22,22,24,False
19852999776,12,7,4,0,0,34,5,5,0,False
18053307086,10,17,4,0,0,22,25,25,39,False
13513580369,22,11,3,0,3,18,0,0,39,False
15797725211,34,5,4,0,0,15,11,11,19,False
18365196069,37,11,4,0,3,33,40,40,39,False
15661502139,42,44,4,0,3,19,41,41,9,False
15797725211,32,23,4,0,3,11,39,39,39,True
19852999776,23,9,1,0,3,35,36,36,39,False
15661502139,44,13,4,0,3,10,41,41,39,False
15079495784,18,9,1,0,2,14,21,21,39,False
15167050060,3,14,3,0,1,10,2,2,1,False
13630678332,22,3,1,0,2,0,10,10,39,False
19881266563,49,25,4,0,0,37,0,0,0,True
19970957519,37,3,3,0,1,36,1,1,9,False
13074255915,24,6,4,0,2,19,45,45,0,False
18758415613,9,7,4,0,2,8,36,36,24,False
16630722126,20,28,4,0,1,8,1,1,9,False
13130819298,39,17,4,0,3,0,1,1,39,False
15661502139,45,26,4,0,1,32,24,24,0,False
13074255915,17,25,4,0,0,35,29,29,19,False
19970957519,17,33,4,0,0,31,9,9,9,True
15735414945,19,17,4,0,2,14,21,21,39,False
18802233956,29,7,2,0,1,11,0,0,0,True
15167050060,49,8,1,0,3,37,31,31,39,False
18765816132,2,1,1,0,1,8,1,1,9,False
15260233525,15,3,1,0,1,36,15,15,9,False
15735414945,31,4,2,0,0,25,12,12,9,False
16630722126,50,9,2,0,3,25,47,47,39,False
18702113651,43,6,4,0,1,15,31,31,39,False
17527328008,43,5,4,0,3,16,9,9,9,True
17331496902,20,4,1,0,3,31,40,40,39,False
17807329663,19,43,4,0,0,47,2,2,9,False
15661502139,7,41,4,0,3,25,32,32,39,False
19834840803,49,6,1,0,0,32,18,18,19,False
18664891854,10,3,2,0,2,31,47,47,39,False
19852999776,11,2,4,0,0,39,9,9,9,True
15735414945,50,1,4,0,2,38,18,18,19,False
15260233525,49,7,4,0,3,10,34,34,39,False
13932780308,2,4,2,0,0,25,13,13,19,False
17527328008,28,1,4,0,1,5,2,2,0,False
15735414945,43,14,4,0,3,11,39,39,39,True
16726368276,50,5,4,0,3,22,43,43,39,False
15079495784,47,22,4,0,1,13,19,19,39,False
18702113651,21,12,4,0,3,17,34,34,39,False
18664891854,19,1,3,0,2,0,45,45,39,False
15735414945,16,0,4,0,2,9,12,12,24,False
15165929133,29,0,1,0,2,39,42,42,0,False
19948700293,7,9,4,0,1,33,25,25,0,False
19970957519,2,2,4,0,0,27,5,5,9,False
17623708813,5,74,4,0,3,26,33,33,39,False
18802233956,1,16,1,0,0,10,7,7,0,False
15661502139,20,1,4,0,1,34,22,22,0,False
17807329663,48,0,1,0,2,2,0,0,8,False
19948700293,28,2,1,0,1,33,20,20,9,False
13630678332,37,0,3,0,3,21,28,28,19,False
18702113651,48,4,4,0,0,33,10,10,1,False
19881266563,6,11,4,0,2,24,21,21,39,False
18989781863,33,2,4,0,3,47,27,27,1,False
13932780308,47,12,4,0,1,33,32,32,9,False
15165929133,26,10,4,0,2,40,48,48,39,False
18636055184,28,21,4,0,3,24,17,17,9,False
15735414945,36,1,4,0,2,6,12,12,24,False
13630678332,46,3,1,0,0,41,48,48,0,False
13401917913,50,5,4,0,1,30,29,29,39,False
18053307086,7,1,2,0,3,39,47,47,39,False
13932780308,15,10,4,0,3,31,10,10,9,False
18702113651,23,6,3,0,0,30,18,18,9,False
18989781863,22,8,3,0,3,31,40,40,39,False
13670356740,25,6,1,0,0,22,9,9,19,False
13513580369,27,3,1,0,1,37,23,23,9,False
18991311567,33,7,1,0,0,10,1,1,0,False
19881266563,39,7,2,0,3,18,11,11,39,False
15797725211,42,8,4,0,3,2,16,16,39,False
13943039298,20,8,4,0,0,23,7,7,9,False
17527328008,5,18,4,0,3,36,8,8,1,False
17623708813,25,8,1,0,0,19,3,3,9,False
13074255915,46,5,3,0,3,16,25,25,39,False
15079495784,5,1,3,0,2,10,32,32,39,False
13130819298,2,1,4,0,3,17,27,27,39,False
17331496902,32,4,4,0,3,25,20,20,19,False
13074255915,27,44,4,0,2,40,47,47,0,False
18765816132,15,3,4,0,3,37,39,39,39,True
13513580369,31,6,4,0,0,13,6,6,19,False
15079495784,48,49,4,0,1,13,24,24,21,False
18053307086,50,5,4,0,2,25,31,31,9,False
17527328008,31,2,4,0,0,44,31,31,9,False
15735414945,1,3,1,0,1,3,0,0,0,True
13670356740,12,3,2,0,2,15,37,37,39,False
15260233525,4,5,1,0,0,14,7,7,0,False
15797725211,43,16,4,0,0,18,3,3,9,False
15260233525,22,9,3,0,1,30,38,38,39,False
19859608897,38,4,4,0,0,32,25,25,0,False
18702113651,29,15,4,0,1,30,15,15,0,False
19948700293,4,3,4,0,0,7,1,1,19,False
18991311567,17,0,1,0,0,17,1,1,9,False
17807329663,43,12,4,0,0,22,8,8,9,False
18053307086,1,14,3,0,0,10,7,7,9,False
15260233525,7,3,4,0,3,2,16,16,39,False
15079495784,40,4,4,0,1,16,0,0,0,True
17623708813,41,155,4,0,3,17,0,0,8,False
15260233525,49,2,4,0,0,15,34,34,39,False
19948700293,23,2,2,0,1,45,42,42,9,False
18802233956,47,6,3,0,3,32,16,16,9,False
18702113651,10,14,4,0,0,29,23,23,9,False
13513580369,49,9,3,0,3,28,7,7,19,False
15661502139,41,13,2,0,1,36,9,9,9,True
18053307086,30,0,2,0,1,37,2,2,9,False
19831701219,20,24,4,0,1,37,2,2,9,False
17731093916,5,13,4,0,2,30,31,31,24,False
18053307086,46,16,4,0,3,37,7,7,1,False
19948700293,49,4,4,0,0,38,33,33,19,False
17731093916,31,0,1,0,1,3,1,1,0,False
13513580369,8,6,4,0,3,8,10,10,39,False
19970957519,27,11,4,0,0,22,2,2,19,False
19831701219,38,7,2,0,1,37,17,17,19,False
19948700293,12,4,4,0,1,15,1,1,0,False
18758415613,23,5,4,0,3,14,21,21,39,False
18636055184,44,8,4,0,3,33,34,34,39,False
18991311567,47,2,2,0,0,19,7,7,9,False
16630722126,42,11,4,0,2,11,28,28,0,False
16726368276,19,6,2,0,2,12,19,19,39,False
19948700293,36,5,4,0,3,44,47,47,39,False
18802233956,38,5,4,0,3,38,39,39,39,True
15797725211,19,5,2,0,2,3,16,16,24,False
13932780308,35,2,3,0,2,15,45,45,39,False
18802233956,33,9,1,0,1,19,37,37,9,False
17731093916,43,29,1,0,0,11,19,19,39,False
19834840803,16,0,4,0,1,9,22,22,39,False
18053307086,5,7,4,0,3,17,24,24,39,False
13074255915,40,2,4,0,2,7,15,15,39,False
17331496902,15,1,3,0,1,38,29,29,0,False
13130819298,44,1,3,0,2,22,43,43,39,False
19834840803,12,12,4,0,2,15,10,10,19,False
19831701219,38,3,4,0,2,24,3,3,39,False
18989781863,5,0,4,0,1,19,3,3,9,False
17623708813,24,3,2,0,2,2,8,8,0,False
18664891854,19,0,1,0,2,24,48,48,39,False
19881266563,1,5,4,0,0,18,10,10,9,False
18053307086,31,1,2,0,3,14,46,46,39,False
13130819298,19,21,2,0,3,38,39,39,39,True
18989781863,16,10,4,0,1,5,39,39,39,True
16726368276,25,0,4,0,1,40,18,18,39,False
15661502139,24,11,4,0,1,11,37,37,24,False
18991311567,45,5,3,0,2,15,16,16,39,False
17527328008,5,7,3,0,2,15,28,28,39,False
18702113651,30,3,4,0,1,13,24,24,21,False
17623708813,7,10,4,0,2,7,41,41,39,False
18053307086,45,5,4,0,2,25,29,29,9,False
13932780308,35,4,1,0,0,29,14,14,1,False
18636055184,22,8,1,0,2,34,40,40,39,False
17713196465,38,3,4,0,1,17,38,38,39,False
18989781863,22,9,4,0,3,32,39,39,39,True
17331496902,1,0,2,0,2,2,15,15,24,False
19970957519,40,9,4,0,2,17,18,18,19,False
17807329663,42,0,1,0,3,8,24,24,9,False
13130819298,29,1,3,0,3,39,6,6,1,False
15079495784,37,38,4,0,0,31,23,23,0,False
13130819298,24,9,2,0,0,15,1,1,9,False
15165929133,4,9,4,0,0,14,8,8,19,False
18991311567,1,31,4,0,2,33,46,46,39,False
17331496902,15,2,4,0,1,26,41,41,39,False
13074255915,39,2,4,0,1,2,1,1,0,False
19859608897,25,6,3,0,2,16,14,14,0,False
15735414945,7,11,1,0,2,33,19,19,9,False
17713196465,18,44,4,0,1,37,6,6,39,False
18802233956,31,11,3,0,2,26,32,32,39,False
18053307086,18,5,4,0,1,33,9,9,9,True
17713196465,43,11,4,0,2,35,43,43,39,False
17623708813,22,3,4,0,1,9,46,46,24,False
19834840803,14,3,2,0,2,7,28,28,39,False
19550593600,4,3,1,0,3,18,12,12,19,False
13943039298,3,5,2,0,1,22,14,14,0,False
15079495784,3,24,3,0,0,28,9,9,19,False
19881266563,48,2,4,0,3,44,25,25,19,False
15167050060,24,26,4,0,3,33,39,39,24,False
13401917913,18,3,4,0,1,1,40,40,39,False
19859608897,6,7,2,0,2,33,40,40,24,False
17713196465,18,11,4,0,1,10,9,9,0,False
16630722126,23,12,3,0,3,30,31,31,39,False
18989781863,33,1,4,0,0,39,17,17,0,False
19948700293,13,7,3,0,1,15,8,8,9,False
18053307086,31,17,1,0,2,39,46,46,24,False
15260233525,45,0,4,0,3,25,5,5,39,False
18365196069,47,1,4,0,1,37,46,46,39,False
16630722126,37,35,4,0,2,19,34,34,39,False
18664891854,24,8,4,0,2,39,31,31,0,False
18991311567,8,10,4,0,2,22,23,23,39,False
17807329663,12,25,4,0,2,8,7,7,39,False
17807329663,40,20,4,0,3,2,18,18,39,False
13513580369,11,6,3,0,0,8,1,1,0,False
13513580369,49,4,4,0,1,32,31,31,0,False
17713196465,17,8,4,0,2,33,46,46,39,False
18053307086,38,6,2,0,1,29,32,32,9,False
16726368276,41,2,4,0,1,40,48,48,39,False
15735414945,25,13,4,0,2,20,12,12,0,False
19550593600,44,15,4,0,0,44,25,25,19,False
17623708813,41,4,1,0,1,37,21,21,0,False
18989781863,36,10,2,0,1,3,0,0,0,True
17713196465,36,8,2,0,0,25,6,6,19,False
15797725211,8,23,4,0,3,37,47,47,39,False
15735414945,46,15,4,0,1,11,16,16,9,False
15735414945,4,8,4,0,3,30,47,47,39,False
19970957519,21,5,4,0,0,40,2,2,9,False
17527328008,46,5,4,0,3,17,27,27,39,False
18636055184,9,8,4,0,0,22,15,15,0,False
19550593600,13,2,2,0,3,3,12,12,39,False
18989781863,16,14,4,0,2,18,39,39,39,True
18802233956,4,5,3,0,2,24,22,22,24,False
15735414945,48,67,4,0,0,29,7,7,1,False
17527328008,14,2,2,0,1,26,33,33,39,False
17331496902,5,15,3,0,2,25,28,28,1,False
18053307086,13,24,4,0,1,12,17,17,9,False
18802233956,37,13,4,0,3,31,16,16,9,False
19852999776,24,5,3,0,3,30,24,24,39,False
19550593600,9,5,1,0,0,11,13,13,19,False
13513580369,29,20,4,0,3,2,16,16,39,False
15797725211,3,20,4,0,1,45,37,37,9,False
19970957519,10,21,4,0,0,11,0,0,0,True
18765816132,33,1,4,0,1,20,15,15,0,False
19852999776,35,4,2,0,0,17,32,32,19,False
18802233956,50,24,4,0,1,38,0,0,9,False
18758415613,12,2,4,0,3,15,24,24,39,False
19948700293,44,12,3,0,1,27,48,48,0,False
17623708813,19,10,4,0,0,24,18,18,39,False
19550593600,29,0,4,0,1,16,1,1,9,False
19550593600,19,13,1,0,2,2,8,8,0,False
17731093916,23,2,1,0,1,45,37,37,9,False
18365196069,32,4,4,0,3,15,8,8,9,False
19859608897,1,1,4,0,0,41,24,24,0,False
18989781863,38,0,4,0,2,0,31,31,39,False
17807329663,30,11,4,0,2,28,31,31,39,False
15260233525,28,9,3,0,3,25,32,32,24,False
15079495784,47,21,4,0,1,30,25,25,39,False
19970957519,31,1,4,0,0,42,18,18,9,False
19970957519,50,40,4,0,3,29,41,41,39,False
18802233956,2,5,4,0,0,27,6,6,9,False
18989781863,41,2,2,0,0,23,18,18,19,False
19948700293,49,4,4,0,2,16,14,14,0,False
15260233525,6,1,3,0,0,14,22,22,39,False
18758415613,46,8,4,0,1,33,11,11,9,False
17527328008,24,6,4,0,1,35,23,23,9,False
17807329663,9,12,1,0,0,18,9,9,39,False
17713196465,38,9,2,0,3,5,6,6,39,False
18636055184,47,4,4,0,0,28,8,8,19,False
17807329663,43,11,4,0,3,35,43,43,19,False
19831701219,34,13,3,0,0,35,22,22,9,False
13670356740,16,14,4,0,3,32,34,34,39,False
18765816132,39,11,4,0,3,4,5,5,39,False
19852999776,32,18,4,0,2,13,27,27,39,False
17527328008,42,4,4,0,1,17,15,15,0,False
17623708813,48,25,4,0,3,19,34,34,9,False
13670356740,36,1,4,0,3,14,5,5,39,False
19831701219,31,4,4,0,3,32,13,13,19,False
19831701219,44,10,4,0,0,9,12,12,19,False
16630722126,37,63,4,0,1,48,34,34,1,False
16630722126,19,0,3,0,3,16,9,9,9,True
13943039298,26,2,2,0,1,27,19,19,9,False
13670356740,20,29,4,0,2,10,23,23,39,False
15260233525,42,14,4,0,0,29,15,15,1,False
19881266563,44,31,4,0,2,23,20,20,19,False
18702113651,1,8,4,0,3,30,39,39,39,True
16726368276,20,18,4,0,2,30,31,31,39,False
18802233956,12,6,1,0,1,9,14,14,0,False
17807329663,19,13,4,0,0,32,18,18,19,False
15735414945,30,15,4,0,2,12,26,26,39,False
13130819298,11,6,4,0,0,25,10,10,0,False
18636055184,20,14,4,0,3,29,1,1,1,True
17731093916,35,2,3,0,1,5,29,29,0,False
13130819298,27,11,4,0,0,23,26,26,19,False
17623708813,29,32,4,0,3,24,19,19,39,False
13943039298,14,4,4,0,0,25,18,18,0,False
19859608897,48,1,2,0,2,10,19,19,39,False
13630678332,6,1,4,0,3,21,14,14,19,False
18053307086,15,0,4,0,0,43,41,41,19,False
19859608897,11,8,1,0,2,24,29,29,39,False
19831701219,22,1,4,0,2,1,25,25,24,False
18765816132,17,16,4,0,2,4,29,29,0,False
15735414945,27,7,1,0,2,18,25,25,39,False
13513580369,3,3,4,0,2,24,12,12,39,False
17623708813,16,7,2,0,1,37,1,1,9,False
15735414945,32,15,4,0,3,30,46,46,39,False
18053307086,1,1,4,0,3,8,39,39,39,True
19948700293,26,4,4,0,0,24,9,9,9,True
19948700293,12,30,4,0,1,10,8,8,9,False
13932780308,40,9,2,0,0,25,11,11,9,False
16630722126,19,13,4,0,1,45,32,32,1,False
19970957519,36,1,3,0,0,25,44,44,39,False
19881266563,19,19,1,0,1,36,17,17,9,False
19948700293,29,4,3,0,2,10,38,38,39,False
18989781863,40,1,2,0,2,31,0,0,8,False
18702113651,47,5,4,0,0,9,4,4,19,False
18365196069,30,0,4,0,0,16,12,12,39,False
18802233956,3,9,4,0,0,20,12,12,0,False
17731093916,1,17,4,0,0,30,24,24,24,True
13943039298,6,4,4,0,2,24,10,10,39,False
15735414945,30,6,1,0,2,16,31,31,39,False
13130819298,19,23,4,0,0,9,16,16,39,False
13401917913,50,4,4,0,2,11,8,8,0,False
17731093916,44,3,4,0,2,38,40,40,39,False
13130819298,21,4,4,0,3,38,46,46,39,False
15165929133,50,17,4,0,0,14,8,8,19,False
19852999776,32,11,2,0,3,10,32,32,39,False
19831701219,47,6,4,0,0,25,24,24,9,False
19948700293,3,15,4,0,2,26,39,39,39,True
19948700293,8,2,4,0,1,17,15,15,9,False
15661502139,15,13,4,0,2,30,47,47,39,False
18765816132,37,30,4,0,2,33,39,39,24,False
19852999776,14,3,4,0,1,10,38,38,39,False
18765816132,15,15,4,0,1,15,8,8,9,False
13513580369,16,4,1,0,3,29,43,43,39,False
18802233956,50,1,4,0,0,26,13,13,9,False
17713196465,9,1,1,0,3,14,25,25,39,False
13932780308,42,1,4,0,2,31,39,39,39,True
18989781863,5,4,4,0,2,14,22,22,39,False
15735414945,25,3,4,0,0,23,25,25,9,False
13630678332,31,0,3,0,1,27,34,34,0,False
15797725211,39,17,4,0,0,7,0,0,9,False
19948700293,40,0,1,0,2,13,33,33,39,False
18365196069,34,6,3,0,0,22,14,14,0,False
15079495784,12,50,4,0,2,26,46,46,39,False
17807329663,50,12,4,0,3,2,11,11,39,False
15079495784,46,3,4,0,3,32,25,25,2,False
17713196465,23,12,4,0,3,30,4,4,9,False
18802233956,29,6,4,0,1,37,29,29,21,False
16726368276,48,19,4,0,1,5,4,4,0,False
18765816132,1,0,2,0,1,1,16,16,39,False
17713196465,26,0,1,0,1,17,36,36,21,False
18365196069,50,15,4,0,0,22,8,8,0,False
17623708813,41,91,4,0,3,28,0,0,39,False
19970957519,27,20,4,0,1,29,42,42,39,False
18702113651,40,10,2,0,0,25,17,17,9,False
16630722126,26,5,2,0,2,18,19,19,39,False
18702113651,14,0,3,0,3,2,25,25,39,False
13670356740,4,11,4,0,3,22,10,10,19,False
15735414945,36,10,4,0,3,29,23,23,39,False
17807329663,43,13,4,0,0,15,8,8,9,False
13074255915,35,8,4,0,1,16,9,9,9,True
17623708813,15,6,1,0,3,2,32,32,39,False
19970957519,50,10,4,0,3,16,41,41,39,False
15797725211,16,46,4,0,1,19,24,24,9,False
18989781863,2,17,4,0,1,23,14,14,0,False
18664891854,20,11,1,0,3,46,48,48,39,False
17623708813,32,24,4,0,2,29,39,39,0,False
19881266563,43,30,4,0,0,18,14,14,39,False
18765816132,3,5,4,0,2,0,8,8,39,False
15797725211,5,5,4,0,0,18,0,0,39,False
15079495784,49,44,4,0,3,36,29,29,0,False
19834840803,20,7,4,0,0,21,7,7,19,False
15797725211,51,1,1,0,2,16,7,7,8,False
18702113651,11,11,3,0,1,3,9,9,0,False
19881266563,23,7,1,0,2,12,26,26,39,False
15797725211,13,33,4,0,3,4,25,25,39,False
16726368276,37,3,4,0,0,39,21,21,0,False
17623708813,9,22,4,0,0,10,1,1,0,False
13513580369,13,6,1,0,1,29,28,28,39,False
18702113651,20,5,4,0,3,25,39,39,39,True
17331496902,7,2,4,0,1,45,38,38,9,False
17527328008,38,2,4,0,0,17,3,3,0,False
18702113651,21,6,1,0,2,22,23,23,39,False
17527328008,26,5,4,0,2,39,48,48,39,False
16726368276,1,5,4,0,1,46,21,21,9,False
17527328008,39,4,4,0,1,33,5,5,9,False
19948700293,15,3,4,0,3,32,39,39,39,True
16726368276,37,7,4,0,3,26,47,47,39,False
17713196465,49,13,1,0,1,32,37,37,39,False
13130819298,8,13,4,0,3,36,32,32,39,False
18053307086,15,23,4,0,1,44,36,36,9,False
13670356740,44,0,4,0,1,4,7,7,39,False
18802233956,6,20,4,0,2,26,33,33,39,False
15735414945,1,11,4,0,2,2,7,7,0,False
15079495784,19,11,4,0,2,28,18,18,19,False
15167050060,28,6,3,0,2,24,39,39,39,True
15165929133,13,12,1,0,0,30,23,23,0,False
19859608897,26,2,1,0,0,31,24,24,0,False
15661502139,31,14,4,0,0,25,3,3,9,False
15260233525,44,4,2,0,0,35,30,30,19,False
17713196465,39,10,3,0,0,19,0,0,9,False
18702113651,12,14,3,0,1,12,2,2,9,False
19834840803,25,15,4,0,2,12,19,19,39,False
18664891854,4,6,4,0,3,16,9,9,9,True
19970957519,42,42,4,0,0,31,24,24,0,False
15167050060,19,4,4,0,3,37,38,38,39,False
13513580369,31,5,4,0,0,20,0,0,0,True
18758415613,32,1,2,0,0,44,38,38,9,False
15661502139,9,41,4,0,0,36,25,25,39,False
17731093916,2,5,4,0,3,17,20,20,39,False
16630722126,33,1,3,0,0,22,19,19,19,True
13932780308,25,7,1,0,0,8,0,0,9,False
18053307086,32,1,4,0,1,24,1,1,39,False
15735414945,15,12,4,0,2,30,27,27,9,False
18989781863,43,1,1,0,1,27,33,33,0,False
15165929133,12,3,1,0,0,32,26,26,39,False
18053307086,41,3,4,0,2,16,0,0,9,False
15165929133,25,4,2,0,3,17,33,33,39,False
18365196069,49,3,1,0,3,40,32,32,9,False
19831701219,46,10,3,0,0,22,17,17,19,False
15797725211,13,8,4,0,3,23,25,25,19,False
17807329663,15,28,4,0,2,23,39,39,39,True
15079495784,47,4,2,0,0,15,5,5,19,False
13630678332,34,8,3,0,2,37,39,39,39,True
18758415613,28,9,3,0,0,17,10,10,9,False
17331496902,47,4,1,0,0,14,8,8,39,False
15079495784,5,39,4,0,3,24,11,11,9,False
19970957519,23,9,4,0,2,30,33,33,9,False
19948700293,25,1,4,0,0,12,11,11,0,False
19852999776,4,2,4,0,1,31,1,1,9,False
18365196069,15,2,4,0,0,45,31,31,9,False
18664891854,19,10,1,0,3,47,48,48,10,False
15167050060,16,4,4,0,0,23,31,31,9,False
18053307086,14,5,1,0,3,28,22,22,19,False
18636055184,27,26,4,0,1,40,47,47,39,False
19831701219,23,6,2,0,1,11,0,0,0,True
19834840803,32,7,4,0,3,26,20,20,39,False
17713196465,29,23,2,0,1,17,16,16,9,False
18802233956,17,20,4,0,3,28,14,14,19,False
13401917913,4,56,3,0,1,17,24,24,39,False
19550593600,49,2,4,0,3,22,36,36,39,False
15735414945,19,35,4,0,1,37,16,16,9,False
13130819298,27,3,3,0,1,29,45,45,0,False
18636055184,3,1,2,0,0,19,30,30,9,False
13130819298,44,3,1,0,1,3,0,0,0,True
13513580369,17,8,4,0,2,18,33,33,39,False
15735414945,16,10,3,0,1,1,0,0,39,False
15797725211,30,11,4,0,3,16,20,20,39,False
19852999776,48,16,4,0,3,19,34,34,39,False
15735414945,42,33,4,0,3,25,41,41,39,False
18636055184,15,4,4,0,0,39,8,8,8,True
18989781863,2,6,4,0,0,34,20,20,9,False
13401917913,33,3,4,0,3,39,33,33,9,False
15797725211,17,4,4,0,3,16,25,25,39,False
15797725211,19,11,4,0,3,30,24,24,39,False
19834840803,35,6,2,0,2,34,40,40,39,False
18758415613,36,5,4,0,0,29,23,23,0,False
13513580369,6,13,3,0,3,17,24,24,19,False
16630722126,8,0,2,0,0,9,27,27,19,False
18989781863,44,1,2,0,1,8,18,18,0,False
13074255915,28,6,4,0,3,28,22,22,19,False
19881266563,31,3,4,0,2,24,13,13,39,False
18053307086,18,13,4,0,2,24,9,9,39,False
13130819298,29,2,4,0,2,18,43,43,39,False
19852999776,37,2,4,0,2,12,47,47,39,False
19881266563,43,24,4,0,3,32,14,14,9,False
13401917913,31,14,4,0,0,35,14,14,9,False
18365196069,22,11,2,0,0,44,43,43,9,False
13074255915,7,6,4,0,0,33,5,5,9,False
17713196465,9,15,4,0,3,10,41,41,39,False
17623708813,29,13,4,0,2,16,29,29,0,False
13130819298,45,2,4,0,0,39,0,0,8,False
17623708813,40,5,4,0,3,12,27,27,39,False
15661502139,41,4,3,0,0,33,18,18,1,False
17331496902,28,7,4,0,0,22,2,2,19,False
15797725211,2,5,2,0,0,9,11,11,9,False
16630722126,50,5,2,0,2,3,47,47,39,False
18802233956,42,13,4,0,3,26,1,1,9,False
13943039298,30,3,2,0,2,18,19,19,39,False
15165929133,46,5,4,0,3,45,46,46,19,False
15661502139,27,3,2,0,2,28,37,37,39,False
18991311567,26,0,4,0,1,40,16,16,39,False
19948700293,42,6,2,0,1,23,22,22,9,False
13670356740,5,5,3,0,3,10,38,38,39,False
13670356740,31,13,4,0,2,23,31,31,39,False
13670356740,39,16,4,0,3,43,28,28,39,False
15079495784,48,8,4,0,2,8,24,24,39,False
15797725211,33,13,4,0,0,25,19,19,19,True
19948700293,36,12,4,0,0,23,9,9,9,True
15079495784,49,23,4,0,1,36,29,29,9,False
19948700293,43,3,1,0,2,20,27,27,0,False
13932780308,39,2,2,0,3,32,11,11,19,False
18758415613,6,9,2,0,2,10,6,6,39,False
13932780308,49,5,3,0,3,26,13,13,2,False
19881266563,4,17,4,0,1,33,14,14,9,False
18802233956,36,30,4,0,2,19,32,32,9,False
18758415613,31,4,4,0,3,39,32,32,9,False
13130819298,34,0,4,0,0,33,13,13,9,False
17731093916,14,8,4,0,0,20,19,19,0,False
18365196069,16,5,4,0,2,30,31,31,9,False
13943039298,16,0,2,0,0,43,1,1,39,False
15079495784,1,29,4,0,1,38,43,43,0,False
19834840803,17,6,2,0,1,36,21,21,0,False
19970957519,11,7,4,0,1,9,7,7,0,False
18989781863,34,9,4,0,2,15,48,48,39,False
18802233956,34,11,4,0,2,23,24,24,39,False
13670356740,13,12,4,0,2,31,17,17,9,False
13932780308,17,4,4,0,2,16,7,7,0,False
19550593600,47,5,1,0,1,8,28,28,0,False
17731093916,15,2,4,0,3,7,10,10,39,False
15079495784,35,58,4,0,0,24,14,14,9,False
15797725211,35,7,4,0,0,26,2,2,1,False
17623708813,7,5,4,0,2,23,33,33,39,False
16630722126,43,2,3,0,2,2,0,0,0,True
19859608897,6,9,4,0,3,33,40,40,39,False
15165929133,45,8,4,0,3,32,34,34,39,False
18365196069,41,1,1,0,2,34,47,47,39,False
15260233525,35,18,4,0,2,10,17,17,39,False
16726368276,12,0,3,0,0,38,47,47,39,False
19859608897,26,2,4,0,0,30,21,21,9,False
15165929133,13,3,4,0,3,2,10,10,10,True
13670356740,39,1,4,0,2,18,36,36,39,False
15079495784,37,8,4,0,2,28,36,36,39,False
13943039298,20,17,4,0,0,18,5,5,19,False
19852999776,47,11,4,0,0,18,17,17,39,False
18758415613,26,0,4,0,3,21,1,1,39,False
13670356740,19,5,4,0,0,38,34,34,39,False
19852999776,28,1,3,0,0,8,7,7,0,False
15260233525,14,3,4,0,0,25,29,29,0,False
17527328008,49,33,4,0,3,16,1,1,8,False
15079495784,20,6,4,0,1,16,0,0,0,True
19948700293,11,9,3,0,0,31,24,24,0,False
19831701219,21,4,4,0,3,29,32,32,39,False
17731093916,3,6,2,0,2,10,46,46,39,False
17731093916,46,11,4,0,1,41,39,39,0,False
15661502139,21,16,4,0,2,12,19,19,39,False
15797725211,47,12,4,0,2,2,0,0,0,True
17807329663,40,3,2,0,3,2,10,10,39,False
15260233525,34,1,1,0,1,32,19,19,19,True
13074255915,14,7,3,0,3,45,46,46,19,False
18365196069,2,3,4,0,1,46,29,29,9,False
18702113651,8,4,4,0,3,2,17,17,39,False
19970957519,36,3,2,0,2,24,17,17,0,False
18991311567,18,8,4,0,3,19,46,46,39,False
19834840803,17,7,2,0,0,35,21,21,9,False
15797725211,5,31,4,0,1,25,17,17,0,False
17623708813,1,83,4,0,0,28,9,9,19,False
18365196069,27,0,4,0,2,27,45,45,0,False
18702113651,25,6,1,0,2,22,31,31,39,False
15260233525,23,4,4,0,2,8,0,0,0,True
13943039298,22,8,4,0,0,18,6,6,19,False
18991311567,47,10,4,0,2,6,32,32,39,False
17731093916,46,14,4,0,3,44,39,39,39,True
15797725211,39,4,4,0,1,2,0,0,1,False
17527328008,30,19,4,0,0,27,20,20,9,False
18636055184,39,10,4,0,0,27,19,19,0,False
18053307086,30,10,4,0,1,17,31,31,19,False
17623708813,47,61,4,0,1,26,6,6,21,False
13513580369,35,1,3,0,0,15,11,11,19,False
13074255915,42,9,4,0,3,17,31,31,39,False
15735414945,24,43,4,0,0,25,3,3,9,False
15079495784,12,30,4,0,0,23,46,46,39,False
18053307086,26,1,2,0,0,19,2,2,9,False
19831701219,10,24,4,0,2,25,45,45,39,False
18053307086,23,11,4,0,3,31,2,2,9,False
15661502139,40,21,4,0,2,25,33,33,39,False
17713196465,19,30,4,0,3,23,39,39,9,False
15661502139,31,1,4,0,0,38,11,11,9,False
13074255915,15,0,2,0,0,46,33,33,19,False
18758415613,48,4,1,0,2,35,42,42,39,False
19831701219,19,4,4,0,3,3,4,4,39,False
17623708813,36,3,4,0,0,38,2,2,9,False
17623708813,16,15,4,0,2,28,24,24,39,False
18991311567,6,11,4,0,3,30,46,46,39,False
15661502139,31,12,4,0,3,30,46,46,39,False
17331496902,42,0,4,0,3,8,32,32,24,False
17713196465,42,0,2,0,1,26,5,5,9,False
13943039298,16,13,4,0,1,2,0,0,0,True
19948700293,12,7,4,0,3,0,1,1,39,False
13670356740,43,2,1,0,3,11,20,20,39,False
19881266563,8,4,4,0,2,7,4,4,39,False
17623708813,37,13,3,0,2,24,22,22,24,False
15165929133,41,13,4,0,0,21,8,8,19,False
13074255915,31,1,1,0,2,11,14,14,0,False
18664891854,35,6,4,0,2,4,10,10,0,False
15079495784,39,14,4,0,1,26,21,21,9,False
17713196465,39,12,2,0,3,18,6,6,19,False
17731093916,33,5,4,0,1,34,33,33,0,False
15165929133,28,4,3,0,2,16,14,14,0,False
15735414945,39,5,1,0,3,25,24,24,9,False
15735414945,7,24,1,0,0,34,19,19,0,False
17731093916,24,1,4,0,3,35,39,39,19,False
13401917913,6,10,4,0,1,13,19,19,0,False
18758415613,13,0,3,0,1,40,42,42,39,False
17713196465,34,9,3,0,0,19,6,6,9,False
13130819298,44,46,4,0,0,35,17,17,19,False
16726368276,25,1,4,0,2,4,14,14,0,False
17527328008,32,4,4,0,1,3,8,8,9,False
15661502139,22,0,1,0,1,33,16,16,9,False
19550593600,6,6,2,0,3,45,47,47,19,False
17527328008,23,6,4,0,3,25,27,27,39,False
15165929133,22,13,4,0,0,18,4,4,9,False
19970957519,10,8,4,0,2,30,45,45,39,False
15735414945,47,51,4,0,1,37,16,16,9,False
15661502139,14,24,4,0,0,38,1,1,9,False
19834840803,8,31,4,0,0,15,0,0,0,True
13513580369,38,8,4,0,0,7,0,0,9,False
18702113651,13,1,1,0,1,9,33,33,39,False
18702113651,2,8,4,0,1,25,32,32,39,False
19834840803,11,5,3,0,3,44,45,45,39,False
18802233956,43,22,4,0,2,33,31,31,9,False
18053307086,48,11,4,0,3,30,31,31,39,False
18053307086,31,2,2,0,2,15,46,46,39,False
18702113651,7,5,2,0,3,47,41,41,2,False
15661502139,49,6,4,0,1,30,37,37,39,False
19831701219,3,3,2,0,3,14,1,1,39,False
18636055184,1,18,4,0,2,25,24,24,0,False
18702113651,17,13,4,0,1,27,6,6,9,False
19881266563,3,3,4,0,3,2,24,24,39,False
13943039298,11,3,4,0,1,46,29,29,9,False
15167050060,4,2,4,0,2,19,26,26,9,False
13130819298,6,2,4,0,3,7,12,12,39,False
13074255915,8,15,4,0,0,8,1,1,0,False
16630722126,27,20,4,0,2,5,20,20,39,False
13943039298,14,1,3,0,1,26,9,9,0,False
18802233956,45,16,3,0,0,29,14,14,1,False
15797725211,23,12,4,0,0,38,16,16,0,False
18365196069,37,5,4,0,0,23,18,18,19,False
15165929133,21,5,2,0,0,41,33,33,0,False
19881266563,15,3,4,0,0,10,1,1,0,False
18664891854,22,7,4,0,0,45,31,31,9,False
17331496902,5,4,1,0,0,17,3,3,0,False
19831701219,33,3,4,0,1,10,7,7,0,False
17713196465,38,11,4,0,2,28,38,38,39,False
15079495784,50,10,3,0,2,20,12,12,0,False
18053307086,22,6,2,0,1,3,8,8,0,False
18664891854,28,9,4,0,1,39,10,10,9,False
18053307086,49,3,3,0,2,31,22,22,9,False
13074255915,2,0,2,0,1,9,16,16,39,False
17807329663,17,8,4,0,1,32,31,31,0,False
13074255915,49,20,4,0,0,31,24,24,9,False
13932780308,37,5,3,0,1,29,44,44,9,False
15735414945,19,6,1,0,2,16,47,47,39,False
15165929133,29,11,4,0,0,34,20,20,0,False
19970957519,11,3,4,0,3,1,10,10,39,False
18765816132,13,2,3,0,1,37,43,43,9,False
19970957519,27,4,4,0,0,38,17,17,9,False
15165929133,27,22,4,0,2,25,47,47,39,False
15260233525,26,11,4,0,1,35,30,30,19,False
19831701219,28,5,4,0,1,19,33,33,9,False
16726368276,35,22,4,0,0,7,1,1,19,False
17331496902,21,4,4,0,0,22,8,8,0,False
17331496902,11,7,4,0,2,18,6,6,19,False
18802233956,9,8,4,0,0,36,1,1,9,False
18636055184,11,6,2,0,3,16,9,9,0,False
19881266563,34,10,4,0,0,30,23,23,9,False
19881266563,6,1,3,0,2,20,13,13,0,False
15165929133,38,17,4,0,1,31,2,2,0,False
15260233525,27,2,4,0,0,25,5,5,9,False
15165929133,6,18,4,0,2,32,40,40,39,False
16726368276,17,9,2,0,2,12,19,19,39,False
18053307086,12,4,4,0,3,26,3,3,1,False
15079495784,26,0,4,0,1,23,15,15,39,False
18702113651,28,5,4,0,0,33,13,13,9,False
16630722126,12,1,3,0,0,37,7,7,9,False
16726368276,9,12,4,0,1,29,36,36,9,False
13513580369,27,1,4,0,3,28,19,19,19,True
13130819298,15,11,4,0,3,47,41,41,39,False
19948700293,28,1,4,0,3,36,22,22,9,False
15797725211,20,55,4,0,2,13,20,20,19,False
18758415613,34,3,1,0,2,3,12,12,39,False
16630722126,16,5,4,0,3,14,15,15,39,False
13670356740,43,22,4,0,3,29,24,24,9,False
16630722126,24,16,4,0,3,30,38,38,39,False
17807329663,12,18,4,0,3,45,46,46,39,False
13670356740,30,8,1,0,3,31,17,17,9,False
18702113651,13,1,2,0,3,39,47,47,39,False
17713196465,25,4,4,0,2,9,31,31,24,False
17623708813,19,44,4,0,3,31,6,6,39,False
15735414945,44,32,2,0,2,22,23,23,39,False
17807329663,25,2,4,0,2,39,15,15,9,False
17807329663,40,12,4,0,2,7,18,18,39,False
18053307086,14,8,4,0,2,27,29,29,0,False
15167050060,2,4,4,0,2,4,2,2,0,False
18758415613,4,0,3,0,2,39,8,8,8,True
13630678332,6,12,3,0,3,21,1,1,19,False
18365196069,41,11,4,0,0,17,9,9,9,True
17527328008,40,1,4,0,3,0,31,31,24,False
13130819298,48,20,4,0,0,29,7,7,1,False
19831701219,34,5,4,0,1,9,14,14,0,False
17807329663,42,15,4,0,1,19,33,33,9,False
18765816132,2,3,4,0,3,18,12,12,19,False
18636055184,3,13,4,0,2,18,19,19,39,False
17331496902,1,7,4,0,2,36,43,43,39,False
17331496902,13,3,1,0,3,32,46,46,39,False
19948700293,16,0,4,0,2,14,28,28,39,False
15661502139,24,2,1,0,0,25,16,16,9,False
18702113651,18,22,4,0,0,31,30,30,9,False
15165929133,26,13,4,0,2,25,39,39,39,True
15260233525,31,8,4,0,3,31,17,17,9,False
15167050060,7,6,4,0,0,13,11,11,0,False
19831701219,2,26,4,0,1,3,2,2,9,False
15735414945,38,18,4,0,1,10,16,16,39,False
15797725211,43,4,4,0,0,15,18,18,39,False
18636055184,40,11,4,0,3,32,47,47,39,False
18702113651,6,20,4,0,3,45,3,3,9,False
18053307086,26,9,3,0,1,9,1,1,0,False
18702113651,2,1,3,0,0,31,2,2,0,False
19881266563,24,11,4,0,0,24,18,18,39,False
18664891854,43,6,4,0,2,38,47,47,39,False
19550593600,1,12,4,0,3,4,13,13,39,False
13670356740,8,3,4,0,1,18,37,37,39,False
15260233525,14,2,4,0,1,26,29,29,0,False
18053307086,24,13,3,0,2,28,46,46,39,False
17807329663,9,34,4,0,2,28,23,23,19,False
17623708813,41,5,4,0,2,12,47,47,39,False
15079495784,19,9,1,0,2,31,16,16,9,False
18053307086,42,15,2,0,2,11,20,20,39,False
18758415613,11,4,2,0,3,39,33,33,9,False
17807329663,21,29,4,0,2,8,0,0,39,False
13943039298,15,19,4,0,1,16,8,8,1,False
17623708813,38,54,4,0,3,33,34,34,39,False
13074255915,24,12,4,0,3,25,26,26,39,False
15797725211,44,2,1,0,2,15,44,44,39,False
13130819298,11,12,2,0,0,29,8,8,9,False
15797725211,23,7,2,0,0,35,28,28,9,False
18765816132,34,24,4,0,0,36,22,22,9,False
15167050060,47,11,4,0,3,32,39,39,39,True
15079495784,44,1,4,0,0,29,9,9,9,True
18758415613,13,24,4,0,3,11,19,19,39,False
15165929133,5,3,4,0,3,12,27,27,39,False
17807329663,31,16,4,0,3,25,15,15,9,False
17623708813,12,4,4,0,0,22,18,18,39,False
17527328008,44,4,2,0,0,31,24,24,0,False
19834840803,12,2,4,0,2,20,33,33,0,False
17623708813,19,151,4,0,0,12,6,6,39,False
18802233956,25,39,4,0,0,33,17,17,1,False
15797725211,1,4,3,0,3,10,26,26,39,False
15661502139,39,30,4,0,2,13,36,36,21,False
19852999776,48,7,1,0,2,12,31,31,24,False
18053307086,32,21,4,0,0,15,9,9,19,False
15735414945,46,42,4,0,2,8,14,14,9,False
17731093916,44,4,4,0,1,32,46,46,39,False
18636055184,6,7,4,0,3,9,21,21,0,False
19970957519,30,20,4,0,2,23,29,29,24,False
17623708813,7,12,3,0,1,17,16,16,9,False
19852999776,1,9,4,0,2,2,7,7,0,False
15165929133,46,4,4,0,3,44,46,46,39,False
15797725211,36,3,1,0,2,3,11,11,39,False
17527328008,9,0,2,0,2,3,6,6,39,False
15797725211,20,3,1,0,2,16,24,24,39,False
17807329663,7,1,1,0,0,33,9,9,1,False
13670356740,13,4,4,0,2,22,23,23,39,False
15735414945,24,1,4,0,1,24,3,3,39,False
15165929133,5,4,4,0,1,5,11,11,9,False
13130819298,33,1,4,0,1,25,21,21,9,False
15167050060,24,2,3,0,3,37,31,31,39,False
13670356740,48,1,4,0,0,39,36,36,0,False
15797725211,20,8,1,0,3,16,24,24,39,False
19948700293,38,21,4,0,2,23,24,24,39,False
19831701219,13,3,2,0,2,6,18,18,24,False
13670356740,33,1,4,0,2,7,4,4,39,False
19970957519,10,25,4,0,2,2,0,0,0,True
15079495784,20,8,4,0,2,16,0,0,9,False
17331496902,49,2,4,0,3,32,1,1,1,True
15260233525,40,6,4,0,3,2,11,11,39,False
18989781863,29,9,2,0,0,17,3,3,0,False
18758415613,39,5,1,0,2,34,41,41,39,False
13513580369,20,5,2,0,3,2,3,3,10,False
13130819298,45,2,4,0,0,41,5,5,9,False
18636055184,43,1,3,0,0,10,9,9,1,False
13943039298,6,2,4,0,1,17,15,15,0,False
17623708813,30,34,4,0,2,3,23,23,24,False
13130819298,27,0,1,0,0,46,47,47,19,False
13130819298,45,21,4,0,1,12,0,0,9,False
16726368276,21,3,3,0,2,31,30,30,9,False
19970957519,50,95,4,0,2,38,41,41,39,False
18664891854,41,1,4,0,2,13,8,8,21,False
17731093916,12,8,3,0,3,17,5,5,39,False
19550593600,8,7,4,0,2,11,2,2,0,False
16630722126,29,4,2,0,2,10,19,19,39,False
18664891854,10,12,4,0,0,17,2,2,9,False
13932780308,25,6,3,0,2,18,20,20,39,False
15735414945,24,5,4,0,3,31,3,3,9,False
16630722126,44,3,4,0,2,27,34,34,0,False
17713196465,1,1,2,0,0,44,1,1,9,False
19852999776,1,6,2,0,2,2,0,0,0,True
17623708813,1,84,4,0,3,28,9,9,19,False
13670356740,10,12,4,0,3,8,2,2,2,True
18365196069,20,5,4,0,2,18,19,19,39,False
13130819298,22,3,2,0,2,2,1,1,0,False
19970957519,47,0,4,0,2,19,24,24,9,False
18053307086,25,11,4,0,0,42,43,43,1,False
13401917913,23,3,3,0,0,44,42,42,0,False
17331496902,25,6,1,0,0,14,1,1,9,False
18664891854,43,2,4,0,0,24,21,21,0,False
19852999776,10,3,3,0,1,19,40,40,9,False
19859608897,25,3,4,0,3,29,21,21,9,False
15167050060,36,1,1,0,0,37,21,21,0,False
15079495784,3,4,3,0,2,24,9,9,9,True
13670356740,34,6,1,0,3,29,38,38,39,False
13943039298,24,3,1,0,3,39,41,41,39,False
15735414945,11,9,4,0,0,20,9,9,0,False
15661502139,38,4,4,0,0,40,0,0,9,False
17807329663,36,1,4,0,0,18,3,3,39,False
18636055184,31,1,4,0,3,37,2,2,9,False
18053307086,40,8,4,0,1,26,19,19,9,False
15165929133,47,13,1,0,2,23,31,31,39,False
15735414945,23,4,4,0,1,11,0,0,0,True
19970957519,49,0,4,0,3,7,25,25,39,False
17527328008,25,20,1,0,2,10,9,9,9,True
15079495784,30,1,2,0,0,25,36,36,9,False
15260233525,3,1,1,0,1,3,1,1,0,False
15079495784,5,11,4,0,2,17,24,24,39,False
15167050060,13,6,4,0,3,32,39,39,39,True
13130819298,28,9,1,0,1,36,43,43,39,False
13401917913,37,12,4,0,0,30,21,21,1,False
15079495784,32,22,4,0,3,37,39,39,39,True
13630678332,44,35,4,0,0,10,3,3,9,False
13943039298,35,3,4,0,2,10,48,48,39,False
15165929133,31,9,1,0,1,3,9,9,9,True
15661502139,1,12,1,0,1,11,31,31,39,False
15079495784,31,10,4,0,2,30,7,7,0,False
18802233956,47,2,2,0,3,14,9,9,39,False
17731093916,18,0,1,0,2,24,5,5,39,False
18802233956,4,1,4,0,1,39,14,14,9,False
17527328008,36,6,1,0,0,18,12,12,19,False
18702113651,35,3,2,0,0,19,1,1,9,False
19881266563,22,15,4,0,1,19,41,41,9,False
17807329663,25,1,4,0,2,10,32,32,39,False
15661502139,9,6,4,0,2,33,36,36,0,False
13670356740,44,2,2,0,1,37,8,8,0,False
15735414945,25,1,4,0,1,39,21,21,9,False
18758415613,6,10,4,0,2,23,30,30,24,False
15079495784,35,27,4,0,1,24,14,14,0,False
19948700293,9,0,4,0,3,42,39,39,9,False
13630678332,4,10,4,0,0,16,8,8,8,True
19831701219,49,1,4,0,1,13,24,24,39,False
17713196465,24,8,4,0,3,30,31,31,39,False
13513580369,13,4,3,0,0,9,23,23,19,False
13943039298,29,2,4,0,1,12,18,18,9,False
13943039298,37,2,2,0,3,22,11,11,39,False
15079495784,48,2,3,0,2,12,39,39,39,True
13130819298,46,41,4,0,3,9,16,16,9,False
15260233525,2,28,3,0,1,33,24,24,9,False
15797725211,39,15,4,0,1,15,0,0,0,True
18758415613,1,14,4,0,1,18,9,9,9,True
19550593600,31,22,4,0,3,11,20,20,39,False
17623708813,29,0,3,0,2,23,27,27,19,False
19852999776,44,0,4,0,0,44,17,17,9,False
17623708813,41,227,4,0,1,39,0,0,0,True
13630678332,12,1,1,0,1,27,41,41,0,False
17331496902,48,20,4,0,1,47,40,40,1,False
18053307086,18,3,4,0,2,25,32,32,39,False
13074255915,45,4,4,0,2,37,46,46,39,False
15165929133,21,2,4,0,0,38,40,40,39,False
13513580369,28,3,3,0,2,28,45,45,39,False
16630722126,19,24,4,0,1,11,10,10,9,False
13513580369,9,10,4,0,0,26,6,6,21,False
19948700293,32,3,4,0,0,39,3,3,1,False
18053307086,15,3,4,0,0,44,41,41,19,False
18991311567,35,3,3,0,3,3,20,20,39,False
18365196069,10,7,2,0,1,9,8,8,0,False
13130819298,16,26,1,0,1,11,20,20,39,False
19881266563,10,32,4,0,1,12,2,2,9,False
18802233956,43,20,4,0,3,5,11,11,39,False
16630722126,5,9,2,0,2,16,14,14,0,False
15797725211,4,0,2,0,3,14,11,11,39,False
15167050060,7,2,3,0,3,7,8,8,19,False
18991311567,29,12,2,0,2,18,20,20,39,False
18365196069,11,0,4,0,0,40,21,21,39,False
16630722126,40,11,3,0,0,22,15,15,0,False
19881266563,19,13,4,0,3,19,2,2,9,False
17807329663,3,4,1,0,0,17,36,36,0,False
19550593600,49,16,4,0,3,21,14,14,19,False
18664891854,38,5,2,0,0,41,34,34,0,False
19881266563,17,7,4,0,1,33,14,14,9,False
19881266563,44,47,4,0,3,9,20,20,19,False
19834840803,2,5,4,0,3,32,46,46,39,False
18053307086,20,1,4,0,3,39,11,11,1,False
18664891854,33,5,4,0,0,48,27,27,1,False
18758415613,13,5,4,0,0,37,23,23,21,False
13513580369,49,22,1,0,1,36,16,16,9,False
13932780308,12,7,3,0,2,12,46,46,39,False
18053307086,30,11,4,0,0,14,7,7,0,False
17331496902,22,0,4,0,2,27,39,39,0,False
16630722126,12,8,4,0,2,3,41,41,39,False
15661502139,18,18,4,0,0,17,41,41,39,False
18765816132,9,5,1,0,2,23,31,31,39,False
17713196465,19,6,4,0,1,17,24,24,39,False
19948700293,11,4,2,0,1,33,32,32,0,False
19881266563,32,1,1,0,3,2,10,10,10,True
15165929133,41,8,2,0,3,46,48,48,39,False
16630722126,21,2,3,0,0,41,32,32,0,False
15260233525,30,6,4,0,2,12,47,47,39,False
13670356740,8,8,4,0,2,28,43,43,39,False
19948700293,48,4,3,0,1,38,21,21,0,False
18765816132,21,3,4,0,3,18,48,48,39,False
17713196465,14,13,4,0,2,11,32,32,39,False
17623708813,49,30,4,0,0,18,9,9,39,False
19852999776,30,14,4,0,3,29,16,16,39,False
13401917913,23,43,4,0,0,16,13,13,39,False
15735414945,13,2,4,0,3,0,23,23,39,False
13074255915,24,0,2,0,1,1,45,45,39,False
15079495784,18,19,4,0,2,31,3,3,9,False
15167050060,18,14,4,0,0,16,15,15,0,False
17807329663,42,8,4,0,1,11,17,17,9,False
18702113651,11,2,2,0,3,45,47,47,2,False
17731093916,20,7,4,0,0,37,1,1,0,False
17331496902,9,12,4,0,1,26,45,45,39,False
19834840803,41,1,1,0,1,33,26,26,0,False
17731093916,4,8,4,0,3,33,39,39,24,False
18802233956,13,4,4,0,1,26,10,10,1,False
13670356740,31,6,4,0,1,6,14,14,0,False
17527328008,7,4,1,0,0,46,20,20,9,False
15661502139,8,14,2,0,1,33,38,38,39,False
15167050060,26,3,4,0,2,22,28,28,39,False
19970957519,29,6,4,0,2,39,38,38,0,False
18758415613,9,4,2,0,0,11,6,6,19,False
15797725211,44,19,4,0,0,22,14,14,0,False
17623708813,41,264,4,0,1,15,0,0,9,False
13943039298,16,6,4,0,1,41,40,40,0,False
15735414945,28,5,3,0,0,42,44,44,1,False
15079495784,44,5,4,0,0,15,9,9,39,False
17623708813,39,6,4,0,1,6,0,0,0,True
18636055184,8,1,3,0,0,9,29,29,0,False
18991311567,28,3,4,0,0,31,14,14,0,False
19852999776,20,17,4,0,1,26,10,10,1,False
15661502139,15,6,4,0,0,19,36,36,0,False
18664891854,7,16,4,0,3,33,48,48,39,False
16630722126,46,3,3,0,0,23,14,14,9,False
19881266563,27,8,4,0,2,19,25,25,39,False
16726368276,44,16,4,0,0,11,20,20,39,False
13943039298,37,9,4,0,3,9,47,47,39,False
15797725211,10,0,4,0,1,39,0,0,0,True
19948700293,37,8,4,0,2,10,23,23,39,False
17807329663,33,4,4,0,2,3,46,46,39,False
18664891854,35,12,4,0,0,38,19,19,19,True
16726368276,17,2,4,0,0,45,33,33,2,False
19970957519,1,9,3,0,1,17,31,31,19,False
13932780308,24,13,2,0,0,25,0,0,9,False
18989781863,38,11,4,0,0,27,20,20,9,False
18802233956,40,23,4,0,3,15,16,16,39,False
18053307086,17,5,4,0,1,19,33,33,39,False
19948700293,50,3,1,0,2,25,41,41,39,False
18664891854,18,14,4,0,0,11,4,4,9,False
13401917913,28,4,4,0,0,24,17,17,0,False
18702113651,15,12,4,0,3,3,4,4,39,False
18664891854,10,1,3,0,3,40,27,27,19,False
16630722126,13,4,3,0,0,9,10,10,9,False
19834840803,29,7,3,0,0,31,24,24,0,False
18802233956,9,3,4,0,3,37,12,12,19,False
15167050060,27,26,4,0,1,10,14,14,9,False
18664891854,8,0,3,0,1,26,45,45,39,False
19881266563,24,14,4,0,2,29,24,24,9,False
13630678332,18,12,1,0,2,34,39,39,39,True
18702113651,29,6,3,0,1,27,5,5,9,False
19859608897,28,4,4,0,0,32,20,20,9,False
17713196465,29,22,4,0,1,26,25,25,9,False
18702113651,47,9,4,0,2,12,19,19,39,False
16726368276,8,30,4,0,3,26,11,11,9,False
17713196465,14,5,4,0,1,40,28,28,9,False
18636055184,46,3,4,0,3,31,47,47,39,False
19831701219,40,7,4,0,3,23,18,18,9,False
15079495784,5,1,4,0,2,11,15,15,0,False
13670356740,43,13,4,0,1,13,25,25,39,False
17623708813,9,3,4,0,3,40,48,48,39,False
19970957519,39,0,3,0,0,38,12,12,19,False
15079495784,8,16,4,0,0,33,11,11,1,False
18702113651,48,3,4,0,3,8,34,34,39,False
19831701219,8,7,4,0,0,31,24,24,0,False
17331496902,23,7,1,0,2,24,22,22,24,False
18702113651,32,1,3,0,3,14,19,19,39,False
15260233525,10,17,3,0,3,10,20,20,39,False
17731093916,31,2,4,0,1,48,34,34,9,False
19834840803,1,19,4,0,3,32,39,39,39,True
15165929133,41,1,1,0,2,11,3,3,9,False
18758415613,13,8,1,0,2,16,30,30,24,False
19831701219,47,15,4,0,1,31,24,24,0,False
18702113651,24,6,4,0,0,19,2,2,9,False
17331496902,43,13,2,0,3,32,41,41,39,False
18636055184,16,12,4,0,2,10,46,46,39,False
19948700293,14,14,4,0,0,23,8,8,9,False
15797725211,47,3,2,0,0,12,5,5,2,False
13074255915,33,0,4,0,0,26,15,15,0,False
19859608897,13,7,4,0,2,25,41,41,39,False
19881266563,29,8,4,0,3,25,38,38,39,False
15797725211,4,22,1,0,0,15,24,24,39,False
19831701219,40,17,4,0,2,25,34,34,39,False
18053307086,41,4,1,0,2,2,9,9,24,False
19834840803,41,2,4,0,3,36,40,40,39,False
17807329663,8,3,4,0,2,0,10,10,39,False
19831701219,39,11,4,0,3,25,28,28,9,False
13630678332,6,11,3,0,1,22,1,1,0,False
16726368276,18,1,1,0,0,27,12,12,0,False
13401917913,34,6,4,0,2,40,48,48,39,False
19948700293,16,12,2,0,2,2,1,1,0,False
15735414945,42,11,4,0,1,11,16,16,9,False
15260233525,34,6,1,0,0,33,19,19,1,False
18053307086,42,3,3,0,3,32,23,23,9,False
19834840803,48,21,4,0,0,10,9,9,9,True
18758415613,33,3,4,0,2,0,39,39,39,True
13513580369,35,14,4,0,0,11,47,47,39,False
19970957519,46,25,4,0,1,36,21,21,0,False
15797725211,12,24,2,0,0,41,19,19,9,False
18991311567,48,6,2,0,2,8,7,7,0,False
13670356740,45,6,2,0,0,29,8,8,1,False
17731093916,44,5,4,0,1,33,5,5,9,False
18758415613,3,1,3,0,1,41,48,48,9,False
15661502139,39,6,4,0,2,2,0,0,0,True
18802233956,4,19,2,0,3,33,34,34,39,False
19948700293,1,17,4,0,2,24,16,16,39,False
15661502139,48,6,4,0,2,41,48,48,39,False
17331496902,17,2,1,0,1,47,33,33,9,False
15797725211,37,3,4,0,1,31,16,16,1,False
18989781863,10,0,4,0,1,40,2,2,19,False
15661502139,22,3,3,0,1,36,43,43,39,False
19881266563,36,4,4,0,0,26,13,13,9,False
15167050060,47,16,4,0,2,15,4,4,19,False
13130819298,9,0,2,0,2,0,44,44,24,False
18664891854,46,2,1,0,0,38,40,40,39,False
15661502139,17,11,4,0,3,10,46,46,39,False
18758415613,43,2,4,0,3,17,39,39,39,True
17623708813,46,3,4,0,1,18,3,3,9,False
13932780308,15,2,2,0,3,14,35,35,39,False
18664891854,29,15,4,0,3,15,16,16,39,False
18989781863,11,2,4,0,1,40,47,47,9,False
17731093916,19,7,4,0,0,46,10,10,1,False
18991311567,9,15,4,0,1,37,29,29,9,False
19834840803,46,1,4,0,3,38,39,39,39,True
18802233956,13,5,4,0,3,16,39,39,39,True
18702113651,49,5,2,0,1,19,26,26,9,False
18989781863,33,1,4,0,3,39,26,26,9,False
18802233956,29,4,4,0,2,9,16,16,39,False
19550593600,48,11,4,0,2,33,48,48,39,False
19834840803,21,4,3,0,2,15,29,29,39,False
18053307086,10,2,3,0,2,7,1,1,39,False
15797725211,3,16,4,0,0,26,12,12,0,False
17623708813,39,19,4,0,0,14,0,0,0,True
18802233956,34,49,4,0,1,25,24,24,9,False
17807329663,8,7,4,0,3,18,11,11,19,False
17807329663,22,16,4,0,3,35,38,38,39,False
13630678332,16,12,1,0,3,32,39,39,39,True
13670356740,39,19,4,0,1,37,28,28,9,False
19859608897,48,7,4,0,3,31,40,40,39,False
15735414945,7,8,4,0,1,18,9,9,9,True
15735414945,26,9,4,0,1,30,32,32,9,False
18664891854,38,5,1,0,3,33,39,39,9,False
15079495784,1,8,4,0,3,38,25,25,19,False
18053307086,3,13,4,0,0,19,12,12,1,False
15661502139,33,0,2,0,1,3,20,20,39,False
16726368276,43,6,4,0,2,4,9,9,0,False
18636055184,49,0,4,0,2,15,36,36,39,False
15735414945,7,6,2,0,2,31,7,7,8,False
19852999776,40,8,4,0,3,32,39,39,39,True
18365196069,12,5,4,0,3,39,34,34,9,False
19948700293,1,3,4,0,3,2,17,17,39,False
17807329663,38,7,2,0,1,11,10,10,0,False
19834840803,31,2,4,0,2,27,34,34,0,False
18053307086,9,10,4,0,2,24,0,0,9,False
17623708813,18,2,4,0,2,16,14,14,0,False
18365196069,49,18,4,0,3,31,39,39,39,True
17527328008,5,9,4,0,1,24,8,8,9,False
19852999776,43,12,1,0,2,16,2,2,1,False
18702113651,27,3,2,0,2,37,43,43,39,False
17807329663,36,10,4,0,3,16,47,47,39,False
18802233956,47,21,4,0,3,42,45,45,39,False
17807329663,49,10,4,0,1,9,14,14,0,False
19881266563,41,20,4,0,1,46,29,29,9,False
17623708813,10,102,4,0,2,38,13,13,39,False
15165929133,42,14,4,0,3,4,12,12,39,False
15797725211,32,7,2,0,1,10,1,1,0,False
15797725211,13,0,4,0,0,47,10,10,9,False
18664891854,11,2,4,0,2,31,30,30,39,False
15735414945,41,6,4,0,3,10,34,34,39,False
19970957519,1,1,4,0,1,17,38,38,39,False
13513580369,13,13,4,0,3,25,24,24,9,False
17713196465,36,5,4,0,3,8,16,16,39,False
13401917913,38,8,2,0,0,30,34,34,24,False
19881266563,34,17,4,0,1,30,20,20,9,False
19970957519,38,14,4,0,2,9,16,16,19,False
19852999776,18,2,1,0,0,15,4,4,19,False
18365196069,28,6,4,0,3,22,23,23,39,False
19948700293,22,5,4,0,0,44,38,38,9,False
13130819298,37,2,4,0,2,13,46,46,39,False
19834840803,50,1,4,0,0,39,33,33,9,False
13943039298,7,2,4,0,2,19,15,15,9,False
18758415613,28,13,4,0,3,4,12,12,39,False
17807329663,20,22,4,0,0,29,2,2,1,False
13943039298,45,27,4,0,1,26,39,39,39,True
18989781863,20,1,4,0,2,20,41,41,0,False
17623708813,40,9,4,0,2,5,27,27,39,False
19831701219,9,3,4,0,2,17,44,44,39,False
19948700293,3,3,1,0,1,45,37,37,9,False
18664891854,26,2,3,0,3,17,47,47,39,False
17623708813,2,16,4,0,3,25,15,15,8,False
13670356740,13,22,4,0,0,31,17,17,9,False
17527328008,49,5,3,0,1,15,8,8,9,False
19948700293,6,34,4,0,1,16,14,14,9,False
19970957519,20,42,4,0,0,36,9,9,9,True
19831701219,18,20,4,0,1,24,8,8,9,False
13513580369,19,13,4,0,1,32,17,17,0,False
13670356740,31,8,4,0,0,45,16,16,9,False
19831701219,21,0,1,0,0,45,30,30,2,False
13932780308,48,14,3,0,0,29,8,8,9,False
19852999776,38,13,4,0,1,30,38,38,39,False
16726368276,7,11,4,0,1,31,16,16,9,False
19831701219,7,24,4,0,0,28,14,14,19,False
15735414945,22,2,2,0,1,37,35,35,9,False
17807329663,10,4,2,0,2,38,45,45,39,False
19834840803,16,11,4,0,1,26,48,48,39,False
19852999776,46,21,4,0,3,9,16,16,39,False
19948700293,8,9,4,0,0,17,3,3,0,False
16726368276,24,4,4,0,3,38,39,39,39,True
13074255915,16,0,4,0,0,24,5,5,39,False
18365196069,29,1,4,0,3,46,27,27,9,False
18802233956,19,19,4,0,1,12,14,14,9,False
15260233525,5,2,4,0,0,33,2,2,9,False
15661502139,27,0,3,0,2,12,32,32,24,False
19834840803,20,3,4,0,1,16,7,7,0,False
18765816132,2,3,2,0,2,4,16,16,0,False
18365196069,32,2,2,0,3,28,0,0,19,False
19881266563,14,10,4,0,3,24,2,2,39,False
19831701219,20,36,4,0,2,9,23,23,39,False
15079495784,39,7,1,0,0,30,16,16,1,False
16630722126,18,0,4,0,2,1,22,22,39,False
17527328008,16,15,4,0,3,40,25,25,9,False
17713196465,36,16,3,0,3,10,24,24,39,False
13401917913,41,15,4,0,2,26,34,34,39,False
18702113651,42,9,4,0,2,39,37,37,0,False
18664891854,44,2,2,0,0,12,17,17,9,False
15165929133,47,27,4,0,1,11,10,10,9,False
17713196465,42,3,2,0,0,19,5,5,9,False
18758415613,41,9,4,0,1,40,48,48,39,False
13130819298,37,13,4,0,2,40,47,47,39,False
18758415613,46,3,3,0,0,30,25,25,39,False
15165929133,9,5,4,0,3,2,32,32,39,False
16726368276,40,5,4,0,1,35,30,30,19,False
18802233956,15,8,4,0,1,24,2,2,24,False
17623708813,40,24,4,0,3,30,27,27,39,False
15167050060,45,6,4,0,3,38,33,33,39,False
18664891854,39,8,4,0,2,8,24,24,24,True
19852999776,29,9,4,0,3,25,26,26,39,False
17807329663,34,5,3,0,0,29,0,0,1,False
15735414945,5,6,4,0,1,24,7,7,39,False
19852999776,33,2,4,0,1,37,2,2,1,False
19881266563,24,8,4,0,2,16,24,24,39,False
19834840803,25,10,4,0,3,17,6,6,19,False
16726368276,1,9,4,0,0,11,20,20,39,False
17713196465,2,7,4,0,1,18,11,11,19,False
19852999776,42,3,2,0,3,18,11,11,39,False
19852999776,14,16,4,0,0,45,38,38,9,False
19948700293,4,3,2,0,1,15,14,14,0,False
18758415613,28,7,4,0,3,4,5,5,39,False
15797725211,33,24,4,0,1,20,2,2,0,False
18636055184,14,3,4,0,1,32,46,46,39,False
17807329663,8,9,2,0,2,12,45,45,39,False
17623708813,38,10,2,0,3,35,39,39,39,True
19881266563,20,16,4,0,2,23,33,33,9,False
19970957519,35,7,4,0,1,44,14,14,9,False
18991311567,12,10,3,0,0,10,9,9,1,False
19970957519,12,0,4,0,3,5,12,12,39,False
15735414945,1,16,4,0,2,1,7,7,0,False
19881266563,44,27,4,0,3,36,25,25,19,False
19948700293,22,3,4,0,1,26,17,17,0,False
19948700293,33,12,4,0,2,34,39,39,39,True
19859608897,4,0,2,0,2,24,26,26,39,False
18765816132,38,4,3,0,3,16,8,8,8,True
13943039298,40,6,4,0,3,30,24,24,39,False
18991311567,3,6,4,0,1,26,3,3,9,False
19852999776,39,1,4,0,1,16,1,1,9,False
17807329663,22,2,4,0,2,6,26,26,39,False
19948700293,11,0,4,0,2,41,48,48,0,False
15079495784,27,1,4,0,1,19,31,31,9,False
15079495784,36,3,1,0,0,18,19,19,39,False
15797725211,44,7,1,0,2,28,44,44,39,False
13130819298,5,12,2,0,2,23,46,46,39,False
18989781863,24,9,1,0,0,20,13,13,0,False
18765816132,6,2,2,0,3,33,46,46,24,False
13130819298,41,1,2,0,2,2,7,7,0,False
17623708813,25,8,4,0,1,2,0,0,0,True
15260233525,14,2,3,0,3,25,29,29,1,False
19948700293,28,0,4,0,0,24,3,3,39,False
17713196465,1,2,4,0,2,39,30,30,9,False
18664891854,13,3,4,0,3,8,10,10,39,False
15735414945,7,14,2,0,0,22,7,7,9,False
18636055184,37,11,4,0,1,18,17,17,39,False
19831701219,48,4,4,0,2,25,32,32,39,False
13130819298,32,1,4,0,2,3,25,25,39,False
13130819298,35,2,4,0,1,46,44,44,9,False
19970957519,2,6,3,0,2,35,42,42,39,False
18702113651,3,4,3,0,3,18,16,16,39,False
17623708813,18,19,4,0,1,30,33,33,9,False
17527328008,4,31,1,0,2,20,34,34,0,False
13670356740,43,3,4,0,0,22,25,25,19,False
17331496902,19,7,3,0,0,22,14,14,9,False
18053307086,43,2,4,0,2,24,8,8,39,False
18991311567,43,16,4,0,1,11,18,18,39,False
19881266563,8,8,4,0,2,29,43,43,0,False
15167050060,42,0,4,0,2,20,39,39,0,False
18765816132,41,4,4,0,0,29,0,0,1,False
15165929133,6,1,3,0,0,29,8,8,9,False
19948700293,29,3,1,0,0,32,20,20,19,False
15797725211,26,27,4,0,0,35,13,13,19,False
19550593600,25,11,4,0,3,23,24,24,9,False
13513580369,25,2,4,0,3,16,7,7,0,False
19948700293,32,11,4,0,0,23,3,3,9,False
13130819298,43,3,3,0,2,15,23,23,39,False
18991311567,21,11,1,0,3,8,9,9,1,False
18664891854,48,20,4,0,3,32,48,48,39,False
15661502139,23,16,4,0,2,11,24,24,39,False
15661502139,40,13,4,0,3,5,33,33,39,False
15735414945,4,5,4,0,1,26,5,5,1,False
19831701219,16,21,2,0,1,40,46,46,39,False
19859608897,17,11,1,0,1,38,29,29,0,False
18053307086,35,21,4,0,2,12,41,41,39,False
13130819298,39,6,4,0,2,15,40,40,39,False
18758415613,48,0,1,0,1,45,42,42,2,False
18989781863,32,27,4,0,0,46,39,39,19,False
19550593600,4,11,3,0,2,32,39,39,39,True
13074255915,16,3,3,0,2,39,31,31,9,False
18636055184,43,0,4,0,2,25,45,45,39,False
18636055184,23,8,4,0,0,37,30,30,9,False
13401917913,15,7,1,0,2,7,20,20,39,False
17623708813,45,3,2,0,2,22,31,31,39,False
13513580369,11,3,3,0,1,2,1,1,0,False
18991311567,14,5,3,0,2,20,19,19,0,False
13401917913,7,3,4,0,3,39,11,11,9,False
17623708813,34,3,2,0,2,12,40,40,39,False
19948700293,28,4,4,0,1,23,22,22,9,False
19834840803,8,15,4,0,1,41,40,40,0,False
17713196465,3,4,3,0,0,7,0,0,9,False
18664891854,33,2,3,0,2,35,42,42,39,False
18053307086,45,15,4,0,2,18,27,27,39,False
13130819298,23,2,4,0,1,30,21,21,39,False
19550593600,8,2,3,0,2,16,40,40,39,False
19948700293,36,16,4,0,1,10,9,9,9,True
17807329663,21,13,1,0,3,37,31,31,39,False
15167050060,2,20,4,0,1,16,2,2,9,False
18758415613,32,8,4,0,3,25,19,19,39,False
19852999776,44,9,3,0,2,18,20,20,39,False
16726368276,46,3,4,0,0,32,26,26,0,False
17713196465,19,36,4,0,3,10,39,39,39,True
13130819298,39,18,4,0,2,24,21,21,39,False
15167050060,14,4,4,0,1,26,23,23,0,False
16630722126,27,22,4,0,2,13,20,20,39,False
15661502139,35,21,4,0,2,19,39,39,39,True
19550593600,38,7,3,0,2,12,19,19,39,False
13943039298,27,10,4,0,2,33,40,40,39,False
15079495784,12,8,1,0,2,41,39,39,0,False
18989781863,6,1,4,0,1,32,30,30,0,False
15735414945,12,14,4,0,0,26,17,17,9,False
18802233956,49,9,3,0,3,11,6,6,19,False
17807329663,6,5,4,0,2,18,15,15,39,False
13130819298,21,1,4,0,0,33,2,2,9,False
17623708813,19,12,4,0,2,25,32,32,39,False
18702113651,25,6,3,0,3,25,27,27,39,False
13943039298,5,0,4,0,0,40,31,31,39,False
13670356740,12,13,4,0,1,4,7,7,0,False
17623708813,27,0,1,0,1,27,3,3,0,False
17623708813,18,6,3,0,2,24,22,22,24,False
18636055184,20,29,4,0,0,7,1,1,19,False
18991311567,31,11,4,0,1,31,15,15,9,False
13670356740,25,0,3,0,0,17,1,1,9,False
13130819298,8,4,4,0,2,15,23,23,39,False
19859608897,45,2,1,0,1,5,9,9,9,True
18765816132,30,3,3,0,2,10,6,6,39,False
13932780308,47,11,4,0,2,26,32,32,9,False
15735414945,7,6,4,0,1,25,9,9,0,False
13670356740,31,5,4,0,0,39,16,16,8,False
13130819298,5,5,2,0,1,6,46,46,39,False
16630722126,33,0,2,0,0,46,8,8,13,False
18636055184,33,7,4,0,2,17,25,25,39,False
17527328008,45,3,4,0,3,32,40,40,39,False
15797725211,17,9,4,0,3,10,25,25,39,False
19550593600,15,8,4,0,3,5,19,19,39,False
13943039298,34,3,4,0,2,13,20,20,39,False
17623708813,24,0,4,0,2,40,19,19,19,True
19852999776,4,9,4,0,3,23,19,19,19,True
19881266563,5,9,2,0,3,18,13,13,39,False
19550593600,38,8,1,0,2,16,8,8,0,False
17331496902,22,11,4,0,3,33,39,39,24,False
15079495784,10,12,4,0,3,35,46,46,39,False
13130819298,33,15,4,0,1,36,21,21,0,False
18802233956,41,0,4,0,1,19,14,14,9,False
19550593600,19,11,1,0,1,3,8,8,0,False
18365196069,23,9,4,0,3,11,13,13,19,False
13943039298,50,11,4,0,3,4,12,12,39,False
18802233956,25,48,4,0,1,26,17,17,9,False
19881266563,10,1,3,0,0,44,45,45,19,False
16630722126,31,9,4,0,2,38,46,46,39,False
19852999776,21,0,3,0,3,36,17,17,9,False
15797725211,3,19,4,0,0,18,12,12,19,False
17731093916,15,2,3,0,1,38,0,0,9,False
15165929133,38,5,4,0,2,38,45,45,39,False
19550593600,4,1,4,0,2,9,12,12,19,False
15797725211,12,0,4,0,0,30,9,9,9,True
17623708813,32,2,3,0,1,10,18,18,39,False
17713196465,25,20,4,0,1,45,29,29,9,False
19852999776,41,7,4,0,1,17,30,30,9,False
17807329663,17,11,4,0,2,30,33,33,9,False
19550593600,49,17,4,0,0,22,14,14,0,False
19550593600,6,16,4,0,1,4,17,17,0,False
15260233525,48,8,4,0,3,31,32,32,39,False
13130819298,4,14,1,0,0,19,3,3,9,False
19881266563,5,4,2,0,3,31,13,13,39,False
17731093916,25,1,4,0,0,29,2,2,1,False
19881266563,30,14,3,0,1,29,24,24,9,False
18702113651,6,68,4,0,0,29,3,3,2,False
15260233525,16,9,3,0,0,17,9,9,9,True
17527328008,49,100,4,0,1,18,1,1,19,False
19970957519,26,2,1,0,1,13,25,25,21,False
19881266563,50,2,3,0,1,33,22,22,9,False
18636055184,36,2,4,0,1,22,1,1,0,False
18991311567,28,1,3,0,2,18,39,39,39,True
15735414945,39,4,1,0,2,18,24,24,39,False
18702113651,49,9,4,0,1,3,9,9,9,True
13670356740,19,1,3,0,0,44,14,14,9,False
15797725211,24,26,4,0,2,22,10,10,19,False
19859608897,14,10,2,0,3,17,25,25,19,False
18664891854,5,1,4,0,0,44,42,42,9,False
15661502139,29,17,4,0,0,17,18,18,39,False
17731093916,14,3,1,0,0,44,16,16,9,False
13943039298,38,7,4,0,3,33,20,20,9,False
18989781863,40,23,4,0,1,17,9,9,0,False
15661502139,17,51,4,0,0,9,2,2,24,False
15167050060,20,1,4,0,3,37,32,32,39,False
16726368276,7,0,4,0,3,39,16,16,9,False
17623708813,4,3,2,0,1,19,22,22,0,False
13074255915,41,14,4,0,0,14,1,1,9,False
17623708813,21,1,4,0,2,10,14,14,0,False
19948700293,22,2,3,0,3,22,25,25,39,False
15661502139,42,65,4,0,0,42,41,41,19,False
13670356740,33,6,4,0,0,28,9,9,19,False
17807329663,17,4,4,0,1,17,33,33,39,False
17527328008,43,9,3,0,0,30,21,21,8,False
15165929133,16,5,1,0,2,23,39,39,39,True
18664891854,49,0,4,0,3,1,16,16,39,False
19834840803,11,0,4,0,1,12,9,9,9,True
13932780308,7,7,4,0,2,10,16,16,39,False
17331496902,42,1,1,0,1,26,41,41,39,False
13401917913,4,54,3,0,2,3,24,24,39,False
13630678332,9,13,4,0,1,2,1,1,0,False
19881266563,40,11,4,0,2,5,34,34,39,False
16726368276,33,26,4,0,3,26,17,17,9,False
16726368276,48,0,2,0,1,38,47,47,39,False
13074255915,23,4,4,0,3,3,12,12,39,False
19948700293,19,12,4,0,3,25,19,19,39,False
13943039298,18,12,4,0,1,16,9,9,9,True
19550593600,32,13,4,0,2,26,40,40,39,False
16630722126,31,8,4,0,1,18,10,10,9,False
18991311567,34,20,4,0,0,18,2,2,2,True
13943039298,30,13,4,0,2,29,36,36,0,False
15079495784,3,2,1,0,1,2,1,1,0,False
19852999776,37,10,4,0,2,33,47,47,39,False
17713196465,18,33,4,0,0,38,6,6,2,False
16726368276,36,1,1,0,0,9,12,12,9,False
19550593600,16,13,4,0,2,23,46,46,39,False
15079495784,22,18,1,0,2,12,39,39,39,True
19881266563,34,4,1,0,1,29,14,14,0,False
15661502139,37,14,4,0,0,28,21,21,19,False
18758415613,4,7,3,0,0,28,8,8,19,False
15079495784,25,7,4,0,1,27,6,6,9,False
17623708813,7,3,4,0,1,36,9,9,1,False
13401917913,2,17,4,0,2,18,31,31,39,False
17623708813,43,5,4,0,0,21,18,18,19,False
18765816132,40,6,4,0,3,4,12,12,39,False
17807329663,23,16,4,0,3,28,9,9,19,False
19852999776,43,2,4,0,3,8,39,39,39,True
15661502139,4,6,4,0,3,10,19,19,39,False
19550593600,45,9,4,0,3,17,44,44,39,False
17807329663,7,18,4,0,1,37,15,15,9,False
19948700293,33,17,4,0,1,2,8,8,0,False
19550593600,47,11,4,0,0,10,8,8,0,False
19970957519,10,26,4,0,1,9,0,0,0,True
18991311567,3,11,4,0,1,12,3,3,9,False
17623708813,2,5,2,0,1,36,22,22,0,False
13401917913,42,10,4,0,3,17,10,10,9,False
15735414945,48,65,4,0,0,28,7,7,19,False
18802233956,33,0,3,0,2,18,24,24,39,False
13401917913,32,0,4,0,0,41,20,20,9,False
15165929133,50,2,2,0,3,2,26,26,39,False
18765816132,10,9,4,0,2,25,41,41,39,False
15260233525,35,2,4,0,3,38,46,46,39,False
17713196465,26,0,3,0,2,18,37,37,39,False
18664891854,48,18,4,0,3,31,48,48,39,False
17731093916,23,0,3,0,0,41,8,8,0,False
18989781863,31,3,2,0,3,25,13,13,1,False
13630678332,7,11,4,0,0,10,2,2,0,False
15661502139,15,6,1,0,3,16,46,46,39,False
18636055184,41,0,3,0,1,48,40,40,0,False
19881266563,20,4,4,0,2,10,46,46,39,False
18053307086,18,8,4,0,0,45,43,43,9,False
15165929133,35,11,4,0,2,18,19,19,39,False
16726368276,24,3,4,0,0,10,19,19,19,True
16630722126,7,23,4,0,0,10,1,1,0,False
18664891854,27,19,3,0,1,41,40,40,9,False
13943039298,46,9,4,0,2,23,31,31,39,False
13670356740,27,3,4,0,0,37,8,8,0,False
18802233956,4,8,4,0,0,33,25,25,1,False
18053307086,15,10,4,0,3,47,41,41,39,False
15661502139,48,1,3,0,1,4,24,24,24,True
19881266563,16,6,4,0,2,11,26,26,39,False
18664891854,34,8,4,0,0,12,14,14,9,False
16726368276,11,10,4,0,2,40,48,48,39,False
15079495784,49,6,4,0,1,24,17,17,9,False
17331496902,35,35,4,0,0,23,2,2,19,False
19881266563,25,6,4,0,0,33,17,17,9,False
19831701219,16,5,4,0,2,22,23,23,39,False
16726368276,39,1,4,0,0,41,17,17,0,False
15167050060,47,15,3,0,1,30,29,29,0,False
13943039298,25,17,4,0,1,16,7,7,9,False
17623708813,9,25,4,0,2,2,1,1,0,False
15079495784,44,3,4,0,1,22,9,9,19,False
19852999776,11,14,1,0,3,10,31,31,39,False
13130819298,13,2,4,0,0,38,2,2,9,False
18802233956,35,8,4,0,2,16,27,27,39,False
18053307086,22,7,3,0,1,30,33,33,39,False
15079495784,28,3,4,0,3,37,41,41,39,False
15167050060,13,9,4,0,0,31,15,15,0,False
13130819298,41,1,4,0,0,38,25,25,19,False
13943039298,47,2,1,0,0,23,11,11,19,False
15260233525,25,15,4,0,1,9,1,1,0,False
13943039298,6,25,4,0,2,18,24,24,39,False
13943039298,2,4,3,0,0,11,4,4,9,False
18702113651,28,5,4,0,3,10,11,11,39,False
17731093916,40,3,1,0,0,23,15,15,9,False
13401917913,32,14,4,0,0,32,3,3,9,False
17713196465,20,12,4,0,0,33,10,10,1,False
19859608897,21,8,4,0,2,5,12,12,39,False
18765816132,37,5,4,0,0,25,18,18,9,False
19948700293,10,0,1,0,3,29,0,0,1,False
13130819298,28,5,4,0,0,18,10,10,39,False
18365196069,21,5,4,0,0,44,38,38,9,False
17713196465,25,2,1,0,2,23,36,36,24,False
18758415613,13,32,4,0,0,20,19,19,0,False
17731093916,11,3,4,0,0,9,26,26,9,False
19881266563,19,67,1,0,1,15,17,17,39,False
19852999776,3,17,4,0,2,20,30,30,0,False
16630722126,10,21,4,0,3,17,5,5,19,False
19948700293,32,8,4,0,3,19,23,23,9,False
13130819298,21,4,4,0,0,25,2,2,9,False
15165929133,2,1,1,0,0,17,2,2,9,False
13401917913,13,11,4,0,1,2,22,22,39,False
18365196069,45,1,4,0,1,44,42,42,9,False
18664891854,50,1,1,0,3,30,12,12,9,False
17807329663,6,17,2,0,2,18,45,45,39,False
15260233525,18,7,4,0,0,10,9,9,0,False
18053307086,16,12,4,0,1,31,36,36,0,False
17731093916,3,14,2,0,3,32,46,46,39,False
15661502139,29,16,4,0,1,37,15,15,9,False
15079495784,25,0,4,0,3,29,46,46,39,False
17623708813,17,2,4,0,3,22,19,19,39,False
13074255915,4,3,2,0,0,44,16,16,9,False
15260233525,3,1,4,0,3,39,25,25,1,False
19852999776,38,19,4,0,3,37,38,38,39,False
19831701219,14,7,4,0,0,24,2,2,9,False
17807329663,19,50,4,0,1,38,2,2,9,False
18702113651,41,1,2,0,2,10,33,33,39,False
17807329663,33,22,4,0,2,38,46,46,39,False
16726368276,42,17,4,0,0,30,23,23,9,False
15260233525,47,3,4,0,3,25,32,32,39,False
19881266563,19,15,4,0,0,12,2,2,9,False
15797725211,44,93,4,0,0,30,41,41,39,False
18664891854,33,7,4,0,1,48,27,27,1,False
19881266563,50,35,4,0,0,28,0,0,19,False
13630678332,46,23,4,0,0,7,1,1,9,False
18365196069,3,11,3,0,3,30,24,24,39,False
18365196069,44,19,4,0,3,29,7,7,1,False
16630722126,24,5,3,0,3,40,31,31,9,False
17331496902,46,0,4,0,3,14,4,4,39,False
13074255915,50,5,4,0,1,31,9,9,9,True
18365196069,46,2,4,0,0,39,31,31,9,False
13130819298,11,5,2,0,1,11,8,8,0,False
18989781863,37,1,4,0,3,38,46,46,39,False
19970957519,31,6,3,0,0,31,16,16,0,False
19834840803,47,2,4,0,2,22,28,28,19,False
18758415613,26,35,4,0,1,41,39,39,0,False
17331496902,31,4,4,0,1,5,11,11,9,False
17331496902,44,7,1,0,1,27,15,15,0,False
13513580369,4,14,1,0,0,8,0,0,0,True
19834840803,39,4,3,0,2,33,46,46,24,False
13074255915,22,31,4,0,1,46,45,45,9,False
18991311567,42,8,4,0,0,32,16,16,9,False
18702113651,7,4,4,0,0,22,2,2,19,False
18053307086,8,2,2,0,3,39,47,47,39,False
13130819298,31,4,2,0,3,18,11,11,39,False
18802233956,1,97,4,0,1,32,16,16,0,False
17527328008,39,2,3,0,0,32,26,26,39,False
15079495784,14,14,4,0,2,8,40,40,39,False
18802233956,15,0,1,0,0,40,5,5,2,False
15797725211,13,3,3,0,3,10,20,20,39,False
17623708813,30,6,4,0,2,15,20,20,39,False
18053307086,20,7,4,0,3,24,11,11,9,False
15797725211,23,49,4,0,2,30,32,32,39,False
18802233956,40,16,4,0,0,37,16,16,9,False
16726368276,42,9,1,0,0,31,24,24,0,False
18758415613,23,10,4,0,1,40,45,45,9,False
17807329663,2,6,3,0,3,31,9,9,9,True
17623708813,33,6,4,0,0,33,19,19,9,False
13401917913,9,14,4,0,2,32,47,47,39,False
17527328008,23,8,1,0,2,3,10,10,24,False
18664891854,11,1,1,0,1,37,42,42,9,False
17731093916,35,0,3,0,0,19,29,29,9,False
19550593600,36,8,4,0,3,5,20,20,39,False
13401917913,16,4,4,0,3,19,22,22,9,False
13130819298,26,5,4,0,1,24,2,2,9,False
15167050060,39,7,4,0,1,12,2,2,9,False
15797725211,48,38,4,0,3,29,30,30,19,False
18991311567,33,3,2,0,2,24,16,16,24,False
15661502139,22,0,4,0,3,21,16,16,39,False
19948700293,33,9,3,0,3,28,24,24,39,False
19881266563,20,3,4,0,2,25,23,23,9,False
19831701219,29,13,4,0,2,39,38,38,9,False
18053307086,1,39,4,0,1,22,21,21,9,False
16630722126,34,9,2,0,2,11,8,8,9,False
13401917913,13,1,4,0,2,7,22,22,39,False
17807329663,30,15,4,0,1,8,7,7,9,False
15735414945,23,6,4,0,3,23,33,33,9,False
15167050060,35,11,4,0,3,18,33,33,39,False
17331496902,48,1,4,0,3,22,12,12,39,False
15797725211,41,1,1,0,3,43,22,22,19,False
17331496902,28,5,3,0,3,25,20,20,1,False
15661502139,46,3,4,0,1,19,32,32,9,False
17713196465,37,18,4,0,2,25,17,17,0,False
17713196465,19,2,4,0,2,10,24,24,39,False
18053307086,45,28,4,0,1,9,33,33,39,False
18758415613,42,10,4,0,0,14,7,7,0,False
15797725211,18,7,4,0,0,19,8,8,0,False
17527328008,49,14,4,0,3,24,1,1,9,False
15260233525,24,6,1,0,2,33,39,39,39,True
18053307086,24,12,4,0,2,18,0,0,39,False
19834840803,41,28,4,0,2,39,48,48,39,False
15165929133,25,6,4,0,1,16,7,7,9,False
17527328008,4,13,4,0,1,16,2,2,1,False
17623708813,5,10,4,0,1,12,0,0,9,False
15167050060,10,3,1,0,0,32,10,10,19,False
19970957519,25,1,3,0,2,18,24,24,39,False
19881266563,12,9,4,0,1,18,13,13,19,False
17527328008,47,3,3,0,3,29,7,7,1,False
19948700293,11,3,3,0,0,38,39,39,19,False
16630722126,33,13,1,0,2,39,48,48,39,False
15079495784,5,2,4,0,1,26,0,0,9,False
18758415613,30,10,4,0,0,32,18,18,9,False
15165929133,50,6,4,0,3,33,39,39,39,True
18802233956,8,11,4,0,3,32,25,25,24,False
19881266563,46,14,4,0,3,30,27,27,9,False
15079495784,30,19,4,0,3,29,23,23,39,False
13513580369,31,9,4,0,0,35,29,29,19,False
13943039298,2,7,4,0,1,16,8,8,9,False
18053307086,30,18,4,0,2,16,28,28,0,False
15797725211,27,12,4,0,2,35,36,36,39,False
18802233956,9,9,4,0,0,14,0,0,0,True
15661502139,16,0,2,0,1,17,1,1,9,False
13074255915,10,2,4,0,1,27,41,41,0,False
15165929133,38,21,4,0,3,24,2,2,39,False
13130819298,13,10,4,0,3,35,44,44,39,False
13670356740,28,6,3,0,1,38,37,37,39,False
13670356740,7,7,4,0,0,26,13,13,2,False
17331496902,34,6,4,0,2,25,40,40,39,False
15079495784,21,9,4,0,0,25,31,31,24,False
13130819298,40,11,4,0,2,11,18,18,39,False
17331496902,5,19,3,0,1,37,28,28,0,False
13943039298,17,3,4,0,0,12,11,11,9,False
18765816132,50,8,4,0,1,3,9,9,9,True
15661502139,46,20,4,0,3,32,13,13,2,False
13932780308,5,0,1,0,1,46,43,43,39,False
13670356740,46,17,4,0,0,36,7,7,9,False
18636055184,39,6,4,0,1,34,5,5,9,False
17527328008,29,8,4,0,3,16,24,24,39,False
18989781863,49,7,4,0,0,14,1,1,9,False
13513580369,1,7,4,0,3,5,39,39,39,True
19970957519,10,4,2,0,0,9,12,12,9,False
19831701219,31,0,4,0,0,46,19,19,2,False
13074255915,35,4,4,0,2,11,9,9,0,False
13130819298,45,1,4,0,1,39,0,0,1,False
19948700293,25,3,4,0,2,4,11,11,24,False
15167050060,47,15,4,0,0,10,9,9,0,False
17623708813,10,98,4,0,0,24,13,13,39,False
15167050060,49,6,4,0,0,32,1,1,1,True
18765816132,10,2,3,0,2,20,15,15,0,False
13943039298,28,3,4,0,0,47,26,26,1,False
18758415613,25,9,1,0,1,3,9,9,9,True
19881266563,34,5,4,0,3,15,23,23,39,False
13130819298,16,5,4,0,3,24,16,16,9,False
15797725211,20,38,4,0,1,30,20,20,19,False
19881266563,19,59,1,0,0,29,17,17,1,False
15260233525,24,3,2,0,0,33,11,11,1,False
19881266563,47,35,4,0,3,15,16,16,39,False
17731093916,3,3,4,0,0,14,2,2,19,False
19881266563,8,2,1,0,2,7,2,2,39,False
19948700293,15,9,4,0,2,31,46,46,39,False
17807329663,6,6,4,0,2,26,29,29,9,False
16726368276,18,12,3,0,2,2,8,8,0,False
17731093916,43,4,1,0,3,17,19,19,19,True
17331496902,31,1,3,0,2,7,30,30,39,False
17623708813,49,8,4,0,0,24,9,9,9,True
16630722126,50,3,4,0,1,39,32,32,9,False
19881266563,18,26,4,0,2,13,20,20,39,False
15797725211,19,7,4,0,0,37,16,16,9,False
19831701219,32,8,4,0,2,29,46,46,0,False
19831701219,44,13,4,0,3,25,0,0,1,False
19881266563,13,14,4,0,3,19,39,39,39,True
18758415613,19,4,2,0,3,4,19,19,39,False
18989781863,7,2,3,0,3,40,2,2,9,False
13513580369,37,1,4,0,1,33,22,22,0,False
13670356740,15,6,4,0,2,3,10,10,24,False
19831701219,28,2,3,0,3,29,45,45,39,False
15165929133,10,1,4,0,1,8,15,15,24,False
15735414945,3,45,4,0,0,28,9,9,19,False
18053307086,13,8,4,0,2,1,6,6,39,False
19881266563,40,1,4,0,0,15,34,34,39,False
13401917913,9,3,4,0,2,9,47,47,24,False
13513580369,24,8,4,0,2,28,36,36,39,False
18053307086,40,0,4,0,0,44,19,19,19,True
18802233956,25,4,2,0,1,19,40,40,9,False
18802233956,5,19,4,0,1,23,15,15,9,False
15167050060,47,17,4,0,3,22,4,4,39,False
13401917913,47,3,1,0,1,26,33,33,39,False
18365196069,17,6,1,0,3,0,1,1,24,False
17623708813,11,2,4,0,1,33,30,30,0,False
13513580369,34,12,4,0,3,10,11,11,39,False
18758415613,23,11,4,0,3,11,12,12,39,False
13943039298,13,6,3,0,0,22,8,8,0,False
17527328008,49,27,4,0,3,28,1,1,39,False
19831701219,18,8,4,0,0,19,9,9,0,False
15260233525,50,17,4,0,3,25,46,46,39,False
13943039298,38,3,3,0,1,23,15,15,0,False
13513580369,38,4,3,0,1,15,7,7,0,False
18702113651,9,29,4,0,1,22,8,8,0,False
18802233956,17,5,4,0,0,16,14,14,9,False
13513580369,18,2,4,0,3,25,32,32,39,False
18991311567,31,39,4,0,1,30,15,15,0,False
18636055184,48,0,2,0,0,30,19,19,39,False
13513580369,42,6,4,0,3,37,39,39,39,True
19970957519,23,2,3,0,2,16,36,36,0,False
17331496902,5,4,3,0,1,27,28,28,0,False
15079495784,20,1,4,0,1,12,0,0,0,True
18802233956,7,3,2,0,1,17,43,43,39,False
19948700293,45,1,3,0,2,4,2,2,9,False
18053307086,43,5,2,0,2,18,20,20,39,False
15167050060,20,7,4,0,0,23,11,11,19,False
18765816132,31,4,2,0,1,33,25,25,0,False
16630722126,24,2,4,0,2,41,48,48,0,False
15260233525,19,1,4,0,0,9,19,19,9,False
18053307086,24,10,4,0,3,16,7,7,9,False
13401917913,44,2,1,0,0,30,22,22,8,False
13932780308,3,3,2,0,0,31,13,13,10,False
17731093916,49,9,4,0,2,41,47,47,39,False
17623708813,44,7,4,0,0,10,9,9,9,True
15735414945,47,14,1,0,1,15,21,21,21,True
18636055184,24,3,3,0,1,5,8,8,9,False
18989781863,26,7,1,0,2,16,22,22,0,False
13670356740,36,2,3,0,2,15,38,38,39,False
18989781863,45,10,4,0,2,13,40,40,39,False
19831701219,50,9,4,0,0,23,41,41,39,False
19881266563,34,0,2,0,2,14,28,28,39,False
13130819298,12,9,4,0,3,18,5,5,19,False
16630722126,38,2,4,0,0,39,25,25,9,False
19881266563,32,25,4,0,0,17,0,0,8,False
15260233525,35,4,4,0,0,31,17,17,9,False
15079495784,12,35,4,0,2,17,46,46,39,False
19881266563,25,4,1,0,0,29,0,0,1,False
13670356740,31,4,3,0,0,10,14,14,9,False
18702113651,39,8,4,0,0,14,0,0,0,True
13401917913,43,2,4,0,0,45,40,40,2,False
18765816132,5,0,2,0,3,0,16,16,24,False
15797725211,6,27,4,0,3,18,16,16,9,False
17713196465,47,3,2,0,2,22,31,31,39,False
13130819298,23,6,4,0,2,13,27,27,39,False
17713196465,15,17,4,0,3,24,25,25,9,False
18765816132,12,6,4,0,3,33,48,48,39,False
18989781863,12,1,4,0,3,9,33,33,9,False
15797725211,34,18,4,0,1,12,11,11,0,False
19852999776,50,12,3,0,2,12,40,40,39,False
18989781863,47,7,1,0,1,9,8,8,0,False
15661502139,37,2,3,0,0,19,1,1,9,False
15661502139,34,5,4,0,1,33,24,24,9,False
13932780308,32,16,4,0,1,22,14,14,9,False
17713196465,44,26,4,0,0,15,17,17,39,False
19948700293,8,3,1,0,1,3,4,4,39,False
17807329663,4,3,4,0,0,19,2,2,9,False
16630722126,30,8,4,0,0,18,11,11,19,False
19881266563,43,31,4,0,1,18,14,14,39,False
13130819298,43,16,4,0,2,17,25,25,39,False
13130819298,9,3,4,0,2,39,45,45,24,False
13513580369,21,0,4,0,2,1,19,19,39,False
15079495784,20,2,4,0,3,26,13,13,2,False
19852999776,6,7,4,0,3,23,24,24,9,False
13670356740,17,7,3,0,0,17,24,24,19,False
19831701219,31,16,4,0,1,19,18,18,39,False
19970957519,2,4,4,0,3,28,2,2,19,False
19859608897,47,0,4,0,1,40,21,21,39,False
17331496902,43,6,4,0,2,16,23,23,24,False
17713196465,24,4,2,0,1,29,35,35,9,False
16630722126,1,4,3,0,2,16,14,14,0,False
16726368276,37,2,4,0,1,39,21,21,0,False
18758415613,7,22,4,0,1,38,48,48,39,False
13130819298,39,23,4,0,1,19,40,40,39,False
16726368276,39,7,4,0,1,26,17,17,9,False
18802233956,10,8,4,0,1,32,21,21,0,False
19831701219,40,24,4,0,3,10,34,34,39,False
19831701219,20,1,4,0,0,41,22,22,0,False
17807329663,32,2,2,0,0,44,42,42,9,False
15260233525,46,5,4,0,2,38,34,34,39,False
15079495784,12,55,4,0,1,40,46,46,9,False
19550593600,27,34,4,0,0,15,9,9,19,False
18991311567,15,1,4,0,1,40,16,16,9,False
15260233525,49,9,4,0,3,12,34,34,39,False
18664891854,21,34,4,0,3,31,39,39,39,True
16630722126,37,60,4,0,3,46,34,34,19,False
19834840803,6,2,2,0,3,2,17,17,39,False
13130819298,19,18,4,0,3,15,16,16,39,False
18802233956,30,2,1,0,2,38,39,39,19,False
15735414945,19,40,4,0,3,28,16,16,19,False
13130819298,45,3,4,0,0,34,5,5,0,False
15165929133,21,0,4,0,1,45,31,31,2,False
18989781863,28,6,2,0,2,11,3,3,9,False
19852999776,25,1,3,0,3,8,32,32,24,False
17731093916,25,15,4,0,1,23,8,8,9,False
18802233956,24,13,1,0,0,19,16,16,9,False
19970957519,18,11,4,0,0,33,11,11,9,False
13630678332,48,12,3,0,2,11,2,2,9,False
17731093916,49,0,3,0,3,26,12,12,9,False
18991311567,48,0,2,0,1,12,7,7,0,False
15661502139,11,23,4,0,0,46,39,39,19,False
19970957519,21,1,2,0,1,17,0,0,9,False
13932780308,11,5,4,0,3,12,20,20,39,False
19550593600,46,4,1,0,3,22,28,28,39,False
15260233525,17,2,4,0,2,9,27,27,9,False
18991311567,32,15,3,0,3,28,23,23,39,False
15165929133,40,10,3,0,1,23,1,1,9,False
16726368276,26,6,4,0,1,29,36,36,0,False
18053307086,7,15,4,0,2,11,39,39,39,True
15661502139,2,20,1,0,2,26,31,31,24,False
15797725211,11,17,4,0,3,8,16,16,39,False
15079495784,35,0,4,0,2,26,24,24,9,False
13630678332,42,2,1,0,2,16,8,8,0,False
19852999776,36,37,4,0,0,10,2,2,0,False
19881266563,41,14,4,0,3,10,27,27,39,False
19970957519,1,4,4,0,2,15,16,16,39,False
18365196069,3,3,4,0,1,34,13,13,0,False
18989781863,7,7,3,0,0,25,2,2,1,False
13074255915,12,4,4,0,3,40,26,26,9,False
19881266563,38,0,4,0,1,6,31,31,39,False
15165929133,37,3,4,0,2,27,40,40,0,False
13943039298,6,12,4,0,0,16,10,10,9,False
19970957519,27,17,4,0,2,17,26,26,39,False
19948700293,25,2,4,0,1,10,9,9,9,True
18053307086,13,0,4,0,3,43,17,17,2,False
18664891854,50,3,4,0,3,23,4,4,19,False
19859608897,11,1,3,0,1,13,8,8,21,False
18989781863,14,6,4,0,3,9,40,40,9,False
15797725211,23,58,4,0,0,17,32,32,39,False
13932780308,13,21,4,0,3,36,32,32,39,False
19970957519,50,66,4,0,2,9,41,41,39,False
18802233956,47,16,3,0,1,17,16,16,9,False
16726368276,11,8,4,0,3,8,6,6,19,False
18765816132,22,12,4,0,0,39,4,4,1,False
13401917913,6,9,3,0,0,23,31,31,9,False
15661502139,38,11,4,0,0,25,3,3,9,False
13074255915,23,6,4,0,1,11,8,8,0,False
19881266563,5,2,1,0,1,38,43,43,0,False
17623708813,17,11,4,0,2,19,20,20,9,False
13670356740,5,11,1,0,3,11,31,31,39,False
16630722126,20,1,2,0,3,31,1,1,8,False
15165929133,30,6,1,0,2,35,42,42,39,False
15165929133,37,1,4,0,0,19,20,20,9,False
19970957519,2,2,1,0,1,29,36,36,39,False
19852999776,18,19,4,0,1,5,1,1,0,False
17731093916,25,5,4,0,0,12,8,8,9,False
15079495784,47,47,4,0,2,12,25,25,39,False
15797725211,24,0,4,0,0,40,19,19,19,True
16726368276,41,2,4,0,1,34,15,15,0,False
18053307086,12,11,2,0,1,10,15,15,0,False
15797725211,34,2,2,0,1,38,1,1,9,False
15661502139,47,13,4,0,2,11,8,8,9,False
13670356740,41,7,4,0,0,10,0,0,0,True
16726368276,38,1,1,0,1,26,41,41,39,False
13630678332,22,0,4,0,3,27,41,41,0,False
19881266563,34,18,4,0,2,29,20,20,9,False
19831701219,39,0,2,0,0,9,17,17,19,False
17527328008,40,11,4,0,2,23,31,31,39,False
18636055184,19,26,4,0,2,11,10,10,9,False
17331496902,30,7,4,0,2,5,12,12,39,False
13670356740,43,4,4,0,0,15,25,25,39,False
17731093916,39,1,3,0,1,1,2,2,39,False
17807329663,19,1,4,0,1,25,17,17,9,False
13630678332,29,9,3,0,0,27,13,13,0,False
19831701219,1,8,3,0,0,23,31,31,0,False
18702113651,6,14,4,0,0,17,24,24,19,False
16630722126,31,22,4,0,2,34,39,39,24,False
18802233956,49,1,4,0,1,27,0,0,9,False
19970957519,40,6,3,0,1,26,3,3,1,False
13074255915,33,37,4,0,2,38,39,39,39,True
19550593600,4,1,4,0,0,20,10,10,0,False
13932780308,28,7,3,0,0,14,0,0,0,True
19970957519,41,14,3,0,3,25,47,47,39,False
19834840803,50,5,1,0,0,32,18,18,19,False
18702113651,47,8,4,0,3,11,19,19,39,False
16726368276,35,16,4,0,0,15,1,1,9,False
17807329663,1,20,1,0,0,15,36,36,39,False
19948700293,37,10,4,0,2,18,25,25,39,False
17331496902,50,9,2,0,1,30,28,28,0,False
18664891854,21,6,4,0,3,19,39,39,0,False
18991311567,45,5,4,0,2,2,7,7,0,False
13130819298,50,3,2,0,0,19,3,3,9,False
15735414945,41,12,4,0,3,31,8,8,8,True
17807329663,25,0,2,0,0,46,13,13,13,True
16630722126,40,8,4,0,1,27,47,47,39,False
15165929133,16,52,1,0,1,18,39,39,39,True
16630722126,13,2,4,0,2,7,22,22,39,False
18758415613,14,0,4,0,2,3,4,4,39,False
15735414945,39,22,4,0,1,30,40,40,24,False
16630722126,26,5,4,0,2,23,36,36,39,False
15735414945,20,16,3,0,1,30,24,24,9,False
17331496902,1,8,3,0,1,3,9,9,9,True
17331496902,47,3,4,0,2,7,31,31,39,False
17623708813,32,2,2,0,2,16,40,40,39,False
18053307086,32,7,2,0,2,28,46,46,39,False
18802233956,8,19,4,0,0,10,14,14,0,False
17713196465,44,10,4,0,1,27,13,13,9,False
17623708813,26,6,4,0,0,25,13,13,19,False
19881266563,9,12,4,0,1,15,0,0,0,True
13130819298,38,5,1,0,1,15,7,7,0,False
17731093916,8,1,4,0,3,9,26,26,9,False
19852999776,38,4,4,0,3,19,27,27,39,False
18765816132,46,11,2,0,0,32,13,13,19,False
15167050060,28,11,3,0,2,37,39,39,39,True
15167050060,45,9,4,0,2,3,44,44,39,False
16726368276,50,2,2,0,1,32,47,47,39,False
19852999776,36,14,4,0,1,31,2,2,9,False
13670356740,24,3,4,0,0,38,18,18,19,False
18802233956,19,17,4,0,0,37,29,29,9,False
17713196465,34,0,3,0,2,24,6,6,39,False
19970957519,32,17,4,0,3,17,46,46,39,False
17331496902,1,2,4,0,3,35,40,40,19,False
15661502139,11,20,4,0,3,38,39,39,39,True
18989781863,1,8,4,0,0,10,9,9,9,True
13513580369,31,26,2,0,1,32,24,24,21,False
15260233525,36,22,3,0,3,16,20,20,39,False
15797725211,18,4,3,0,0,19,20,20,9,False
17527328008,38,4,4,0,0,48,13,13,1,False
16726368276,26,8,4,0,3,8,2,2,19,False
17623708813,16,13,4,0,1,15,0,0,0,True
18702113651,14,12,4,0,1,12,1,1,9,False
17331496902,24,0,4,0,1,47,31,31,9,False
18664891854,28,6,2,0,1,36,22,22,9,False
16630722126,11,9,4,0,0,40,3,3,9,False
13074255915,46,2,1,0,1,37,42,42,39,False
18802233956,22,8,3,0,2,40,41,41,39,False
13513580369,6,6,4,0,3,28,9,9,19,False
15735414945,47,15,4,0,3,32,16,16,9,False
13074255915,50,4,4,0,3,40,25,25,9,False
19834840803,7,23,4,0,1,15,14,14,0,False
18989781863,30,2,4,0,2,15,12,12,19,False
17807329663,50,12,4,0,1,5,1,1,0,False
18758415613,38,3,1,0,3,32,41,41,39,False
18636055184,29,7,3,0,1,3,8,8,0,False
19859608897,4,3,2,0,3,33,26,26,1,False
15167050060,8,19,4,0,0,16,9,9,9,True
16630722126,49,0,4,0,0,17,8,8,9,False
18636055184,14,2,4,0,2,32,46,46,39,False
17527328008,25,35,1,0,2,7,9,9,39,False
17623708813,1,46,4,0,3,32,9,9,9,True
18664891854,42,1,4,0,1,47,40,40,1,False
17331496902,22,2,4,0,1,17,1,1,9,False
18053307086,2,9,4,0,1,27,6,6,9,False
13401917913,21,1,4,0,0,22,2,2,19,False
19948700293,37,0,4,0,3,3,0,0,0,True
15797725211,50,18,4,0,2,10,19,19,39,False
13932780308,39,27,4,0,3,10,38,38,39,False
19948700293,8,9,4,0,0,9,10,10,39,False
15079495784,44,2,3,0,1,37,35,35,9,False
18053307086,31,10,4,0,1,12,0,0,9,False
18758415613,37,8,4,0,0,30,20,20,19,False
18664891854,32,14,4,0,2,11,20,20,39,False
18702113651,14,20,4,0,1,9,1,1,0,False
19550593600,12,7,4,0,3,29,8,8,1,False
18365196069,12,12,4,0,3,15,6,6,19,False
17623708813,35,24,4,0,0,22,14,14,9,False
15797725211,30,84,4,0,3,2,23,23,39,False
19831701219,1,0,2,0,1,3,1,1,0,False
19852999776,46,15,4,0,2,37,43,43,39,False
15167050060,27,6,4,0,2,31,14,14,8,False
18991311567,28,4,2,0,2,12,20,20,39,False
16726368276,29,3,4,0,3,10,19,19,39,False
15797725211,31,2,3,0,2,15,23,23,39,False
17331496902,44,4,3,0,3,39,33,33,9,False
18765816132,10,19,4,0,0,25,19,19,19,True
18802233956,10,6,4,0,3,18,16,16,39,False
19970957519,42,0,4,0,1,18,24,24,39,False
16726368276,11,6,4,0,3,32,41,41,39,False
19852999776,19,9,4,0,3,25,40,40,39,False
16630722126,44,3,4,0,2,10,19,19,39,False
17623708813,39,9,2,0,0,46,39,39,19,False
17807329663,35,4,4,0,3,25,36,36,9,False
18636055184,8,3,2,0,2,7,16,16,39,False
15661502139,35,4,1,0,0,30,17,17,9,False
18702113651,32,18,4,0,1,40,39,39,39,True
13943039298,24,11,4,0,0,36,9,9,9,True
17527328008,11,1,2,0,0,46,33,33,9,False
18758415613,24,2,4,0,0,18,19,19,19,True
17331496902,48,0,2,0,1,1,28,28,39,False
19831701219,22,11,4,0,3,30,25,25,39,False
19970957519,38,0,4,0,2,7,3,3,39,False
18365196069,8,16,4,0,0,14,8,8,19,False
19831701219,9,4,4,0,1,17,44,44,39,False
15661502139,7,17,4,0,3,22,32,32,39,False
13670356740,6,3,2,0,1,32,1,1,1,True
17527328008,30,0,3,0,1,33,13,13,9,False
13513580369,28,7,3,0,2,38,45,45,39,False
15797725211,44,14,4,0,0,35,14,14,9,False
15797725211,41,9,4,0,2,29,47,47,39,False
19881266563,33,2,3,0,2,22,23,23,39,False
13130819298,48,3,4,0,2,10,32,32,39,False
18989781863,34,8,4,0,3,18,12,12,19,False
15735414945,25,20,4,0,1,30,28,28,0,False
18991311567,1,1,2,0,1,38,42,42,0,False
17623708813,3,33,4,0,2,6,12,12,39,False
18758415613,31,6,3,0,3,28,1,1,19,False
19859608897,44,3,1,0,1,5,9,9,9,True
18053307086,30,7,4,0,3,16,31,31,39,False
18758415613,13,7,4,0,0,9,41,41,9,False
18053307086,29,47,4,0,2,2,0,0,0,True
19948700293,46,5,4,0,3,46,47,47,39,False
19859608897,24,3,4,0,1,18,17,17,9,False
18053307086,40,4,4,0,0,45,21,21,9,False
17623708813,43,2,4,0,2,23,46,46,39,False
19881266563,1,3,4,0,1,26,10,10,1,False
18053307086,10,33,4,0,0,22,21,21,9,False
16726368276,16,13,2,0,1,20,19,19,0,False
19881266563,29,19,4,0,2,26,33,33,39,False
15797725211,5,6,1,0,3,11,24,24,24,True
18989781863,8,0,2,0,2,3,47,47,39,False
19948700293,16,8,4,0,0,30,24,24,9,False
18989781863,46,3,3,0,0,22,14,14,0,False
19948700293,26,19,4,0,1,16,9,9,9,True
17331496902,18,5,4,0,3,44,39,39,39,True
17807329663,6,15,3,0,1,11,16,16,0,False
18365196069,6,15,4,0,3,11,19,19,39,False
13401917913,40,1,4,0,1,8,45,45,39,False
15079495784,49,54,4,0,0,31,29,29,9,False
19881266563,48,2,2,0,3,32,5,5,19,False
19834840803,7,5,1,0,0,30,23,23,0,False
17527328008,13,7,3,0,0,43,42,42,2,False
13670356740,36,4,3,0,3,29,38,38,39,False
15797725211,30,6,4,0,2,22,20,20,39,False
18765816132,7,8,1,0,2,30,31,31,39,False
15797725211,15,7,4,0,3,24,2,2,9,False
18636055184,31,4,3,0,2,25,45,45,24,False
15661502139,34,14,4,0,2,29,37,37,0,False
17713196465,11,3,1,0,2,38,39,39,19,False
18636055184,1,0,4,0,2,13,24,24,39,False
17713196465,9,15,4,0,3,10,25,25,39,False
13130819298,45,16,4,0,3,12,5,5,2,False
18053307086,8,16,4,0,2,28,45,45,39,False
19970957519,4,21,4,0,2,12,39,39,39,True
17713196465,30,5,2,0,2,26,16,16,9,False
15797725211,28,5,4,0,3,23,46,46,24,False
15079495784,10,8,4,0,2,29,46,46,24,False
18702113651,4,10,1,0,3,35,32,32,39,False
19550593600,24,10,3,0,0,18,12,12,19,False
13074255915,36,13,4,0,3,16,9,9,9,True
17713196465,6,2,2,0,3,28,22,22,39,False
15797725211,49,4,1,0,2,2,7,7,0,False
13630678332,33,0,2,0,1,17,24,24,39,False
18365196069,49,2,3,0,3,17,19,19,39,False
13670356740,27,1,4,0,2,31,8,8,9,False
18636055184,10,1,2,0,0,12,16,16,9,False
19852999776,5,1,4,0,1,18,9,9,9,True
19948700293,42,11,4,0,2,37,39,39,39,True
17331496902,38,8,4,0,1,8,1,1,9,False
18053307086,6,22,4,0,1,38,15,15,0,False
15079495784,15,9,4,0,1,10,8,8,0,False
19831701219,39,16,4,0,1,17,0,0,9,False
13670356740,3,20,4,0,3,35,24,24,24,True
17623708813,31,4,4,0,3,24,9,9,24,False
17807329663,7,12,2,0,1,19,45,45,9,False
18758415613,48,4,2,0,3,33,47,47,39,False
18802233956,23,17,4,0,1,19,39,39,39,True
17731093916,9,1,4,0,3,28,15,15,39,False
18989781863,17,3,4,0,1,12,27,27,39,False
18636055184,25,0,2,0,3,39,11,11,9,False
19831701219,43,10,4,0,3,17,25,25,39,False
13513580369,11,2,4,0,1,3,14,14,9,False
16630722126,32,2,2,0,0,30,8,8,1,False
18053307086,1,19,4,0,2,37,21,21,9,False
18664891854,6,2,4,0,2,31,30,30,0,False
17713196465,29,6,4,0,2,22,43,43,39,False
15165929133,50,3,2,0,2,3,26,26,39,False
18802233956,1,6,4,0,2,8,39,39,24,False
16630722126,16,1,1,0,1,40,38,38,39,False
17807329663,1,11,2,0,0,22,9,9,9,True
15079495784,40,0,4,0,1,20,17,17,0,False
17713196465,44,1,2,0,2,7,5,5,39,False
19852999776,34,6,4,0,0,33,18,18,9,False
18758415613,50,3,4,0,0,25,18,18,0,False
18702113651,24,2,4,0,3,8,25,25,39,False
17713196465,22,1,4,0,3,30,18,18,9,False
18765816132,29,8,4,0,2,7,8,8,39,False
13943039298,28,20,4,0,3,25,26,26,39,False
18664891854,10,9,4,0,1,16,2,2,1,False
15165929133,21,0,4,0,2,31,40,40,39,False
15797725211,29,17,4,0,2,12,18,18,39,False
16630722126,47,1,4,0,0,24,20,20,24,False
17527328008,10,31,1,0,2,8,28,28,0,False
19881266563,38,11,4,0,2,7,33,33,39,False
15735414945,17,7,4,0,1,32,9,9,1,False
17623708813,35,15,2,0,3,25,40,40,39,False
18053307086,1,4,4,0,2,25,21,21,0,False
18991311567,17,12,2,0,3,32,39,39,39,True
17623708813,6,7,4,0,2,26,43,43,0,False
13513580369,44,6,4,0,3,18,12,12,19,False
17713196465,23,17,4,0,3,31,33,33,39,False
18664891854,35,5,1,0,3,26,13,13,2,False
15797725211,16,5,3,0,0,27,6,6,9,False
18765816132,1,5,2,0,1,8,16,16,0,False
17713196465,1,7,4,0,1,8,7,7,0,False
19970957519,37,24,2,0,2,24,17,17,24,False
18664891854,41,3,2,0,0,32,17,17,19,False
19881266563,18,22,4,0,2,12,39,39,39,True
18991311567,14,2,2,0,0,37,23,23,9,False
15079495784,15,28,4,0,1,19,18,18,39,False
13074255915,2,13,3,0,2,31,2,2,9,False
19881266563,31,17,4,0,0,25,13,13,19,False
16630722126,46,5,4,0,2,30,43,43,39,False
17527328008,18,11,3,0,0,14,8,8,9,False
19881266563,41,21,4,0,0,45,29,29,9,False
16726368276,46,2,4,0,3,39,11,11,9,False
16726368276,33,4,1,0,2,16,14,14,0,False
15735414945,6,23,4,0,1,19,24,24,9,False
16630722126,1,23,4,0,2,18,24,24,39,False
19852999776,8,9,4,0,1,15,0,0,0,True
15735414945,21,7,4,0,0,24,11,11,9,False
17623708813,26,16,4,0,3,5,37,37,24,False
19550593600,4,2,4,0,1,15,1,1,0,False
18765816132,5,5,2,0,1,9,16,16,9,False
18664891854,23,6,4,0,0,16,8,8,8,True
19970957519,3,16,4,0,3,15,23,23,39,False
17807329663,45,26,4,0,2,11,25,25,39,False
19881266563,6,18,4,0,0,24,21,21,39,False
15797725211,39,18,3,0,0,19,13,13,9,False
15165929133,18,5,4,0,3,46,47,47,39,False
13943039298,17,0,4,0,1,17,9,9,9,True
19550593600,27,0,4,0,0,38,8,8,9,False
19831701219,7,10,4,0,1,32,14,14,0,False
17731093916,36,6,4,0,1,15,1,1,9,False
15797725211,46,13,4,0,1,12,7,7,9,False
13932780308,36,2,4,0,2,15,24,24,39,False
19948700293,1,18,4,0,3,26,20,20,39,False
18053307086,40,4,4,0,2,29,46,46,39,False
13401917913,33,4,4,0,0,40,33,33,9,False
19550593600,42,5,4,0,2,17,24,24,39,False
13670356740,3,2,4,0,0,34,17,17,0,False
18636055184,5,16,4,0,2,16,7,7,8,False
18702113651,47,0,4,0,2,7,19,19,39,False
13670356740,28,13,4,0,2,3,16,16,24,False
15260233525,6,4,1,0,1,15,7,7,0,False
15165929133,45,3,4,0,1,5,3,3,0,False
19852999776,41,3,4,0,0,38,39,39,39,True
13130819298,5,10,4,0,2,28,36,36,39,False
13074255915,17,12,4,0,0,19,10,10,9,False
15079495784,42,7,4,0,3,12,25,25,39,False
19831701219,14,6,4,0,0,31,2,2,9,False
16726368276,38,3,4,0,2,26,33,33,39,False
19881266563,29,4,4,0,0,26,14,14,0,False
18365196069,44,7,4,0,0,9,16,16,9,False
16726368276,22,10,4,0,1,40,39,39,21,False
13670356740,34,5,1,0,2,22,38,38,39,False
15167050060,33,5,1,0,0,23,17,17,9,False
19834840803,31,4,2,0,2,25,40,40,39,False
19550593600,19,12,1,0,1,2,8,8,0,False
18702113651,1,23,4,0,0,19,39,39,9,False
19831701219,47,19,4,0,0,37,24,24,39,False
15260233525,7,2,2,0,3,5,47,47,39,False
19948700293,26,16,4,0,1,16,9,9,9,True
19970957519,42,3,4,0,0,19,24,24,9,False
13401917913,9,9,4,0,2,4,10,10,0,False
19881266563,19,91,4,0,3,28,29,29,19,False
19948700293,47,20,4,0,1,17,9,9,0,False
18053307086,9,7,4,0,0,31,0,0,1,False
19970957519,6,5,4,0,3,15,23,23,39,False
13670356740,42,2,4,0,0,18,23,23,39,False
18989781863,32,4,4,0,0,32,20,20,9,False
15260233525,26,4,1,0,1,19,18,18,9,False
17623708813,42,38,4,0,2,3,16,16,24,False
18053307086,21,7,4,0,1,22,21,21,0,False
18636055184,14,6,4,0,3,14,46,46,39,False
15797725211,40,9,4,0,3,26,27,27,39,False
19881266563,29,1,2,0,1,17,36,36,0,False
15079495784,13,24,4,0,2,18,29,29,39,False
17527328008,5,0,4,0,0,43,44,44,2,False
15661502139,47,5,4,0,1,31,30,30,0,False
18053307086,33,4,3,0,1,19,27,27,9,False
15797725211,9,19,4,0,1,2,1,1,1,True
17331496902,31,5,4,0,1,34,32,32,0,False
17731093916,42,0,3,0,3,21,31,31,19,False
15167050060,7,17,4,0,2,31,45,45,39,False
13401917913,19,1,2,0,2,7,21,21,39,False
18365196069,35,4,1,0,2,37,31,31,2,False
13401917913,2,2,4,0,2,31,39,39,39,True
15260233525,35,27,3,0,1,15,0,0,0,True
15797725211,46,9,2,0,1,6,5,5,9,False
13074255915,5,1,4,0,1,37,8,8,0,False
19859608897,49,0,4,0,1,38,1,1,9,False
13670356740,3,6,3,0,0,31,15,15,0,False
18802233956,50,11,4,0,1,18,0,0,39,False
13932780308,49,11,3,0,1,26,13,13,9,False
16726368276,35,4,4,0,1,26,34,34,39,False
19970957519,43,23,4,0,3,39,40,40,24,False
13401917913,38,15,4,0,1,2,7,7,0,False
17527328008,30,1,4,0,2,37,45,45,39,False
15165929133,8,35,4,0,3,17,8,8,8,True
19881266563,25,24,3,0,3,36,20,20,39,False
19970957519,48,17,4,0,3,5,6,6,39,False
13074255915,33,29,4,0,1,27,39,39,0,False
13932780308,17,4,1,0,2,31,7,7,8,False
18664891854,32,7,4,0,2,4,8,8,0,False
18702113651,4,2,3,0,3,37,9,9,9,True
13670356740,32,0,3,0,3,35,18,18,19,False
15797725211,36,3,3,0,2,3,17,17,39,False
19948700293,30,6,4,0,3,3,17,17,39,False
15079495784,25,17,4,0,2,18,46,46,39,False
15797725211,43,9,1,0,2,28,44,44,39,False
15079495784,16,31,4,0,0,31,24,24,9,False
18758415613,16,7,3,0,0,30,31,31,9,False
18365196069,27,10,4,0,3,8,5,5,39,False
13943039298,28,1,4,0,3,12,20,20,39,False
13670356740,46,11,4,0,0,22,14,14,0,False
19831701219,37,14,4,0,3,29,16,16,39,False
19831701219,26,3,4,0,3,18,32,32,39,False
15165929133,31,3,1,0,1,18,9,9,39,False
19970957519,10,7,2,0,3,10,12,12,39,False
13130819298,13,18,3,0,1,13,24,24,21,False
18636055184,1,1,4,0,3,9,12,12,39,False
15661502139,6,22,4,0,1,12,3,3,9,False
18053307086,5,20,4,0,2,11,24,24,39,False
17713196465,24,23,4,0,3,31,25,25,39,False
18758415613,30,8,3,0,2,5,13,13,39,False
18758415613,36,8,1,0,0,11,12,12,19,False
13513580369,6,15,3,0,3,10,24,24,39,False
15735414945,15,17,4,0,3,19,34,34,39,False
15735414945,33,4,4,0,0,28,2,2,19,False
17623708813,47,17,4,0,3,44,45,45,39,False
18989781863,37,6,4,0,0,25,13,13,9,False
15735414945,37,6,4,0,2,25,38,38,24,False
15797725211,13,25,4,0,2,15,16,16,39,False
15167050060,26,1,4,0,1,41,14,14,0,False
18664891854,29,16,4,0,2,18,24,24,39,False
13401917913,9,5,2,0,2,18,32,32,39,False
15167050060,39,7,4,0,0,29,31,31,9,False
19834840803,26,6,4,0,3,16,1,1,8,False
13130819298,46,0,3,0,2,7,8,8,39,False
13513580369,32,0,2,0,2,1,24,24,39,False
19550593600,43,7,4,0,1,48,40,40,1,False
16630722126,9,2,3,0,3,14,21,21,39,False
18636055184,6,6,4,0,3,2,18,18,39,False
15735414945,34,2,2,0,0,15,12,12,19,False
18758415613,43,7,3,0,0,35,21,21,9,False
19881266563,41,4,4,0,2,2,9,9,24,False
15661502139,48,34,4,0,3,30,33,33,39,False
18802233956,28,0,4,0,3,37,25,25,39,False
16630722126,18,5,4,0,3,7,10,10,39,False
18758415613,32,3,3,0,3,14,22,22,39,False
15079495784,3,35,3,0,2,2,9,9,24,False
19859608897,1,11,1,0,1,26,34,34,39,False
17731093916,41,1,4,0,0,15,11,11,19,False
18989781863,11,4,2,0,1,34,33,33,0,False
18758415613,41,33,2,0,2,23,24,24,39,False
15735414945,42,3,4,0,0,21,41,41,19,False
15797725211,24,4,3,0,0,19,24,24,9,False
13074255915,8,8,4,0,0,30,14,14,1,False
15167050060,46,17,4,0,1,3,1,1,9,False
19852999776,28,1,1,0,3,8,3,3,9,False
17807329663,4,17,4,0,2,19,47,47,39,False
19859608897,23,2,4,0,1,23,8,8,9,False
18702113651,2,10,4,0,1,18,32,32,39,False
13630678332,19,9,1,0,0,30,24,24,9,False
18053307086,22,8,4,0,2,20,6,6,0,False
15167050060,14,6,4,0,0,39,34,34,9,False
15260233525,17,5,4,0,2,8,7,7,0,False
18365196069,9,20,4,0,0,31,32,32,39,False
15079495784,39,4,4,0,0,31,21,21,9,False
19948700293,9,5,4,0,1,5,8,8,9,False
19881266563,28,7,4,0,3,22,16,16,39,False
18053307086,45,27,4,0,2,2,33,33,39,False
19831701219,43,2,4,0,2,15,25,25,39,False
18802233956,34,10,4,0,3,8,11,11,39,False
18802233956,18,9,4,0,1,11,10,10,9,False
15797725211,17,7,4,0,3,16,46,46,39,False
18053307086,32,39,4,0,1,10,1,1,0,False
18053307086,31,21,4,0,2,18,39,39,39,True
17731093916,28,11,4,0,3,4,20,20,39,False
18802233956,48,13,4,0,0,27,17,17,0,False
15079495784,16,31,4,0,1,28,38,38,39,False
15735414945,34,5,4,0,1,31,21,21,0,False
13130819298,48,4,1,0,0,9,4,4,19,False
19881266563,2,26,4,0,0,18,2,2,2,True
19970957519,28,8,3,0,3,37,45,45,39,False
15079495784,25,13,4,0,3,12,6,6,39,False
18758415613,8,15,4,0,0,29,0,0,1,False
19881266563,13,9,4,0,0,20,30,30,0,False
18989781863,49,6,3,0,3,2,40,40,39,False
13130819298,45,9,4,0,0,22,2,2,9,False
19948700293,30,6,2,0,0,27,19,19,0,False
13943039298,26,5,1,0,0,37,22,22,9,False
13074255915,27,5,4,0,3,44,46,46,39,False
18802233956,25,6,4,0,1,30,43,43,39,False
18765816132,11,1,4,0,2,22,29,29,39,False
18365196069,1,4,2,0,3,32,41,41,39,False
13670356740,37,15,2,0,3,18,13,13,39,False
16630722126,37,1,3,0,1,45,38,38,13,False
18365196069,18,15,4,0,0,31,23,23,9,False
19970957519,27,3,4,0,3,19,42,42,24,False
18636055184,51,2,1,0,2,23,29,29,39,False
13943039298,21,10,4,0,3,4,13,13,39,False
17713196465,43,3,4,0,1,11,31,31,24,False
17527328008,9,8,4,0,3,31,47,47,39,False
17713196465,25,19,4,0,1,46,29,29,9,False
17331496902,47,3,1,0,2,7,8,8,19,False
13130819298,32,9,4,0,1,17,46,46,39,False
13074255915,47,0,3,0,1,29,7,7,1,False
19550593600,33,0,1,0,0,43,42,42,39,False
18989781863,19,10,4,0,2,7,37,37,39,False
17623708813,37,7,1,0,1,13,18,18,39,False
19831701219,36,2,4,0,1,31,21,21,0,False
19948700293,18,4,3,0,2,13,34,34,39,False
19859608897,47,4,4,0,3,21,36,36,39,False
18664891854,15,1,4,0,1,44,43,43,9,False
17731093916,2,13,4,0,3,26,27,27,39,False
17807329663,41,9,4,0,2,5,12,12,39,False
15079495784,19,1,4,0,3,17,18,18,39,False
18053307086,43,23,4,0,3,30,24,24,39,False
18702113651,41,12,4,0,3,25,20,20,39,False
15260233525,39,21,4,0,1,3,9,9,9,True
19970957519,42,5,1,0,2,37,44,44,39,False
18053307086,28,16,3,0,3,25,32,32,24,False
15079495784,41,4,4,0,2,0,12,12,39,False
13074255915,35,7,4,0,0,16,9,9,0,False
15260233525,48,3,3,0,2,23,39,39,39,True
13513580369,35,14,4,0,2,18,41,41,39,False
15079495784,48,70,4,0,3,35,24,24,39,False
18758415613,32,9,4,0,3,30,31,31,39,False
18664891854,22,14,4,0,0,11,4,4,9,False
17623708813,1,18,4,0,2,30,33,33,9,False
15079495784,7,7,4,0,3,23,26,26,9,False
17331496902,29,0,4,0,1,26,24,24,9,False
19970957519,49,1,2,0,0,40,5,5,1,False
18636055184,17,18,4,0,2,25,33,33,39,False
17807329663,40,10,4,0,2,18,10,10,39,False
18989781863,41,4,4,0,2,15,36,36,39,False
17623708813,21,3,4,0,0,16,14,14,0,False
18053307086,35,22,4,0,3,10,25,25,39,False
15260233525,36,22,4,0,3,25,24,24,9,False
18989781863,31,2,1,0,1,33,20,20,9,False
19948700293,11,9,1,0,1,8,0,0,0,True
13130819298,18,23,4,0,0,36,8,8,1,False
18664891854,48,0,4,0,3,10,48,48,39,False
18765816132,36,7,4,0,1,22,21,21,0,False
13932780308,38,2,2,0,3,8,11,11,1,False
15735414945,3,17,4,0,0,33,23,23,9,False
19970957519,24,13,4,0,1,37,36,36,0,False
15079495784,37,3,3,0,3,8,10,10,1,False
15260233525,28,1,3,0,0,23,32,32,9,False
18989781863,29,4,4,0,2,15,17,17,39,False
15167050060,1,8,2,0,3,18,12,12,39,False
18702113651,6,122,4,0,1,29,3,3,1,False
15260233525,29,11,4,0,3,39,47,47,39,False
15167050060,21,1,3,0,2,12,40,40,39,False
17527328008,1,0,3,0,1,1,30,30,39,False
15079495784,39,15,4,0,0,43,42,42,39,False
17331496902,22,6,2,0,0,14,1,1,9,False
18053307086,46,4,4,0,0,46,43,43,0,False
19881266563,41,19,4,0,2,39,29,29,0,False
15797725211,5,10,1,0,2,18,24,24,39,False
17731093916,28,15,4,0,1,20,19,19,0,False
15079495784,17,11,4,0,3,0,19,19,39,False
17807329663,43,4,4,0,1,31,8,8,9,False
13513580369,40,0,4,0,3,44,19,19,19,True
18989781863,17,3,4,0,3,16,9,9,9,True
18702113651,36,3,3,0,2,12,20,20,39,False
15079495784,28,13,1,0,0,27,20,20,0,False
15797725211,46,12,4,0,0,19,7,7,9,False
15167050060,4,20,4,0,0,39,45,45,24,False
15735414945,21,12,4,0,0,32,11,11,9,False
19852999776,31,6,4,0,1,31,8,8,9,False
15079495784,17,7,4,0,3,0,19,19,39,False
18765816132,11,7,2,0,1,47,40,40,1,False
16630722126,35,19,4,0,1,11,8,8,9,False
18664891854,6,2,3,0,1,26,45,45,39,False
15165929133,32,6,4,0,3,7,8,8,19,False
13943039298,8,5,4,0,0,23,1,1,9,False
19948700293,2,2,4,0,3,19,29,29,9,False
17527328008,10,65,1,0,2,15,28,28,39,False
19881266563,38,18,4,0,3,18,6,6,19,False
18991311567,26,53,4,0,3,28,16,16,19,False
15165929133,25,3,2,0,2,10,33,33,39,False
18636055184,1,20,4,0,2,25,24,24,9,False
19550593600,4,0,2,0,1,9,15,15,39,False
13401917913,31,4,4,0,3,39,32,32,9,False
18765816132,47,1,4,0,3,37,39,39,39,True
15661502139,32,1,4,0,3,10,18,18,39,False
19852999776,41,18,4,0,2,16,30,30,24,False
17331496902,47,0,4,0,3,21,28,28,39,False
19881266563,41,23,4,0,0,17,34,34,39,False
17713196465,11,5,3,0,0,29,22,22,1,False
13943039298,31,9,1,0,2,32,48,48,39,False
15735414945,30,20,3,0,0,19,16,16,9,False
18053307086,1,32,4,0,0,36,21,21,0,False
15797725211,38,22,4,0,3,30,41,41,9,False
15735414945,36,0,1,0,2,23,21,21,39,False
17623708813,39,13,4,0,1,8,0,0,0,True
15167050060,40,1,2,0,1,17,7,7,9,False
18636055184,6,3,4,0,1,31,17,17,39,False
17623708813,6,6,4,0,3,22,23,23,39,False
15735414945,32,15,4,0,2,17,31,31,39,False
19852999776,37,3,1,0,1,15,0,0,0,True
15661502139,35,11,4,0,1,10,21,21,9,False
15260233525,14,7,1,0,0,22,15,15,9,False
16726368276,17,5,4,0,0,16,1,1,1,True
18702113651,38,8,2,0,3,18,17,17,39,False
13130819298,29,20,4,0,3,45,39,39,39,True
19831701219,7,8,4,0,0,45,38,38,9,False
19831701219,34,3,4,0,1,11,20,20,39,False
17623708813,11,7,4,0,2,1,19,19,39,False
18365196069,48,6,4,0,1,5,9,9,9,True
15165929133,34,2,4,0,2,34,40,40,39,False
16726368276,13,12,4,0,2,2,8,8,0,False
16726368276,22,5,4,0,2,32,39,39,39,True
13130819298,45,1,3,0,1,30,36,36,0,False
18664891854,45,14,4,0,1,41,40,40,0,False
19852999776,16,17,4,0,1,30,14,14,0,False
17623708813,33,22,4,0,3,23,24,24,39,False
18636055184,50,5,4,0,0,23,4,4,19,False
19881266563,22,12,4,0,3,12,5,5,19,False
18664891854,9,1,4,0,2,19,18,18,39,False
18989781863,39,10,4,0,3,0,1,1,39,False
16630722126,37,31,4,0,0,27,34,34,9,False
18991311567,15,16,4,0,2,18,16,16,39,False
18802233956,4,3,3,0,1,32,22,22,21,False
18765816132,47,6,4,0,3,25,48,48,39,False
13670356740,33,5,4,0,0,38,39,39,39,True
19831701219,24,15,4,0,0,25,18,18,9,False
13401917913,31,1,1,0,0,7,5,5,19,False
15797725211,43,10,2,0,0,29,2,2,1,False
15661502139,33,4,4,0,0,23,8,8,0,False
19881266563,12,5,2,0,1,32,35,35,21,False
18702113651,46,0,4,0,2,39,7,7,0,False
18053307086,27,7,4,0,0,37,22,22,21,False
19859608897,30,6,1,0,3,33,34,34,39,False
15165929133,30,15,4,0,2,39,47,47,39,False
15260233525,41,9,4,0,2,35,36,36,39,False
19881266563,34,7,1,0,0,22,14,14,9,False
19852999776,6,3,4,0,1,18,3,3,9,False
17527328008,14,5,4,0,0,32,13,13,19,False
18989781863,21,6,1,0,2,30,19,19,19,True
17807329663,31,2,2,0,2,37,42,42,0,False
19881266563,36,0,2,0,2,0,11,11,24,False
17331496902,35,2,1,0,0,20,12,12,0,False
13074255915,8,3,4,0,3,29,1,1,1,True
17807329663,9,0,3,0,0,25,23,23,9,False
13401917913,17,2,4,0,0,13,3,3,0,False
19834840803,37,3,4,0,1,4,10,10,0,False
15165929133,30,3,1,0,0,44,42,42,0,False
18365196069,39,3,4,0,3,1,10,10,39,False
17623708813,8,3,3,0,0,33,6,6,1,False
15735414945,20,28,4,0,3,22,9,9,19,False
19970957519,40,5,4,0,3,30,18,18,19,False
18053307086,33,4,1,0,2,18,46,46,39,False
13130819298,19,13,2,0,1,19,39,39,9,False
16726368276,34,8,4,0,2,21,29,29,39,False
13630678332,19,7,4,0,3,14,24,24,39,False
13670356740,14,7,2,0,2,28,37,37,39,False
18702113651,6,38,4,0,3,8,3,3,39,False
13401917913,41,1,1,0,3,36,40,40,39,False
18991311567,42,9,3,0,2,8,0,0,9,False
19834840803,8,2,1,0,2,31,23,23,9,False
18802233956,47,0,4,0,3,39,3,3,9,False
16630722126,11,6,4,0,0,39,3,3,1,False
17331496902,15,3,4,0,3,45,39,39,19,False
17713196465,34,23,4,0,1,25,6,6,10,False
19831701219,40,6,2,0,3,28,17,17,19,False
19948700293,4,5,4,0,1,32,45,45,39,False
17527328008,40,1,2,0,0,14,1,1,0,False
15079495784,8,26,4,0,3,45,47,47,39,False
15079495784,24,22,4,0,2,12,5,5,2,False
15797725211,30,24,4,0,1,12,20,20,39,False
19859608897,41,3,4,0,2,18,34,34,39,False
15735414945,46,28,3,0,1,23,24,24,39,False
19831701219,16,11,2,0,3,11,46,46,39,False
13943039298,46,1,4,0,2,1,31,31,24,False
17713196465,23,11,4,0,2,30,4,4,19,False
18758415613,8,10,4,0,0,36,0,0,0,True
19859608897,40,6,1,0,2,24,15,15,39,False
18989781863,18,4,2,0,3,17,6,6,39,False
19881266563,47,18,4,0,1,11,3,3,9,False
19859608897,49,6,4,0,3,25,19,19,39,False
13513580369,29,4,4,0,0,37,16,16,9,False
19831701219,3,13,4,0,1,32,30,30,0,False
13630678332,16,9,2,0,1,40,39,39,39,True
13130819298,5,14,4,0,2,32,36,36,0,False
17807329663,4,6,4,0,1,18,3,3,39,False
18365196069,33,12,4,0,0,31,24,24,9,False
13401917913,44,3,4,0,2,3,12,12,39,False
15735414945,44,7,4,0,1,15,7,7,0,False
13074255915,16,4,2,0,0,23,19,19,19,True
16630722126,25,0,3,0,3,8,25,25,9,False
13513580369,23,14,4,0,2,19,25,25,39,False
19831701219,13,4,4,0,1,17,25,25,19,False
18765816132,48,4,2,0,0,32,13,13,19,False
18702113651,32,1,4,0,2,17,38,38,39,False
18664891854,8,5,4,0,0,27,19,19,0,False
13401917913,40,0,2,0,1,27,34,34,0,False
19970957519,31,20,3,0,0,27,16,16,0,False
15079495784,12,6,3,0,0,30,23,23,9,False
18053307086,4,6,4,0,0,10,7,7,0,False
15735414945,45,1,2,0,0,31,23,23,0,False
16630722126,41,3,3,0,1,9,39,39,24,False
19970957519,20,43,4,0,1,36,9,9,1,False
19550593600,22,11,4,0,3,16,2,2,9,False
15661502139,34,55,4,0,2,26,37,37,0,False
16726368276,42,4,1,0,3,40,24,24,9,False
18636055184,50,4,4,0,1,47,32,32,1,False
18765816132,37,10,4,0,3,14,48,48,39,False
19834840803,41,29,4,0,3,46,48,48,39,False
17807329663,36,7,4,0,3,32,12,12,2,False
18802233956,41,2,4,0,3,5,47,47,39,False
15167050060,21,14,2,0,1,3,9,9,9,True
13401917913,11,3,2,0,3,37,33,33,39,False
19852999776,9,3,1,0,1,11,1,1,0,False
19948700293,28,2,3,0,2,39,38,38,8,False
16726368276,31,6,2,0,0,44,38,38,9,False
16726368276,41,5,4,0,3,22,36,36,39,False
16630722126,12,0,2,0,3,45,32,32,2,False
13943039298,45,23,4,0,3,31,39,39,39,True
15797725211,24,19,4,0,0,7,10,10,39,False
18765816132,47,15,4,0,1,3,8,8,9,False
18365196069,14,17,4,0,2,34,41,41,39,False
19970957519,3,23,4,0,2,3,23,23,24,False
15661502139,14,15,4,0,1,24,1,1,39,False
15167050060,29,12,1,0,0,37,24,24,2,False
13943039298,48,4,4,0,2,16,14,14,0,False
18802233956,10,9,4,0,0,30,39,39,9,False
18664891854,15,5,4,0,1,45,8,8,9,False
13630678332,48,8,4,0,3,16,24,24,39,False
17527328008,25,4,3,0,0,18,4,4,19,False
18365196069,21,0,2,0,0,44,43,43,9,False
19852999776,2,6,4,0,3,40,15,15,9,False
19881266563,28,6,4,0,2,18,21,21,39,False
19859608897,4,1,4,0,3,31,27,27,39,False
19948700293,16,7,2,0,3,16,1,1,1,True
19881266563,3,34,4,0,3,11,24,24,39,False
18053307086,13,3,2,0,2,2,15,15,24,False
17731093916,39,0,4,0,1,48,31,31,0,False
19852999776,48,3,4,0,0,15,23,23,39,False
15661502139,32,7,2,0,1,17,20,20,39,False
18765816132,10,3,4,0,0,27,41,41,0,False
13943039298,30,2,2,0,3,17,19,19,39,False
15797725211,19,6,4,0,0,27,6,6,9,False
19852999776,34,11,3,0,3,12,13,13,39,False
13513580369,41,2,4,0,3,14,23,23,39,False
13074255915,40,8,4,0,2,35,42,42,39,False
13401917913,42,0,4,0,1,18,24,24,39,False
15661502139,18,0,3,0,3,14,34,34,39,False
15661502139,49,4,3,0,3,29,36,36,39,False
13670356740,48,1,4,0,2,43,25,25,39,False
13074255915,37,26,4,0,1,38,48,48,39,False
15797725211,34,1,1,0,2,3,11,11,39,False
15079495784,22,16,1,0,3,10,39,39,39,True
13630678332,9,7,3,0,3,25,27,27,39,False
16726368276,31,3,4,0,2,39,47,47,39,False
17807329663,40,8,4,0,2,1,0,0,39,False
19859608897,46,5,4,0,0,44,43,43,39,False
13630678332,21,10,4,0,2,38,39,39,39,True
17527328008,24,22,4,0,0,12,26,26,39,False
18991311567,21,12,2,0,1,6,5,5,9,False
16630722126,1,9,4,0,0,44,24,24,9,False
18702113651,21,15,4,0,2,11,34,34,39,False
18053307086,8,7,4,0,1,46,37,37,9,False
18989781863,23,5,4,0,3,26,27,27,39,False
15735414945,43,0,3,0,3,14,19,19,39,False
18636055184,20,4,4,0,1,23,21,21,0,False
16630722126,33,4,1,0,3,26,48,48,39,False
19859608897,13,5,4,0,2,23,45,45,39,False
18802233956,29,4,4,0,2,31,29,29,0,False
15079495784,33,2,4,0,2,3,46,46,39,False
16630722126,20,16,4,0,1,18,1,1,9,False
13513580369,42,14,4,0,0,25,1,1,1,True
13670356740,28,10,4,0,3,9,16,16,39,False
17807329663,8,0,1,0,0,40,9,9,39,False
15661502139,17,4,2,0,1,9,1,1,0,False
13670356740,50,8,4,0,2,11,18,18,39,False
13130819298,3,3,4,0,0,23,34,34,9,False
19859608897,41,0,4,0,1,5,34,34,39,False
17807329663,3,1,1,0,0,30,36,36,0,False
19834840803,19,6,4,0,3,10,34,34,39,False
19881266563,14,8,3,0,3,18,10,10,39,False
15167050060,14,1,2,0,1,39,22,22,0,False
17807329663,2,6,4,0,0,20,13,13,0,False
19831701219,40,9,4,0,3,14,34,34,39,False
18664891854,17,9,4,0,2,40,42,42,9,False
15797725211,31,10,4,0,1,31,15,15,9,False
19859608897,20,0,2,0,1,36,21,21,9,False
19859608897,16,2,4,0,1,26,15,15,0,False
17807329663,42,8,3,0,1,36,21,21,0,False
15260233525,15,2,2,0,0,19,2,2,9,False
19852999776,14,5,4,0,3,11,38,38,39,False
13130819298,18,11,2,0,2,12,39,39,39,True
16726368276,18,6,3,0,1,18,8,8,39,False
13074255915,45,4,4,0,0,14,1,1,19,False
15165929133,14,8,3,0,1,40,39,39,39,True
19831701219,37,6,1,0,0,37,9,9,9,True
18802233956,32,20,4,0,3,22,2,2,19,False
18053307086,15,1,2,0,2,18,15,15,39,False
18989781863,20,0,2,0,2,3,6,6,39,False
15735414945,38,8,4,0,3,32,18,18,39,False
13943039298,42,1,1,0,2,20,33,33,0,False
13130819298,47,1,4,0,2,11,31,31,39,False
13130819298,47,17,4,0,1,10,9,9,0,False
19550593600,44,10,4,0,1,39,25,25,9,False
18664891854,45,0,4,0,2,8,44,44,39,False
18053307086,44,13,4,0,0,23,16,16,9,False
18758415613,4,17,4,0,3,29,15,15,1,False
19831701219,17,16,4,0,2,18,46,46,39,False
13932780308,37,2,2,0,3,32,11,11,19,False
16630722126,20,24,4,0,1,2,1,1,0,False
18636055184,11,29,4,0,0,15,0,0,0,True
18758415613,48,0,4,0,0,39,18,18,9,False
15797725211,38,5,4,0,3,15,41,41,39,False
15735414945,11,10,4,0,3,29,33,33,39,False
18365196069,47,7,4,0,3,44,46,46,39,False
19550593600,49,3,3,0,3,14,24,24,39,False
18802233956,8,24,4,0,0,38,45,45,39,False
13513580369,9,10,4,0,3,19,26,26,9,False
19948700293,15,2,4,0,2,10,46,46,39,False
19881266563,7,30,4,0,2,8,7,7,9,False
13074255915,4,1,4,0,3,39,26,26,9,False
18053307086,18,5,4,0,3,25,32,32,24,False
17713196465,21,8,4,0,2,18,16,16,39,False
18702113651,34,3,3,0,2,3,38,38,39,False
15260233525,21,17,4,0,3,16,25,25,39,False
13130819298,20,8,4,0,1,29,0,0,9,False
13513580369,13,8,4,0,3,4,6,6,39,False
13130819298,13,2,3,0,1,17,24,24,39,False
18765816132,19,8,4,0,3,46,48,48,19,False
17623708813,39,2,4,0,0,27,10,10,9,False
15260233525,21,2,3,0,2,10,16,16,24,False
19834840803,29,11,4,0,1,27,48,48,39,False
19970957519,49,2,3,0,1,17,9,9,9,True
13130819298,36,40,4,0,0,23,16,16,9,False
17623708813,34,12,4,0,0,8,11,11,39,False
15797725211,45,16,4,0,0,15,8,8,9,False
18664891854,32,12,4,0,0,11,20,20,39,False
18053307086,37,5,2,0,3,23,32,32,9,False
17623708813,39,3,2,0,2,26,39,39,39,True
18053307086,27,1,4,0,0,39,22,22,9,False
16630722126,16,2,3,0,2,0,2,2,39,False
15079495784,31,13,4,0,3,18,15,15,39,False
13130819298,19,19,4,0,0,15,16,16,39,False
19834840803,49,0,2,0,1,40,3,3,39,False
18053307086,50,21,4,0,3,12,6,6,39,False
13513580369,27,3,4,0,3,25,38,38,39,False
17527328008,7,6,4,0,3,35,32,32,19,False
19881266563,11,7,4,0,2,5,20,20,39,False
13943039298,43,2,4,0,0,16,12,12,39,False
16630722126,15,1,3,0,1,5,2,2,0,False
13943039298,38,0,1,0,3,33,47,47,39,False
17527328008,4,5,4,0,0,45,32,32,2,False
15079495784,37,23,4,0,3,10,23,23,24,False
17623708813,41,13,2,0,3,37,31,31,39,False
19948700293,24,0,2,0,0,44,42,42,9,False
17623708813,7,14,4,0,2,22,41,41,39,False
15661502139,5,3,4,0,3,39,3,3,1,False
19831701219,45,3,3,0,3,25,37,37,9,False
16630722126,23,13,3,0,2,30,31,31,0,False
18053307086,9,6,4,0,0,33,12,12,1,False
15661502139,14,13,1,0,1,33,46,46,39,False
17807329663,6,14,2,0,3,11,45,45,39,False
15797725211,35,8,4,0,0,29,21,21,0,False
15167050060,10,0,4,0,3,22,43,43,39,False
15167050060,43,3,4,0,2,9,27,27,9,False
13074255915,44,2,1,0,0,7,1,1,19,False
17331496902,7,6,4,0,0,25,17,17,9,False
15797725211,37,0,4,0,1,17,36,36,39,False
15735414945,37,9,2,0,2,35,36,36,39,False
16630722126,37,11,4,0,2,33,34,34,39,False
15735414945,46,10,4,0,2,38,39,39,39,True
18702113651,46,0,3,0,2,8,46,46,24,False
13130819298,31,15,3,0,2,14,21,21,39,False
17807329663,5,2,4,0,1,11,15,15,0,False
17623708813,41,246,4,0,2,23,0,0,9,False
18636055184,47,0,4,0,0,43,8,8,19,False
18802233956,48,0,1,0,2,7,1,1,19,False
13513580369,10,2,4,0,0,33,11,11,1,False
18636055184,35,9,4,0,3,18,19,19,39,False
13670356740,16,16,4,0,1,19,18,18,39,False
15079495784,40,6,4,0,2,23,0,0,9,False
18702113651,21,21,4,0,0,19,34,34,9,False
16726368276,5,3,3,0,2,7,28,28,39,False
13401917913,27,10,4,0,0,36,15,15,0,False
17807329663,49,8,4,0,1,3,14,14,9,False
13130819298,2,9,4,0,1,18,24,24,9,False
19970957519,20,1,3,0,3,14,25,25,39,False
13513580369,10,6,4,0,3,18,11,11,19,False
13670356740,20,15,4,0,2,9,23,23,39,False
13943039298,44,9,4,0,1,17,3,3,0,False
13130819298,22,6,1,0,3,32,15,15,9,False
18765816132,16,17,4,0,1,23,22,22,9,False
13513580369,25,9,2,0,2,37,43,43,39,False
13074255915,24,0,4,0,1,15,4,4,39,False
17623708813,37,3,3,0,0,25,22,22,0,False
15079495784,40,4,4,0,2,21,44,44,39,False
17807329663,17,46,4,0,1,39,38,38,0,False
15079495784,7,6,4,0,1,33,15,15,9,False
18365196069,17,14,3,0,0,27,13,13,0,False
18991311567,43,2,3,0,1,13,27,27,39,False
13670356740,12,1,4,0,1,18,7,7,39,False
17623708813,20,27,4,0,3,24,9,9,9,True
15079495784,42,2,4,0,3,17,25,25,39,False
15735414945,44,20,4,0,3,37,40,40,39,False
15079495784,36,15,4,0,2,18,37,37,39,False
13670356740,36,9,4,0,2,33,39,39,24,False
19834840803,42,5,4,0,2,39,10,10,1,False
18664891854,49,5,2,0,2,17,32,32,39,False
17623708813,21,12,4,0,1,29,14,14,0,False
19948700293,9,10,4,0,0,30,8,8,1,False
19834840803,34,5,4,0,2,39,32,32,9,False
18989781863,16,15,4,0,2,32,41,41,39,False
13074255915,32,3,4,0,3,39,0,0,9,False
16726368276,14,8,1,0,2,16,30,30,24,False
18758415613,35,10,4,0,1,3,2,2,9,False
13670356740,31,2,3,0,3,16,14,14,8,False
17807329663,36,9,4,0,0,26,12,12,9,False
15079495784,48,5,2,0,0,27,5,5,9,False
15735414945,47,48,4,0,2,31,16,16,9,False
18989781863,34,8,4,0,3,15,48,48,39,False
19852999776,22,22,4,0,3,2,19,19,39,False
13130819298,3,18,4,0,3,33,34,34,39,False
13130819298,15,5,3,0,1,30,43,43,0,False
19852999776,4,21,4,0,2,12,19,19,39,False
19834840803,2,1,4,0,2,38,46,46,39,False
16726368276,11,11,4,0,3,3,6,6,39,False
18989781863,31,1,4,0,3,45,32,32,2,False
15661502139,21,15,4,0,2,2,9,9,24,False
17623708813,23,2,4,0,2,26,46,46,39,False
17731093916,3,2,1,0,1,5,2,2,9,False
13074255915,44,11,2,0,0,31,24,24,1,False
18991311567,11,18,3,0,1,1,0,0,39,False
16726368276,41,9,1,0,1,32,24,24,21,False
16630722126,27,1,4,0,2,4,3,3,24,False
18365196069,33,8,4,0,2,18,24,24,39,False
18664891854,34,5,4,0,0,23,7,7,9,False
18664891854,35,7,4,0,2,28,19,19,19,True
13401917913,48,1,4,0,1,40,4,4,39,False
15165929133,18,3,4,0,2,2,1,1,0,False
15260233525,26,5,4,0,2,16,15,15,0,False
16726368276,27,6,4,0,1,17,9,9,0,False
13932780308,28,21,4,0,1,28,21,21,39,False
15735414945,15,24,4,0,3,26,34,34,39,False
13401917913,28,32,4,0,1,16,2,2,9,False
18758415613,14,0,4,0,2,25,22,22,9,False
17527328008,28,6,4,0,0,23,19,19,19,True
13943039298,2,2,4,0,3,9,44,44,39,False
16726368276,16,6,4,0,1,18,22,22,39,False
19948700293,12,2,4,0,3,23,24,24,19,False
15735414945,25,1,1,0,0,23,25,25,39,False
15079495784,23,18,4,0,3,31,18,18,9,False
19859608897,31,4,4,0,2,39,46,46,24,False
19834840803,35,23,4,0,1,10,0,0,9,False
16726368276,49,5,4,0,0,7,1,1,19,False
19550593600,36,9,2,0,2,34,39,39,24,False
17713196465,44,25,4,0,3,15,17,17,39,False
13670356740,37,2,4,0,1,6,5,5,9,False
19831701219,4,14,1,0,3,22,16,16,39,False
17623708813,7,29,4,0,0,37,9,9,9,True
17713196465,24,0,4,0,2,10,36,36,39,False
13932780308,21,7,2,0,0,22,0,0,9,False
15079495784,1,30,4,0,2,37,43,43,0,False
17731093916,29,9,4,0,2,10,25,25,39,False
17623708813,19,49,4,0,0,20,6,6,0,False
16630722126,49,3,4,0,0,40,48,48,9,False
15735414945,4,10,4,0,0,30,47,47,39,False
19834840803,11,3,3,0,1,38,45,45,39,False
19881266563,30,7,4,0,3,45,12,12,39,False
17713196465,21,4,4,0,2,26,42,42,24,False
17331496902,39,2,4,0,1,9,24,24,39,False
15661502139,39,15,4,0,1,25,36,36,9,False
15735414945,32,5,4,0,2,22,31,31,39,False
13130819298,36,8,4,0,0,30,23,23,9,False
18664891854,24,2,4,0,0,19,8,8,9,False
15260233525,40,0,3,0,3,10,46,46,39,False
13630678332,1,9,2,0,3,22,16,16,39,False
19970957519,15,22,4,0,3,25,39,39,39,True
15797725211,42,8,3,0,1,3,14,14,0,False
18802233956,14,9,4,0,3,28,21,21,39,False
15735414945,32,6,4,0,2,21,46,46,19,False
18365196069,47,20,4,0,2,17,29,29,0,False
13513580369,16,0,3,0,3,5,33,33,39,False
13943039298,6,4,1,0,2,4,9,9,0,False
13630678332,21,20,4,0,3,32,39,39,39,True
15797725211,24,35,3,0,1,32,24,24,21,False
19852999776,21,22,4,0,0,29,15,15,1,False
19970957519,50,20,4,0,0,28,23,23,19,False
16726368276,34,4,4,0,3,14,29,29,39,False
13670356740,17,11,4,0,2,15,38,38,39,False
19970957519,47,6,4,0,2,26,24,24,24,True
18765816132,26,1,4,0,1,13,9,9,21,False
19852999776,3,0,1,0,0,38,41,41,39,False
17331496902,2,4,3,0,2,25,41,41,39,False
15797725211,15,10,4,0,0,17,32,32,39,False
15165929133,40,1,4,0,1,1,30,30,39,False
15661502139,21,11,4,0,2,10,19,19,39,False
17807329663,8,13,2,0,2,26,45,45,39,False
19852999776,36,3,4,0,3,39,19,19,9,False
19881266563,12,4,4,0,1,25,36,36,9,False
15165929133,24,3,3,0,0,22,15,15,0,False
17527328008,29,5,3,0,1,34,33,33,0,False
18758415613,13,16,4,0,3,26,41,41,39,False
19550593600,9,5,4,0,0,9,18,18,9,False
13670356740,30,5,1,0,0,38,17,17,9,False
15165929133,16,33,1,0,2,30,39,39,39,True
13401917913,4,51,3,0,3,8,24,24,24,True
18802233956,23,10,4,0,0,17,39,39,39,True
17713196465,45,3,4,0,0,17,0,0,8,False
19881266563,31,10,4,0,1,20,13,13,0,False
18365196069,7,10,4,0,1,33,17,17,9,False
15797725211,45,7,4,0,3,14,3,3,39,False
19881266563,8,1,3,0,0,15,11,11,19,False
18991311567,11,14,1,0,3,29,23,23,39,False
15661502139,16,10,4,0,0,30,23,23,9,False
17527328008,2,3,4,0,2,39,48,48,39,False
17807329663,18,10,4,0,0,32,11,11,19,False
19831701219,46,4,3,0,1,38,17,17,9,False
19970957519,40,9,3,0,0,19,3,3,9,False
15661502139,39,26,4,0,3,11,36,36,0,False
13130819298,32,7,4,0,2,12,19,19,39,False
15661502139,21,1,4,0,0,25,9,9,9,True
18053307086,7,5,4,0,2,16,47,47,39,False
19859608897,36,0,1,0,1,47,38,38,9,False
18702113651,24,37,4,0,0,7,0,0,9,False
18664891854,9,0,4,0,2,10,0,0,0,True
19881266563,24,1,3,0,1,25,1,1,1,True
19881266563,18,34,4,0,0,17,20,20,19,False
18636055184,42,1,3,0,3,29,14,14,1,False
13670356740,45,14,4,0,3,31,32,32,39,False
18664891854,7,5,2,0,2,34,47,47,39,False
18702113651,6,9,4,0,3,23,24,24,19,False
15167050060,3,9,4,0,2,31,39,39,39,True
19948700293,49,0,3,0,1,45,38,38,2,False
18664891854,43,15,4,0,3,28,21,21,39,False
13670356740,5,15,4,0,0,22,15,15,9,False
17807329663,22,6,2,0,1,27,13,13,9,False
15661502139,49,29,4,0,0,37,14,14,9,False
18053307086,44,11,4,0,0,20,13,13,0,False
13513580369,33,9,2,0,3,10,24,24,39,False
16630722126,41,19,4,0,3,32,34,34,39,False
15079495784,30,2,1,0,2,18,20,20,39,False
19831701219,17,11,4,0,3,23,38,38,9,False
19881266563,23,6,4,0,1,1,0,0,9,False
18053307086,13,13,4,0,0,33,17,17,1,False
13943039298,49,3,4,0,3,39,24,24,9,False
16630722126,47,8,4,0,0,27,20,20,9,False
13401917913,30,9,4,0,1,18,3,3,9,False
13943039298,15,2,4,0,1,9,43,43,39,False
19834840803,30,4,4,0,2,4,3,3,0,False
18365196069,5,3,3,0,2,7,29,29,39,False
15260233525,16,15,4,0,0,29,7,7,9,False
19948700293,34,9,4,0,2,5,19,19,39,False
18802233956,17,21,4,0,0,29,14,14,1,False
16630722126,12,5,2,0,1,34,32,32,0,False
17713196465,13,7,2,0,3,35,36,36,39,False
17331496902,44,14,1,0,0,22,15,15,0,False
18053307086,2,4,4,0,1,17,21,21,0,False
17807329663,12,7,4,0,1,18,7,7,39,False
15797725211,34,3,4,0,2,7,11,11,19,False
15165929133,29,2,1,0,1,45,42,42,0,False
13943039298,29,1,2,0,0,9,19,19,9,False
13130819298,22,4,4,0,2,22,24,24,39,False
17807329663,8,18,2,0,2,39,45,45,24,False
13943039298,45,0,4,0,3,23,39,39,24,False
18989781863,8,11,2,0,2,34,47,47,39,False
18765816132,43,5,4,0,3,14,43,43,39,False
18053307086,6,28,1,0,0,19,17,17,9,False
18636055184,9,7,2,0,0,25,16,16,9,False
15260233525,18,1,4,0,2,4,26,26,39,False
15167050060,29,6,3,0,1,40,48,48,39,False
13513580369,9,8,3,0,2,6,20,20,39,False
19550593600,1,28,4,0,1,23,14,14,0,False
18664891854,31,5,4,0,0,16,2,2,1,False
15167050060,3,2,4,0,3,28,21,21,39,False
18636055184,13,7,3,0,2,30,39,39,39,True
15079495784,37,5,2,0,1,40,37,37,9,False
17807329663,3,16,2,0,2,2,9,9,24,False
18802233956,8,7,4,0,1,15,23,23,39,False
17527328008,4,1,4,0,0,29,2,2,1,False
15260233525,31,17,4,0,1,11,17,17,9,False
19948700293,29,9,4,0,1,38,8,8,9,False
13130819298,30,14,4,0,3,18,3,3,19,False
18636055184,16,19,4,0,1,16,15,15,0,False
18365196069,37,5,4,0,2,23,36,36,39,False
19881266563,46,8,2,0,2,3,5,5,39,False
19831701219,16,14,2,0,2,18,46,46,39,False
13074255915,24,3,3,0,0,11,12,12,19,False
15079495784,39,2,1,0,1,37,16,16,9,False
17623708813,10,10,4,0,0,18,10,10,19,False
17331496902,36,1,4,0,2,9,26,26,39,False
19831701219,31,1,4,0,0,39,19,19,1,False
18365196069,35,1,1,0,1,46,31,31,0,False
13513580369,49,4,4,0,0,18,23,23,39,False
18636055184,27,5,4,0,3,38,32,32,19,False
17731093916,48,10,4,0,3,24,10,10,24,False
15797725211,17,9,3,0,2,35,43,43,39,False
18802233956,11,15,4,0,0,18,17,17,39,False
15735414945,4,16,4,0,3,4,5,5,39,False
13074255915,27,37,4,0,3,39,40,40,9,False
17713196465,17,10,4,0,1,12,10,10,9,False
19852999776,11,1,4,0,3,30,32,32,9,False
13130819298,7,8,2,0,2,37,44,44,39,False
19831701219,22,8,4,0,1,46,36,36,9,False
18765816132,27,4,4,0,0,16,9,9,0,False
13130819298,24,0,4,0,3,15,33,33,39,False
13130819298,30,0,4,0,3,43,19,19,19,True
13943039298,10,6,4,0,1,33,13,13,9,False
13401917913,41,0,2,0,3,39,30,30,0,False
13670356740,47,8,4,0,0,38,19,19,19,True
15735414945,18,8,2,0,3,16,17,17,39,False
18989781863,24,5,1,0,0,32,13,13,19,False
17807329663,42,4,4,0,2,19,20,20,9,False
15661502139,43,23,4,0,1,11,22,22,0,False
15735414945,2,13,4,0,1,32,2,2,1,False
13932780308,20,13,3,0,1,32,31,31,21,False
17807329663,17,18,4,0,1,26,9,9,9,True
15735414945,6,2,2,0,0,33,7,7,1,False
17623708813,18,4,3,0,1,32,22,22,21,False
15079495784,34,10,4,0,1,46,8,8,1,False
18802233956,32,0,2,0,0,7,1,1,19,False
18053307086,28,13,4,0,3,35,43,43,19,False
19881266563,17,8,4,0,1,32,14,14,0,False
15797725211,12,2,3,0,2,37,43,43,0,False
16630722126,23,0,4,0,0,40,30,30,39,False
17731093916,2,4,1,0,2,11,2,2,9,False
19834840803,12,11,3,0,1,15,7,7,0,False
19852999776,12,16,1,0,3,2,31,31,39,False
18989781863,28,36,4,0,3,14,15,15,39,False
18664891854,12,1,2,0,0,9,18,18,9,False
19550593600,40,9,4,0,2,8,16,16,0,False
17623708813,41,180,4,0,2,19,0,0,0,True
13670356740,11,6,4,0,1,25,2,2,9,False
16726368276,26,9,1,0,0,10,9,9,9,True
17807329663,1,0,2,0,0,25,9,9,1,False
15661502139,46,28,4,0,1,25,24,24,9,False
19831701219,25,13,4,0,3,9,10,10,19,False
13670356740,19,3,2,0,0,25,18,18,9,False
18702113651,9,24,4,0,2,16,8,8,9,False
15079495784,30,9,2,0,2,39,36,36,0,False
15079495784,17,6,4,0,3,9,12,12,19,False
15165929133,49,2,4,0,2,15,11,11,19,False
17731093916,21,2,4,0,0,46,34,34,9,False
15735414945,46,37,4,0,1,9,14,14,0,False
19831701219,25,14,4,0,1,38,10,10,9,False
13130819298,14,6,4,0,2,15,25,25,39,False
19831701219,7,12,4,0,1,20,16,16,0,False
17731093916,26,10,4,0,3,21,28,28,39,False
13401917913,19,4,3,0,0,23,1,1,9,False
15165929133,4,10,4,0,2,33,40,40,39,False
13943039298,22,0,4,0,0,12,18,18,39,False
18702113651,48,12,4,0,0,25,8,8,9,False
19834840803,45,1,4,0,3,30,31,31,9,False
19948700293,14,7,4,0,1,36,8,8,1,False
19852999776,13,1,1,0,0,25,31,31,9,False
19831701219,21,16,4,0,2,24,2,2,24,False
19831701219,44,25,4,0,1,31,0,0,9,False
19550593600,21,3,3,0,1,40,13,13,19,False
13130819298,44,24,4,0,2,25,17,17,9,False
15797725211,2,3,4,0,2,19,40,40,39,False
19550593600,29,1,4,0,3,24,20,20,39,False
15735414945,7,3,4,0,0,24,14,14,0,False
15661502139,48,0,4,0,0,7,11,11,39,False
13074255915,20,4,4,0,2,39,47,47,39,False
17623708813,41,13,3,0,3,37,46,46,39,False
18802233956,45,3,4,0,2,18,44,44,39,False
15797725211,47,5,4,0,3,22,45,45,39,False
19834840803,46,10,4,0,1,40,39,39,21,False
15735414945,28,5,2,0,1,32,42,42,21,False
18765816132,48,1,4,0,3,11,12,12,39,False
15661502139,30,6,4,0,1,26,25,25,9,False
13401917913,17,10,4,0,0,17,3,3,0,False
19881266563,45,11,3,0,1,36,30,30,9,False
19970957519,14,6,4,0,3,32,25,25,1,False
18802233956,2,23,4,0,2,31,15,15,9,False
18053307086,42,7,4,0,1,31,1,1,9,False
15797725211,46,8,4,0,0,25,7,7,8,False
16726368276,24,1,4,0,2,32,39,39,39,True
13513580369,8,6,4,0,3,11,45,45,39,False
19831701219,5,8,2,0,2,2,1,1,0,False
15167050060,1,9,2,0,0,18,12,12,39,False
15797725211,16,19,4,0,1,9,0,0,0,True
15661502139,17,2,3,0,3,37,41,41,39,False
19881266563,48,10,4,0,3,26,19,19,9,False
15797725211,5,5,1,0,3,10,24,24,39,False
13670356740,49,19,4,0,1,46,38,38,9,False
15079495784,10,22,4,0,1,8,0,0,0,True
16630722126,50,2,1,0,3,32,41,41,39,False
19859608897,50,2,4,0,3,28,15,15,19,False
19831701219,30,3,4,0,1,33,29,29,0,False
13943039298,43,5,4,0,0,8,1,1,9,False
17731093916,37,4,4,0,2,11,10,10,0,False
17331496902,24,6,2,0,1,33,1,1,0,False
19970957519,44,3,4,0,0,24,18,18,24,False
17623708813,23,5,4,0,2,15,33,33,39,False
18991311567,12,5,3,0,2,10,9,9,0,False
19970957519,25,6,4,0,2,33,38,38,39,False
13074255915,25,11,1,0,3,7,9,9,19,False
13932780308,40,10,3,0,0,25,17,17,9,False
18636055184,45,2,1,0,1,5,18,18,39,False
19881266563,7,7,4,0,1,46,38,38,9,False
17623708813,30,4,3,0,1,30,36,36,0,False
18765816132,42,10,4,0,2,39,47,47,39,False
13130819298,48,12,4,0,1,31,7,7,0,False
19948700293,14,9,4,0,2,23,48,48,39,False
15260233525,31,16,4,0,3,32,39,39,39,True
17331496902,12,1,4,0,2,20,33,33,0,False
18802233956,12,8,4,0,0,23,41,41,39,False
15735414945,43,10,1,0,0,10,7,7,0,False
13513580369,26,4,4,0,0,9,19,19,19,True
15735414945,7,1,4,0,1,17,43,43,39,False
19852999776,46,5,4,0,1,30,43,43,39,False
15165929133,17,11,1,0,2,11,39,39,39,True
19881266563,41,4,2,0,0,9,12,12,9,False
18636055184,37,3,4,0,3,39,40,40,9,False
16630722126,34,0,4,0,3,34,47,47,39,False
17731093916,38,13,4,0,2,6,13,13,39,False
17331496902,32,11,3,0,0,32,3,3,21,False
19852999776,9,0,1,0,3,18,1,1,39,False
13130819298,49,2,3,0,3,12,20,20,39,False
17527328008,30,10,4,0,0,25,20,20,19,False
16726368276,32,13,4,0,2,15,31,31,39,False
13130819298,47,11,4,0,2,23,31,31,39,False
17623708813,33,32,4,0,1,19,24,24,9,False
18053307086,32,2,2,0,0,21,46,46,19,False
13401917913,37,0,4,0,1,40,21,21,39,False
17527328008,13,9,1,0,2,25,30,30,1,False
17807329663,20,14,4,0,3,30,32,32,9,False
16726368276,49,5,3,0,0,10,8,8,0,False
18991311567,41,8,1,0,0,25,19,19,19,True
17623708813,44,9,4,0,1,18,14,14,39,False
17713196465,49,4,4,0,3,10,45,45,39,False
15260233525,33,4,3,0,3,31,1,1,8,False
17731093916,42,5,3,0,0,38,31,31,0,False
13130819298,9,21,2,0,2,37,44,44,39,False
15661502139,41,10,2,0,2,31,9,9,9,True
15167050060,29,17,1,0,3,37,24,24,39,False
19970957519,11,8,4,0,1,32,39,39,39,True
19859608897,23,3,4,0,0,22,8,8,0,False
18758415613,7,0,1,0,1,34,20,20,39,False
13943039298,37,17,4,0,1,27,33,33,0,False
16630722126,39,0,4,0,0,40,7,7,39,False
13074255915,23,2,4,0,0,12,8,8,0,False
15165929133,27,20,4,0,0,10,9,9,9,True
17713196465,24,3,4,0,2,8,31,31,24,False
13670356740,24,2,4,0,2,10,7,7,0,False
18664891854,44,1,4,0,2,8,40,40,39,False
15735414945,18,17,4,0,1,20,11,11,0,False
18758415613,18,9,4,0,0,7,1,1,19,False
15735414945,48,0,4,0,0,33,7,7,9,False
19881266563,38,2,3,0,2,26,31,31,24,False
19948700293,9,1,4,0,0,42,39,39,19,False
15661502139,17,2,4,0,2,24,6,6,24,False
13943039298,27,12,3,0,2,26,41,41,39,False
15661502139,18,2,4,0,2,12,26,26,39,False
18758415613,34,6,4,0,1,33,32,32,0,False
18702113651,22,4,3,0,2,24,21,21,39,False
15661502139,43,2,2,0,0,19,9,9,9,True
15735414945,29,1,4,0,2,10,36,36,0,False
13401917913,48,16,4,0,0,22,8,8,9,False
17623708813,24,5,1,0,1,3,15,15,0,False
18365196069,40,5,1,0,1,40,47,47,39,False
15167050060,44,8,3,0,3,36,8,8,1,False
19834840803,41,5,3,0,3,8,39,39,24,False
15260233525,26,2,4,0,1,32,22,22,21,False
18765816132,48,15,1,0,3,47,48,48,10,False
18758415613,28,0,4,0,0,31,2,2,9,False
17807329663,19,44,4,0,1,40,2,2,1,False
18636055184,17,13,4,0,2,20,33,33,0,False
17331496902,16,6,4,0,1,23,8,8,9,False
13130819298,28,5,1,0,1,29,43,43,9,False
18053307086,38,6,3,0,0,33,25,25,1,False
17623708813,26,35,4,0,1,32,37,37,21,False
17623708813,42,3,1,0,1,38,21,21,0,False
18365196069,17,10,4,0,3,37,33,33,39,False
19852999776,29,21,4,0,2,37,43,43,39,False
17331496902,35,9,4,0,0,27,19,19,0,False
18636055184,34,4,4,0,1,32,47,47,39,False
17713196465,20,14,4,0,2,10,17,17,39,False
17807329663,42,14,2,0,1,17,27,27,39,False
18664891854,17,7,1,0,3,37,24,24,39,False
17623708813,18,6,2,0,1,36,1,1,9,False
13130819298,42,10,4,0,3,3,4,4,39,False
15661502139,33,12,4,0,3,10,33,33,39,False
16726368276,16,5,2,0,0,18,19,19,39,False
19948700293,10,10,4,0,1,33,11,11,9,False
17527328008,50,1,4,0,1,18,14,14,39,False
13401917913,27,5,4,0,2,33,41,41,39,False
13513580369,42,7,4,0,0,17,18,18,19,False
18989781863,47,3,4,0,2,23,28,28,39,False
19948700293,38,6,4,0,0,27,20,20,0,False
19831701219,7,9,1,0,0,20,13,13,0,False
19881266563,39,19,4,0,2,28,38,38,39,False
19834840803,47,1,4,0,0,41,20,20,9,False
18365196069,9,1,3,0,1,34,9,9,0,False
18664891854,26,0,4,0,3,23,25,25,24,False
17623708813,23,14,4,0,0,18,16,16,39,False
15079495784,48,5,4,0,3,10,32,32,39,False
18365196069,44,7,2,0,1,18,2,2,39,False
19970957519,8,10,3,0,2,26,33,33,39,False
17331496902,42,0,4,0,3,25,23,23,9,False
19831701219,12,24,4,0,1,19,41,41,24,False
13943039298,27,3,2,0,3,17,19,19,19,True
18765816132,16,2,1,0,3,40,27,27,9,False
15079495784,35,4,4,0,0,25,16,16,0,False
13401917913,29,5,2,0,2,11,16,16,0,False
13932780308,13,2,1,0,2,15,17,17,39,False
19831701219,44,10,4,0,2,17,41,41,39,False
18664891854,43,11,4,0,3,44,47,47,39,False
19970957519,7,7,1,0,0,27,13,13,0,False
13401917913,42,7,1,0,2,34,40,40,39,False
18765816132,15,23,4,0,0,10,9,9,0,False
18802233956,11,5,4,0,2,24,17,17,24,False
13401917913,28,11,4,0,3,16,17,17,39,False
13932780308,27,1,1,0,1,36,0,0,9,False
13401917913,15,14,4,0,1,15,8,8,9,False
13630678332,5,10,3,0,3,29,1,1,9,False
15167050060,32,8,4,0,0,41,3,3,9,False
19550593600,37,3,4,0,2,19,24,24,0,False
19881266563,28,5,4,0,3,9,19,19,19,True
13630678332,15,4,2,0,3,17,40,40,39,False
13670356740,4,14,4,0,1,41,47,47,0,False
15661502139,30,6,3,0,1,37,21,21,9,False
13130819298,28,6,4,0,2,39,30,30,8,False
15661502139,34,36,4,0,0,17,37,37,39,False
15661502139,32,22,4,0,0,29,8,8,1,False
19852999776,4,16,4,0,3,25,27,27,39,False
13670356740,30,15,4,0,3,38,39,39,39,True
18053307086,48,2,4,0,0,21,46,46,19,False
18991311567,20,17,2,0,2,38,39,39,39,True
19881266563,11,20,4,0,2,30,20,20,19,False
18802233956,13,24,4,0,3,25,10,10,9,False
17807329663,12,0,2,0,2,24,0,0,39,False
18989781863,20,4,3,0,2,11,9,9,0,False
17527328008,10,26,1,0,3,7,28,28,39,False
19550593600,2,4,4,0,1,45,30,30,9,False
18365196069,16,5,4,0,1,24,9,9,9,True
15735414945,33,16,4,0,2,37,42,42,21,False
18765816132,7,17,4,0,1,17,15,15,0,False
15165929133,18,1,1,0,1,11,39,39,39,True
17807329663,31,9,4,0,2,31,0,0,8,False
18636055184,31,27,4,0,3,16,2,2,9,False
15661502139,21,2,4,0,0,22,19,19,19,True
19970957519,5,11,3,0,0,27,20,20,0,False
17623708813,39,12,4,0,1,9,0,0,0,True
18758415613,38,0,1,0,1,27,41,41,0,False
13932780308,29,9,4,0,2,35,47,47,39,False
18989781863,37,5,4,0,3,2,48,48,39,False
13074255915,43,11,4,0,1,45,17,17,1,False
18664891854,11,1,4,0,3,37,31,31,39,False
18053307086,49,11,4,0,2,12,33,33,39,False
13130819298,8,13,3,0,1,19,39,39,9,False
16726368276,26,0,3,0,1,40,29,29,39,False
13401917913,5,26,4,0,1,8,7,7,0,False
18702113651,9,12,4,0,3,18,8,8,39,False
13943039298,5,11,4,0,3,33,41,41,39,False
18053307086,44,3,4,0,3,8,16,16,39,False
17331496902,35,14,4,0,0,14,2,2,19,False
17527328008,21,0,2,0,2,25,45,45,24,False
15165929133,48,12,4,0,1,23,15,15,0,False
13932780308,35,16,4,0,3,12,5,5,19,False
17713196465,37,4,2,0,3,26,6,6,1,False
13943039298,21,7,4,0,3,30,24,24,39,False
18365196069,7,4,4,0,3,39,17,17,8,False
15661502139,3,0,1,0,1,11,31,31,39,False
13670356740,20,2,1,0,3,37,39,39,39,True
13670356740,24,7,4,0,2,3,17,17,39,False
18365196069,43,10,4,0,0,41,33,33,0,False
19831701219,7,23,3,0,0,28,14,14,39,False
19831701219,34,12,4,0,0,11,20,20,39,False
15661502139,22,19,4,0,1,4,16,16,39,False
19550593600,16,26,4,0,3,37,24,24,39,False
18989781863,30,3,3,0,2,3,20,20,39,False
17807329663,7,3,3,0,1,11,37,37,0,False
18765816132,42,3,4,0,2,22,36,36,39,False
13513580369,42,6,4,0,3,16,18,18,39,False
17623708813,5,60,4,0,3,23,33,33,9,False
15735414945,24,8,4,0,0,32,3,3,9,False
15079495784,40,5,4,0,1,18,17,17,9,False
15165929133,29,28,4,0,2,41,20,20,9,False
15260233525,23,6,4,0,2,26,32,32,39,False
13513580369,6,9,4,0,0,37,30,30,0,False
15167050060,5,3,3,0,1,38,23,23,0,False
17713196465,21,26,4,0,0,35,16,16,9,False
18802233956,33,14,1,0,1,32,37,37,39,False
13130819298,26,6,2,0,1,26,18,18,9,False
19831701219,49,20,2,0,3,4,5,5,39,False
19550593600,38,1,4,0,2,10,20,20,39,False
15735414945,39,3,3,0,0,38,39,39,19,False
15165929133,23,12,3,0,3,0,1,1,24,False
16630722126,24,0,3,0,2,24,11,11,39,False
17731093916,40,10,4,0,0,32,27,27,9,False
15661502139,31,5,3,0,3,10,38,38,39,False
13630678332,45,1,2,0,0,30,12,12,9,False
18989781863,37,0,4,0,2,38,46,46,39,False
13630678332,38,1,1,0,2,39,2,2,0,False
13513580369,11,0,4,0,1,11,14,14,0,False
13513580369,28,3,4,0,3,23,45,45,39,False
19852999776,22,1,4,0,0,10,8,8,0,False
15165929133,12,5,3,0,2,10,40,40,39,False
15165929133,16,5,4,0,0,45,31,31,19,False
18758415613,32,5,4,0,3,39,20,20,39,False
18765816132,18,5,4,0,2,27,33,33,0,False
18802233956,2,16,4,0,1,33,15,15,9,False
15260233525,10,3,1,0,2,18,39,39,39,True
13630678332,45,20,4,0,1,18,16,16,9,False
19834840803,48,5,2,0,0,25,3,3,1,False
17807329663,10,5,4,0,0,25,11,11,9,False
18365196069,28,1,4,0,1,16,14,14,9,False
13130819298,26,0,4,0,0,45,2,2,2,True
19970957519,17,9,4,0,1,13,11,11,21,False
15260233525,2,0,4,0,3,14,11,11,39,False
19831701219,17,0,3,0,2,18,37,37,39,False
18765816132,20,6,4,0,0,16,14,14,0,False
13130819298,49,3,4,0,2,22,39,39,39,True
16630722126,31,6,4,0,2,31,46,46,39,False
17731093916,3,10,2,0,1,32,46,46,39,False
18664891854,21,4,4,0,1,8,0,0,9,False
13943039298,35,2,4,0,1,47,38,38,1,False
19852999776,40,1,4,0,3,15,17,17,39,False
18765816132,37,25,4,0,0,44,48,48,39,False
16726368276,10,6,4,0,1,15,12,12,19,False
18053307086,8,7,4,0,3,29,23,23,39,False
13513580369,23,8,4,0,1,29,39,39,0,False
13630678332,4,0,3,0,1,1,23,23,39,False
13943039298,46,3,2,0,3,33,47,47,39,False
19852999776,21,5,4,0,3,8,11,11,39,False
17623708813,5,39,4,0,3,15,33,33,39,False
17713196465,10,9,4,0,0,25,23,23,9,False
18758415613,46,1,4,0,1,39,11,11,9,False
18702113651,46,5,2,0,0,17,26,26,19,False
18664891854,36,8,4,0,3,21,28,28,39,False
17713196465,5,3,4,0,3,39,3,3,1,False
18664891854,27,17,4,0,2,26,34,34,39,False
15661502139,42,7,4,0,3,18,12,12,2,False
15260233525,28,15,4,0,0,15,21,21,21,True
18802233956,35,10,4,0,2,18,46,46,39,False
18802233956,49,2,1,0,0,45,11,11,2,False
15661502139,47,25,4,0,1,29,8,8,9,False
15661502139,33,35,4,0,2,2,9,9,24,False
13630678332,39,0,2,0,3,21,43,43,39,False
13074255915,23,5,4,0,2,31,30,30,0,False
13074255915,27,8,1,0,1,3,9,9,9,True
19948700293,16,30,4,0,0,28,22,22,19,False
13943039298,41,14,4,0,1,3,1,1,9,False
18664891854,23,2,4,0,2,37,45,45,39,False
18053307086,30,8,4,0,3,25,47,47,39,False
13932780308,7,2,3,0,1,37,23,23,9,False
18636055184,37,5,4,0,0,12,17,17,9,False
18702113651,21,65,4,0,1,13,34,34,39,False
15797725211,41,33,4,0,0,36,16,16,9,False
16630722126,1,0,3,0,1,26,14,14,0,False
15797725211,24,41,4,0,0,23,9,9,9,True
19852999776,18,22,4,0,3,15,10,10,39,False
15165929133,34,2,1,0,0,29,31,31,9,False
13670356740,38,13,4,0,2,9,17,17,39,False
13943039298,31,3,4,0,1,12,15,15,0,False
18664891854,24,5,4,0,2,3,19,19,39,False
13513580369,7,12,4,0,0,19,9,9,9,True
16630722126,19,12,4,0,0,45,32,32,9,False
19852999776,25,18,4,0,1,15,21,21,21,True
13074255915,40,0,4,0,1,1,15,15,39,False
13943039298,37,13,4,0,3,23,48,48,39,False
18636055184,31,7,4,0,2,24,2,2,39,False
19834840803,37,10,4,0,2,30,36,36,39,False
15797725211,38,10,4,0,0,25,3,3,9,False
15260233525,47,4,4,0,0,40,44,44,9,False
15661502139,48,5,1,0,0,19,16,16,9,False
15260233525,7,15,3,0,2,33,41,41,39,False
18765816132,44,4,1,0,2,4,11,11,24,False
15661502139,43,10,4,0,1,29,43,43,0,False
17331496902,10,9,3,0,0,27,19,19,0,False
13670356740,9,3,4,0,2,8,44,44,39,False
15165929133,39,5,4,0,3,2,38,38,39,False
15661502139,30,13,2,0,2,18,37,37,39,False
15735414945,18,0,4,0,1,10,8,8,0,False
16630722126,37,2,4,0,0,32,9,9,9,True
16726368276,2,2,2,0,2,7,16,16,39,False
18702113651,43,5,4,0,3,37,32,32,39,False
18053307086,2,6,4,0,2,16,21,21,0,False
15167050060,26,15,4,0,0,23,9,9,9,True
18765816132,47,5,3,0,0,30,1,1,9,False
18664891854,44,1,4,0,2,9,17,17,9,False
18664891854,35,6,4,0,2,10,19,19,39,False
18636055184,28,10,4,0,2,10,11,11,39,False
19970957519,17,9,2,0,3,36,46,46,39,False
17731093916,40,5,4,0,0,33,27,27,9,False
13401917913,7,4,4,0,3,40,11,11,9,False
18664891854,11,12,4,0,0,38,46,46,39,False
15079495784,2,7,4,0,0,19,11,11,9,False
18765816132,5,6,4,0,0,30,25,25,19,False
19831701219,36,1,4,0,2,25,37,37,9,False
13943039298,3,9,4,0,3,22,48,48,39,False
17713196465,7,12,4,0,2,26,22,22,0,False
18053307086,4,7,4,0,1,3,7,7,9,False
15797725211,48,27,4,0,2,37,30,30,9,False
16726368276,23,8,4,0,3,7,8,8,19,False
13932780308,31,5,4,0,0,27,12,12,9,False
15165929133,39,1,3,0,2,31,30,30,24,False
19948700293,28,1,3,0,1,32,39,39,39,True
13943039298,21,0,2,0,0,43,42,42,39,False
13513580369,43,12,1,0,2,32,39,39,39,True
15165929133,34,9,4,0,1,4,14,14,0,False
19852999776,29,0,4,0,2,9,43,43,39,False
18989781863,36,1,1,0,2,0,21,21,39,False
18702113651,29,16,4,0,0,29,15,15,0,False
19852999776,13,4,4,0,3,11,18,18,39,False
15797725211,26,33,4,0,3,18,10,10,39,False
15079495784,20,5,3,0,2,1,10,10,39,False
18991311567,7,10,1,0,0,19,13,13,9,False
18053307086,6,19,1,0,2,38,17,17,0,False
17527328008,17,1,3,0,1,41,47,47,9,False
18702113651,26,8,1,0,0,38,31,31,9,False
15661502139,6,31,4,0,3,25,39,39,39,True
15167050060,32,0,1,0,1,46,17,17,19,False
19948700293,22,46,4,0,0,15,9,9,39,False
17623708813,30,27,4,0,2,13,20,20,39,False
18765816132,15,10,4,0,2,39,9,9,8,False
13943039298,11,6,4,0,0,44,29,29,9,False
15797725211,22,3,3,0,0,33,11,11,1,False
15079495784,28,6,4,0,3,45,41,41,39,False
15797725211,35,22,4,0,1,26,2,2,0,False
13943039298,6,9,4,0,0,37,10,10,19,False
19881266563,15,3,4,0,3,39,10,10,1,False
18053307086,6,1,4,0,0,39,30,30,0,False
19859608897,12,2,4,0,1,32,24,24,9,False
19970957519,39,6,1,0,0,15,9,9,39,False
15661502139,6,5,4,0,2,33,29,29,9,False
17623708813,12,15,4,0,0,10,7,7,0,False
13074255915,36,2,4,0,1,39,9,9,0,False
15735414945,18,18,4,0,2,20,11,11,0,False
19852999776,1,3,4,0,2,26,44,44,39,False
19834840803,18,8,4,0,0,16,0,0,8,False
18702113651,50,11,3,0,0,13,6,6,19,False
13513580369,25,18,4,0,2,35,43,43,39,False
18802233956,32,17,4,0,0,28,2,2,19,False
18802233956,2,6,4,0,0,20,6,6,0,False
19948700293,10,2,4,0,3,40,11,11,9,False
18765816132,27,7,4,0,0,32,13,13,9,False
18702113651,25,2,4,0,0,15,25,25,39,False
16630722126,37,3,2,0,0,23,11,11,19,False
13130819298,36,0,4,0,2,20,16,16,0,False
17713196465,41,10,4,0,1,37,30,30,9,False
19831701219,45,4,4,0,3,29,39,39,39,True
13401917913,37,32,4,0,3,33,34,34,39,False
15167050060,10,29,4,0,3,22,16,16,39,False
19948700293,17,9,4,0,3,40,34,34,39,False
15797725211,18,39,3,0,1,13,20,20,39,False
15079495784,12,22,2,0,0,10,2,2,1,False
18802233956,30,2,3,0,0,30,24,24,9,False
19834840803,39,2,4,0,0,45,38,38,9,False
19831701219,25,26,3,0,3,35,24,24,24,True
15735414945,25,1,3,0,1,38,21,21,0,False
18991311567,26,61,4,0,1,9,16,16,39,False
17713196465,45,19,4,0,3,25,39,39,39,True
13670356740,6,19,4,0,1,11,23,23,0,False
13401917913,3,3,4,0,2,15,16,16,39,False
19881266563,24,2,4,0,1,11,24,24,39,False
15165929133,11,16,4,0,1,36,0,0,0,True
15167050060,40,7,4,0,2,32,46,46,39,False
13513580369,17,4,4,0,0,40,18,18,9,False
18664891854,47,6,4,0,2,33,47,47,39,False
15661502139,1,8,2,0,2,24,25,25,39,False
17623708813,47,81,4,0,2,20,6,6,0,False
19831701219,40,20,4,0,3,33,34,34,39,False
16630722126,2,6,2,0,0,22,14,14,0,False
17713196465,11,10,4,0,3,11,32,32,39,False
18053307086,33,5,1,0,3,25,46,46,39,False
18636055184,12,5,1,0,3,4,5,5,39,False
13130819298,20,3,4,0,0,23,0,0,0,True
16726368276,28,2,4,0,0,25,17,17,9,False
18636055184,27,4,2,0,2,3,31,31,39,False
18802233956,44,2,4,0,3,8,20,20,39,False
15797725211,43,1,4,0,0,21,18,18,19,False
13670356740,14,12,4,0,3,8,2,2,2,True
19970957519,43,5,4,0,2,28,46,46,39,False
13932780308,35,4,3,0,3,29,45,45,39,False
18802233956,29,8,2,0,0,10,0,0,0,True
15797725211,13,6,1,0,0,19,33,33,9,False
18802233956,25,0,4,0,2,19,33,33,9,False
19948700293,50,10,2,0,3,37,47,47,39,False
13130819298,19,18,4,0,1,19,18,18,39,False
17623708813,5,7,3,0,3,37,45,45,39,False
15661502139,17,7,4,0,3,16,46,46,39,False
19550593600,15,25,4,0,0,35,8,8,9,False
16726368276,12,8,4,0,3,44,39,39,39,True
19948700293,43,0,4,0,2,31,45,45,39,False
19852999776,20,4,4,0,3,14,5,5,39,False
18765816132,21,3,4,0,3,17,47,47,39,False
15735414945,24,52,4,0,0,10,3,3,0,False
17623708813,25,26,4,0,2,38,46,46,39,False
15167050060,18,0,3,0,3,45,26,26,2,False
18802233956,8,16,4,0,0,42,45,45,19,False
18802233956,48,3,3,0,1,19,43,43,0,False
18802233956,45,18,3,0,1,15,14,14,0,False
19852999776,48,0,4,0,3,14,34,34,39,False
19970957519,5,20,4,0,1,1,0,0,9,False
19970957519,24,18,4,0,3,12,13,13,39,False
13670356740,26,5,4,0,0,9,17,17,39,False
19948700293,45,2,1,0,2,13,27,27,39,False
17623708813,5,31,4,0,0,10,33,33,39,False
17807329663,30,1,4,0,3,9,25,25,9,False
13932780308,38,1,2,0,0,15,11,11,19,False
13932780308,45,14,3,0,0,29,30,30,1,False
19859608897,45,1,4,0,3,16,26,26,39,False
17731093916,47,1,4,0,2,15,39,39,39,True
19831701219,20,3,3,0,2,22,25,25,39,False
15797725211,45,16,3,0,1,1,0,0,39,False
17807329663,27,7,4,0,0,37,2,2,9,False
18365196069,4,1,4,0,0,12,11,11,0,False
19948700293,33,0,4,0,2,23,39,39,24,False
18989781863,11,3,1,0,1,18,10,10,39,False
18989781863,19,14,4,0,1,27,34,34,39,False
19948700293,24,3,3,0,3,17,4,4,39,False
13630678332,41,0,3,0,1,40,31,31,39,False
17623708813,20,5,3,0,0,30,31,31,9,False
18758415613,17,43,4,0,3,7,10,10,19,False
19831701219,27,3,4,0,3,22,26,26,39,False
18758415613,24,0,4,0,1,19,8,8,9,False
19970957519,15,1,3,0,0,38,17,17,0,False
19831701219,12,26,4,0,3,25,32,32,39,False
15661502139,32,13,4,0,0,22,8,8,9,False
17623708813,24,5,4,0,2,7,5,5,39,False
18702113651,44,3,4,0,2,22,39,39,39,True
15735414945,26,7,3,0,2,18,40,40,39,False
16630722126,26,5,3,0,2,25,24,24,9,False
18989781863,2,13,4,0,0,32,20,20,9,False
13074255915,11,5,4,0,0,37,13,13,39,False
18664891854,10,12,4,0,1,40,47,47,0,False
19948700293,41,9,3,0,2,3,16,16,24,False
18702113651,14,11,4,0,0,25,28,28,9,False
17331496902,44,1,4,0,3,34,40,40,39,False
19831701219,47,1,4,0,0,10,7,7,0,False
15167050060,30,6,1,0,0,44,24,24,9,False
18989781863,32,7,3,0,1,37,36,36,39,False
19550593600,22,1,2,0,3,40,32,32,9,False
18702113651,43,15,3,0,2,31,17,17,0,False
15661502139,31,18,2,0,3,23,20,20,39,False
19834840803,49,2,4,0,1,40,48,48,9,False
15260233525,36,29,4,0,1,32,24,24,0,False
16726368276,38,5,4,0,2,27,33,33,0,False
16630722126,9,6,2,0,1,33,27,27,0,False
15167050060,23,11,2,0,0,17,9,9,9,True
19881266563,39,21,4,0,1,36,28,28,0,False
18802233956,2,6,4,0,3,2,46,46,39,False
19852999776,18,11,4,0,0,25,1,1,9,False
18664891854,50,26,4,0,1,13,19,19,0,False
19948700293,50,9,4,0,2,18,24,24,39,False
15167050060,33,10,4,0,0,37,23,23,21,False
15079495784,12,19,4,0,0,35,1,1,9,False
19831701219,39,3,4,0,0,21,33,33,19,False
15797725211,24,27,4,0,1,17,9,9,9,True
17331496902,7,11,3,0,1,13,19,19,21,False
19834840803,24,4,4,0,1,11,3,3,0,False
19852999776,47,4,4,0,0,36,16,16,9,False
13943039298,2,75,4,0,1,8,14,14,0,False
15079495784,31,32,4,0,3,29,18,18,9,False
19831701219,18,17,4,0,3,32,17,17,9,False
19970957519,13,7,1,0,1,12,1,1,9,False
19831701219,36,11,4,0,2,30,15,15,0,False
16630722126,13,7,3,0,1,15,8,8,9,False
15167050060,48,7,2,0,2,23,45,45,39,False
19834840803,5,6,4,0,1,22,21,21,0,False
18702113651,24,4,4,0,0,25,2,2,9,False
19948700293,3,11,4,0,2,13,39,39,39,True
17527328008,29,5,4,0,2,15,25,25,39,False
15797725211,11,16,4,0,2,18,39,39,39,True
15661502139,21,15,3,0,2,12,41,41,39,False
18702113651,3,2,2,0,2,10,9,9,0,False
15260233525,44,0,4,0,2,7,16,16,39,False
13130819298,16,7,4,0,3,30,32,32,39,False
19550593600,19,3,4,0,3,9,11,11,9,False
13401917913,49,6,4,0,2,15,16,16,39,False
19948700293,37,3,4,0,2,9,23,23,24,False
13630678332,36,1,4,0,0,48,41,41,9,False
15165929133,26,3,1,0,3,33,34,34,39,False
17527328008,47,1,1,0,0,44,42,42,9,False
19859608897,6,4,3,0,1,33,45,45,39,False
19881266563,16,12,4,0,1,9,15,15,39,False
19831701219,29,1,1,0,0,40,28,28,0,False
19852999776,23,18,3,0,0,31,18,18,9,False
15167050060,47,22,4,0,1,40,39,39,21,False
13074255915,12,3,2,0,1,34,33,33,0,False
17623708813,10,11,4,0,1,20,13,13,0,False
15661502139,39,5,4,0,1,13,36,36,0,False
15260233525,39,1,2,0,1,19,37,37,9,False
15165929133,29,74,4,0,3,4,20,20,39,False
15797725211,9,10,3,0,0,15,7,7,0,False
17623708813,29,6,3,0,3,11,27,27,39,False
19970957519,47,4,4,0,1,13,32,32,39,False
18802233956,16,1,4,0,1,5,26,26,39,False
15079495784,34,7,2,0,0,10,3,3,0,False
15661502139,3,2,4,0,2,25,42,42,9,False
13513580369,6,8,1,0,0,22,0,0,9,False
18802233956,39,14,4,0,1,29,45,45,0,False
19852999776,15,13,4,0,3,19,27,27,39,False
19834840803,47,5,4,0,1,5,29,29,9,False
13074255915,25,6,1,0,2,16,9,9,0,False
16726368276,16,11,4,0,1,26,40,40,39,False
15797725211,36,5,4,0,2,19,25,25,39,False
18365196069,42,0,2,0,3,36,2,2,9,False
18991311567,26,31,4,0,1,25,16,16,0,False
17807329663,13,10,4,0,3,10,25,25,39,False
13513580369,36,18,4,0,0,19,12,12,9,False
13943039298,6,11,3,0,2,2,9,9,24,False
17713196465,12,8,2,0,0,45,36,36,9,False
18989781863,16,19,4,0,2,34,41,41,39,False
16630722126,8,9,4,0,1,34,4,4,0,False
17623708813,1,2,4,0,3,9,33,33,39,False
13513580369,31,24,2,0,2,26,24,24,24,True
13630678332,30,3,1,0,3,29,8,8,1,False
13513580369,1,7,4,0,0,19,3,3,9,False
19834840803,39,14,4,0,2,31,39,39,39,True
15260233525,2,9,4,0,1,5,1,1,0,False
15661502139,34,12,2,0,1,4,20,20,39,False
19970957519,33,9,4,0,1,22,7,7,9,False
18989781863,4,7,2,0,0,38,31,31,0,False
18989781863,12,19,4,0,3,31,33,33,39,False
19859608897,42,0,2,0,2,15,9,9,39,False
19881266563,50,15,4,0,1,25,0,0,9,False
13130819298,7,19,4,0,0,29,7,7,1,False
17731093916,37,1,1,0,3,7,10,10,39,False
18765816132,21,4,3,0,1,23,15,15,0,False
18758415613,43,12,4,0,2,34,47,47,39,False
19970957519,14,22,4,0,1,31,14,14,9,False
13630678332,27,11,4,0,3,4,20,20,39,False
15661502139,14,21,4,0,3,14,28,28,39,False
17713196465,41,19,2,0,1,6,5,5,9,False
17527328008,4,3,4,0,2,39,32,32,9,False
13130819298,10,9,2,0,3,35,44,44,39,False
19948700293,27,10,4,0,2,18,24,24,39,False
18365196069,46,13,4,0,1,41,39,39,0,False
15079495784,1,1,2,0,0,40,9,9,9,True
18636055184,16,2,4,0,2,13,15,15,0,False
15735414945,48,59,4,0,1,45,7,7,1,False
18702113651,41,11,4,0,2,18,20,20,39,False
17713196465,39,14,3,0,1,3,0,0,0,True
15165929133,38,4,1,0,2,7,30,30,39,False
19948700293,45,20,4,0,2,39,46,46,24,False
13670356740,10,21,4,0,3,30,25,25,39,False
15079495784,9,6,4,0,1,38,28,28,0,False
19831701219,49,5,4,0,0,24,14,14,24,False
18053307086,41,14,4,0,1,31,14,14,0,False
17623708813,10,21,4,0,0,9,16,16,19,False
16726368276,6,4,3,0,3,31,8,8,8,True
18702113651,46,6,4,0,0,35,7,7,9,False
18053307086,41,3,4,0,3,22,46,46,39,False
18636055184,40,16,4,0,1,41,47,47,0,False
17713196465,9,5,4,0,3,28,25,25,39,False
19881266563,36,58,4,0,2,11,24,24,39,False
13630678332,50,7,2,0,0,22,7,7,0,False
17527328008,49,86,4,0,3,36,1,1,1,True
15165929133,23,1,2,0,1,27,33,33,0,False
19970957519,17,5,4,0,3,4,11,11,39,False
18365196069,48,7,4,0,1,4,9,9,0,False
15167050060,1,7,3,0,1,3,9,9,9,True
17713196465,49,6,4,0,1,13,26,26,39,False
18053307086,32,36,4,0,0,19,1,1,9,False
18991311567,33,5,3,0,1,30,45,45,9,False
15797725211,5,21,3,0,0,27,6,6,9,False
13074255915,46,4,4,0,0,1,10,10,39,False
17731093916,45,2,4,0,0,38,33,33,39,False
18765816132,21,4,4,0,0,30,31,31,9,False
13943039298,10,10,3,0,0,15,8,8,9,False
18053307086,13,8,3,0,3,31,32,32,19,False
17731093916,49,1,4,0,1,37,43,43,9,False
13074255915,26,38,4,0,0,32,26,26,9,False
13401917913,35,5,1,0,2,23,46,46,39,False
13074255915,2,16,4,0,0,16,14,14,0,False
15661502139,49,42,4,0,0,26,14,14,9,False
16630722126,5,0,3,0,0,19,10,10,9,False
15167050060,34,4,4,0,2,31,23,23,9,False
13401917913,34,14,4,0,0,18,13,13,19,False
17807329663,48,15,4,0,1,37,22,22,0,False
13401917913,27,3,4,0,2,23,32,32,9,False
15797725211,44,36,4,0,2,0,41,41,39,False
13074255915,31,0,4,0,0,8,21,21,24,False
15735414945,44,11,4,0,1,23,40,40,24,False
19881266563,12,6,2,0,2,31,35,35,0,False
18053307086,5,12,4,0,3,30,24,24,39,False
15661502139,41,8,4,0,2,10,25,25,39,False
19881266563,14,7,1,0,3,16,17,17,39,False
15079495784,29,15,4,0,0,26,18,18,0,False
18991311567,26,28,4,0,1,27,16,16,0,False
18758415613,22,4,1,0,2,3,10,10,24,False
15661502139,2,29,4,0,0,29,15,15,0,False
19948700293,48,11,3,0,1,23,21,21,0,False
19834840803,1,8,4,0,2,32,39,39,39,True
13932780308,15,11,4,0,0,32,10,10,9,False
16630722126,20,13,3,0,1,18,1,1,39,False
17623708813,4,12,4,0,1,29,37,37,9,False
18053307086,48,13,4,0,2,18,32,32,39,False
19970957519,26,5,3,0,0,21,43,43,39,False
17331496902,7,5,4,0,1,25,17,17,9,False
15797725211,47,2,4,0,0,18,0,0,39,False
17731093916,19,26,4,0,0,17,10,10,9,False
18765816132,49,0,3,0,2,2,28,28,39,False
19831701219,2,3,4,0,1,32,24,24,0,False
19852999776,19,3,4,0,1,46,21,21,9,False
15079495784,43,2,2,0,1,37,30,30,9,False
18636055184,8,2,4,0,1,34,20,20,21,False
19948700293,40,3,4,0,3,28,1,1,19,False
15797725211,4,21,1,0,2,8,24,24,9,False
18053307086,18,4,4,0,0,40,9,9,9,True
19859608897,46,6,2,0,2,10,19,19,19,True
16630722126,40,4,3,0,1,5,15,15,9,False
15079495784,47,1,1,0,3,14,1,1,39,False
19831701219,27,14,4,0,0,26,17,17,9,False
16630722126,13,0,4,0,2,29,24,24,9,False
18802233956,9,18,4,0,2,12,19,19,39,False
17623708813,12,28,4,0,2,6,27,27,39,False
18365196069,40,7,4,0,2,34,40,40,39,False
19948700293,11,4,4,0,3,7,3,3,39,False
19852999776,30,2,3,0,3,8,19,19,1,False
13074255915,24,8,4,0,2,10,26,26,39,False
15661502139,44,20,4,0,2,18,41,41,39,False
18636055184,45,16,4,0,2,12,19,19,39,False
18702113651,9,2,3,0,1,37,22,22,9,False
19831701219,2,1,4,0,0,37,2,2,9,False
18053307086,38,12,4,0,1,8,0,0,24,False
15079495784,13,21,4,0,0,25,29,29,9,False
18758415613,2,9,4,0,2,10,21,21,24,False
15165929133,26,14,4,0,3,47,48,48,10,False
19550593600,5,6,1,0,0,11,12,12,19,False
19948700293,36,3,3,0,0,23,14,14,9,False
19948700293,7,0,4,0,3,43,45,45,2,False
19948700293,34,11,4,0,0,11,20,20,39,False
17807329663,38,4,2,0,3,18,10,10,39,False
19970957519,12,0,4,0,3,1,32,32,39,False
18989781863,44,6,2,0,3,22,18,18,39,False
17623708813,5,21,4,0,0,36,9,9,9,True
15735414945,30,12,4,0,1,26,19,19,9,False
18702113651,28,1,4,0,3,8,11,11,39,False
18365196069,20,2,3,0,3,33,40,40,39,False
17713196465,3,8,4,0,1,27,13,13,9,False
19831701219,44,1,4,0,0,39,0,0,1,False
17731093916,13,7,4,0,3,39,40,40,39,False
13401917913,29,1,4,0,2,17,19,19,39,False
19970957519,39,3,4,0,0,9,32,32,9,False
18636055184,17,4,3,0,0,40,10,10,9,False
16726368276,34,8,1,0,3,4,12,12,39,False
15167050060,39,1,3,0,2,11,9,9,9,True
15079495784,46,5,3,0,1,39,44,44,0,False
15661502139,22,20,4,0,3,2,23,23,39,False
18802233956,30,11,3,0,3,25,24,24,9,False
19948700293,1,9,3,0,1,38,39,39,39,True
19550593600,37,1,1,0,0,18,8,8,39,False
13943039298,17,9,4,0,3,7,9,9,19,False
17807329663,41,17,4,0,1,19,34,34,9,False
13513580369,16,14,4,0,1,19,18,18,24,False
15165929133,29,48,4,0,3,33,20,20,9,False
19852999776,36,25,4,0,1,27,2,2,9,False
19852999776,46,1,4,0,3,25,28,28,9,False
15735414945,14,6,4,0,3,22,25,25,39,False
13670356740,21,5,1,0,0,46,39,39,19,False
17623708813,38,2,4,0,2,15,34,34,39,False
18365196069,11,11,4,0,0,23,24,24,9,False
15661502139,15,6,4,0,0,8,0,0,0,True
15797725211,48,20,4,0,3,19,34,34,39,False
13670356740,37,2,4,0,3,11,46,46,39,False
19834840803,32,0,3,0,0,30,32,32,9,False
17731093916,14,3,4,0,3,25,19,19,39,False
15079495784,24,49,4,0,0,12,5,5,2,False
15797725211,16,6,4,0,0,26,0,0,9,False
17623708813,34,10,3,0,0,38,31,31,9,False
17807329663,25,7,3,0,3,16,37,37,24,False
17713196465,48,7,4,0,1,18,10,10,2,False
15661502139,23,6,4,0,3,23,24,24,19,False
13670356740,4,24,1,0,2,16,31,31,39,False
15165929133,5,11,2,0,0,37,32,32,39,False
19881266563,36,13,4,0,1,26,13,13,9,False
15165929133,29,43,4,0,1,24,20,20,39,False
13130819298,7,8,4,0,2,23,7,7,0,False
16726368276,30,1,4,0,3,16,15,15,0,False
13401917913,47,2,4,0,2,23,28,28,39,False
15167050060,45,2,4,0,2,8,44,44,39,False
18765816132,20,10,4,0,0,21,14,14,19,False
17807329663,21,12,4,0,1,12,23,23,9,False
13943039298,7,6,4,0,3,32,33,33,39,False
18989781863,21,7,4,0,0,23,8,8,9,False
17731093916,32,4,1,0,1,9,1,1,0,False
18664891854,13,3,4,0,0,14,1,1,9,False
18053307086,17,2,2,0,0,9,10,10,9,False
15797725211,30,4,4,0,2,4,18,18,39,False
19831701219,4,15,3,0,2,26,36,36,0,False
15735414945,35,6,3,0,0,30,23,23,9,False
17331496902,11,0,4,0,2,24,30,30,39,False
18802233956,27,17,4,0,0,35,9,9,9,True
15260233525,43,7,2,0,1,38,30,30,0,False
13943039298,15,6,4,0,1,24,8,8,9,False
19550593600,28,26,4,0,2,11,3,3,0,False
19550593600,42,1,4,0,0,30,24,24,9,False
13130819298,12,4,4,0,0,31,17,17,9,False
18765816132,17,0,2,0,0,31,9,9,9,True
17623708813,40,8,1,0,1,37,21,21,0,False
13074255915,38,4,4,0,1,34,20,20,0,False
15735414945,34,10,3,0,0,2,4,4,39,False
19881266563,17,19,4,0,1,36,14,14,9,False
13943039298,31,17,4,0,2,18,24,24,39,False
13130819298,24,1,4,0,2,15,33,33,39,False
13401917913,12,0,4,0,1,8,29,29,24,False
17713196465,25,21,4,0,1,37,30,30,0,False
13943039298,41,21,4,0,3,0,1,1,39,False
18664891854,33,15,4,0,2,30,27,27,19,False
13130819298,39,24,4,0,1,36,21,21,9,False
18991311567,4,9,4,0,0,8,3,3,39,False
17331496902,13,9,2,0,3,40,13,13,9,False
18802233956,10,17,4,0,1,37,21,21,0,False
15167050060,19,1,3,0,1,46,38,38,9,False
15167050060,33,2,4,0,2,4,8,8,0,False
18702113651,31,12,4,0,0,45,38,38,9,False
18664891854,21,5,4,0,0,7,0,0,0,True
15167050060,23,3,4,0,0,33,20,20,0,False
13130819298,9,4,3,0,2,3,11,11,39,False
15167050060,7,12,4,0,2,33,45,45,24,False
13401917913,28,32,4,0,1,36,17,17,1,False
19831701219,38,16,4,0,3,25,3,3,9,False
15797725211,3,8,4,0,1,19,37,37,9,False
19831701219,20,10,4,0,0,27,2,2,0,False
17713196465,43,0,4,0,1,41,21,21,0,False
17331496902,23,3,4,0,3,44,45,45,39,False
19831701219,7,7,4,0,2,25,16,16,9,False
18802233956,25,23,4,0,2,18,17,17,39,False
17331496902,37,11,4,0,3,47,48,48,19,False
15079495784,37,18,1,0,1,9,16,16,9,False
13630678332,21,6,3,0,2,15,23,23,39,False
13401917913,18,2,4,0,2,1,40,40,39,False
16630722126,31,9,4,0,0,17,10,10,0,False
19881266563,36,4,3,0,1,38,21,21,0,False
19550593600,13,5,4,0,1,46,7,7,9,False
13932780308,10,5,2,0,2,10,17,17,39,False
18365196069,24,7,3,0,3,17,26,26,19,False
13932780308,19,16,3,0,3,28,21,21,39,False
15797725211,17,4,2,0,1,36,16,16,9,False
17527328008,13,10,1,0,1,32,30,30,9,False
19859608897,25,0,2,0,3,22,29,29,39,False
13130819298,43,25,4,0,2,40,47,47,39,False
19881266563,25,3,4,0,3,24,18,18,39,False
19881266563,2,2,4,0,2,36,2,2,1,False
13130819298,19,7,2,0,2,3,39,39,39,True
17731093916,9,5,1,0,2,23,40,40,9,False
17807329663,29,2,4,0,3,37,2,2,9,False
15797725211,23,48,4,0,3,30,32,32,39,False
15079495784,43,3,4,0,2,29,46,46,0,False
15079495784,8,28,4,0,0,39,47,47,39,False
18991311567,13,14,2,0,3,28,23,23,39,False
19852999776,26,2,3,0,2,37,44,44,39,False
15165929133,25,7,4,0,3,15,30,30,39,False
19859608897,39,3,4,0,3,14,23,23,39,False
19859608897,40,6,3,0,2,39,48,48,39,False
15165929133,2,28,4,0,2,37,45,45,39,False
16630722126,11,2,1,0,3,35,0,0,1,False
16630722126,20,16,3,0,0,17,1,1,0,False
17623708813,49,15,4,0,1,19,39,39,39,True
13932780308,22,27,4,0,1,20,18,18,0,False
13130819298,45,2,1,0,2,2,0,0,0,True
18702113651,25,19,4,0,1,15,14,14,9,False
13670356740,32,7,4,0,1,15,37,37,39,False
15260233525,47,1,4,0,2,31,30,30,0,False
13074255915,31,4,4,0,1,4,15,15,0,False
13943039298,14,20,4,0,3,31,40,40,39,False
18636055184,5,19,4,0,0,21,7,7,19,False
15079495784,46,16,4,0,3,12,32,32,39,False
15661502139,46,15,4,0,2,20,13,13,0,False
15797725211,24,51,4,0,0,29,9,9,9,True
15167050060,33,14,4,0,0,22,8,8,9,False
15797725211,21,20,1,0,1,13,24,24,21,False
17331496902,38,2,4,0,3,7,40,40,39,False
19831701219,43,12,4,0,1,11,3,3,9,False
17807329663,49,7,1,0,0,29,16,16,1,False
19550593600,36,2,1,0,1,46,11,11,1,False
18702113651,7,18,4,0,3,22,32,32,19,False
19970957519,41,9,4,0,3,23,31,31,39,False
18991311567,30,8,2,0,1,13,20,20,39,False
18765816132,6,0,4,0,2,11,15,15,0,False
18702113651,49,14,4,0,2,24,23,23,9,False
17713196465,27,2,3,0,2,8,26,26,9,False
15260233525,36,30,4,0,0,31,24,24,0,False
18989781863,36,3,4,0,2,9,46,46,39,False
15079495784,14,1,4,0,0,31,3,3,9,False
17713196465,15,0,3,0,2,14,36,36,39,False
15661502139,14,17,4,0,2,14,28,28,39,False
17713196465,41,13,4,0,3,3,19,19,39,False
18765816132,46,2,3,0,1,5,18,18,39,False
15797725211,29,9,4,0,1,19,29,29,9,False
13130819298,18,1,3,0,2,18,0,0,39,False
15735414945,3,18,3,0,3,35,31,31,39,False
19881266563,11,28,4,0,3,37,20,20,19,False
13074255915,7,8,1,0,2,6,20,20,39,False
15661502139,10,6,4,0,1,38,30,30,9,False
17527328008,32,4,4,0,0,18,20,20,39,False
16630722126,7,19,4,0,2,11,1,1,0,False
13074255915,32,1,2,0,0,44,38,38,9,False
15661502139,42,39,4,0,1,18,41,41,39,False
18636055184,31,5,4,0,2,38,46,46,39,False
18702113651,33,2,4,0,3,5,25,25,39,False
17807329663,39,7,2,0,3,2,10,10,39,False
18365196069,11,0,3,0,1,9,22,22,39,False
18053307086,32,34,4,0,0,18,1,1,39,False
18365196069,16,12,4,0,1,31,9,9,9,True
18702113651,19,12,4,0,1,13,20,20,39,False
18989781863,24,1,4,0,1,12,8,8,9,False
15661502139,49,26,4,0,3,43,14,14,19,False
18802233956,5,3,4,0,2,25,15,15,9,False
19550593600,29,19,3,0,2,6,13,13,39,False
19948700293,5,8,1,0,0,14,9,9,19,False
18053307086,49,10,4,0,2,10,17,17,39,False
18758415613,28,3,4,0,3,24,2,2,39,False
18053307086,44,0,4,0,2,7,16,16,39,False
18991311567,24,6,2,0,0,13,5,5,19,False
17713196465,36,57,3,0,2,10,24,24,39,False
19881266563,30,25,4,0,1,26,12,12,9,False
18702113651,8,7,2,0,0,30,41,41,9,False
19970957519,36,14,4,0,3,28,21,21,39,False
17807329663,6,2,1,0,3,10,18,18,39,False
19831701219,28,6,1,0,2,24,28,28,39,False
15661502139,13,19,3,0,1,17,16,16,9,False
18991311567,27,4,2,0,3,11,20,20,39,False
15167050060,1,2,2,0,3,23,12,12,19,False
19859608897,23,1,4,0,2,16,8,8,0,False
19834840803,6,5,4,0,2,17,30,30,0,False
15167050060,8,0,4,0,2,1,10,10,39,False
13130819298,1,15,4,0,2,16,23,23,24,False
13074255915,14,13,4,0,0,9,40,40,9,False
17331496902,48,8,4,0,2,29,40,40,0,False
18802233956,43,0,4,0,2,23,31,31,24,False
17623708813,1,13,4,0,3,39,9,9,1,False
19852999776,22,14,4,0,2,38,25,25,19,False
19881266563,29,18,3,0,1,32,24,24,21,False
18702113651,25,18,2,0,1,11,10,10,0,False
18053307086,34,3,4,0,3,10,19,19,39,False
18053307086,47,9,4,0,0,22,30,30,39,False
18664891854,11,10,4,0,2,38,46,46,39,False
15165929133,14,10,1,0,2,16,23,23,24,False
19948700293,22,20,4,0,1,11,9,9,0,False
15079495784,47,2,1,0,0,15,1,1,0,False
17807329663,19,0,4,0,1,11,8,8,9,False
19550593600,12,2,4,0,3,21,24,24,19,False
13513580369,1,3,4,0,1,16,15,15,0,False
16726368276,11,7,4,0,3,33,41,41,39,False
19831701219,11,3,4,0,0,9,10,10,19,False
19881266563,15,40,4,0,2,3,10,10,24,False
17527328008,10,10,1,0,3,21,28,28,19,False
18664891854,2,28,4,0,1,22,14,14,0,False
17731093916,46,9,4,0,1,33,39,39,24,False
18365196069,23,8,4,0,3,16,2,2,9,False
19852999776,44,10,4,0,1,15,14,14,0,False
19831701219,47,10,2,0,3,18,5,5,39,False
19881266563,48,7,2,0,0,19,5,5,9,False
19550593600,18,0,1,0,3,16,9,9,9,True
18802233956,27,4,4,0,1,5,25,25,39,False
17623708813,30,5,3,0,1,29,36,36,0,False
13943039298,46,5,2,0,2,41,47,47,9,False
15735414945,20,24,3,0,3,11,24,24,39,False
17623708813,46,2,4,0,2,21,32,32,19,False
19948700293,21,1,2,0,1,36,42,42,9,False
15735414945,38,14,4,0,3,9,16,16,19,False
15797725211,30,9,2,0,3,14,44,44,39,False
15797725211,37,30,4,0,1,17,16,16,9,False
17731093916,48,2,2,0,3,39,13,13,1,False
17623708813,10,148,4,0,2,17,13,13,39,False
19831701219,47,10,4,0,0,35,30,30,19,False
19834840803,50,8,2,0,0,17,3,3,0,False
19834840803,45,0,4,0,2,1,30,30,39,False
17807329663,43,6,4,0,1,26,10,10,1,False
13932780308,18,17,4,0,3,38,39,39,39,True
18053307086,31,9,3,0,0,33,25,25,1,False
15167050060,16,0,4,0,3,29,31,31,9,False
13932780308,44,3,1,0,0,33,25,25,1,False
18991311567,50,9,4,0,3,12,20,20,39,False
16726368276,33,29,4,0,0,20,17,17,0,False
16726368276,15,5,4,0,1,15,14,14,0,False
18702113651,17,1,2,0,3,25,35,35,8,False
19881266563,41,22,4,0,1,38,29,29,9,False
13074255915,30,6,2,0,0,37,29,29,0,False
19831701219,8,9,4,0,2,29,43,43,0,False
18802233956,30,25,4,0,3,26,20,20,39,False
13401917913,25,9,4,0,3,18,34,34,39,False
15661502139,17,17,4,0,1,18,32,32,39,False
15735414945,3,0,1,0,2,6,0,0,0,True
18365196069,39,1,4,0,1,3,9,9,9,True
18053307086,2,9,4,0,1,30,21,21,0,False
17527328008,5,12,4,0,2,24,8,8,39,False
19852999776,5,9,4,0,1,17,36,36,0,False
18702113651,3,17,4,0,2,19,20,20,9,False
16630722126,36,30,4,0,0,14,8,8,19,False
18053307086,21,1,4,0,3,10,25,25,39,False
19970957519,36,11,4,0,0,15,2,2,19,False
18365196069,47,9,4,0,2,19,29,29,9,False
18802233956,50,22,4,0,1,31,0,0,0,True
18758415613,41,7,1,0,2,23,24,24,9,False
19948700293,33,5,3,0,0,14,19,19,39,False
18053307086,36,8,4,0,1,12,16,16,9,False
18365196069,11,10,4,0,2,22,44,44,39,False
19859608897,18,5,1,0,1,30,29,29,9,False
19831701219,9,9,4,0,0,27,20,20,9,False
15260233525,36,4,4,0,3,36,25,25,19,False
16630722126,25,25,4,0,0,11,6,6,19,False
17731093916,29,4,2,0,0,30,21,21,0,False
13943039298,18,7,2,0,0,14,1,1,9,False
17527328008,44,12,4,0,2,24,23,23,9,False
15661502139,35,20,2,0,1,4,20,20,39,False
13943039298,11,3,4,0,0,23,24,24,9,False
18702113651,8,28,2,0,3,35,41,41,39,False
18664891854,28,6,4,0,0,40,10,10,1,False
18365196069,46,9,4,0,2,18,24,24,39,False
13513580369,43,2,1,0,3,4,39,39,39,True
19948700293,30,0,3,0,1,15,1,1,0,False
13074255915,26,17,4,0,0,40,26,26,19,False
13670356740,30,14,4,0,3,32,26,26,39,False
15079495784,41,5,3,0,1,27,13,13,9,False
17731093916,27,2,4,0,3,11,19,19,39,False
18991311567,18,3,4,0,2,5,46,46,39,False
17807329663,39,4,3,0,3,8,6,6,1,False
18989781863,28,31,4,0,2,9,15,15,39,False
15260233525,42,15,4,0,0,22,15,15,9,False
13074255915,16,33,4,0,0,32,25,25,0,False
16726368276,19,3,4,0,1,8,24,24,39,False
18636055184,19,2,4,0,0,39,10,10,8,False
15797725211,6,15,4,0,3,31,16,16,9,False
18636055184,27,4,4,0,3,37,32,32,39,False
16726368276,13,8,4,0,3,33,45,45,0,False
18365196069,46,18,4,0,1,16,1,1,9,False
13401917913,4,19,4,0,3,46,47,47,39,False
17713196465,10,6,1,0,2,33,39,39,24,False
19881266563,8,12,4,0,3,18,14,14,39,False
15079495784,18,0,4,0,0,44,12,12,19,False
15661502139,8,2,4,0,3,37,46,46,39,False
19852999776,9,7,4,0,0,37,9,9,0,False
18802233956,48,14,2,0,0,29,9,9,9,True
17807329663,37,2,1,0,2,10,8,8,0,False
13074255915,46,7,4,0,0,44,2,2,9,False
15661502139,18,2,4,0,1,26,9,9,9,True
18053307086,13,10,4,0,2,24,15,15,39,False
13630678332,16,15,1,0,3,32,39,39,39,True
15079495784,22,6,2,0,3,1,11,11,39,False
15167050060,17,2,4,0,3,21,12,12,19,False
18365196069,18,14,4,0,2,36,43,43,39,False
15797725211,5,9,4,0,0,24,17,17,9,False
17731093916,27,5,4,0,2,5,19,19,39,False
18053307086,44,0,4,0,3,38,41,41,39,False
18989781863,16,14,4,0,2,32,41,41,39,False
15167050060,50,19,4,0,1,38,14,14,0,False
19948700293,1,9,4,0,3,18,20,20,39,False
15661502139,27,22,4,0,2,37,44,44,39,False
18365196069,19,5,2,0,2,15,48,48,39,False
17731093916,46,1,1,0,2,15,16,16,39,False
13130819298,1,14,4,0,1,29,21,21,9,False
13932780308,24,28,4,0,0,22,8,8,9,False
18664891854,8,4,4,0,3,26,19,19,39,False
18758415613,38,1,4,0,1,8,1,1,9,False
18702113651,45,5,2,0,3,25,33,33,39,False
18991311567,26,15,4,0,1,25,16,16,9,False
13401917913,8,3,2,0,0,41,32,32,0,False
15165929133,35,10,4,0,1,18,2,2,9,False
18664891854,31,3,4,0,2,26,40,40,39,False
19831701219,29,1,4,0,2,7,39,39,39,True
19834840803,25,0,2,0,1,15,12,12,19,False
18802233956,19,5,4,0,2,38,39,39,39,True
18053307086,17,6,4,0,2,16,8,8,9,False
18991311567,35,8,2,0,1,32,16,16,2,False
18702113651,51,3,1,0,3,26,20,20,39,False
15079495784,1,18,4,0,2,26,33,33,39,False
19834840803,38,0,4,0,2,1,40,40,39,False
18636055184,11,25,4,0,0,18,3,3,9,False
15797725211,18,8,4,0,3,17,46,46,39,False
19881266563,19,56,4,0,0,25,29,29,9,False
18636055184,5,0,4,0,3,40,33,33,39,False
15797725211,19,11,1,0,2,12,24,24,24,True
18989781863,49,15,3,0,1,41,40,40,0,False
13513580369,22,9,3,0,1,26,0,0,9,False
13130819298,5,6,3,0,2,28,36,36,39,False
13130819298,41,13,4,0,0,22,15,15,9,False
17807329663,33,28,4,0,1,12,9,9,9,True
15167050060,4,5,2,0,0,11,12,12,19,False
18989781863,43,19,4,0,0,14,9,9,39,False
13074255915,47,0,4,0,2,5,41,41,39,False
17731093916,39,3,1,0,3,8,10,10,1,False
18053307086,27,28,3,0,1,33,31,31,9,False
13401917913,42,2,4,0,3,9,32,32,9,False
18365196069,22,7,2,0,3,22,43,43,39,False
17731093916,10,8,4,0,1,5,2,2,9,False
15167050060,4,21,4,0,2,39,45,45,24,False
15079495784,42,1,4,0,2,17,25,25,39,False
18989781863,34,26,4,0,2,40,48,48,39,False
13401917913,34,7,1,0,2,25,46,46,39,False
15079495784,45,4,4,0,3,22,17,17,39,False
13932780308,3,5,4,0,1,26,25,25,9,False
16726368276,20,10,4,0,1,17,30,30,0,False
18664891854,45,2,2,0,1,12,17,17,0,False
15165929133,44,4,4,0,3,18,12,12,19,False
18989781863,20,9,4,0,2,33,41,41,39,False
18053307086,33,21,4,0,2,19,26,26,39,False
15079495784,39,10,2,0,1,38,37,37,0,False
18664891854,25,0,4,0,1,41,13,13,0,False
18702113651,23,9,4,0,3,36,33,33,39,False
17623708813,20,27,4,0,1,31,16,16,9,False
13130819298,33,11,4,0,3,28,21,21,39,False
15735414945,46,4,4,0,2,25,15,15,9,False
19881266563,13,39,4,0,0,44,30,30,19,False
15735414945,16,3,1,0,1,30,22,22,0,False
15735414945,32,5,3,0,1,17,31,31,39,False
17731093916,15,6,4,0,1,12,18,18,9,False
13630678332,46,0,2,0,3,16,7,7,8,False
18989781863,6,0,2,0,1,38,47,47,39,False
17623708813,30,31,4,0,2,19,20,20,9,False
16726368276,20,6,4,0,1,4,30,30,0,False
13130819298,17,6,4,0,3,36,29,29,9,False
13130819298,11,10,4,0,0,19,1,1,9,False
18365196069,8,8,3,0,3,25,27,27,19,False
15167050060,12,3,1,0,0,25,10,10,1,False
18053307086,1,12,4,0,1,30,15,15,0,False
13130819298,29,2,3,0,0,40,6,6,1,False
19550593600,25,9,4,0,2,15,23,23,39,False
19970957519,13,15,4,0,3,10,18,18,39,False
13670356740,13,10,4,0,1,6,0,0,0,True
15797725211,19,4,2,0,3,2,16,16,9,False
15661502139,34,6,4,0,1,32,24,24,0,False
13630678332,12,0,4,0,2,20,45,45,0,False
13513580369,38,0,3,0,1,3,7,7,0,False
16726368276,9,5,4,0,1,18,10,10,9,False
18365196069,22,1,2,0,2,0,43,43,39,False
18053307086,11,9,4,0,2,10,16,16,39,False
17713196465,11,10,4,0,2,8,7,7,0,False
16630722126,22,3,4,0,1,39,15,15,9,False
19834840803,42,14,4,0,3,16,10,10,9,False
15661502139,31,5,4,0,2,10,46,46,39,False
15079495784,16,14,4,0,3,25,39,39,39,True
18664891854,19,8,4,0,2,3,34,34,39,False
18802233956,29,7,4,0,3,16,33,33,39,False
18053307086,22,3,4,0,2,10,1,1,0,False
13513580369,25,8,4,0,1,36,15,15,9,False
17807329663,12,13,2,0,1,9,0,0,0,True
13670356740,30,10,4,0,1,29,39,39,39,True
15797725211,6,3,4,0,0,31,16,16,1,False
19859608897,13,7,3,0,0,17,9,9,0,False
17807329663,28,20,4,0,3,30,32,32,9,False
17527328008,33,4,4,0,2,3,12,12,39,False
17527328008,43,1,1,0,1,8,1,1,9,False
17527328008,24,4,3,0,3,4,12,12,39,False
18758415613,3,1,2,0,0,12,16,16,9,False
13074255915,37,6,4,0,1,1,47,47,39,False
16630722126,33,6,3,0,3,17,19,19,19,True
16630722126,37,39,4,0,3,19,34,34,8,False
15167050060,50,16,4,0,2,24,14,14,39,False
18991311567,10,10,2,0,3,18,10,10,39,False
13401917913,25,12,4,0,3,30,24,24,39,False
15661502139,50,2,4,0,1,12,5,5,2,False
16630722126,20,7,3,0,0,20,1,1,0,False
16630722126,50,6,4,0,1,31,2,2,9,False
15661502139,43,9,4,0,1,18,22,22,39,False
19852999776,35,6,4,0,3,22,37,37,39,False
18702113651,32,12,4,0,2,39,38,38,0,False
13943039298,17,5,3,0,1,22,21,21,9,False
19970957519,33,5,4,0,0,19,15,15,9,False
13513580369,28,1,4,0,3,23,45,45,39,False
15167050060,44,5,3,0,1,29,8,8,1,False
19881266563,48,1,3,0,1,27,8,8,9,False
13130819298,3,23,4,0,3,9,23,23,39,False
19831701219,4,10,4,0,3,18,10,10,39,False
13943039298,11,4,4,0,3,16,24,24,39,False
16726368276,48,5,4,0,3,39,18,18,9,False
18765816132,2,4,4,0,3,16,24,24,39,False
19881266563,45,8,4,0,0,13,5,5,19,False
19859608897,13,2,2,0,0,32,25,25,19,False
19859608897,50,10,2,0,0,11,19,19,19,True
16630722126,12,7,3,0,1,32,28,28,9,False
19852999776,25,4,1,0,1,37,29,29,0,False
17807329663,10,10,4,0,1,18,10,10,9,False
15260233525,9,9,4,0,1,37,30,30,9,False
19948700293,31,0,4,0,1,10,0,0,0,True
13670356740,1,6,3,0,2,10,17,17,39,False
18991311567,29,6,4,0,2,24,7,7,39,False
17731093916,49,8,4,0,3,31,1,1,9,False
19859608897,25,2,2,0,1,30,29,29,0,False
15661502139,27,11,4,0,0,24,18,18,9,False
13401917913,15,3,3,0,0,7,0,0,0,True
17623708813,42,39,4,0,2,10,16,16,39,False
19881266563,41,5,2,0,3,2,12,12,39,False
19948700293,6,5,4,0,1,31,10,10,9,False
17331496902,19,3,1,0,0,38,40,40,19,False
17623708813,24,11,4,0,3,2,5,5,39,False
18053307086,7,0,4,0,2,10,47,47,39,False
18802233956,40,0,4,0,0,39,21,21,0,False
18636055184,17,5,3,0,3,40,10,10,2,False
13513580369,14,17,4,0,1,26,25,25,9,False
19852999776,40,5,2,0,2,28,42,42,39,False
13932780308,24,23,2,0,1,30,0,0,0,True
13130819298,49,14,4,0,2,16,39,39,39,True
13130819298,19,23,2,0,3,45,39,39,39,True
18365196069,43,1,2,0,2,4,2,2,9,False
18758415613,5,8,4,0,0,30,8,8,1,False
17527328008,8,0,1,0,1,34,20,20,39,False
15797725211,46,4,2,0,0,25,5,5,9,False
17623708813,7,1,4,0,1,37,9,9,9,True
18765816132,18,1,4,0,2,20,33,33,0,False
15260233525,31,0,2,0,0,46,3,3,13,False
18802233956,8,10,1,0,1,17,16,16,9,False
19881266563,18,52,4,0,0,30,20,20,39,False
15079495784,43,2,4,0,0,44,2,2,9,False
18989781863,10,2,2,0,1,40,47,47,39,False
18991311567,3,11,4,0,3,29,16,16,39,False
13074255915,4,3,4,0,0,9,32,32,39,False
18758415613,16,1,1,0,0,27,12,12,0,False
16630722126,19,1,1,0,1,46,37,37,9,False
13932780308,35,10,3,0,3,10,45,45,39,False
18664891854,3,9,4,0,2,4,3,3,0,False
19550593600,1,8,4,0,1,33,14,14,0,False
13074255915,29,6,4,0,3,37,24,24,39,False
15797725211,8,9,3,0,2,28,39,39,39,True
18664891854,31,2,4,0,0,46,32,32,9,False
13670356740,31,18,4,0,0,36,16,16,9,False
17713196465,21,1,3,0,3,39,3,3,1,False
18365196069,35,9,4,0,0,10,2,2,9,False
17623708813,15,22,1,0,1,29,32,32,0,False
19550593600,26,12,4,0,3,28,21,21,39,False
17623708813,32,3,3,0,2,10,18,18,39,False
18758415613,29,13,4,0,2,25,24,24,0,False
15797725211,39,0,1,0,2,16,40,40,39,False
15735414945,31,12,1,0,3,16,39,39,39,True
13074255915,42,4,2,0,2,16,24,24,39,False
15735414945,42,19,4,0,3,11,19,19,39,False
19550593600,16,7,3,0,2,30,32,32,39,False
13932780308,24,4,2,0,1,32,0,0,0,True
19881266563,37,12,4,0,3,45,46,46,39,False
19550593600,24,0,4,0,3,9,12,12,24,False
13401917913,37,7,4,0,3,22,34,34,39,False
18802233956,8,16,4,0,0,12,14,14,0,False
17807329663,7,23,4,0,1,18,17,17,19,False
18365196069,35,7,4,0,0,32,27,27,9,False
15735414945,44,7,4,0,0,36,29,29,0,False
19970957519,28,21,4,0,2,26,32,32,39,False
19831701219,44,16,4,0,3,31,18,18,39,False
19550593600,14,3,1,0,3,46,48,48,39,False
18991311567,42,12,4,0,0,24,16,16,9,False
13670356740,4,20,1,0,3,2,31,31,39,False
13513580369,24,2,4,0,1,23,36,36,24,False
18991311567,41,12,4,0,0,33,19,19,9,False
19970957519,50,87,4,0,1,30,41,41,39,False
15079495784,24,10,4,0,2,15,16,16,39,False
19831701219,14,1,4,0,3,15,10,10,39,False
17807329663,24,1,3,0,2,3,1,1,0,False
17731093916,47,9,3,0,0,9,1,1,9,False
15735414945,46,26,4,0,0,22,15,15,9,False
18765816132,34,7,4,0,0,18,13,13,19,False
19550593600,7,7,2,0,3,25,47,47,39,False
16630722126,19,2,3,0,0,10,9,9,1,False
15797725211,17,0,2,0,2,24,16,16,39,False
18758415613,35,2,4,0,2,11,40,40,39,False
18053307086,1,27,4,0,3,38,39,39,39,True
17623708813,44,0,3,0,2,14,41,41,39,False
15079495784,49,66,4,0,3,18,29,29,39,False
16630722126,12,12,4,0,2,18,41,41,39,False
15167050060,1,2,4,0,2,18,19,19,39,False
19948700293,32,0,4,0,1,47,3,3,9,False
16726368276,18,3,4,0,1,34,26,26,21,False
17807329663,15,15,2,0,1,15,0,0,0,True
15079495784,37,47,4,0,0,36,23,23,9,False
18758415613,7,0,4,0,1,39,42,42,0,False
17623708813,37,18,3,0,1,36,22,22,9,False
18053307086,35,1,3,0,1,29,36,36,39,False
18758415613,17,3,2,0,0,18,19,19,39,False
18664891854,33,5,4,0,1,37,43,43,39,False
15167050060,39,10,3,0,2,2,9,9,24,False
18702113651,6,130,4,0,2,0,3,3,39,False
18765816132,6,2,4,0,0,47,26,26,1,False
13943039298,27,7,4,0,3,32,47,47,39,False
18664891854,37,10,1,0,0,46,39,39,19,False
18991311567,6,17,4,0,0,23,46,46,39,False
13401917913,26,3,4,0,3,38,40,40,39,False
17713196465,29,19,2,0,0,9,16,16,9,False
16630722126,27,19,4,0,1,16,15,15,0,False
13130819298,15,2,4,0,1,32,29,29,9,False
17807329663,31,11,4,0,1,37,0,0,0,True
15661502139,32,19,4,0,0,35,8,8,9,False
13670356740,34,8,4,0,3,8,23,23,39,False
19834840803,25,4,4,0,2,15,6,6,19,False
17807329663,2,11,4,0,0,25,11,11,9,False
19859608897,48,10,4,0,2,34,40,40,39,False
13130819298,44,54,4,0,3,9,17,17,19,False
15260233525,1,26,4,0,0,29,21,21,9,False
15260233525,14,6,4,0,0,38,1,1,0,False
17807329663,17,32,4,0,0,17,38,38,39,False
15079495784,25,3,4,0,0,26,13,13,9,False
13513580369,36,32,3,0,0,31,24,24,0,False
18802233956,29,19,4,0,2,12,33,33,39,False
18765816132,23,18,4,0,0,14,8,8,19,False
15661502139,17,15,4,0,1,18,32,32,39,False
13074255915,30,10,3,0,0,20,13,13,0,False
13670356740,26,1,4,0,0,15,17,17,39,False
15735414945,22,7,4,0,0,32,25,25,24,False
18636055184,44,4,1,0,2,11,18,18,39,False
19948700293,43,5,4,0,1,37,42,42,9,False
15735414945,21,0,1,0,1,5,47,47,39,False
19834840803,40,8,4,0,1,27,40,40,0,False
18802233956,40,17,4,0,1,37,16,16,9,False
19834840803,19,19,4,0,1,16,7,7,0,False
17713196465,49,13,2,0,2,18,31,31,39,False
18664891854,29,19,4,0,0,23,16,16,19,False
18702113651,22,8,4,0,2,2,8,8,0,False
19970957519,27,9,4,0,3,24,17,17,24,False
15661502139,50,30,4,0,3,32,46,46,39,False
19550593600,13,29,4,0,1,8,7,7,0,False
15661502139,44,17,4,0,0,19,13,13,9,False
13513580369,34,10,4,0,1,13,19,19,39,False
13943039298,25,22,4,0,0,10,7,7,9,False
18053307086,15,6,4,0,1,32,43,43,9,False
19970957519,6,35,4,0,0,45,9,9,9,True
18365196069,8,7,1,0,1,41,39,39,0,False
16630722126,19,2,4,0,0,39,10,10,8,False
18664891854,27,4,2,0,2,15,22,22,39,False
13401917913,39,6,3,0,3,31,40,40,39,False
18702113651,6,2,4,0,2,8,24,24,39,False
17807329663,33,15,4,0,2,28,36,36,39,False
18053307086,26,4,4,0,2,9,19,19,19,True
19831701219,30,14,4,0,0,46,3,3,9,False
15661502139,49,7,4,0,0,25,16,16,9,False
19881266563,23,2,4,0,0,38,47,47,39,False
19859608897,18,0,4,0,2,24,25,25,39,False
17713196465,2,7,4,0,1,37,15,15,0,False
18758415613,2,2,4,0,2,32,41,41,39,False
17623708813,34,4,1,0,0,15,16,16,39,False
16726368276,25,8,1,0,0,17,9,9,0,False
15167050060,1,5,4,0,3,8,32,32,9,False
13074255915,49,9,4,0,0,16,2,2,0,False
18636055184,1,20,4,0,0,31,24,24,9,False
17731093916,43,9,4,0,3,29,1,1,1,True
15165929133,18,9,4,0,0,14,1,1,9,False
16630722126,41,6,1,0,1,27,33,33,0,False
18765816132,7,9,2,0,3,37,46,46,39,False
19852999776,3,7,4,0,2,25,30,30,9,False
18989781863,12,8,4,0,3,12,33,33,39,False
18702113651,12,9,4,0,2,2,8,8,0,False
13943039298,7,5,1,0,0,11,4,4,9,False
15661502139,3,8,1,0,3,16,31,31,39,False
18702113651,34,3,4,0,1,37,9,9,9,True
15735414945,15,6,2,0,0,9,3,3,9,False
17623708813,37,5,3,0,2,18,22,22,39,False
15260233525,21,21,4,0,3,11,25,25,39,False
18991311567,22,0,4,0,3,23,7,7,39,False
15735414945,31,4,4,0,2,3,18,18,39,False
19834840803,44,3,4,0,2,10,19,19,39,False
18365196069,41,4,4,0,2,4,9,9,0,False
17623708813,3,5,4,0,2,19,0,0,9,False
19550593600,13,4,3,0,0,22,14,14,9,False
17713196465,28,6,4,0,2,12,40,40,39,False
19834840803,40,0,4,0,0,40,13,13,2,False
13074255915,14,4,4,0,1,19,18,18,9,False
19852999776,10,5,1,0,1,17,31,31,39,False
19970957519,13,1,4,0,0,16,9,9,9,True
17527328008,39,4,4,0,3,37,31,31,39,False
13670356740,1,12,4,0,1,38,21,21,0,False
15079495784,13,12,3,0,0,12,17,17,9,False
15165929133,39,2,3,0,1,38,30,30,0,False
15079495784,5,23,4,0,0,42,24,24,19,False
17807329663,36,0,4,0,1,18,3,3,39,False
16726368276,19,9,4,0,3,22,24,24,39,False
15661502139,13,9,4,0,2,23,8,8,0,False
17807329663,4,7,4,0,1,6,5,5,9,False
18053307086,23,26,4,0,0,22,2,2,19,False
19852999776,20,3,2,0,2,22,28,28,39,False
17623708813,49,8,3,0,2,28,39,39,39,True
17527328008,35,0,1,0,3,8,12,12,1,False
17807329663,2,9,1,0,2,18,36,36,39,False
18664891854,22,11,4,0,0,25,4,4,1,False
13513580369,24,4,2,0,2,28,43,43,39,False
15735414945,25,65,4,0,1,29,28,28,9,False
15661502139,20,10,4,0,3,25,27,27,39,False
17807329663,5,8,2,0,1,3,9,9,0,False
15797725211,35,23,4,0,0,29,14,14,1,False
15661502139,45,39,4,0,3,25,31,31,9,False
15079495784,19,3,3,0,1,4,17,17,39,False
15797725211,28,4,3,0,3,8,10,10,1,False
18664891854,42,14,4,0,2,22,32,32,39,False
15735414945,28,1,4,0,1,45,8,8,2,False
17331496902,13,0,2,0,3,33,13,13,9,False
16726368276,12,11,4,0,0,46,39,39,19,False
17623708813,36,33,4,0,1,33,2,2,9,False
19852999776,48,18,3,0,2,38,46,46,39,False
18365196069,27,12,4,0,3,10,12,12,39,False
18802233956,26,34,4,0,2,29,37,37,0,False
15661502139,17,14,4,0,1,31,2,2,9,False
16630722126,4,10,3,0,3,33,39,39,9,False
18636055184,19,18,4,0,1,24,10,10,0,False
17527328008,37,3,4,0,1,30,40,40,39,False
13670356740,45,6,1,0,1,13,20,20,39,False
19948700293,20,21,4,0,1,15,14,14,0,False
18365196069,16,10,4,0,3,24,9,9,9,True
18991311567,46,7,4,0,0,30,31,31,24,False
13932780308,41,8,3,0,3,30,31,31,39,False
18053307086,19,0,4,0,2,12,14,14,0,False
19834840803,21,5,4,0,0,44,38,38,9,False
13513580369,11,5,2,0,0,29,1,1,9,False
19948700293,1,18,4,0,1,16,14,14,9,False
18765816132,18,8,1,0,3,25,27,27,19,False
15797725211,28,2,4,0,2,25,32,32,39,False
19852999776,48,5,4,0,0,15,34,34,39,False
15167050060,19,1,1,0,2,3,4,4,39,False
18989781863,11,11,3,0,2,12,19,19,39,False
19852999776,43,9,4,0,1,32,31,31,0,False
18765816132,26,15,4,0,3,18,5,5,19,False
17331496902,14,4,4,0,3,14,36,36,39,False
19859608897,35,10,4,0,1,23,21,21,0,False
13630678332,36,2,1,0,2,5,12,12,39,False
13074255915,27,1,4,0,1,46,38,38,9,False
15165929133,29,2,4,0,0,24,17,17,9,False
17527328008,21,0,4,0,1,40,25,25,39,False
17527328008,18,6,4,0,2,23,31,31,39,False
17527328008,9,6,4,0,2,16,29,29,0,False
13401917913,18,0,3,0,3,46,33,33,19,False
15735414945,44,2,1,0,0,17,7,7,0,False
19881266563,7,22,4,0,0,10,7,7,0,False
15661502139,21,5,3,0,0,30,41,41,19,False
15735414945,47,54,4,0,0,35,16,16,9,False
18991311567,1,7,4,0,3,8,46,46,39,False
18702113651,30,4,3,0,2,3,32,32,39,False
19859608897,49,4,2,0,3,11,19,19,39,False
18702113651,12,15,4,0,0,19,13,13,9,False
17623708813,41,2,3,0,2,8,46,46,0,False
18636055184,43,4,4,0,1,18,9,9,9,True
18636055184,42,4,1,0,0,14,0,0,0,True
13943039298,27,8,3,0,2,18,41,41,39,False
19831701219,25,3,4,0,0,44,10,10,9,False
19852999776,48,12,4,0,3,10,34,34,39,False
17623708813,26,23,4,0,1,30,32,32,39,False
18991311567,18,12,4,0,2,25,46,46,39,False
15661502139,26,30,4,0,2,24,15,15,39,False
15167050060,12,9,4,0,1,25,24,24,9,False
17713196465,7,6,4,0,0,25,22,22,9,False
13513580369,6,6,4,0,0,19,15,15,9,False
19859608897,11,9,4,0,0,31,24,24,9,False
18765816132,31,3,4,0,0,23,2,2,9,False
13401917913,28,42,4,0,1,15,2,2,19,False
18636055184,34,16,4,0,1,17,14,14,0,False
19970957519,49,0,1,0,0,44,39,39,19,False
15735414945,17,13,3,0,3,39,40,40,39,False
19550593600,3,14,2,0,1,8,15,15,9,False
15797725211,50,6,4,0,3,22,46,46,39,False
18664891854,1,3,3,0,3,5,20,20,39,False
17623708813,45,8,4,0,1,30,38,38,39,False
18989781863,43,4,4,0,2,14,22,22,39,False
18664891854,36,29,4,0,3,33,47,47,39,False
15260233525,6,8,4,0,1,19,17,17,9,False
15167050060,21,15,4,0,3,37,25,25,39,False
19948700293,43,7,4,0,2,35,42,42,39,False
16630722126,34,9,4,0,3,38,47,47,39,False
16630722126,35,20,4,0,0,11,8,8,9,False
18989781863,5,2,4,0,1,32,40,40,39,False
13943039298,23,3,1,0,3,39,41,41,39,False
19831701219,27,3,2,0,1,36,8,8,9,False
19948700293,12,1,4,0,0,22,1,1,0,False
13401917913,33,12,4,0,0,19,34,34,0,False
18991311567,16,0,3,0,0,30,31,31,9,False
15079495784,21,4,2,0,3,8,11,11,1,False
17331496902,17,4,4,0,2,22,30,30,39,False
19970957519,32,4,4,0,1,25,16,16,0,False
18802233956,15,2,4,0,1,26,21,21,9,False
19970957519,45,22,4,0,1,25,39,39,39,True
17807329663,27,12,4,0,2,11,19,19,39,False
13074255915,5,9,4,0,3,30,31,31,9,False
18664891854,23,2,4,0,3,30,8,8,1,False
15797725211,5,36,4,0,3,18,17,17,39,False
15079495784,8,1,3,0,3,25,14,14,1,False
17713196465,1,7,4,0,0,37,30,30,21,False
16630722126,11,20,4,0,2,24,8,8,39,False
16630722126,25,2,1,0,1,46,22,22,9,False
15167050060,17,1,1,0,2,34,40,40,39,False
19831701219,41,1,1,0,1,29,44,44,0,False
15167050060,30,14,3,0,3,32,39,39,39,True
13943039298,7,4,4,0,3,39,5,5,1,False
16726368276,38,13,4,0,3,23,31,31,39,False
19881266563,24,7,4,0,1,23,15,15,9,False
17331496902,47,1,4,0,1,4,15,15,9,False
15797725211,19,5,4,0,2,17,24,24,39,False
18991311567,26,0,2,0,2,16,20,20,39,False
15165929133,8,13,4,0,1,31,8,8,9,False
17713196465,5,15,4,0,0,36,30,30,9,False
13074255915,2,16,3,0,0,30,2,2,9,False
15260233525,26,16,4,0,0,14,7,7,0,False
15079495784,14,31,4,0,1,13,40,40,39,False
15079495784,30,3,4,0,3,16,39,39,39,True
18053307086,32,8,2,0,3,35,46,46,39,False
15661502139,16,5,3,0,3,29,44,44,39,False
17807329663,39,5,4,0,0,36,21,21,0,False
15797725211,4,0,3,0,1,12,21,21,0,False
17713196465,8,8,4,0,2,8,21,21,0,False
17623708813,25,24,4,0,1,32,46,46,39,False
17807329663,31,29,4,0,1,37,15,15,0,False
13074255915,43,3,4,0,2,15,29,29,39,False
17527328008,41,15,4,0,3,17,24,24,39,False
18802233956,32,10,4,0,3,18,12,12,19,False
19881266563,8,1,4,0,2,15,39,39,39,True
19852999776,42,7,4,0,2,3,19,19,39,False
17731093916,48,13,4,0,1,34,25,25,0,False
18802233956,21,5,4,0,3,4,19,19,39,False
19831701219,25,5,4,0,2,26,38,38,39,False
18758415613,45,2,4,0,0,14,1,1,9,False
17731093916,33,3,4,0,3,39,40,40,9,False
13130819298,50,1,1,0,1,13,40,40,39,False
15661502139,42,18,4,0,0,19,41,41,9,False
18758415613,10,6,1,0,3,21,28,28,19,False
13074255915,46,6,4,0,2,0,10,10,39,False
18702113651,8,24,2,0,2,23,41,41,39,False
19831701219,9,3,4,0,3,39,9,9,1,False
17713196465,48,0,4,0,2,38,39,39,39,True
19881266563,12,30,4,0,0,31,13,13,19,False
19550593600,17,2,4,0,1,1,24,24,39,False
16630722126,43,3,1,0,2,20,27,27,0,False
16630722126,40,11,3,0,1,18,24,24,39,False
13074255915,37,22,4,0,1,32,48,48,39,False
19550593600,27,8,4,0,1,25,24,24,9,False
19834840803,16,11,4,0,2,4,9,9,0,False
17623708813,19,43,4,0,1,18,16,16,9,False
18636055184,20,9,4,0,2,18,19,19,39,False
18989781863,43,5,4,0,0,37,17,17,2,False
17807329663,2,8,1,0,1,19,36,36,9,False
18702113651,12,5,2,0,1,17,47,47,39,False
18664891854,33,32,4,0,3,26,27,27,39,False
13630678332,37,1,4,0,3,3,5,5,39,False
15079495784,37,10,4,0,2,8,39,39,39,True
17713196465,1,6,4,0,1,9,7,7,0,False
19831701219,30,18,4,0,0,18,12,12,19,False
15735414945,2,11,3,0,1,1,0,0,39,False
13401917913,21,0,3,0,1,29,24,24,9,False
17623708813,38,24,4,0,2,19,34,34,9,False
18989781863,36,21,4,0,2,37,46,46,39,False
18365196069,37,6,4,0,2,30,36,36,39,False
13074255915,38,8,4,0,2,16,1,1,9,False
15167050060,41,3,2,0,3,33,27,27,1,False
13130819298,48,7,3,0,0,9,31,31,19,False
17527328008,1,19,4,0,3,31,32,32,9,False
17331496902,13,7,2,0,0,46,13,13,1,False
16630722126,42,16,4,0,2,23,28,28,0,False
13630678332,38,15,1,0,0,3,2,2,9,False
15079495784,31,28,4,0,1,30,32,32,0,False
18664891854,1,4,4,0,3,30,31,31,9,False
15167050060,29,6,1,0,3,45,24,24,1,False
13670356740,32,5,4,0,2,19,20,20,9,False
13513580369,11,2,1,0,0,13,5,5,19,False
17807329663,5,27,4,0,3,17,24,24,39,False
19831701219,43,6,2,0,0,29,21,21,1,False
18664891854,49,17,4,0,3,32,41,41,39,False
17731093916,19,0,3,0,1,40,3,3,39,False
13513580369,23,0,3,0,2,22,44,44,39,False
13074255915,31,2,2,0,0,46,38,38,0,False
19881266563,36,17,4,0,3,12,13,13,39,False
15661502139,10,7,2,0,3,4,38,38,39,False
13943039298,12,12,4,0,3,0,1,1,9,False
17331496902,5,0,4,0,2,1,22,22,39,False
16726368276,1,2,3,0,3,7,30,30,39,False
17623708813,19,115,4,0,2,26,6,6,2,False
15797725211,44,96,4,0,0,30,41,41,39,False
19852999776,50,12,4,0,2,29,36,36,39,False
13670356740,13,40,4,0,0,39,17,17,1,False
19831701219,21,11,4,0,2,24,2,2,9,False
19970957519,32,9,4,0,3,29,46,46,39,False
17623708813,29,60,4,0,0,32,19,19,9,False
19852999776,3,2,4,0,0,40,13,13,19,False
17807329663,45,22,4,0,0,28,21,21,19,False
18991311567,39,5,1,0,0,29,15,15,1,False
19881266563,20,0,1,0,2,20,17,17,0,False
18802233956,36,2,4,0,3,47,13,13,1,False
13074255915,13,0,1,0,2,12,30,30,39,False
18664891854,36,1,4,0,2,9,47,47,39,False
19831701219,4,3,4,0,0,16,15,15,0,False
15260233525,6,16,4,0,1,11,17,17,9,False
17331496902,29,4,4,0,0,31,24,24,9,False
18989781863,14,4,4,0,2,4,11,11,24,False
18802233956,50,12,4,0,2,5,19,19,39,False
13932780308,24,9,1,0,1,19,26,26,9,False
19834840803,30,2,4,0,1,5,3,3,9,False
15661502139,33,7,3,0,1,19,32,32,9,False
13074255915,10,13,4,0,0,11,13,13,19,False
15735414945,13,9,4,0,1,17,16,16,9,False
18664891854,38,5,3,0,2,38,47,47,39,False
18636055184,11,23,4,0,2,16,0,0,9,False
19881266563,16,9,4,0,2,19,26,26,39,False
18702113651,42,5,4,0,0,35,29,29,19,False
13401917913,11,10,4,0,3,47,48,48,10,False
15260233525,34,4,4,0,0,9,3,3,19,False
18702113651,12,16,4,0,3,12,13,13,39,False
18991311567,42,41,4,0,2,3,16,16,24,False
18758415613,36,2,4,0,1,32,40,40,39,False
17623708813,43,15,4,0,2,4,18,18,39,False
15167050060,26,19,4,0,0,17,9,9,9,True
15735414945,12,19,4,0,1,12,17,17,9,False
15167050060,46,11,4,0,2,34,39,39,39,True
19859608897,36,3,4,0,0,35,7,7,9,False
19948700293,13,3,3,0,0,23,8,8,9,False
15661502139,2,0,4,0,2,11,40,40,39,False
18636055184,18,0,2,0,3,7,10,10,19,False
15797725211,21,7,4,0,0,14,0,0,0,True
13074255915,33,5,4,0,0,17,10,10,0,False
18991311567,3,12,4,0,3,30,16,16,9,False
13943039298,6,6,4,0,1,23,15,15,9,False
17623708813,44,6,4,0,0,26,14,14,9,False
19881266563,29,13,4,0,3,36,47,47,39,False
13932780308,48,1,3,0,1,27,8,8,9,False
19948700293,3,4,3,0,3,26,20,20,39,False
19970957519,5,2,2,0,2,18,1,1,39,False
18702113651,35,17,3,0,0,32,13,13,19,False
19859608897,28,1,2,0,3,22,18,18,39,False
17623708813,23,16,1,0,0,29,15,15,9,False
15079495784,23,6,4,0,2,33,39,39,24,False
13130819298,37,16,4,0,2,39,46,46,24,False
13932780308,46,2,2,0,0,15,5,5,19,False
18053307086,7,43,4,0,3,45,47,47,39,False
17807329663,50,0,4,0,1,19,24,24,9,False
17623708813,20,12,1,0,2,37,43,43,39,False
15079495784,21,10,4,0,1,17,0,0,0,True
18802233956,49,1,4,0,2,0,23,23,24,False
13401917913,40,9,4,0,2,23,45,45,39,False
15079495784,4,15,4,0,1,32,5,5,1,False
19852999776,13,21,4,0,2,31,7,7,0,False
13074255915,9,7,4,0,2,11,18,18,39,False
19834840803,49,9,4,0,3,32,39,39,39,True
15661502139,43,13,4,0,0,10,3,3,0,False
18053307086,48,13,4,0,0,30,31,31,39,False
18664891854,6,0,2,0,3,8,47,47,24,False
17527328008,36,10,4,0,2,38,39,39,39,True
15797725211,19,20,4,0,3,10,24,24,39,False
19852999776,27,1,4,0,0,31,8,8,0,False
19859608897,32,0,1,0,3,8,4,4,1,False
15260233525,35,3,4,0,0,38,17,17,9,False
18802233956,32,15,4,0,2,2,9,9,24,False
18758415613,43,4,4,0,3,40,31,31,9,False
13943039298,6,4,4,0,2,19,24,24,0,False
15735414945,40,3,1,0,3,8,10,10,1,False
17331496902,37,6,4,0,2,30,48,48,39,False
18702113651,12,17,3,0,1,3,2,2,0,False
18758415613,40,13,4,0,3,8,30,30,39,False
15165929133,29,54,4,0,0,34,20,20,0,False
15797725211,39,6,4,0,2,24,10,10,24,False
18053307086,28,2,4,0,2,16,43,43,24,False
19550593600,26,3,4,0,1,24,21,21,0,False
15079495784,29,47,4,0,3,29,18,18,39,False
19831701219,43,18,4,0,0,29,22,22,9,False
17623708813,20,6,4,0,0,22,16,16,39,False
15079495784,24,7,3,0,0,17,46,46,39,False
17713196465,17,4,4,0,3,32,6,6,19,False
18765816132,12,3,4,0,0,39,2,2,9,False
17527328008,9,2,4,0,2,4,29,29,0,False
16630722126,9,1,2,0,0,46,27,27,19,False
15079495784,14,3,4,0,3,24,3,3,9,False
13943039298,15,30,4,0,1,26,39,39,39,True
19852999776,25,8,1,0,0,35,29,29,10,False
18989781863,3,9,4,0,2,20,40,40,0,False
18765816132,49,10,4,0,0,16,2,2,0,False
15735414945,4,3,4,0,2,8,47,47,39,False
13943039298,13,8,4,0,1,3,9,9,9,True
18365196069,35,21,4,0,3,32,33,33,39,False
13943039298,23,4,3,0,3,14,31,31,39,False
17713196465,14,0,4,0,1,25,28,28,9,False
19881266563,48,0,1,0,1,30,24,24,9,False
19881266563,4,3,4,0,0,40,14,14,9,False
19948700293,6,17,4,0,1,18,14,14,0,False
18702113651,9,18,4,0,1,17,8,8,9,False
13074255915,11,13,3,0,0,37,29,29,9,False
15735414945,19,50,4,0,3,2,16,16,39,False
19881266563,46,27,4,0,3,12,27,27,39,False
19881266563,50,3,4,0,2,20,13,13,0,False
18053307086,2,3,4,0,2,24,13,13,39,False
19881266563,41,26,4,0,1,36,29,29,9,False
17623708813,38,5,3,0,3,8,4,4,1,False
17731093916,13,5,1,0,0,30,16,16,9,False
15167050060,51,1,1,0,0,41,31,31,0,False
18702113651,6,74,4,0,2,15,3,3,39,False
15165929133,1,12,4,0,0,22,14,14,0,False
16630722126,14,0,2,0,3,40,32,32,39,False
15260233525,1,14,2,0,1,18,9,9,39,False
15661502139,35,0,4,0,1,10,18,18,39,False
16726368276,31,7,4,0,1,36,14,14,9,False
15735414945,5,9,1,0,3,25,27,27,39,False
16726368276,48,10,4,0,3,32,40,40,39,False
17713196465,13,9,4,0,1,37,16,16,9,False
17713196465,33,15,4,0,2,18,33,33,39,False
19881266563,41,4,4,0,3,14,34,34,39,False
13074255915,30,10,4,0,0,47,20,20,1,False
17331496902,23,6,4,0,3,7,8,8,19,False
19881266563,25,23,4,0,0,17,46,46,39,False
19881266563,41,8,2,0,3,11,12,12,39,False
13513580369,14,15,4,0,2,8,15,15,0,False
17807329663,24,3,4,0,2,16,36,36,24,False
18989781863,42,4,2,0,1,33,18,18,0,False
17731093916,27,6,2,0,1,17,21,21,21,True
13630678332,21,2,4,0,3,14,39,39,39,True
17623708813,42,195,4,0,1,46,10,10,1,False
17527328008,26,2,2,0,3,21,29,29,19,False
13932780308,2,4,4,0,1,33,44,44,39,False
13932780308,31,25,4,0,0,32,12,12,19,False
13513580369,43,2,4,0,0,20,5,5,0,False
17331496902,12,14,4,0,1,26,33,33,39,False
17331496902,48,2,3,0,2,10,5,5,39,False
18802233956,9,17,4,0,0,33,12,12,9,False
18765816132,26,9,4,0,2,40,48,48,39,False
18702113651,6,45,4,0,2,8,3,3,39,False
17527328008,49,124,4,0,3,12,1,1,0,False
13130819298,30,0,4,0,2,25,36,36,9,False
15165929133,42,9,3,0,2,28,36,36,39,False
17807329663,50,15,1,0,1,17,16,16,9,False
19948700293,3,19,4,0,3,33,39,39,39,True
19831701219,46,2,4,0,1,10,21,21,0,False
13401917913,1,9,1,0,3,39,48,48,24,False
15797725211,38,18,4,0,3,10,19,19,39,False
19948700293,4,9,4,0,3,44,45,45,39,False
19831701219,25,9,4,0,0,22,10,10,19,False
17623708813,46,9,4,0,3,29,32,32,39,False
18702113651,5,11,4,0,3,32,3,3,2,False
19834840803,16,1,1,0,2,23,39,39,39,True
18365196069,44,5,4,0,0,31,7,7,8,False
15797725211,46,2,4,0,1,18,3,3,9,False
18636055184,40,14,4,0,2,34,47,47,39,False
19834840803,16,13,4,0,3,32,48,48,39,False
15735414945,11,29,4,0,2,19,33,33,9,False
15797725211,35,26,4,0,1,18,2,2,39,False
18758415613,33,6,4,0,3,32,41,41,39,False
17623708813,37,3,4,0,2,23,36,36,24,False
17713196465,23,13,4,0,3,36,33,33,39,False
18758415613,15,5,4,0,1,23,8,8,9,False
13130819298,9,9,1,0,3,31,25,25,24,False
13513580369,6,8,4,0,1,12,15,15,9,False
13130819298,31,6,4,0,0,38,18,18,19,False
15661502139,6,14,4,0,0,33,3,3,1,False
13670356740,49,2,4,0,1,29,7,7,9,False
19948700293,48,8,4,0,3,7,8,8,19,False
15079495784,31,3,2,0,0,40,3,3,9,False
18758415613,8,9,4,0,3,22,31,31,39,False
19831701219,7,4,1,0,3,31,13,13,39,False
17623708813,1,14,4,0,0,30,33,33,9,False
19881266563,21,14,4,0,2,26,33,33,39,False
15661502139,30,14,2,0,1,25,37,37,9,False
19550593600,26,5,4,0,3,33,48,48,39,False
15167050060,39,0,4,0,3,8,10,10,9,False
15079495784,23,0,4,0,2,9,18,18,39,False
13943039298,27,1,4,0,2,17,47,47,39,False
13670356740,19,7,4,0,1,12,16,16,9,False
15167050060,38,22,4,0,0,18,13,13,19,False
18989781863,21,11,3,0,3,32,39,39,39,True
15735414945,50,11,4,0,2,23,39,39,39,True
16630722126,37,11,3,0,0,10,2,2,1,False
18991311567,36,30,4,0,2,26,41,41,39,False
17807329663,14,1,1,0,0,40,17,17,9,False
15735414945,22,2,4,0,3,15,46,46,39,False
19831701219,7,1,4,0,1,48,38,38,9,False
19831701219,14,0,3,0,2,10,43,43,39,False
13943039298,39,4,4,0,2,2,1,1,0,False
15260233525,40,4,1,0,2,3,10,10,24,False
15079495784,2,0,3,0,2,15,24,24,39,False
15735414945,3,29,4,0,0,20,9,9,0,False
15661502139,7,38,4,0,1,19,32,32,39,False
19970957519,27,2,3,0,3,25,16,16,1,False
19834840803,32,0,1,0,2,0,36,36,24,False
18989781863,25,2,2,0,0,32,27,27,19,False
19852999776,38,0,4,0,0,32,1,1,9,False
19550593600,22,9,4,0,0,39,8,8,8,True
19852999776,32,4,3,0,3,3,18,18,39,False
19970957519,3,6,4,0,0,37,23,23,0,False
18989781863,9,2,2,0,3,2,47,47,39,False
13401917913,34,6,3,0,0,18,12,12,19,False
17623708813,1,24,4,0,1,8,15,15,0,False
18765816132,22,0,2,0,2,12,30,30,39,False
13670356740,16,21,3,0,3,39,47,47,39,False
15167050060,41,0,2,0,2,24,27,27,39,False
19859608897,35,2,2,0,1,45,38,38,9,False
17713196465,37,24,4,0,0,24,17,17,9,False
18053307086,5,2,4,0,0,14,10,10,39,False
13670356740,29,0,4,0,1,11,8,8,9,False
15167050060,39,22,4,0,0,22,2,2,19,False
15079495784,5,5,1,0,2,1,7,7,39,False
15661502139,22,13,4,0,3,8,16,16,39,False
19859608897,11,1,4,0,3,7,6,6,19,False
18053307086,47,1,4,0,2,17,31,31,39,False
17527328008,11,9,4,0,3,39,13,13,1,False
13932780308,4,6,4,0,0,30,33,33,24,False
15165929133,5,17,2,0,3,14,32,32,39,False
19970957519,28,0,2,0,2,10,8,8,0,False
15735414945,47,13,1,0,0,22,21,21,0,False
19834840803,14,25,4,0,2,39,47,47,39,False
19859608897,36,1,4,0,0,46,34,34,19,False
13670356740,31,5,3,0,1,3,14,14,0,False
13513580369,26,5,1,0,0,35,23,23,9,False
19831701219,12,17,4,0,3,10,41,41,39,False
13630678332,34,15,4,0,2,5,19,19,39,False
18702113651,43,6,4,0,3,35,43,43,39,False
19881266563,16,6,4,0,0,17,15,15,0,False
18802233956,10,5,1,0,2,2,14,14,0,False
18053307086,41,15,4,0,0,31,14,14,0,False
15661502139,30,2,4,0,1,4,32,32,39,False
19852999776,5,40,4,0,2,18,17,17,39,False
18636055184,46,4,4,0,2,32,47,47,39,False
15797725211,25,3,4,0,1,3,0,0,0,True
18765816132,43,0,4,0,3,24,5,5,39,False
19948700293,14,6,4,0,0,31,30,30,9,False
13401917913,43,16,4,0,1,45,25,25,1,False
13074255915,7,2,4,0,3,40,5,5,1,False
13932780308,37,8,3,0,3,36,44,44,39,False
18702113651,3,4,4,0,0,19,20,20,9,False
15260233525,10,8,1,0,2,33,39,39,24,False
19834840803,12,12,1,0,2,34,41,41,39,False
19948700293,44,14,4,0,3,7,8,8,19,False
13401917913,16,0,4,0,1,48,41,41,0,False
15661502139,37,1,3,0,3,18,1,1,39,False
18664891854,24,14,1,0,1,38,39,39,19,False
17623708813,28,21,4,0,1,33,39,39,39,True
15167050060,34,9,1,0,3,29,21,21,1,False
13932780308,45,7,4,0,3,19,5,5,9,False
18989781863,8,6,4,0,2,31,0,0,8,False
17623708813,6,3,4,0,0,11,5,5,39,False
19831701219,21,22,4,0,0,33,2,2,9,False
18664891854,46,7,3,0,3,25,27,27,39,False
16630722126,2,9,3,0,3,25,20,20,1,False
19970957519,45,2,1,0,1,15,0,0,0,True
15165929133,24,35,4,0,1,8,28,28,24,False
13130819298,49,16,4,0,2,23,39,39,39,True
15165929133,24,46,4,0,2,23,28,28,39,False
18664891854,42,12,4,0,1,32,0,0,0,True
18765816132,26,20,4,0,3,16,9,9,9,True
13130819298,46,29,4,0,0,22,16,16,19,False
16630722126,38,7,4,0,3,25,20,20,19,False
15167050060,45,0,3,0,1,41,47,47,0,False
13630678332,35,6,2,0,1,27,24,24,0,False
19881266563,36,20,4,0,1,25,24,24,9,False
19881266563,13,2,3,0,0,31,10,10,0,False
19970957519,39,14,4,0,0,23,33,33,9,False
18758415613,8,1,4,0,3,9,31,31,39,False
17807329663,15,9,1,0,2,10,17,17,39,False
13513580369,49,6,2,0,1,26,25,25,1,False
15661502139,42,66,4,0,3,35,41,41,19,False
18053307086,4,3,4,0,0,40,17,17,9,False
18053307086,48,14,4,0,3,16,46,46,39,False
15735414945,50,6,4,0,2,10,39,39,39,True
15735414945,39,2,1,0,2,12,24,24,0,False
18702113651,30,8,4,0,2,25,24,24,0,False
19550593600,7,3,2,0,2,3,47,47,39,False
18802233956,23,0,4,0,3,3,40,40,39,False
17713196465,21,27,4,0,0,28,16,16,19,False
16726368276,38,7,4,0,1,23,8,8,9,False
17623708813,14,12,4,0,0,18,17,17,9,False
19948700293,18,12,4,0,0,22,15,15,0,False
13130819298,8,18,2,0,2,31,44,44,39,False
19852999776,38,4,4,0,2,4,26,26,39,False
18802233956,15,2,1,0,1,26,5,5,1,False
19550593600,3,7,2,0,3,37,38,38,39,False
17331496902,10,6,2,0,2,30,32,32,9,False
13670356740,33,4,4,0,3,8,4,4,39,False
15797725211,28,8,1,0,3,18,10,10,39,False
18765816132,22,13,4,0,3,37,24,24,39,False
18758415613,24,0,4,0,3,16,19,19,39,False
15797725211,26,19,2,0,1,33,44,44,39,False
18053307086,33,16,4,0,3,32,47,47,39,False
18765816132,30,8,3,0,3,5,6,6,39,False
13074255915,33,26,4,0,3,25,39,39,39,True
18802233956,45,15,4,0,0,13,22,22,0,False
15260233525,13,0,4,0,2,8,32,32,24,False
13513580369,50,9,4,0,1,38,23,23,0,False
13074255915,45,14,2,0,0,31,24,24,0,False
13670356740,24,13,4,0,1,37,36,36,0,False
13513580369,25,20,1,0,0,30,23,23,9,False
19852999776,37,5,4,0,1,19,47,47,0,False
18365196069,40,3,2,0,3,16,18,18,39,False
13130819298,5,8,2,0,2,3,46,46,39,False
16630722126,27,18,4,0,1,17,15,15,9,False
19834840803,36,7,4,0,0,37,8,8,1,False
17807329663,30,11,4,0,2,11,26,26,39,False
13670356740,40,1,3,0,2,8,31,31,9,False
15165929133,16,15,4,0,1,33,31,31,0,False
15165929133,17,0,4,0,2,15,16,16,39,False
19831701219,30,8,4,0,0,24,29,29,24,False
18758415613,16,10,4,0,1,26,48,48,39,False
19881266563,5,13,4,0,0,22,15,15,9,False
19970957519,46,13,3,0,2,10,17,17,39,False
19834840803,32,7,1,0,1,37,36,36,9,False
18365196069,2,21,4,0,2,31,30,30,0,False
13513580369,30,0,4,0,3,14,32,32,39,False
17713196465,17,0,4,0,3,24,6,6,39,False
19970957519,41,6,4,0,3,16,34,34,39,False
17331496902,24,2,4,0,3,40,26,26,0,False
19970957519,42,1,4,0,0,26,17,17,0,False
18991311567,33,2,4,0,3,44,25,25,19,False
19859608897,31,1,4,0,1,45,43,43,21,False
18758415613,35,19,4,0,2,2,9,9,24,False
18365196069,38,6,1,0,1,23,15,15,0,False
19550593600,36,3,2,0,1,32,39,39,39,True
17807329663,15,1,3,0,1,30,36,36,0,False
17713196465,1,17,3,0,3,5,12,12,39,False
18991311567,40,8,1,0,3,26,19,19,2,False
17713196465,7,12,4,0,3,30,17,17,9,False
19831701219,49,7,4,0,2,31,14,14,9,False
17623708813,12,13,4,0,3,17,18,18,39,False
13401917913,37,1,4,0,2,7,34,34,39,False
18989781863,2,7,4,0,1,5,14,14,9,False
17623708813,36,6,4,0,1,24,2,2,9,False
13130819298,16,7,2,0,0,17,39,39,39,True
13670356740,13,2,4,0,1,27,0,0,9,False
17623708813,19,21,4,0,0,43,16,16,19,False
19550593600,14,1,2,0,3,17,12,12,19,False
18702113651,44,10,4,0,0,26,13,13,9,False
19881266563,1,3,4,0,1,38,7,7,9,False
19970957519,17,29,4,0,0,40,9,9,9,True
18702113651,2,11,3,0,0,15,2,2,19,False
18758415613,40,4,4,0,3,7,30,30,39,False
18991311567,4,9,1,0,1,33,1,1,0,False
13670356740,19,10,4,0,0,25,18,18,9,False
13401917913,13,6,3,0,0,25,18,18,1,False
19881266563,41,2,3,0,3,2,31,31,39,False
19831701219,41,0,4,0,0,39,15,15,0,False
13130819298,16,37,1,0,3,26,20,20,39,False
15735414945,12,3,4,0,1,34,46,46,0,False
18664891854,40,15,4,0,1,41,40,40,0,False
18991311567,47,12,4,0,2,12,32,32,24,False
15260233525,6,0,1,0,1,3,7,7,0,False
13932780308,27,1,4,0,0,20,5,5,0,False
19831701219,38,23,4,0,1,20,3,3,0,False
15661502139,12,47,4,0,2,39,46,46,24,False
19881266563,5,7,4,0,2,29,43,43,0,False
18758415613,32,14,4,0,2,30,31,31,39,False
17807329663,45,2,1,0,2,3,25,25,39,False
19834840803,15,2,4,0,1,4,8,8,9,False
18702113651,24,18,4,0,1,18,0,0,39,False
17713196465,43,7,3,0,2,28,25,25,39,False
17623708813,12,7,1,0,1,38,36,36,0,False
19970957519,29,5,4,0,2,20,15,15,0,False
13401917913,1,18,1,0,2,31,48,48,39,False
17807329663,18,5,4,0,3,29,23,23,39,False
19831701219,38,0,2,0,0,40,17,17,39,False
19852999776,18,28,4,0,1,23,1,1,9,False
19948700293,43,2,3,0,0,41,15,15,0,False
18802233956,36,15,4,0,3,22,18,18,39,False
18758415613,6,4,4,0,1,8,40,40,9,False
15661502139,14,3,2,0,1,37,8,8,0,False
18053307086,45,0,2,0,2,12,20,20,39,False
17623708813,11,9,4,0,0,36,30,30,9,False
18991311567,24,0,1,0,3,8,19,19,9,False
15165929133,46,15,4,0,1,11,1,1,9,False
16726368276,12,4,3,0,2,34,47,47,39,False
19970957519,40,7,4,0,2,10,18,18,39,False
15079495784,3,17,3,0,1,46,9,9,1,False
18991311567,44,6,3,0,0,17,0,0,0,True
18053307086,45,11,4,0,3,19,27,27,39,False
18765816132,3,3,4,0,1,8,0,0,0,True
13932780308,2,0,1,0,3,43,8,8,39,False
18802233956,46,3,1,0,3,14,1,1,39,False
18802233956,41,12,4,0,2,40,47,47,39,False
15661502139,35,18,2,0,1,6,20,20,39,False
18053307086,8,6,4,0,2,22,23,23,39,False
19550593600,11,1,4,0,1,19,16,16,9,False
13513580369,38,3,4,0,2,10,16,16,39,False
19834840803,36,2,4,0,2,14,28,28,39,False
18989781863,12,16,4,0,2,16,23,23,24,False
17623708813,16,0,3,0,1,17,43,43,39,False
17713196465,36,8,1,0,3,8,19,19,1,False
17527328008,21,0,1,0,1,47,40,40,2,False
19831701219,16,5,3,0,3,28,29,29,39,False
19831701219,47,11,4,0,3,28,30,30,39,False
18053307086,27,27,3,0,2,26,31,31,24,False
15735414945,39,15,4,0,0,8,1,1,0,False
18702113651,30,16,4,0,1,12,24,24,9,False
18636055184,43,7,4,0,1,16,9,9,9,True
15079495784,9,19,2,0,3,39,47,47,39,False
19550593600,4,0,4,0,3,42,45,45,9,False
19881266563,5,8,4,0,0,23,15,15,0,False
13513580369,3,4,4,0,3,31,12,12,39,False
18702113651,6,197,4,0,0,10,3,3,9,False
15735414945,12,15,2,0,1,6,3,3,0,False
13074255915,16,7,2,0,0,18,19,19,39,False
18758415613,21,4,4,0,3,3,12,12,39,False
18636055184,21,0,1,0,2,10,20,20,39,False
19834840803,15,1,4,0,0,30,32,32,9,False
18053307086,34,19,3,0,1,30,15,15,0,False
15661502139,45,7,2,0,1,12,9,9,9,True
13074255915,16,10,2,0,2,5,19,19,39,False
19881266563,12,16,4,0,2,16,41,41,39,False
15260233525,18,7,1,0,1,15,21,21,21,True
13670356740,37,0,4,0,3,12,5,5,39,False
17807329663,27,3,4,0,0,30,19,19,19,True
18765816132,35,5,4,0,3,2,19,19,39,False
15797725211,23,42,4,0,3,17,32,32,39,False
13513580369,17,0,2,0,1,40,3,3,39,False
18989781863,3,4,3,0,2,15,24,24,39,False
13513580369,6,9,4,0,1,3,15,15,9,False
18053307086,8,3,4,0,2,26,37,37,0,False
15735414945,32,12,4,0,0,30,31,31,24,False
18758415613,35,9,2,0,2,31,38,38,24,False
17807329663,15,7,2,0,2,16,0,0,0,True
19550593600,7,9,4,0,1,32,24,24,9,False
19852999776,50,4,4,0,0,9,17,17,19,False
19831701219,31,20,3,0,0,9,16,16,9,False
16630722126,46,4,4,0,3,38,39,39,39,True
13074255915,26,12,1,0,0,17,9,9,9,True
18765816132,34,1,3,0,3,2,5,5,39,False
19852999776,19,9,2,0,0,35,28,28,0,False
19970957519,25,10,4,0,0,32,10,10,9,False
16726368276,27,6,1,0,0,10,9,9,9,True
18053307086,8,8,3,0,0,15,8,8,9,False
15167050060,46,5,4,0,3,38,39,39,39,True
19834840803,49,15,4,0,1,40,39,39,21,False
15797725211,44,52,4,0,2,7,41,41,39,False
17623708813,17,5,4,0,3,39,9,9,1,False
13943039298,27,6,3,0,2,10,41,41,39,False
15167050060,30,3,2,0,1,46,42,42,0,False
15661502139,33,5,3,0,3,11,32,32,39,False
13130819298,31,5,4,0,0,23,26,26,9,False
19948700293,27,8,3,0,3,4,6,6,39,False
15735414945,14,9,2,0,1,11,3,3,0,False
13630678332,47,5,4,0,3,10,20,20,19,False
13074255915,36,9,4,0,0,30,9,9,9,True
19831701219,17,25,4,0,0,47,46,46,9,False
18053307086,6,10,3,0,2,18,26,26,39,False
17623708813,10,129,4,0,2,17,13,13,19,False
13943039298,12,14,4,0,0,24,2,2,9,False
15079495784,25,4,2,0,3,8,11,11,9,False
18365196069,19,1,3,0,1,47,38,38,9,False
15661502139,16,7,4,0,3,12,27,27,39,False
18802233956,16,2,1,0,3,32,6,6,19,False
15165929133,10,7,4,0,0,46,33,33,0,False
19852999776,30,7,3,0,3,11,19,19,39,False
19881266563,36,57,4,0,1,12,24,24,0,False
13130819298,40,9,4,0,3,40,41,41,39,False
18989781863,33,6,4,0,1,47,27,27,1,False
15165929133,47,2,2,0,0,32,26,26,39,False
18053307086,34,1,4,0,0,26,19,19,21,False
13074255915,48,2,1,0,1,37,42,42,39,False
19948700293,28,3,4,0,2,24,3,3,39,False
18758415613,9,5,4,0,3,9,36,36,39,False
18765816132,23,12,4,0,3,21,31,31,39,False
13630678332,44,11,4,0,1,17,3,3,9,False
19881266563,2,22,3,0,2,18,43,43,39,False
15167050060,7,1,4,0,3,36,45,45,39,False
19834840803,47,11,4,0,2,26,40,40,39,False
19859608897,9,8,2,0,3,32,40,40,39,False
16726368276,6,0,2,0,3,14,6,6,39,False
15260233525,18,4,3,0,0,30,25,25,9,False
19834840803,46,14,4,0,2,22,24,24,19,False
19859608897,49,3,3,0,1,34,26,26,0,False
13130819298,30,9,4,0,3,26,19,19,9,False
15165929133,47,4,4,0,2,3,11,11,39,False
18365196069,3,1,4,0,1,2,0,0,0,True
17623708813,11,1,4,0,2,21,19,19,19,True
17807329663,7,3,4,0,2,16,39,39,39,True
17713196465,27,3,3,0,2,15,26,26,39,False
17623708813,12,8,4,0,1,2,1,1,0,False
15735414945,22,36,4,0,3,37,31,31,19,False
16630722126,21,6,4,0,0,38,31,31,9,False
18702113651,19,19,4,0,3,19,20,20,1,False
16630722126,23,0,2,0,2,39,42,42,0,False
13074255915,48,13,4,0,3,22,36,36,39,False
18989781863,44,3,4,0,1,9,15,15,39,False
18758415613,6,13,2,0,3,4,6,6,39,False
13932780308,31,9,4,0,2,20,12,12,0,False
17331496902,46,8,4,0,1,9,8,8,0,False
18802233956,36,5,4,0,2,4,18,18,39,False
15260233525,20,3,4,0,2,22,33,33,39,False
19970957519,8,5,1,0,0,33,13,13,1,False
15735414945,43,7,3,0,3,3,19,19,39,False
15167050060,44,1,4,0,0,39,25,25,0,False
18991311567,1,22,4,0,1,26,17,17,9,False
17331496902,1,0,1,0,0,31,30,30,9,False
19550593600,23,0,4,0,2,1,3,3,39,False
15661502139,23,15,1,0,3,2,16,16,9,False
13401917913,38,11,4,0,1,16,8,8,1,False
18636055184,17,24,4,0,3,17,27,27,39,False
19834840803,49,13,4,0,1,32,39,39,39,True
19831701219,49,6,3,0,1,30,9,9,9,True
15079495784,35,0,1,0,0,33,19,19,9,False
17807329663,2,14,4,0,0,32,2,2,9,False
18802233956,21,6,4,0,2,5,19,19,39,False
16630722126,27,0,3,0,1,1,23,23,39,False
18765816132,38,2,4,0,1,25,24,24,0,False
18802233956,22,26,4,0,1,19,41,41,24,False
19852999776,44,1,4,0,0,26,5,5,9,False
17713196465,21,1,2,0,0,44,35,35,9,False
13401917913,15,6,4,0,1,16,9,9,9,True
19550593600,33,1,2,0,2,7,28,28,39,False
15165929133,20,13,4,0,3,11,19,19,19,True
18365196069,5,6,2,0,2,23,41,41,39,False
15079495784,7,15,4,0,3,4,18,18,39,False
13401917913,28,6,1,0,2,39,46,46,24,False
15797725211,5,9,4,0,3,30,37,37,39,False
15165929133,35,1,4,0,3,8,19,19,9,False
13130819298,22,43,4,0,3,30,24,24,39,False
19550593600,33,11,4,0,2,34,39,39,39,True
15079495784,36,29,4,0,3,1,2,2,39,False
18991311567,36,5,4,0,2,7,41,41,39,False
17331496902,1,3,2,0,2,7,15,15,39,False
17527328008,30,6,3,0,2,5,13,13,39,False
17731093916,14,2,1,0,1,45,16,16,9,False
16726368276,36,4,1,0,2,10,12,12,39,False
15165929133,20,1,4,0,1,36,42,42,9,False
19881266563,2,6,4,0,1,28,2,2,19,False
18365196069,30,8,4,0,1,47,40,40,9,False
18989781863,17,10,4,0,3,25,48,48,39,False
19831701219,17,22,4,0,0,42,38,38,9,False
19948700293,2,1,3,0,3,36,44,44,39,False
13943039298,28,13,4,0,0,40,26,26,19,False
13513580369,16,11,4,0,2,6,18,18,24,False
15260233525,33,2,2,0,1,12,3,3,9,False
19948700293,22,5,4,0,3,24,9,9,9,True
19948700293,8,8,4,0,0,9,10,10,39,False
17623708813,40,0,3,0,2,0,12,12,24,False
19852999776,14,7,3,0,0,25,11,11,9,False
16630722126,16,16,4,0,2,16,15,15,0,False
15735414945,48,45,4,0,1,45,7,7,9,False
13943039298,11,4,4,0,1,45,29,29,9,False
19550593600,36,0,2,0,1,27,39,39,0,False
19852999776,14,15,4,0,3,25,45,45,39,False
15079495784,16,11,4,0,3,30,24,24,39,False
17713196465,17,9,4,0,0,19,10,10,9,False
19831701219,7,0,2,0,2,0,12,12,24,False
18989781863,2,10,4,0,0,34,20,20,0,False
18991311567,25,21,4,0,1,31,30,30,9,False
13670356740,24,9,4,0,2,11,17,17,39,False
18758415613,33,15,4,0,1,17,39,39,39,True
15079495784,32,4,4,0,1,25,0,0,9,False
18991311567,38,25,4,0,0,19,17,17,9,False
19859608897,51,2,1,0,3,17,4,4,39,False
13401917913,21,10,4,0,1,9,8,8,0,False
15165929133,23,7,4,0,2,15,21,21,39,False
17527328008,48,0,4,0,3,10,48,48,39,False
13943039298,8,6,4,0,2,4,16,16,0,False
18636055184,46,11,4,0,3,32,39,39,39,True
17331496902,46,4,4,0,2,16,15,15,0,False
15167050060,47,1,4,0,2,5,9,9,0,False
18664891854,7,24,4,0,3,47,48,48,10,False
15797725211,30,67,4,0,2,31,23,23,9,False
15735414945,6,6,1,0,1,19,27,27,9,False
17713196465,33,1,3,0,1,11,15,15,0,False
17731093916,50,6,4,0,0,41,32,32,0,False
17807329663,13,1,4,0,0,33,13,13,9,False
17331496902,7,2,2,0,0,38,32,32,19,False
18765816132,2,13,4,0,0,7,1,1,19,False
19852999776,15,3,4,0,1,38,23,23,9,False
18765816132,7,1,2,0,1,9,46,46,39,False
18702113651,13,20,3,0,2,2,1,1,0,False
18765816132,7,8,2,0,2,30,46,46,39,False
16726368276,19,5,1,0,3,39,40,40,9,False
19948700293,8,1,4,0,3,17,39,39,39,True
15797725211,30,4,1,0,0,25,10,10,9,False
17807329663,42,9,1,0,1,30,24,24,39,False
19852999776,5,3,1,0,2,37,44,44,39,False
17623708813,17,16,4,0,3,11,19,19,39,False
18053307086,18,36,4,0,2,10,9,9,0,False
16630722126,6,0,4,0,3,8,18,18,9,False
15797725211,40,2,4,0,3,0,11,11,24,False
13670356740,18,1,4,0,1,48,43,43,0,False
16630722126,25,22,4,0,0,18,6,6,19,False
16630722126,37,5,1,0,3,44,47,47,39,False
18991311567,42,35,4,0,0,15,16,16,39,False
15079495784,14,2,4,0,0,12,40,40,39,False
13943039298,18,3,4,0,2,8,15,15,0,False
15167050060,23,8,3,0,2,30,36,36,8,False
18053307086,37,8,2,0,0,23,32,32,9,False
15079495784,35,68,4,0,0,26,14,14,9,False
17713196465,23,9,4,0,2,29,33,33,9,False
15260233525,23,1,4,0,1,3,0,0,9,False
18765816132,26,12,4,0,3,10,5,5,39,False
18636055184,20,3,4,0,2,24,1,1,39,False
15165929133,43,7,3,0,2,18,27,27,39,False
18636055184,45,3,4,0,3,40,11,11,1,False
19881266563,47,39,4,0,3,9,16,16,39,False
15661502139,48,14,4,0,2,13,33,33,39,False
13943039298,27,0,4,0,1,47,31,31,9,False
13943039298,6,7,4,0,3,17,26,26,39,False
18765816132,5,3,1,0,2,30,31,31,9,False
13130819298,9,6,2,0,0,30,44,44,0,False
13932780308,44,30,4,0,3,5,6,6,39,False
17527328008,45,3,4,0,0,38,33,33,39,False
19550593600,36,3,4,0,0,38,47,47,39,False
16726368276,27,7,1,0,1,3,9,9,9,True
19834840803,10,4,4,0,3,33,47,47,39,False
19831701219,17,1,4,0,3,30,46,46,24,False
19852999776,33,13,4,0,1,38,37,37,9,False
18765816132,21,18,4,0,3,46,48,48,39,False
13630678332,17,7,1,0,3,17,39,39,39,True
18053307086,26,26,4,0,1,37,30,30,0,False
19831701219,9,38,4,0,2,2,9,9,24,False
13670356740,23,6,4,0,2,9,33,33,39,False
19852999776,34,2,2,0,2,22,32,32,39,False
18702113651,43,0,4,0,1,3,31,31,39,False
13943039298,35,6,4,0,2,2,15,15,24,False
13074255915,6,17,2,0,3,17,6,6,39,False
19859608897,29,3,2,0,0,25,18,18,1,False
15797725211,45,9,3,0,1,36,0,0,9,False
18802233956,4,15,4,0,1,15,14,14,0,False
19831701219,24,6,4,0,0,20,13,13,0,False
18702113651,48,0,1,0,0,44,23,23,9,False
19831701219,9,17,4,0,2,32,9,9,1,False
19834840803,15,14,4,0,1,15,8,8,9,False
19852999776,6,14,4,0,0,17,19,19,19,True
18365196069,30,14,4,0,2,5,12,12,39,False
13130819298,15,3,3,0,2,22,43,43,39,False
19881266563,1,50,4,0,2,8,31,31,39,False
18765816132,29,8,4,0,1,34,20,20,21,False
15797725211,23,2,3,0,0,17,0,0,0,True
13670356740,38,16,4,0,1,17,16,16,9,False
18765816132,29,1,4,0,0,24,20,20,24,False
18802233956,48,14,4,0,3,29,30,30,39,False
18802233956,2,25,4,0,2,39,46,46,24,False
15797725211,42,12,3,0,1,15,14,14,0,False
19859608897,21,0,3,0,0,46,31,31,19,False
15735414945,11,54,4,0,0,29,9,9,1,False
17527328008,22,1,4,0,2,9,12,12,9,False
18989781863,6,4,4,0,1,24,30,30,0,False
17623708813,12,37,4,0,3,25,27,27,39,False
17623708813,12,1,2,0,0,22,21,21,9,False
13401917913,25,4,4,0,2,32,33,33,39,False
17331496902,18,1,4,0,2,7,16,16,39,False
18758415613,48,6,3,0,3,4,12,12,39,False
13670356740,16,8,4,0,1,2,15,15,24,False
13630678332,5,7,2,0,3,2,16,16,1,False
15167050060,5,19,4,0,0,7,0,0,0,True
17527328008,49,153,4,0,2,8,1,1,0,False
13943039298,19,3,4,0,2,39,2,2,1,False
19852999776,37,3,4,0,2,19,47,47,39,False
16630722126,44,7,3,0,0,25,4,4,1,False
15735414945,17,6,3,0,2,28,40,40,39,False
15661502139,8,16,4,0,1,37,16,16,9,False
19831701219,6,5,4,0,2,40,36,36,9,False
19970957519,3,2,3,0,2,8,16,16,0,False
15165929133,38,14,4,0,1,34,2,2,0,False
18765816132,7,14,4,0,1,11,15,15,0,False
15167050060,45,20,4,0,3,36,44,44,39,False
13130819298,44,50,4,0,0,22,17,17,19,False
19881266563,15,39,4,0,3,2,10,10,39,False
19881266563,29,2,2,0,2,16,36,36,0,False
19970957519,30,18,4,0,0,19,3,3,9,False
19834840803,8,22,4,0,3,29,0,0,1,False
19948700293,26,5,4,0,1,24,9,9,9,True
17807329663,19,4,4,0,0,31,2,2,9,False
13401917913,30,1,4,0,2,20,15,15,0,False
13513580369,6,8,3,0,1,30,24,24,39,False
18765816132,12,12,4,0,0,16,2,2,1,False
15165929133,32,7,4,0,0,16,18,18,39,False
17331496902,40,0,4,0,1,46,43,43,39,False
17623708813,4,11,4,0,3,30,47,47,39,False
17623708813,11,22,4,0,3,36,26,26,19,False
15079495784,49,11,4,0,1,31,17,17,9,False
17331496902,37,4,1,0,0,41,20,20,0,False
13130819298,16,1,4,0,1,34,14,14,0,False
15661502139,37,8,2,0,3,28,0,0,19,False
18758415613,31,2,4,0,1,45,43,43,2,False
13074255915,42,15,4,0,2,31,44,44,39,False
18702113651,49,1,4,0,1,19,32,32,0,False
18702113651,21,24,4,0,1,13,34,34,39,False
19831701219,39,2,4,0,2,9,32,32,9,False
19831701219,7,6,4,0,3,25,14,14,9,False
17713196465,50,16,4,0,2,17,33,33,39,False
18664891854,26,3,4,0,1,15,1,1,9,False
17623708813,17,2,4,0,3,10,20,20,39,False
15735414945,25,12,4,0,1,19,25,25,39,False
19834840803,30,7,3,0,2,4,8,8,0,False
18636055184,27,6,2,0,3,17,31,31,39,False
19970957519,27,12,4,0,3,15,2,2,39,False
16726368276,11,0,4,0,3,24,48,48,39,False
19550593600,36,16,4,0,2,33,27,27,9,False
18758415613,19,12,4,0,2,30,34,34,39,False
19859608897,48,5,2,0,3,4,19,19,39,False
15797725211,45,1,4,0,0,7,3,3,19,False
13401917913,25,12,4,0,2,26,34,34,39,False
18989781863,21,19,1,0,1,33,19,19,21,False
13943039298,43,4,3,0,1,37,15,15,9,False
13130819298,17,11,4,0,3,28,29,29,19,False
17731093916,46,3,2,0,1,41,13,13,9,False
19948700293,42,4,4,0,2,25,39,39,39,True
13670356740,13,3,3,0,3,31,2,2,9,False
15079495784,20,1,3,0,3,14,10,10,39,False
19859608897,19,3,4,0,2,15,37,37,39,False
13630678332,1,10,2,0,0,23,16,16,19,False
18802233956,16,4,4,0,2,19,26,26,39,False
13130819298,19,15,4,0,3,28,16,16,19,False
19550593600,22,12,4,0,0,17,2,2,9,False
18758415613,1,12,4,0,1,11,9,9,0,False
15735414945,7,58,1,0,1,27,19,19,9,False
18664891854,17,15,3,0,2,39,48,48,24,False
15167050060,50,13,4,0,0,31,14,14,0,False
17623708813,12,5,4,0,0,15,18,18,39,False
17807329663,43,5,4,0,0,26,10,10,9,False
13074255915,10,10,3,0,0,23,5,5,19,False
15797725211,23,19,4,0,0,42,46,46,19,False
15167050060,28,2,2,0,1,37,42,42,39,False
18664891854,41,19,4,0,1,15,8,8,9,False
17623708813,42,210,4,0,0,33,10,10,9,False
19970957519,49,10,4,0,0,23,25,25,19,False
17527328008,43,12,4,0,2,33,39,39,24,False
18365196069,21,8,4,0,0,18,1,1,39,False
16630722126,32,4,1,0,3,8,48,48,39,False
18989781863,50,9,2,0,3,46,48,48,19,False
19881266563,32,7,4,0,1,30,0,0,9,False
18053307086,7,9,4,0,2,16,15,15,9,False
15735414945,27,0,4,0,2,3,7,7,0,False
19948700293,3,1,4,0,2,12,39,39,39,True
16726368276,29,1,2,0,0,19,29,29,9,False
17713196465,28,3,1,0,0,25,2,2,0,False
15797725211,6,12,4,0,0,30,17,17,9,False
19859608897,21,2,4,0,0,23,12,12,9,False
19852999776,5,22,2,0,0,7,0,0,9,False
18702113651,26,8,2,0,1,44,43,43,9,False
15167050060,47,11,4,0,2,0,4,4,39,False
13943039298,41,5,3,0,2,15,16,16,39,False
13630678332,29,5,1,0,1,23,8,8,9,False
16630722126,29,1,3,0,3,39,24,24,1,False
17807329663,27,26,4,0,2,10,17,17,39,False
19970957519,24,5,1,0,0,8,1,1,0,False
15735414945,9,9,4,0,0,32,9,9,9,True
19834840803,28,15,4,0,0,29,2,2,1,False
19852999776,14,0,2,0,3,37,17,17,39,False
18758415613,31,17,3,0,3,0,1,1,39,False
15079495784,48,25,4,0,2,17,24,24,39,False
18702113651,50,2,4,0,0,44,41,41,19,False
13943039298,39,1,3,0,1,8,34,34,9,False
15661502139,37,1,4,0,0,39,21,21,9,False
19834840803,50,3,4,0,0,40,33,33,9,False
17331496902,37,1,1,0,0,46,20,20,19,False
15735414945,27,4,1,0,3,11,25,25,39,False
13130819298,36,5,4,0,1,25,37,37,9,False
17623708813,8,12,4,0,2,14,21,21,39,False
13130819298,41,14,4,0,1,25,8,8,1,False
19831701219,29,18,4,0,3,17,39,39,39,True
15661502139,29,11,4,0,1,11,18,18,39,False
17731093916,2,2,4,0,2,3,20,20,39,False
18758415613,50,1,4,0,0,39,23,23,0,False
17623708813,43,14,4,0,3,3,18,18,39,False
13401917913,41,0,4,0,2,13,40,40,39,False
15167050060,1,17,4,0,1,41,40,40,0,False
13130819298,31,3,4,0,3,9,12,12,19,False
15260233525,8,9,4,0,1,11,16,16,9,False
18802233956,37,6,4,0,3,18,19,19,19,True
17807329663,23,7,4,0,0,13,5,5,19,False
15260233525,2,6,3,0,1,17,24,24,19,False
19852999776,23,7,1,0,1,29,36,36,39,False
19834840803,14,9,4,0,0,16,1,1,1,True
18664891854,9,11,4,0,3,30,11,11,9,False
18758415613,8,3,2,0,3,17,6,6,39,False
18053307086,23,3,4,0,0,30,39,39,39,True
15167050060,31,4,4,0,2,18,24,24,39,False
17713196465,10,1,4,0,0,46,23,23,19,False
19948700293,47,2,3,0,3,7,8,8,39,False
18365196069,31,3,3,0,0,18,12,12,19,False
13943039298,38,8,4,0,0,34,20,20,0,False
19852999776,27,9,4,0,3,32,8,8,1,False
18765816132,4,17,4,0,3,47,26,26,1,False
15797725211,44,65,4,0,0,14,41,41,39,False
19970957519,34,1,1,0,2,8,36,36,0,False
13513580369,47,6,4,0,1,38,1,1,9,False
15079495784,35,2,4,0,3,39,14,14,9,False
16726368276,41,15,4,0,3,36,15,15,9,False
15167050060,47,17,4,0,3,31,39,39,39,True
17807329663,16,25,4,0,1,25,39,39,39,True
18989781863,21,6,4,0,0,31,24,24,9,False
19948700293,3,20,4,0,1,32,39,39,39,True
18802233956,20,6,1,0,3,2,18,18,39,False
19852999776,10,2,3,0,2,12,40,40,39,False
15165929133,29,66,4,0,0,33,20,20,9,False
18765816132,30,5,2,0,1,41,47,47,9,False
17713196465,33,0,3,0,1,12,15,15,0,False
18636055184,38,0,4,0,0,43,7,7,19,False
13670356740,43,0,4,0,0,28,25,25,39,False
19948700293,42,11,4,0,1,40,39,39,21,False
13074255915,14,23,4,0,1,26,40,40,39,False
15661502139,34,18,4,0,3,23,37,37,9,False
19970957519,21,7,2,0,1,9,0,0,0,True
18664891854,22,9,4,0,0,44,31,31,9,False
18989781863,15,7,4,0,1,32,41,41,39,False
18636055184,45,4,2,0,0,32,27,27,19,False
18365196069,18,10,2,0,3,33,48,48,39,False
13670356740,41,14,4,0,3,37,34,34,39,False
19859608897,20,9,4,0,1,9,1,1,0,False
17331496902,49,0,1,0,0,43,45,45,39,False
17331496902,17,5,1,0,3,40,33,33,9,False
13513580369,14,6,4,0,3,28,10,10,19,False
16726368276,10,4,2,0,2,10,6,6,39,False
17807329663,33,20,4,0,3,36,46,46,39,False
17807329663,4,3,4,0,3,9,47,47,39,False
15797725211,50,8,4,0,0,9,19,19,39,False
13130819298,30,6,4,0,0,32,3,3,9,False
18664891854,4,0,4,0,3,10,5,5,39,False
19831701219,8,20,4,0,1,38,16,16,9,False
13943039298,44,18,4,0,0,13,6,6,39,False
15797725211,13,3,1,0,3,10,33,33,39,False
19852999776,39,26,4,0,2,26,31,31,24,False
13670356740,12,1,4,0,1,46,42,42,9,False
15079495784,23,2,4,0,3,23,19,19,9,False
18989781863,49,3,4,0,1,23,1,1,9,False
18702113651,7,2,4,0,3,28,2,2,19,False
17713196465,17,0,4,0,2,12,46,46,39,False
15797725211,28,9,4,0,1,25,39,39,39,True
17527328008,19,11,4,0,0,27,20,20,9,False
15661502139,4,1,4,0,0,18,5,5,19,False
16726368276,4,0,1,0,2,5,34,34,39,False
17623708813,36,50,4,0,2,36,2,2,1,False
13401917913,42,15,4,0,2,4,10,10,0,False
17713196465,48,27,4,0,1,40,39,39,39,True
18053307086,39,1,4,0,3,9,26,26,9,False
17527328008,29,4,2,0,2,4,29,29,0,False
18802233956,2,9,4,0,2,5,46,46,39,False
18636055184,47,5,1,0,3,32,39,39,39,True
13670356740,31,8,4,0,1,4,14,14,0,False
13130819298,7,4,4,0,0,24,14,14,9,False
15165929133,6,43,4,0,2,33,39,39,24,False
18765816132,19,1,4,0,2,9,17,17,19,False
19831701219,43,0,3,0,3,43,25,25,39,False
13074255915,28,2,4,0,2,13,20,20,39,False
19834840803,18,1,1,0,3,17,39,39,39,True
17807329663,31,0,4,0,1,41,15,15,0,False
15661502139,40,6,4,0,1,23,8,8,9,False
17713196465,28,4,1,0,1,18,2,2,39,False
19881266563,25,8,1,0,0,7,0,0,9,False
18636055184,41,5,4,0,1,12,8,8,9,False
15797725211,29,3,1,0,3,26,10,10,1,False
19881266563,42,7,4,0,1,32,23,23,0,False
13401917913,36,2,1,0,3,14,46,46,39,False
18053307086,43,1,4,0,0,25,24,24,9,False
13513580369,11,3,4,0,1,11,14,14,0,False
16630722126,19,20,4,0,3,31,32,32,39,False
19831701219,44,21,4,0,0,25,18,18,9,False
18758415613,1,1,3,0,2,0,30,30,39,False
17623708813,1,31,4,0,3,9,15,15,0,False
15167050060,35,3,2,0,1,27,33,33,0,False
17807329663,5,5,3,0,2,12,18,18,39,False
13401917913,42,19,4,0,3,38,32,32,24,False
16726368276,47,15,4,0,0,30,27,27,19,False
17731093916,46,5,4,0,0,38,39,39,39,True
17713196465,32,3,1,0,0,25,11,11,9,False
16630722126,3,7,4,0,2,26,40,40,39,False
15167050060,27,1,4,0,2,2,24,24,39,False
16630722126,24,4,1,0,3,40,41,41,39,False
15797725211,32,6,1,0,0,29,7,7,1,False
16726368276,20,11,4,0,3,3,19,19,39,False
17623708813,41,173,4,0,0,17,0,0,0,True
17807329663,36,29,4,0,1,40,47,47,39,False
18991311567,4,11,4,0,2,1,3,3,39,False
16630722126,37,2,4,0,2,19,17,17,9,False
18365196069,26,10,3,0,0,20,19,19,0,False
15167050060,7,3,4,0,2,19,17,17,9,False
18636055184,13,3,1,0,1,34,13,13,0,False
18636055184,20,26,4,0,1,9,1,1,0,False
15167050060,27,4,3,0,2,23,29,29,39,False
15260233525,16,5,4,0,3,29,23,23,39,False
19834840803,1,20,4,0,2,33,39,39,24,False
15167050060,37,5,4,0,3,10,11,11,39,False
15661502139,10,14,4,0,2,31,30,30,9,False
18802233956,49,5,2,0,3,16,9,9,0,False
15735414945,3,24,4,0,0,18,23,23,9,False
13513580369,22,15,3,0,1,11,0,0,9,False
13670356740,5,6,4,0,0,45,29,29,9,False
16630722126,37,22,4,0,3,16,9,9,9,True
18758415613,24,5,4,0,3,3,26,26,39,False
15167050060,46,4,4,0,2,32,46,46,39,False
16630722126,5,6,4,0,0,18,4,4,19,False
19834840803,18,5,4,0,0,30,0,0,1,False
17527328008,44,2,1,0,0,7,1,1,19,False
17623708813,3,6,4,0,1,24,12,12,39,False
15735414945,9,11,4,0,3,17,24,24,39,False
19834840803,43,8,2,0,0,14,0,0,0,True
15165929133,30,2,3,0,0,7,2,2,19,False
19831701219,40,30,4,0,2,18,34,34,39,False
17527328008,46,4,2,0,2,10,47,47,39,False
18991311567,31,12,1,0,1,9,1,1,0,False
13130819298,30,13,4,0,1,18,3,3,39,False
19852999776,31,15,4,0,3,11,26,26,39,False
19970957519,47,1,4,0,3,4,32,32,39,False
18765816132,23,9,4,0,1,29,15,15,1,False
15167050060,40,3,1,0,2,18,20,20,39,False
19881266563,18,11,4,0,0,13,20,20,39,False
18053307086,40,0,3,0,0,7,10,10,19,False
17731093916,47,6,4,0,0,27,20,20,9,False
18365196069,30,3,4,0,3,46,40,40,19,False
18989781863,3,1,4,0,1,26,40,40,39,False
19948700293,36,1,4,0,2,32,47,47,39,False
18365196069,28,3,4,0,3,14,23,23,39,False
17807329663,43,0,2,0,3,8,27,27,9,False
17807329663,28,0,4,0,1,7,32,32,39,False
19881266563,30,9,4,0,0,46,12,12,19,False
15797725211,3,5,4,0,1,18,37,37,39,False
18053307086,13,16,4,0,3,5,6,6,39,False
19834840803,11,0,4,0,2,24,30,30,39,False
13932780308,20,0,1,0,2,20,17,17,0,False
16726368276,15,1,3,0,1,9,45,45,0,False
13513580369,3,3,2,0,0,38,17,17,9,False
17713196465,16,2,4,0,0,34,22,22,0,False
15167050060,44,10,4,0,0,30,3,3,1,False
19881266563,9,11,4,0,3,18,11,11,19,False
17331496902,31,9,1,0,2,41,40,40,0,False
15260233525,18,1,2,0,3,43,42,42,39,False
17731093916,11,19,4,0,3,45,48,48,39,False
15165929133,48,5,3,0,0,18,4,4,19,False
18989781863,27,0,4,0,0,38,41,41,39,False
15797725211,38,3,4,0,0,21,41,41,19,False
18802233956,5,4,4,0,0,15,10,10,19,False
15735414945,46,2,4,0,2,25,39,39,39,True
13630678332,33,12,1,0,0,38,46,46,39,False
15165929133,16,28,1,0,2,11,39,39,39,True
18989781863,15,8,4,0,1,18,8,8,9,False
17527328008,26,23,4,0,0,23,14,14,9,False
17731093916,49,10,4,0,1,41,47,47,0,False
18365196069,34,5,4,0,1,27,40,40,0,False
15735414945,45,6,4,0,1,18,9,9,39,False
19831701219,46,6,3,0,1,36,17,17,9,False
15167050060,42,5,3,0,2,25,40,40,39,False
17807329663,1,8,4,0,2,16,31,31,39,False
18765816132,41,16,4,0,1,15,0,0,0,True
17713196465,21,0,4,0,1,34,15,15,39,False
19831701219,46,9,3,0,0,29,17,17,1,False
13130819298,14,7,4,0,3,22,25,25,39,False
19859608897,35,0,4,0,2,12,21,21,0,False
13074255915,22,14,4,0,1,15,9,9,39,False
13670356740,45,7,4,0,2,28,32,32,39,False
15735414945,43,0,1,0,0,23,7,7,19,False
18802233956,50,19,4,0,0,30,31,31,9,False
15735414945,33,1,1,0,2,15,39,39,39,True
15079495784,21,1,4,0,1,10,0,0,0,True
19550593600,36,10,4,0,2,13,20,20,39,False
17713196465,36,5,1,0,2,7,19,19,19,True
19831701219,30,9,4,0,0,27,12,12,9,False
17623708813,20,7,4,0,1,39,36,36,0,False
13130819298,43,7,4,0,1,38,14,14,9,False
18765816132,37,8,2,0,3,26,19,19,39,False
15797725211,2,7,4,0,2,25,40,40,39,False
18802233956,16,4,4,0,3,18,36,36,39,False
16630722126,13,1,4,0,0,16,8,8,9,False
18802233956,8,5,4,0,2,20,14,14,0,False
18989781863,41,4,4,0,1,16,1,1,1,True
18802233956,43,7,3,0,0,33,14,14,8,False
13074255915,23,2,1,0,0,9,10,10,9,False
13670356740,43,15,4,0,1,19,25,25,39,False
13074255915,9,1,1,0,1,33,20,20,0,False
15165929133,5,0,4,0,1,36,0,0,9,False
17331496902,7,3,4,0,1,33,17,17,0,False
18989781863,45,5,4,0,3,23,40,40,39,False
18664891854,13,35,4,0,0,10,2,2,9,False
15260233525,16,2,4,0,3,14,23,23,39,False
16630722126,29,4,4,0,1,47,41,41,1,False
15167050060,28,4,2,0,2,35,42,42,39,False
19834840803,35,3,1,0,2,4,11,11,24,False
15661502139,42,29,4,0,1,13,41,41,39,False
15797725211,33,4,3,0,2,22,35,35,39,False
19550593600,22,5,4,0,1,5,17,17,9,False
19948700293,19,17,4,0,0,22,15,15,0,False
13670356740,11,2,4,0,0,25,2,2,0,False
19831701219,45,2,4,0,2,22,39,39,39,True
18053307086,13,9,4,0,0,26,13,13,21,False
17713196465,44,14,3,0,3,32,14,14,9,False
17623708813,19,42,4,0,1,24,6,6,39,False
13670356740,16,13,4,0,2,11,18,18,39,False
19852999776,21,5,1,0,1,26,3,3,9,False
15661502139,42,53,4,0,1,17,41,41,39,False
15079495784,29,0,2,0,1,29,36,36,9,False
19550593600,22,7,4,0,1,18,2,2,9,False
13630678332,26,2,3,0,2,30,40,40,19,False
15661502139,24,5,4,0,1,31,15,15,9,False
18053307086,39,35,4,0,2,36,45,45,39,False
13670356740,3,3,3,0,1,34,15,15,21,False
13513580369,43,5,2,0,3,29,39,39,39,True
17713196465,42,1,2,0,0,25,5,5,9,False
15661502139,49,2,4,0,0,18,16,16,39,False
18765816132,3,3,4,0,3,1,8,8,39,False
15167050060,47,14,4,0,1,32,39,39,39,True
18702113651,22,0,1,0,0,25,8,8,1,False
17713196465,20,38,4,0,1,38,8,8,9,False
15079495784,27,0,4,0,2,10,25,25,39,False
18765816132,47,3,2,0,1,34,13,13,0,False
19834840803,22,8,4,0,1,25,23,23,0,False
13130819298,32,14,3,0,2,16,27,27,39,False
19831701219,31,13,4,0,2,11,18,18,39,False
18702113651,43,10,3,0,2,18,17,17,39,False
19970957519,38,5,2,0,3,31,17,17,9,False
13943039298,35,1,4,0,1,26,15,15,9,False
17623708813,36,35,4,0,1,31,2,2,0,False
19859608897,48,0,4,0,0,41,27,27,9,False
18702113651,12,2,1,0,2,14,21,21,39,False
13670356740,25,10,4,0,3,21,36,36,39,False
15661502139,47,9,4,0,3,18,8,8,39,False
13670356740,37,0,1,0,0,46,6,6,13,False
17713196465,41,0,2,0,0,40,5,5,2,False
19831701219,9,2,4,0,1,26,19,19,39,False
16630722126,41,9,4,0,1,12,34,34,39,False
18664891854,18,6,4,0,2,21,39,39,19,False
19852999776,28,2,2,0,0,19,9,9,9,True
17623708813,10,116,4,0,0,23,13,13,19,False
16726368276,28,3,4,0,3,10,12,12,39,False
18636055184,19,0,4,0,0,46,10,10,2,False
18636055184,34,15,4,0,1,31,47,47,39,False
17331496902,25,8,1,0,1,8,1,1,1,True
18636055184,3,11,3,0,3,21,14,14,19,False
17331496902,38,6,2,0,0,30,0,0,0,True
16630722126,29,9,4,0,3,32,40,40,39,False
17713196465,40,6,4,0,3,8,10,10,39,False
19831701219,39,5,4,0,2,25,0,0,8,False
15079495784,24,48,4,0,0,19,5,5,1,False
13130819298,4,14,4,0,3,17,39,39,39,True
15661502139,9,3,4,0,2,19,20,20,9,False
15735414945,19,8,4,0,2,32,16,16,9,False
15735414945,44,22,4,0,2,38,40,40,39,False
17623708813,7,6,4,0,1,26,9,9,0,False
13630678332,33,10,2,0,0,31,24,24,0,False
17731093916,48,11,4,0,3,40,25,25,9,False
19881266563,27,11,4,0,0,29,8,8,1,False
15661502139,33,12,4,0,0,32,9,9,9,True
13943039298,7,0,4,0,2,2,12,12,39,False
19550593600,24,1,4,0,2,32,40,40,39,False
19852999776,1,0,2,0,0,23,0,0,9,False
18664891854,35,6,3,0,3,17,38,38,39,False
19970957519,50,8,4,0,3,39,41,41,39,False
19970957519,42,39,4,0,2,26,24,24,24,True
18802233956,38,7,3,0,0,23,32,32,9,False
19881266563,42,14,4,0,1,38,23,23,0,False
19948700293,37,9,4,0,1,8,0,0,9,False
18053307086,48,8,3,0,2,10,17,17,39,False
15079495784,12,1,4,0,2,14,46,46,39,False
13074255915,27,35,4,0,1,47,40,40,9,False
19948700293,26,0,4,0,0,41,26,26,0,False
18053307086,35,19,4,0,2,11,41,41,39,False
18702113651,1,9,3,0,0,29,22,22,1,False
17731093916,14,6,3,0,0,44,42,42,0,False
18053307086,12,7,4,0,2,40,47,47,39,False
18702113651,11,7,4,0,0,25,3,3,0,False
19881266563,18,1,1,0,1,38,7,7,9,False
13670356740,24,5,3,0,2,16,26,26,39,False
15167050060,50,2,3,0,1,22,14,14,0,False
18765816132,22,0,4,0,2,17,24,24,39,False
15167050060,31,5,2,0,3,40,33,33,39,False
13670356740,25,3,1,0,0,35,9,9,9,True
18802233956,7,2,4,0,1,26,12,12,9,False
18991311567,5,5,3,0,2,23,37,37,39,False
15260233525,21,24,4,0,2,18,25,25,39,False
13513580369,7,3,2,0,0,23,45,45,24,False
17527328008,17,3,2,0,0,18,19,19,39,False
13513580369,17,6,4,0,2,19,33,33,24,False
18365196069,8,2,4,0,0,11,8,8,0,False
17623708813,5,70,4,0,1,19,33,33,0,False
13401917913,15,0,4,0,2,4,9,9,39,False
13932780308,20,22,4,0,2,18,33,33,39,False
17623708813,41,153,4,0,0,16,0,0,9,False
19859608897,46,5,2,0,0,17,19,19,39,False
19852999776,49,0,4,0,3,17,8,8,9,False
18664891854,23,2,4,0,1,19,22,22,0,False
13943039298,49,19,4,0,3,39,5,5,1,False
15079495784,36,4,4,0,3,12,39,39,39,True
17807329663,43,8,4,0,0,31,17,17,9,False
17623708813,10,3,4,0,0,33,26,26,9,False
19831701219,25,5,4,0,3,37,10,10,1,False
18802233956,45,3,1,0,2,3,44,44,39,False
17731093916,31,4,3,0,1,45,17,17,9,False
19970957519,27,3,4,0,1,37,2,2,1,False
18053307086,38,10,1,0,0,14,7,7,0,False
17623708813,1,19,4,0,1,23,31,31,9,False
13670356740,20,26,4,0,0,9,23,23,19,False
15661502139,19,1,4,0,0,45,29,29,13,False
13074255915,26,0,4,0,1,11,14,14,0,False
15735414945,20,10,4,0,1,19,25,25,39,False
15661502139,11,7,4,0,2,16,7,7,9,False
13943039298,47,0,4,0,3,7,28,28,39,False
18989781863,36,1,4,0,2,7,28,28,39,False
15735414945,15,13,4,0,3,31,3,3,9,False
17527328008,39,3,2,0,0,21,1,1,19,False
16630722126,41,0,4,0,1,15,11,11,39,False
17623708813,9,11,4,0,1,11,10,10,9,False
17331496902,5,6,2,0,0,22,15,15,0,False
17713196465,43,5,4,0,1,31,21,21,0,False
18053307086,20,3,4,0,1,27,5,5,9,False
19852999776,35,5,4,0,1,26,10,10,1,False
18365196069,33,8,1,0,0,30,8,8,9,False
15661502139,2,9,4,0,0,32,11,11,19,False
17623708813,42,7,4,0,2,16,9,9,9,True
17731093916,20,2,2,0,1,32,40,40,39,False
17527328008,15,4,3,0,2,10,45,45,39,False
19881266563,4,18,4,0,1,19,33,33,9,False
18365196069,6,12,4,0,3,17,19,19,39,False
19852999776,18,27,4,0,2,16,1,1,8,False
15797725211,26,38,4,0,3,3,13,13,39,False
13074255915,45,3,3,0,1,4,21,21,0,False
15079495784,22,23,1,0,3,25,39,39,39,True
18664891854,14,4,4,0,1,12,11,11,9,False
19948700293,47,7,4,0,1,17,9,9,0,False
15661502139,44,2,4,0,3,22,41,41,39,False
17623708813,21,15,4,0,1,15,14,14,0,False
17731093916,40,4,2,0,1,27,26,26,9,False
19834840803,36,15,4,0,1,22,8,8,0,False
15167050060,15,1,1,0,2,15,36,36,39,False
13130819298,36,6,2,0,1,19,47,47,9,False
18365196069,50,11,4,0,3,16,8,8,8,True
13074255915,8,3,4,0,2,24,15,15,39,False
15079495784,29,11,4,0,2,31,15,15,9,False
18802233956,10,20,4,0,3,36,39,39,39,True
18664891854,36,2,2,0,2,19,34,34,9,False
15735414945,11,15,4,0,0,25,9,9,9,True
19834840803,15,9,2,0,3,22,28,28,39,False
15079495784,26,4,2,0,2,22,36,36,39,False
16630722126,46,5,4,0,1,18,8,8,9,False
16630722126,12,3,2,0,3,40,32,32,9,False
13670356740,14,21,4,0,1,12,11,11,0,False
13401917913,8,8,4,0,0,34,18,18,0,False
17807329663,31,9,4,0,1,25,15,15,0,False
19831701219,21,23,4,0,0,26,2,2,1,False
15165929133,4,3,2,0,2,3,32,32,39,False
15735414945,14,12,3,0,0,19,2,2,9,False
13074255915,29,6,3,0,0,41,33,33,0,False
17331496902,33,12,4,0,0,32,27,27,9,False
13932780308,47,1,4,0,1,19,32,32,9,False
13130819298,44,61,4,0,0,30,17,17,9,False
18053307086,26,0,4,0,2,5,19,19,39,False
19831701219,24,14,4,0,0,19,13,13,9,False
19881266563,19,23,4,0,3,36,29,29,9,False
15797725211,9,7,1,0,1,38,29,29,0,False
18053307086,32,9,4,0,1,31,9,9,9,True
13401917913,7,12,4,0,1,40,47,47,39,False
17527328008,4,5,1,0,1,13,34,34,39,False
16630722126,19,16,4,0,2,17,30,30,39,False
19831701219,21,18,4,0,3,10,18,18,39,False
18765816132,7,7,4,0,2,9,38,38,24,False
15661502139,37,19,4,0,1,1,7,7,0,False
19852999776,15,9,4,0,1,9,0,0,0,True
19852999776,13,9,4,0,0,26,7,7,8,False
17807329663,13,7,1,0,0,19,17,17,0,False
13943039298,22,2,4,0,3,29,31,31,1,False
15165929133,38,44,4,0,0,16,2,2,0,False
18989781863,10,25,4,0,0,23,2,2,9,False
13932780308,18,6,3,0,3,25,40,40,39,False
16630722126,2,5,4,0,3,9,22,22,9,False
13513580369,49,0,2,0,0,46,25,25,19,False
15797725211,11,4,4,0,1,32,30,30,0,False
15260233525,10,3,4,0,2,37,30,30,0,False
13074255915,27,19,4,0,1,33,40,40,21,False
17713196465,44,7,2,0,3,3,5,5,39,False
18765816132,18,5,4,0,1,16,0,0,9,False
15167050060,32,3,4,0,2,41,48,48,0,False
15797725211,15,14,4,0,2,29,36,36,0,False
15661502139,49,46,4,0,0,18,14,14,39,False
13670356740,33,9,4,0,2,19,26,26,39,False
16726368276,26,0,4,0,2,14,36,36,39,False
13670356740,18,4,4,0,1,40,43,43,9,False
18802233956,42,5,4,0,2,9,16,16,39,False
17527328008,49,65,4,0,2,21,1,1,19,False
15167050060,13,6,3,0,2,34,40,40,39,False
18758415613,37,2,1,0,2,25,41,41,39,False
18053307086,22,20,4,0,1,9,1,1,0,False
17713196465,19,5,1,0,3,28,29,29,39,False
17731093916,3,3,4,0,3,17,12,12,19,False
13670356740,3,11,3,0,1,38,15,15,0,False
15661502139,28,0,4,0,1,18,14,14,39,False
18765816132,42,2,1,0,2,18,47,47,39,False
17713196465,19,16,4,0,0,15,39,39,39,True
16630722126,24,4,3,0,3,39,31,31,0,False
15735414945,19,9,4,0,0,35,21,21,9,False
19970957519,27,20,3,0,0,25,16,16,9,False
18758415613,5,0,4,0,2,1,22,22,39,False
15079495784,17,14,4,0,3,4,12,12,39,False
19831701219,5,1,4,0,2,11,15,15,0,False
19834840803,28,5,4,0,0,11,9,9,9,True
13943039298,1,10,2,0,0,29,14,14,1,False
18758415613,32,7,4,0,3,40,20,20,39,False
13670356740,2,6,2,0,1,12,3,3,9,False
17527328008,38,2,4,0,0,23,9,9,19,False
18989781863,46,8,4,0,2,7,15,15,39,False
13943039298,45,20,4,0,2,24,39,39,39,True
13513580369,33,5,2,0,0,30,24,24,0,False
17623708813,8,4,4,0,1,16,8,8,0,False
18365196069,48,5,4,0,3,38,45,45,39,False
18636055184,22,2,3,0,3,39,32,32,9,False
13670356740,28,1,4,0,1,9,16,16,39,False
13943039298,5,8,4,0,2,32,41,41,39,False
15661502139,32,1,4,0,1,11,8,8,9,False
17713196465,10,22,4,0,0,20,23,23,0,False
19550593600,37,18,4,0,3,31,46,46,39,False
18053307086,19,3,4,0,0,18,14,14,39,False
15735414945,24,8,4,0,1,33,36,36,0,False
15167050060,23,5,1,0,3,17,5,5,19,False
19948700293,28,1,4,0,0,24,17,17,9,False
19881266563,37,0,2,0,2,24,11,11,39,False
13513580369,20,4,4,0,0,26,5,5,9,False
18636055184,12,18,4,0,1,26,41,41,39,False
15735414945,42,5,4,0,2,15,19,19,39,False
17623708813,15,8,4,0,0,13,10,10,0,False
19831701219,19,15,4,0,0,18,6,6,19,False
19970957519,22,11,4,0,3,23,24,24,39,False
15079495784,10,19,4,0,1,3,0,0,0,True
13130819298,7,66,4,0,0,31,24,24,9,False
13130819298,4,0,3,0,3,14,11,11,39,False
18664891854,4,12,4,0,2,10,9,9,0,False
19550593600,14,5,2,0,2,5,12,12,39,False
17731093916,14,1,4,0,2,11,19,19,39,False
17807329663,15,9,4,0,0,35,1,1,9,False
17623708813,14,8,1,0,2,22,32,32,39,False
16630722126,8,3,3,0,1,33,25,25,0,False
19859608897,31,3,2,0,3,45,38,38,9,False
17807329663,5,6,2,0,1,11,9,9,0,False
15079495784,49,33,4,0,3,12,17,17,9,False
18991311567,41,10,2,0,0,10,15,15,0,False
13943039298,31,16,2,0,0,22,8,8,0,False
15167050060,30,8,4,0,1,25,24,24,9,False
13074255915,34,7,1,0,0,18,12,12,19,False
19834840803,3,11,4,0,2,3,16,16,24,False
18989781863,33,9,4,0,3,39,27,27,1,False
17331496902,13,5,4,0,1,18,8,8,9,False
15735414945,26,3,4,0,3,10,12,12,39,False
19970957519,47,7,3,0,3,36,38,38,39,False
15735414945,19,36,4,0,0,36,16,16,9,False
13670356740,10,18,4,0,2,23,25,25,39,False
16630722126,40,4,1,0,1,26,33,33,39,False
19948700293,10,10,4,0,3,37,38,38,39,False
19852999776,39,4,4,0,2,22,31,31,39,False
18053307086,2,11,4,0,1,26,6,6,9,False
13130819298,44,0,3,0,2,15,43,43,39,False
19948700293,29,2,4,0,0,17,1,1,9,False
13513580369,19,21,4,0,1,31,17,17,9,False
17623708813,22,14,4,0,1,33,24,24,9,False
17807329663,20,1,1,0,2,15,31,31,39,False
18053307086,17,1,4,0,1,32,21,21,9,False
15079495784,49,48,4,0,0,44,29,29,9,False
13130819298,18,24,4,0,1,36,8,8,1,False
17623708813,10,2,3,0,0,46,39,39,19,False
15079495784,33,9,4,0,3,31,9,9,9,True
19970957519,50,9,4,0,0,31,23,23,0,False
13943039298,50,15,2,0,3,32,47,47,39,False
13130819298,13,17,4,0,1,26,2,2,1,False
15165929133,15,16,4,0,2,39,46,46,24,False
15797725211,43,5,4,0,3,16,46,46,39,False
17623708813,2,0,4,0,0,37,2,2,9,False
18765816132,45,1,3,0,1,34,26,26,0,False
19834840803,20,2,4,0,1,17,7,7,9,False
19948700293,4,8,4,0,3,44,46,46,39,False
19948700293,26,20,4,0,3,16,9,9,9,True
13670356740,12,4,4,0,3,3,41,41,39,False
16630722126,22,1,2,0,0,44,42,42,9,False
15260233525,36,20,3,0,0,30,20,20,39,False
16630722126,2,12,4,0,3,30,46,46,39,False
19550593600,1,32,4,0,0,22,14,14,0,False
18365196069,3,9,4,0,3,11,13,13,19,False
19834840803,47,1,2,0,0,46,3,3,0,False
13401917913,23,50,4,0,0,11,13,13,19,False
13630678332,38,2,3,0,3,12,26,26,9,False
15797725211,44,89,4,0,2,22,41,41,39,False
17623708813,41,74,4,0,3,15,0,0,0,True
18702113651,30,43,4,0,2,8,24,24,39,False
17527328008,45,0,4,0,3,30,33,33,9,False
13130819298,47,13,4,0,1,30,31,31,39,False
18702113651,36,3,4,0,3,8,16,16,39,False
15735414945,41,17,4,0,1,24,8,8,9,False
18765816132,39,12,4,0,0,11,5,5,19,False
17527328008,29,3,3,0,3,40,33,33,9,False
15735414945,12,27,4,0,1,15,7,7,0,False
15661502139,35,7,2,0,3,23,20,20,9,False
17807329663,47,42,4,0,3,35,24,24,10,False
17713196465,27,2,4,0,1,45,44,44,2,False
17713196465,16,8,4,0,0,18,22,22,39,False
13401917913,38,16,4,0,3,45,40,40,19,False
17623708813,3,13,4,0,0,37,12,12,19,False
13513580369,25,10,1,0,1,38,23,23,0,False
16630722126,28,8,1,0,2,5,20,20,39,False
16630722126,35,8,4,0,0,40,8,8,8,True
19948700293,37,0,3,0,1,6,10,10,0,False
15079495784,36,31,4,0,3,8,2,2,39,False
15260233525,37,0,4,0,2,39,29,29,0,False
19852999776,40,5,4,0,0,31,11,11,9,False
13130819298,4,16,4,0,0,10,39,39,39,True
18802233956,42,9,4,0,0,17,41,41,39,False
17527328008,29,16,4,0,2,28,45,45,39,False
13130819298,23,0,1,0,1,36,15,15,9,False
17807329663,8,8,4,0,1,23,8,8,9,False
17713196465,39,0,4,0,3,24,10,10,39,False
16630722126,14,31,4,0,0,0,1,1,39,False
19834840803,41,18,4,0,2,32,48,48,39,False
13130819298,6,13,4,0,0,45,36,36,9,False
19948700293,19,13,4,0,0,26,19,19,39,False
18636055184,22,3,1,0,3,37,40,40,39,False
18802233956,25,9,4,0,1,15,0,0,0,True
13130819298,3,14,4,0,3,12,13,13,39,False
19852999776,7,28,4,0,0,18,12,12,19,False
13943039298,35,13,4,0,0,22,15,15,0,False
16630722126,50,2,4,0,0,39,32,32,9,False
15735414945,50,13,4,0,3,30,39,39,39,True
15165929133,20,1,2,0,1,26,34,34,39,False
15735414945,33,31,4,0,1,11,9,9,9,True
13130819298,2,54,4,0,3,21,24,24,19,False
18636055184,48,0,4,0,2,26,40,40,39,False
19852999776,46,6,4,0,2,29,43,43,0,False
19948700293,7,3,4,0,3,39,32,32,9,False
18758415613,15,24,4,0,1,9,15,15,39,False
13932780308,25,5,4,0,0,32,18,18,19,False
13513580369,49,2,4,0,0,25,23,23,9,False
15167050060,32,3,4,0,0,23,17,17,19,False
18765816132,42,1,2,0,1,38,29,29,0,False
13630678332,14,1,2,0,3,31,40,40,39,False
17713196465,17,0,4,0,0,47,10,10,9,False
18765816132,50,4,4,0,2,24,9,9,39,False
17527328008,4,26,1,0,1,13,34,34,39,False
19970957519,37,7,1,0,1,36,9,9,9,True
15797725211,35,12,4,0,0,24,14,14,9,False
19550593600,42,8,4,0,1,40,47,47,9,False
18053307086,26,7,1,0,0,13,5,5,19,False
13513580369,23,3,1,0,0,15,12,12,19,False
15167050060,26,0,4,0,0,33,9,9,9,True
17713196465,2,8,3,0,1,19,20,20,9,False
17713196465,49,22,4,0,1,46,45,45,9,False
15661502139,7,3,4,0,2,32,38,38,0,False
13630678332,5,7,3,0,3,36,1,1,1,True
15661502139,27,14,4,0,3,32,18,18,39,False
19834840803,40,4,3,0,1,5,15,15,9,False
15079495784,21,18,4,0,2,26,31,31,24,False
18636055184,12,22,4,0,2,33,41,41,39,False
15260233525,12,7,1,0,1,40,39,39,39,True
13943039298,17,5,4,0,3,26,27,27,39,False
19881266563,15,5,4,0,1,40,44,44,39,False
13670356740,27,2,4,0,0,17,46,46,39,False
18989781863,42,13,4,0,1,17,23,23,0,False
13074255915,27,33,4,0,0,48,40,40,9,False
15079495784,26,0,4,0,2,23,46,46,24,False
15797725211,40,16,4,0,0,19,17,17,9,False
17623708813,26,0,2,0,2,7,19,19,39,False
15735414945,7,13,4,0,3,28,14,14,19,False
13130819298,5,13,2,0,1,30,46,46,39,False
13670356740,31,6,1,0,3,2,17,17,39,False
13401917913,7,4,4,0,3,47,32,32,1,False
13401917913,34,3,1,0,2,3,46,46,39,False
15167050060,1,13,4,0,3,32,40,40,39,False
13513580369,12,8,2,0,3,28,1,1,19,False
19970957519,17,2,4,0,0,9,19,19,19,True
19970957519,23,7,2,0,1,26,0,0,9,False
18636055184,11,20,4,0,0,24,3,3,24,False
15661502139,12,8,2,0,0,10,8,8,0,False
18053307086,34,2,4,0,3,22,23,23,39,False
17713196465,32,2,4,0,2,25,28,28,0,False
13130819298,42,30,4,0,0,19,11,11,9,False
19852999776,24,1,4,0,1,17,36,36,39,False
18758415613,2,4,4,0,2,19,9,9,0,False
13932780308,29,7,4,0,1,29,47,47,9,False
18636055184,16,2,3,0,2,3,19,19,39,False
18989781863,22,7,4,0,3,15,45,45,39,False
19550593600,8,15,4,0,1,17,15,15,0,False
13074255915,23,5,3,0,2,13,41,41,39,False
18765816132,26,0,4,0,1,34,26,26,39,False
18365196069,41,5,4,0,0,18,6,6,19,False
13513580369,40,4,3,0,3,31,6,6,10,False
15797725211,8,24,4,0,0,9,16,16,19,False
19550593600,32,1,4,0,1,46,3,3,9,False
19970957519,1,5,3,0,3,29,31,31,39,False
19852999776,20,1,1,0,0,40,3,3,9,False
13130819298,42,23,4,0,3,31,11,11,9,False
15167050060,24,1,2,0,1,17,9,9,9,True
15661502139,46,11,3,0,0,14,0,0,0,True
13074255915,44,4,4,0,3,18,6,6,19,False
17623708813,41,53,4,0,2,23,0,0,0,True
18053307086,14,11,4,0,2,25,17,17,9,False
13401917913,18,0,1,0,2,2,0,0,8,False
19970957519,16,7,4,0,2,26,32,32,39,False
17527328008,11,13,2,0,1,47,33,33,9,False
15165929133,11,7,4,0,2,4,16,16,0,False
19859608897,43,0,4,0,2,13,40,40,39,False
15735414945,43,13,4,0,2,11,39,39,39,True
19834840803,40,3,1,0,3,25,26,26,19,False
15165929133,4,9,4,0,3,32,40,40,39,False
16630722126,37,4,4,0,2,26,34,34,39,False
15797725211,41,5,4,0,1,19,26,26,9,False
13401917913,18,3,3,0,1,47,33,33,9,False
17623708813,46,11,4,0,3,28,7,7,19,False
13401917913,41,8,4,0,2,1,11,11,39,False
17331496902,29,0,1,0,0,31,10,10,9,False
17731093916,50,2,4,0,2,4,8,8,0,False
15735414945,6,22,4,0,2,19,24,24,39,False
18765816132,30,3,4,0,3,22,31,31,39,False
17713196465,18,27,4,0,2,26,41,41,39,False
19834840803,14,1,2,0,1,9,28,28,0,False
15797725211,23,0,4,0,0,25,46,46,39,False
19852999776,24,18,4,0,0,15,23,23,39,False
19970957519,34,13,4,0,1,15,14,14,0,False
19852999776,26,1,3,0,1,38,44,44,0,False
15260233525,35,10,3,0,0,8,0,0,9,False
17527328008,47,2,4,0,2,36,43,43,39,False
19831701219,50,12,4,0,2,17,41,41,39,False
19550593600,37,25,4,0,1,40,46,46,21,False
17623708813,24,0,2,0,1,11,8,8,0,False
19550593600,21,0,3,0,3,33,13,13,9,False
15165929133,43,25,4,0,1,10,9,9,9,True
18989781863,6,3,3,0,1,40,47,47,39,False
13130819298,15,18,2,0,0,29,8,8,1,False
17331496902,1,1,2,0,1,9,15,15,39,False
15797725211,30,1,4,0,0,9,18,18,39,False
19970957519,32,35,4,0,3,15,16,16,39,False
18053307086,49,2,4,0,3,15,17,17,39,False
18053307086,21,6,3,0,2,40,41,41,39,False
18053307086,21,21,4,0,0,7,0,0,9,False
13130819298,32,10,4,0,2,16,46,46,39,False
17731093916,45,7,1,0,3,4,19,19,39,False
17623708813,39,1,4,0,0,11,0,0,0,True
18702113651,47,15,3,0,2,25,38,38,24,False
17713196465,24,18,4,0,1,32,25,25,1,False
13630678332,3,2,3,0,1,26,33,33,39,False
13513580369,49,1,3,0,0,31,7,7,0,False
18702113651,21,47,4,0,0,17,34,34,39,False
18758415613,34,2,1,0,3,2,12,12,39,False
18991311567,6,3,2,0,0,15,10,10,19,False
19881266563,50,44,4,0,2,1,0,0,39,False
18989781863,43,2,4,0,0,45,17,17,9,False
17807329663,11,15,3,0,2,13,27,27,39,False
17331496902,30,1,4,0,2,31,29,29,0,False
13130819298,43,20,4,0,2,11,25,25,39,False
18991311567,12,8,4,0,2,6,11,11,24,False
15079495784,29,0,3,0,2,20,5,5,0,False
18636055184,50,6,4,0,1,32,39,39,39,True
18053307086,37,11,4,0,3,25,20,20,39,False
18636055184,48,6,4,0,0,39,41,41,39,False
19948700293,37,11,2,0,2,10,11,11,39,False
17331496902,3,7,3,0,2,18,26,26,39,False
18636055184,46,8,4,0,2,34,47,47,39,False
13401917913,14,5,1,0,0,18,20,20,39,False
19852999776,42,20,4,0,1,18,10,10,39,False
18991311567,8,13,2,0,0,18,10,10,39,False
13074255915,10,16,3,0,3,4,5,5,39,False
19831701219,22,1,4,0,3,13,5,5,19,False
18636055184,42,7,4,0,3,31,47,47,39,False
18636055184,11,20,4,0,1,16,0,0,9,False
15797725211,24,18,3,0,2,3,24,24,39,False
18365196069,31,4,2,0,0,32,0,0,8,False
17731093916,19,4,4,0,2,25,34,34,39,False
18802233956,16,2,4,0,1,46,38,38,9,False
17713196465,43,1,4,0,0,41,21,21,0,False
19948700293,7,5,2,0,0,32,27,27,19,False
19881266563,24,9,4,0,0,16,15,15,9,False
19970957519,6,7,4,0,1,32,9,9,9,True
16726368276,2,3,4,0,3,37,31,31,2,False
17623708813,1,1,4,0,0,25,31,31,9,False
17807329663,6,23,4,0,3,28,29,29,39,False
15079495784,18,11,4,0,3,9,16,16,39,False
17713196465,22,0,4,0,3,29,18,18,9,False
16726368276,48,11,4,0,3,25,4,4,1,False
13670356740,26,16,4,0,2,36,32,32,39,False
13670356740,37,10,2,0,2,20,13,13,0,False
19831701219,23,2,3,0,2,16,36,36,0,False
17713196465,12,16,4,0,0,19,13,13,9,False
17623708813,13,15,4,0,2,30,25,25,9,False
17623708813,49,0,4,0,2,33,19,19,9,False
15661502139,32,19,2,0,3,33,20,20,1,False
18991311567,22,10,4,0,1,2,7,7,0,False
15165929133,20,19,4,0,1,23,0,0,9,False
19859608897,27,3,3,0,3,5,20,20,39,False
19881266563,40,1,4,0,3,36,39,39,39,True
18991311567,10,7,4,0,0,10,2,2,0,False
18664891854,43,3,3,0,1,5,17,17,9,False
16630722126,23,3,4,0,3,10,12,12,39,False
13074255915,31,4,4,0,3,14,21,21,39,False
18991311567,40,3,1,0,0,31,19,19,9,False
13932780308,25,15,2,0,0,22,0,0,9,False
18053307086,31,10,4,0,0,16,39,39,39,True
15079495784,22,4,1,0,2,23,39,39,39,True
16630722126,25,7,4,0,1,16,2,2,1,False
16630722126,1,1,4,0,1,12,8,8,9,False
17713196465,15,7,2,0,2,28,36,36,39,False
17331496902,18,9,2,0,1,33,24,24,0,False
13670356740,25,25,4,0,3,30,36,36,9,False
17331496902,24,6,4,0,0,17,8,8,0,False
19970957519,23,13,4,0,1,8,7,7,9,False
18365196069,34,2,4,0,3,40,20,20,1,False
16630722126,21,1,3,0,3,40,32,32,9,False
17527328008,39,7,4,0,3,26,5,5,9,False
18758415613,23,10,4,0,1,32,31,31,9,False
18365196069,27,12,4,0,0,9,5,5,19,False
18636055184,33,6,3,0,1,33,2,2,0,False
19852999776,45,26,4,0,2,30,24,24,39,False
18702113651,6,110,4,0,2,15,3,3,39,False
19831701219,4,3,4,0,2,21,39,39,39,True
19834840803,46,1,1,0,3,31,25,25,24,False
18802233956,26,15,4,0,2,11,37,37,9,False
15165929133,13,11,4,0,2,18,41,41,39,False
16726368276,42,3,4,0,1,47,10,10,1,False
18758415613,33,14,4,0,2,17,39,39,39,True
16726368276,42,21,4,0,0,12,10,10,0,False
15735414945,2,16,4,0,3,38,2,2,9,False
15797725211,29,7,2,0,1,30,44,44,39,False
19948700293,16,7,1,0,3,37,38,38,39,False
13401917913,1,2,4,0,0,9,20,20,39,False
15661502139,29,9,4,0,3,10,18,18,39,False
17623708813,5,17,4,0,3,37,17,17,19,False
15735414945,41,3,4,0,3,11,18,18,39,False
19550593600,27,2,4,0,0,24,8,8,9,False
15079495784,48,59,4,0,2,16,24,24,39,False
19852999776,15,18,4,0,2,12,27,27,39,False
13401917913,6,7,4,0,0,27,19,19,0,False
13630678332,17,3,2,0,0,38,39,39,19,False
19970957519,49,18,4,0,2,12,25,25,39,False
18765816132,37,32,4,0,2,34,39,39,39,True
17623708813,38,15,2,0,0,46,39,39,19,False
18365196069,27,8,4,0,2,38,45,45,39,False
13670356740,35,10,4,0,3,8,9,9,39,False
18365196069,22,20,4,0,3,4,5,5,39,False
15735414945,19,4,4,0,3,31,18,18,9,False
19834840803,33,6,4,0,0,34,27,27,9,False
19852999776,15,16,4,0,0,14,0,0,0,True
15079495784,16,8,4,0,3,11,39,39,39,True
15079495784,22,5,1,0,2,30,39,39,39,True
17623708813,35,1,4,0,2,39,47,47,39,False
19831701219,48,2,4,0,3,7,6,6,39,False
17713196465,10,41,4,0,3,28,23,23,19,False
13943039298,10,0,3,0,1,45,8,8,2,False
18053307086,2,8,4,0,2,20,6,6,0,False
17713196465,22,18,4,0,2,28,19,19,19,True
15661502139,9,8,4,0,1,39,36,36,0,False
19881266563,42,1,4,0,2,18,23,23,39,False
13630678332,13,16,4,0,3,38,39,39,39,True
18636055184,48,5,4,0,2,32,48,48,39,False
17713196465,30,24,4,0,2,25,24,24,9,False
16630722126,1,7,3,0,1,5,9,9,9,True
18365196069,3,3,2,0,2,25,41,41,39,False
15797725211,9,24,4,0,3,11,25,25,39,False
13670356740,31,22,4,0,3,28,16,16,19,False
19970957519,3,21,4,0,2,27,34,34,0,False
19550593600,24,3,4,0,3,3,12,12,39,False
13513580369,47,0,4,0,2,23,15,15,39,False
17731093916,42,4,4,0,1,8,21,21,39,False
19859608897,11,4,4,0,0,30,22,22,0,False
17623708813,49,6,4,0,1,20,19,19,0,False
18053307086,14,1,2,0,2,23,15,15,9,False
15167050060,44,4,4,0,0,40,25,25,9,False
17713196465,50,7,4,0,3,30,17,17,9,False
18702113651,27,12,4,0,3,10,12,12,39,False
17807329663,29,24,4,0,0,10,2,2,0,False
13943039298,42,6,4,0,2,40,2,2,1,False
18991311567,41,20,3,0,0,48,41,41,0,False
13943039298,28,2,3,0,2,39,38,38,8,False
19948700293,19,11,4,0,1,25,24,24,9,False
17331496902,27,6,4,0,3,40,41,41,39,False
17623708813,7,11,4,0,0,18,9,9,39,False
18053307086,9,5,4,0,0,45,0,0,9,False
18664891854,11,4,4,0,0,37,30,30,0,False
18636055184,45,9,4,0,0,25,11,11,9,False
17331496902,10,7,4,0,1,40,47,47,39,False
18702113651,21,12,4,0,1,15,0,0,0,True
19859608897,41,8,4,0,3,16,24,24,39,False
15165929133,44,0,4,0,3,8,12,12,9,False
16630722126,35,25,4,0,1,18,8,8,9,False
18802233956,10,6,4,0,2,26,21,21,0,False
17623708813,41,0,3,0,3,8,46,46,24,False
18636055184,17,2,4,0,2,5,33,33,39,False
17331496902,13,5,4,0,1,44,42,42,0,False
13401917913,29,0,4,0,1,46,17,17,2,False
15797725211,24,10,3,0,2,23,24,24,39,False
18702113651,17,5,4,0,3,4,19,19,39,False
15260233525,17,15,4,0,1,19,27,27,9,False
19948700293,11,7,4,0,2,32,41,41,39,False
17623708813,41,21,4,0,3,9,0,0,0,True
19550593600,36,0,1,0,1,40,11,11,39,False
13130819298,49,2,4,0,2,20,10,10,0,False
13943039298,51,6,1,0,2,34,41,41,39,False
18989781863,6,2,1,0,3,39,34,34,9,False
17623708813,3,0,2,0,1,38,22,22,0,False
15079495784,44,9,2,0,3,28,30,30,39,False
17713196465,44,4,1,0,0,30,20,20,19,False
19550593600,29,0,3,0,2,24,13,13,39,False
18765816132,7,0,3,0,2,13,33,33,39,False
19852999776,30,8,4,0,2,9,16,16,19,False
17331496902,27,1,4,0,1,13,2,2,21,False
17623708813,10,104,4,0,0,45,13,13,19,False
18802233956,5,1,2,0,3,8,34,34,9,False
15735414945,47,8,4,0,1,24,16,16,0,False
18702113651,25,2,4,0,3,35,46,46,39,False
13130819298,26,11,4,0,1,12,11,11,9,False
15661502139,50,1,3,0,3,28,14,14,19,False
13130819298,3,19,2,0,3,45,46,46,39,False
19834840803,17,8,2,0,3,28,21,21,39,False
18664891854,35,25,4,0,0,25,19,19,19,True
18991311567,19,9,4,0,0,46,47,47,19,False
15661502139,39,2,1,0,0,19,7,7,9,False
15260233525,4,0,4,0,3,15,33,33,39,False
19834840803,2,8,4,0,1,8,46,46,39,False
15167050060,49,2,2,0,3,36,45,45,39,False
13932780308,16,4,4,0,1,38,37,37,9,False
18989781863,49,14,3,0,2,34,40,40,39,False
13513580369,2,7,4,0,0,45,30,30,9,False
15079495784,24,14,3,0,2,25,46,46,39,False
16630722126,36,13,4,0,2,11,24,24,24,True
15167050060,15,3,4,0,3,18,19,19,39,False
17623708813,27,25,4,0,2,10,18,18,39,False
19834840803,12,3,4,0,1,15,9,9,39,False
18765816132,17,28,4,0,1,31,29,29,9,False
16726368276,21,8,4,0,0,9,2,2,19,False
18053307086,30,1,4,0,1,19,28,28,9,False
17807329663,19,58,4,0,0,44,2,2,9,False
18758415613,50,1,4,0,1,27,18,18,9,False
15735414945,9,19,4,0,2,27,41,41,0,False
18053307086,49,3,4,0,2,12,38,38,0,False
15661502139,8,11,4,0,1,12,11,11,9,False
15165929133,35,4,3,0,0,18,19,19,39,False
15797725211,20,3,4,0,1,33,22,22,0,False
18702113651,6,96,4,0,2,8,3,3,39,False
19831701219,49,24,4,0,2,18,25,25,39,False
17331496902,7,1,4,0,0,46,40,40,9,False
19834840803,48,4,2,0,0,32,3,3,19,False
19970957519,22,3,1,0,1,16,1,1,0,False
18365196069,20,6,1,0,1,30,29,29,0,False
18802233956,47,27,4,0,0,25,3,3,9,False
15735414945,16,6,4,0,3,11,12,12,39,False
18991311567,5,10,3,0,3,35,37,37,39,False
18702113651,6,108,4,0,2,1,3,3,39,False
18702113651,29,6,2,0,3,35,43,43,39,False
13513580369,31,9,2,0,1,30,24,24,0,False
16726368276,34,13,4,0,0,32,13,13,19,False
18991311567,49,1,2,0,1,12,7,7,9,False
19881266563,8,6,4,0,3,23,39,39,39,True
18989781863,13,5,4,0,3,8,3,3,39,False
13630678332,41,10,4,0,0,17,1,1,8,False
15797725211,27,2,4,0,1,17,36,36,39,False
19852999776,46,10,2,0,1,11,10,10,0,False
15167050060,1,2,3,0,0,16,9,9,0,False
18802233956,40,26,4,0,0,22,21,21,0,False
15079495784,43,26,4,0,3,36,43,43,39,False
15167050060,5,3,4,0,0,28,0,0,19,False
15165929133,46,5,4,0,2,33,47,47,39,False
13513580369,33,0,4,0,3,18,15,15,39,False
19550593600,12,5,4,0,1,30,8,8,1,False
16726368276,7,3,4,0,1,34,16,16,0,False
18758415613,29,7,4,0,1,20,19,19,0,False
17623708813,8,37,4,0,2,16,47,47,39,False
18702113651,29,15,4,0,1,24,17,17,9,False
19834840803,45,9,4,0,0,32,13,13,9,False
18765816132,41,3,3,0,3,32,40,40,39,False
17331496902,47,5,2,0,2,22,28,28,19,False
16630722126,31,7,4,0,2,25,39,39,39,True
19852999776,33,11,4,0,0,9,2,2,19,False
18765816132,21,7,4,0,3,32,47,47,39,False
19831701219,1,5,1,0,1,29,36,36,0,False
15797725211,27,7,4,0,3,32,18,18,2,False
13630678332,14,14,4,0,3,33,40,40,39,False
18989781863,10,12,3,0,2,11,3,3,9,False
13630678332,31,16,4,0,2,25,24,24,9,False
16726368276,4,11,4,0,1,38,45,45,39,False
13130819298,2,4,4,0,2,20,24,24,0,False
15165929133,35,14,4,0,3,26,19,19,39,False
18758415613,33,13,4,0,2,10,39,39,39,True
13130819298,36,34,4,0,2,8,16,16,9,False
16630722126,28,4,1,0,0,25,20,20,1,False
18802233956,36,28,4,0,0,25,32,32,24,False
17731093916,4,11,4,0,1,40,39,39,21,False
18802233956,20,19,4,0,0,30,16,16,9,False
13130819298,39,3,2,0,2,12,47,47,39,False
17807329663,30,4,1,0,0,19,11,11,9,False
19970957519,22,7,4,0,2,39,36,36,0,False
15735414945,46,24,4,0,3,29,14,14,1,False
19948700293,47,7,2,0,3,46,47,47,19,False
19550593600,49,10,1,0,2,31,47,47,39,False
18053307086,41,14,4,0,1,9,0,0,0,True
18991311567,16,15,4,0,3,17,32,32,39,False
13074255915,24,0,4,0,2,46,38,38,39,False
18636055184,41,15,2,0,3,25,27,27,39,False
19881266563,5,26,4,0,1,25,43,43,9,False
19859608897,31,1,2,0,1,47,38,38,9,False
18989781863,29,2,2,0,0,32,3,3,9,False
18989781863,10,10,4,0,0,18,13,13,19,False
17731093916,18,1,1,0,3,31,5,5,10,False
13932780308,14,3,2,0,1,36,35,35,0,False
19881266563,12,14,4,0,1,46,36,36,9,False
19948700293,22,5,4,0,0,25,17,17,0,False
18664891854,5,8,1,0,3,31,26,26,39,False
15797725211,37,8,4,0,2,28,36,36,39,False
19852999776,31,6,1,0,0,10,9,9,0,False
17623708813,20,31,4,0,1,37,16,16,9,False
17807329663,27,0,4,0,0,43,2,2,19,False
17527328008,25,32,1,0,3,0,9,9,39,False
18802233956,30,28,4,0,2,18,33,33,39,False
19948700293,19,10,4,0,3,18,20,20,39,False
13670356740,40,1,4,0,0,15,12,12,19,False
17623708813,44,1,2,0,1,18,31,31,39,False
13670356740,22,2,1,0,2,8,23,23,0,False
17527328008,50,1,1,0,1,23,14,14,0,False
17527328008,8,1,4,0,1,2,1,1,1,True
17713196465,50,16,4,0,3,28,15,15,19,False
15260233525,16,11,4,0,0,23,7,7,9,False
18702113651,1,5,1,0,3,14,28,28,39,False
19970957519,6,0,4,0,1,24,9,9,39,False
18991311567,33,10,4,0,0,31,25,25,9,False
18758415613,32,5,1,0,1,23,14,14,0,False
18989781863,49,2,3,0,2,0,40,40,39,False
13130819298,36,22,4,0,1,36,16,16,9,False
15661502139,31,4,2,0,0,13,20,20,39,False
18636055184,48,3,4,0,1,48,41,41,9,False
18636055184,14,1,4,0,1,15,29,29,39,False
19852999776,34,0,4,0,1,16,14,14,0,False
15079495784,33,3,4,0,2,10,46,46,39,False
18664891854,6,1,3,0,1,27,45,45,0,False
18765816132,50,6,4,0,1,10,9,9,9,True
15797725211,49,9,4,0,1,24,9,9,39,False
17713196465,26,10,4,0,1,30,44,44,0,False
18365196069,39,6,4,0,3,18,20,20,19,False
19970957519,44,13,4,0,0,10,7,7,0,False
13130819298,8,9,1,0,2,3,25,25,39,False
18758415613,2,23,4,0,1,38,21,21,0,False
18991311567,22,17,3,0,1,19,32,32,9,False
18989781863,2,1,3,0,1,41,48,48,9,False
19970957519,25,16,4,0,1,36,28,28,0,False
15079495784,14,4,2,0,1,10,2,2,0,False
15797725211,5,13,4,0,2,28,37,37,39,False
13074255915,33,3,4,0,2,11,10,10,9,False
18702113651,31,6,4,0,2,26,38,38,24,False
15079495784,17,15,4,0,3,5,12,12,39,False
18664891854,8,3,4,0,1,23,15,15,9,False
13943039298,32,10,1,0,2,31,48,48,39,False
15165929133,46,2,2,0,1,34,26,26,0,False
17807329663,33,21,4,0,3,37,46,46,39,False
18365196069,31,0,4,0,0,17,8,8,9,False
16726368276,37,12,4,0,2,25,47,47,39,False
15260233525,39,6,4,0,2,24,9,9,24,False
18365196069,33,0,4,0,2,20,23,23,0,False
17713196465,18,9,4,0,1,34,6,6,0,False
19970957519,28,6,4,0,0,23,32,32,9,False
13670356740,29,3,4,0,1,3,8,8,9,False
13630678332,24,0,4,0,3,26,34,34,39,False
15079495784,40,17,4,0,2,23,44,44,24,False
15661502139,48,30,4,0,0,25,10,10,9,False
15661502139,31,22,2,0,2,28,20,20,19,False
18664891854,31,6,4,0,1,16,2,2,1,False
18365196069,21,4,4,0,1,45,38,38,1,False
18802233956,22,7,4,0,2,5,12,12,39,False
13670356740,6,7,1,0,0,9,31,31,19,False
15661502139,35,13,2,0,3,11,20,20,39,False
19834840803,29,8,4,0,0,34,17,17,0,False
15661502139,23,28,4,0,0,31,24,24,0,False
15661502139,45,3,3,0,1,46,45,45,9,False
18636055184,35,4,2,0,1,37,42,42,39,False
13630678332,17,13,3,0,1,3,9,9,9,True
19550593600,37,5,4,0,2,23,28,28,39,False
19834840803,4,8,4,0,3,18,19,19,19,True
13130819298,13,13,2,0,1,9,8,8,0,False
13513580369,45,5,4,0,1,25,32,32,39,False
15167050060,44,5,2,0,2,18,27,27,39,False
13130819298,44,8,3,0,1,44,43,43,9,False
15260233525,28,1,4,0,1,19,33,33,39,False
19852999776,7,7,4,0,0,26,12,12,9,False
17807329663,45,13,4,0,2,15,25,25,39,False
19831701219,18,46,4,0,0,15,17,17,39,False
18365196069,11,7,4,0,2,14,44,44,39,False
19881266563,40,23,4,0,3,25,34,34,39,False
19831701219,9,2,3,0,1,33,11,11,1,False
17623708813,7,20,4,0,0,31,9,9,0,False
19881266563,21,0,4,0,2,17,33,33,39,False
18053307086,46,2,4,0,0,31,7,7,9,False
19550593600,40,0,4,0,1,2,16,16,39,False
18989781863,22,15,4,0,2,11,9,9,0,False
18053307086,3,4,1,0,0,31,6,6,19,False
18802233956,3,6,3,0,1,32,29,29,21,False
17527328008,3,3,4,0,3,0,2,2,39,False
15079495784,38,4,4,0,2,17,44,44,39,False
16630722126,28,6,3,0,2,4,10,10,9,False
15260233525,3,17,4,0,3,28,30,30,39,False
18365196069,33,7,4,0,3,17,24,24,39,False
15735414945,9,3,2,0,1,12,7,7,9,False
18802233956,38,0,3,0,2,0,32,32,24,False
13943039298,50,2,4,0,0,24,9,9,39,False
18765816132,47,9,1,0,3,33,48,48,39,False
13401917913,2,4,4,0,3,38,39,39,39,True
17623708813,48,2,4,0,2,31,30,30,0,False
18664891854,5,7,1,0,2,24,26,26,39,False
19831701219,26,10,3,0,2,37,43,43,24,False
19970957519,20,22,4,0,3,25,24,24,9,False
18053307086,14,0,2,0,2,16,15,15,9,False
15079495784,39,3,4,0,1,36,6,6,19,False
19970957519,7,13,1,0,3,18,13,13,39,False
17807329663,9,11,4,0,2,20,6,6,0,False
15165929133,24,29,4,0,0,9,28,28,39,False
17623708813,38,2,3,0,2,7,4,4,39,False
19831701219,35,0,3,0,1,46,43,43,39,False
13943039298,40,7,4,0,0,29,1,1,1,True
19852999776,23,4,1,0,3,14,36,36,39,False
13401917913,8,22,4,0,1,3,0,0,9,False
18664891854,3,0,4,0,2,5,3,3,9,False
15167050060,27,31,4,0,1,9,14,14,0,False
13932780308,36,11,4,0,3,17,24,24,39,False
19948700293,26,0,3,0,1,13,45,45,39,False
13130819298,32,11,4,0,2,17,34,34,39,False
19831701219,39,3,4,0,0,25,28,28,9,False
13513580369,45,1,1,0,2,6,39,39,39,True
18765816132,35,10,4,0,3,17,19,19,39,False
17807329663,45,15,4,0,1,43,21,21,39,False
19970957519,20,25,4,0,1,32,24,24,0,False
13670356740,35,0,4,0,0,8,25,25,24,False
18991311567,36,23,4,0,2,12,41,41,39,False
17807329663,24,3,4,0,0,26,3,3,1,False
13074255915,13,11,4,0,0,17,9,9,9,True
18765816132,15,5,1,0,1,18,17,17,39,False
19831701219,8,6,1,0,0,25,13,13,19,False
17731093916,44,7,4,0,3,33,34,34,39,False
19881266563,18,17,4,0,3,17,39,39,39,True
18702113651,32,4,4,0,2,22,41,41,39,False
17623708813,49,18,4,0,3,25,39,39,39,True
19834840803,25,1,4,0,3,3,11,11,39,False
15797725211,30,2,2,0,0,29,44,44,0,False
19852999776,41,0,2,0,3,8,11,11,9,False
18758415613,47,4,2,0,2,39,47,47,39,False
15167050060,3,16,4,0,2,33,39,39,24,False
15661502139,2,13,4,0,3,18,15,15,39,False
19852999776,49,1,3,0,3,25,44,44,39,False
18991311567,41,12,2,0,1,2,15,15,24,False
18053307086,16,8,4,0,2,26,36,36,0,False
19831701219,12,15,3,0,2,38,47,47,39,False
19834840803,19,17,4,0,1,18,7,7,39,False
15260233525,36,14,3,0,1,4,20,20,39,False
15797725211,30,20,4,0,1,36,23,23,9,False
19970957519,5,5,1,0,0,22,16,16,39,False
19831701219,43,3,1,0,0,14,0,0,0,True
18758415613,18,4,3,0,2,11,8,8,0,False
17623708813,16,33,4,0,0,18,24,24,9,False
15661502139,30,15,2,0,3,25,37,37,9,False
16630722126,21,0,4,0,2,1,30,30,39,False
13401917913,21,10,3,0,0,31,24,24,0,False
19834840803,34,4,4,0,2,34,40,40,39,False
18989781863,49,10,4,0,3,23,24,24,9,False
17623708813,13,15,4,0,2,38,46,46,39,False
13074255915,48,13,3,0,0,18,12,12,19,False
19852999776,44,14,4,0,0,36,29,29,0,False
15735414945,35,0,4,0,3,24,25,25,39,False
18765816132,20,1,4,0,3,9,19,19,39,False
17331496902,28,3,2,0,0,9,11,11,9,False
18664891854,11,5,3,0,3,8,1,1,1,True
17807329663,17,42,4,0,3,25,38,38,39,False
13932780308,22,1,4,0,3,43,18,18,39,False
16726368276,4,0,2,0,3,39,16,16,8,False
15260233525,44,1,1,0,2,28,36,36,39,False
15735414945,47,10,3,0,1,12,11,11,9,False
13401917913,16,2,1,0,1,8,0,0,0,True
17623708813,25,20,4,0,3,25,46,46,39,False
17527328008,43,14,4,0,2,15,27,27,39,False
16726368276,34,15,4,0,3,36,46,46,39,False
18765816132,19,6,4,0,3,10,11,11,39,False
18989781863,32,5,4,0,0,45,0,0,9,False
16630722126,27,2,4,0,1,11,3,3,9,False
13630678332,42,12,2,0,2,5,12,12,39,False
18765816132,46,8,4,0,1,32,46,46,39,False
18802233956,45,2,4,0,0,27,22,22,0,False
19970957519,32,5,4,0,3,2,39,39,39,True
19970957519,24,4,4,0,1,25,36,36,9,False
19831701219,27,13,4,0,0,33,17,17,1,False
18636055184,36,7,4,0,2,11,20,20,39,False
17331496902,28,2,4,0,0,25,2,2,1,False
19948700293,47,13,4,0,0,12,9,9,0,False
18758415613,1,4,3,0,2,15,30,30,39,False
19831701219,2,4,3,0,1,37,42,42,0,False
19948700293,31,5,2,0,1,17,8,8,0,False
15079495784,33,17,4,0,3,2,33,33,39,False
19970957519,8,3,2,0,0,25,12,12,9,False
19859608897,30,11,3,0,3,17,24,24,19,False
17623708813,20,41,4,0,3,15,9,9,39,False
18664891854,24,6,4,0,3,10,19,19,39,False
19881266563,15,6,3,0,1,26,2,2,1,False
15167050060,22,7,4,0,1,18,17,17,9,False
17807329663,15,35,4,0,3,35,39,39,39,True
13130819298,15,31,4,0,0,10,3,3,0,False
18636055184,40,7,4,0,0,31,23,23,0,False
13932780308,24,26,3,0,0,15,1,1,0,False
13943039298,30,12,4,0,3,16,10,10,1,False
13513580369,33,12,2,0,1,19,24,24,9,False
13074255915,4,10,4,0,2,25,32,32,39,False
17713196465,10,24,4,0,1,27,23,23,0,False
15167050060,23,9,4,0,3,25,20,20,39,False
19852999776,8,8,3,0,0,27,12,12,0,False
18053307086,9,5,3,0,0,9,11,11,9,False
15735414945,9,23,4,0,3,28,9,9,19,False
16726368276,49,20,4,0,2,31,23,23,9,False
19834840803,13,7,4,0,2,18,24,24,39,False
15797725211,19,25,4,0,1,19,24,24,9,False
13401917913,39,5,3,0,0,38,40,40,19,False
16630722126,19,1,3,0,0,17,9,9,9,True
15735414945,30,8,2,0,2,35,42,42,39,False
18802233956,1,47,4,0,1,26,16,16,9,False
19852999776,4,2,3,0,0,31,23,23,0,False
18991311567,45,3,2,0,1,38,15,15,9,False
17527328008,28,6,2,0,2,23,29,29,39,False
13670356740,38,7,4,0,1,33,32,32,39,False
18802233956,27,10,4,0,2,12,25,25,39,False
15260233525,42,15,4,0,2,33,47,47,39,False
13943039298,32,15,4,0,1,18,0,0,39,False
18765816132,42,5,4,0,2,34,47,47,39,False
15661502139,23,4,4,0,3,26,6,6,2,False
15735414945,34,7,3,0,0,15,4,4,19,False
17623708813,2,6,4,0,3,14,23,23,39,False
19881266563,24,17,3,0,0,36,1,1,9,False
18758415613,17,0,1,0,3,26,12,12,9,False
18991311567,45,3,3,0,1,9,16,16,9,False
13513580369,40,9,2,0,0,19,10,10,9,False
15661502139,15,3,4,0,1,18,36,36,39,False
17713196465,49,1,4,0,1,17,37,37,39,False
19834840803,46,6,3,0,0,30,14,14,8,False
15260233525,20,0,4,0,2,7,33,33,39,False
13943039298,24,22,4,0,3,8,9,9,19,False
15079495784,10,5,3,0,1,19,20,20,9,False
18636055184,20,0,4,0,1,24,0,0,39,False
18989781863,11,3,4,0,2,15,6,6,19,False
15079495784,37,15,1,0,0,8,16,16,9,False
15797725211,41,12,4,0,2,30,47,47,39,False
16726368276,45,19,4,0,1,3,9,9,9,True
18991311567,47,6,4,0,3,3,32,32,39,False
19834840803,27,12,4,0,1,18,15,15,0,False
17713196465,49,4,4,0,2,30,27,27,9,False
17623708813,42,2,3,0,2,26,37,37,24,False
13670356740,34,1,2,0,3,25,38,38,24,False
17623708813,14,12,3,0,3,11,25,25,39,False
18802233956,36,5,4,0,0,34,13,13,0,False
16630722126,35,0,2,0,1,33,8,8,9,False
13943039298,5,7,4,0,2,25,41,41,39,False
13513580369,27,6,4,0,3,8,19,19,39,False
13074255915,40,7,4,0,1,36,42,42,39,False
13670356740,10,13,3,0,0,35,23,23,9,False
16726368276,46,5,4,0,0,22,15,15,0,False
19948700293,47,9,4,0,0,19,9,9,9,True
17713196465,44,2,2,0,3,14,5,5,39,False
13943039298,49,29,4,0,2,2,8,8,0,False
18991311567,10,5,4,0,0,11,2,2,9,False
18991311567,26,21,4,0,0,27,16,16,0,False
17527328008,28,4,1,0,1,38,30,30,0,False
18802233956,29,10,4,0,0,30,33,33,24,False
13943039298,47,2,4,0,1,8,28,28,39,False
13401917913,3,1,4,0,1,5,10,10,9,False
19550593600,34,15,4,0,1,48,20,20,1,False
17623708813,1,11,4,0,2,22,33,33,39,False
13130819298,3,4,2,0,0,30,46,46,19,False
19550593600,28,27,4,0,1,18,3,3,9,False
17807329663,30,7,4,0,2,17,26,26,39,False
19948700293,40,1,4,0,2,15,24,24,39,False
18053307086,39,22,4,0,2,29,45,45,0,False
18802233956,15,65,4,0,1,22,21,21,0,False
18802233956,15,37,4,0,1,36,43,43,39,False
13401917913,26,4,4,0,2,19,28,28,9,False
15079495784,20,5,4,0,0,38,2,2,0,False
17713196465,5,0,4,0,3,19,30,30,9,False
16726368276,47,6,4,0,1,30,28,28,39,False
15661502139,23,15,4,0,0,23,33,33,9,False
18802233956,6,2,3,0,3,25,26,26,39,False
13670356740,40,9,2,0,0,19,13,13,9,False
17731093916,1,11,4,0,2,17,24,24,39,False
18365196069,22,2,4,0,2,2,1,1,0,False
18702113651,4,10,3,0,1,26,9,9,1,False
13932780308,39,4,3,0,1,33,36,36,0,False
17527328008,10,4,1,0,1,1,28,28,39,False
15079495784,9,9,4,0,1,32,25,25,1,False
18636055184,41,6,4,0,2,19,34,34,0,False
17527328008,40,17,4,0,3,37,31,31,39,False
18636055184,27,8,2,0,2,25,31,31,9,False
15797725211,35,9,3,0,1,12,3,3,9,False
16726368276,37,30,4,0,2,39,48,48,39,False
15735414945,2,5,1,0,1,3,0,0,0,True
13932780308,20,8,3,0,1,19,31,31,9,False
18802233956,38,24,4,0,0,30,31,31,39,False
13670356740,12,9,3,0,3,28,21,21,39,False
17527328008,10,70,1,0,0,30,28,28,0,False
16630722126,21,0,1,0,2,39,37,37,0,False
18636055184,28,0,4,0,2,41,47,47,0,False
17731093916,19,2,3,0,1,46,3,3,1,False
18765816132,35,8,4,0,1,16,15,15,0,False
19550593600,12,10,4,0,1,25,24,24,9,False
18989781863,24,3,4,0,2,19,45,45,39,False
15735414945,32,16,4,0,1,32,37,37,21,False
15735414945,4,13,4,0,1,38,1,1,9,False
18758415613,10,2,2,0,2,3,6,6,39,False
13670356740,30,4,4,0,1,9,7,7,0,False
17713196465,38,2,4,0,2,17,38,38,39,False
17331496902,34,4,3,0,2,37,40,40,39,False
15079495784,21,11,4,0,1,11,0,0,0,True
19948700293,41,0,4,0,3,24,26,26,39,False
15797725211,24,52,4,0,0,22,9,9,9,True
19948700293,1,30,4,0,3,7,8,8,19,False
13130819298,11,4,1,0,3,28,15,15,19,False
15079495784,7,17,4,0,3,5,18,18,39,False
17713196465,21,2,4,0,3,37,25,25,19,False
13074255915,21,17,4,0,2,24,29,29,24,False
17807329663,1,40,1,0,1,19,36,36,9,False
19831701219,45,9,4,0,0,26,1,1,8,False
13130819298,13,0,4,0,2,10,44,44,39,False
17623708813,19,2,4,0,3,31,6,6,19,False
17807329663,6,27,4,0,1,30,15,15,0,False
18664891854,40,1,4,0,2,11,40,40,39,False
18053307086,19,3,1,0,1,40,39,39,39,True
15797725211,47,14,4,0,0,8,0,0,0,True
15735414945,1,10,4,0,2,12,18,18,39,False
13130819298,5,4,1,0,1,26,3,3,1,False
18758415613,5,7,4,0,3,29,8,8,1,False
17731093916,18,13,4,0,3,11,19,19,39,False
15079495784,13,5,4,0,2,12,25,25,39,False
19948700293,22,2,2,0,1,37,42,42,39,False
18365196069,34,8,1,0,2,23,31,31,39,False
18765816132,6,6,4,0,0,47,26,26,9,False
13513580369,3,14,4,0,0,19,12,12,9,False
16630722126,15,5,2,0,2,18,32,32,39,False
13670356740,34,5,2,0,2,31,38,38,24,False
19948700293,15,7,3,0,0,17,2,2,0,False
19550593600,15,18,4,0,2,24,8,8,9,False
17527328008,36,15,4,0,0,7,1,1,9,False
18765816132,36,6,2,0,3,17,19,19,19,True
18664891854,1,12,4,0,0,29,14,14,0,False
13513580369,43,3,2,0,2,15,39,39,39,True
17731093916,30,0,4,0,3,14,29,29,39,False
17807329663,32,21,4,0,1,15,0,0,0,True
17807329663,29,9,4,0,0,24,18,18,9,False
18053307086,12,3,4,0,0,26,3,3,1,False
17527328008,34,4,4,0,1,33,5,5,1,False
18702113651,36,7,4,0,0,22,2,2,19,False
18758415613,49,8,4,0,1,8,15,15,9,False
19550593600,33,10,4,0,0,41,31,31,0,False
16630722126,41,4,4,0,2,19,34,34,9,False
19881266563,12,16,4,0,2,27,13,13,9,False
15661502139,39,8,2,0,1,15,0,0,0,True
18636055184,16,0,4,0,1,48,41,41,0,False
17623708813,2,6,3,0,3,29,44,44,39,False
17623708813,2,34,4,0,0,28,15,15,19,False
15079495784,2,3,2,0,0,15,9,9,39,False
18802233956,50,33,4,0,0,15,0,0,9,False
17623708813,1,5,4,0,1,11,15,15,0,False
18702113651,22,5,2,0,2,24,10,10,39,False
18702113651,36,3,4,0,3,14,5,5,39,False
19881266563,3,13,2,0,3,18,13,13,39,False
17807329663,1,43,1,0,2,26,36,36,0,False
19881266563,21,8,4,0,3,16,25,25,39,False
18664891854,12,5,4,0,2,25,33,33,39,False
15797725211,26,4,2,0,3,14,44,44,39,False
17527328008,50,1,3,0,3,22,12,12,39,False
13943039298,41,0,4,0,3,7,31,31,39,False
19881266563,8,20,4,0,3,25,39,39,39,True
18758415613,39,3,1,0,3,32,41,41,39,False
13130819298,4,3,4,0,0,45,44,44,2,False
18365196069,27,8,4,0,2,0,5,5,39,False
13670356740,6,12,3,0,0,22,7,7,9,False
15797725211,1,6,4,0,0,32,16,16,0,False
17807329663,28,33,4,0,1,19,32,32,39,False
19970957519,27,9,3,0,1,38,16,16,9,False
15167050060,23,12,4,0,0,15,14,14,0,False
19881266563,46,1,4,0,2,20,19,19,0,False
17331496902,21,0,4,0,1,30,8,8,9,False
18991311567,5,3,2,0,1,32,42,42,39,False
15260233525,9,5,4,0,3,26,20,20,39,False
17731093916,19,2,4,0,3,32,40,40,39,False
16726368276,15,9,4,0,0,31,24,24,9,False
15165929133,9,10,4,0,2,18,32,32,39,False
15167050060,5,7,2,0,2,5,12,12,39,False
15797725211,27,13,2,0,2,2,44,44,39,False
13401917913,24,5,4,0,3,38,39,39,39,True
18989781863,41,9,4,0,1,37,36,36,24,False
18758415613,21,8,4,0,1,11,29,29,0,False
18802233956,25,54,4,0,1,6,17,17,0,False
18365196069,26,7,1,0,1,3,9,9,9,True
19550593600,32,4,4,0,0,14,8,8,19,False
15735414945,4,4,4,0,1,24,1,1,39,False
18365196069,32,7,2,0,1,23,0,0,9,False
13943039298,36,15,4,0,0,29,15,15,1,False
13130819298,44,40,4,0,2,31,17,17,9,False
18702113651,10,1,4,0,1,39,23,23,9,False
19831701219,47,2,4,0,1,3,7,7,9,False
19831701219,25,15,4,0,0,37,10,10,9,False
17623708813,18,4,4,0,3,18,8,8,39,False
15079495784,12,13,4,0,1,15,14,14,0,False
18991311567,6,27,4,0,1,19,46,46,39,False
17527328008,16,14,4,0,2,34,46,46,24,False
13943039298,13,4,4,0,2,7,15,15,39,False
15165929133,18,4,4,0,2,39,47,47,39,False
13130819298,3,8,2,0,3,10,46,46,39,False
17331496902,38,5,2,0,3,29,0,0,1,False
18365196069,19,7,4,0,3,17,24,24,39,False
13513580369,18,8,2,0,0,25,3,3,9,False
17807329663,28,5,4,0,3,4,33,33,39,False
17623708813,18,3,4,0,1,11,10,10,9,False
13630678332,34,7,3,0,1,38,39,39,19,False
19834840803,2,14,4,0,1,17,30,30,9,False
17807329663,4,7,4,0,1,11,2,2,9,False
16630722126,23,0,4,0,0,25,9,9,9,True
13630678332,22,19,4,0,3,31,41,41,39,False
18802233956,25,49,4,0,0,25,17,17,9,False
13074255915,10,11,4,0,0,18,13,13,19,False
17623708813,15,5,4,0,0,26,10,10,9,False
17527328008,23,4,2,0,1,32,45,45,39,False
19970957519,43,4,2,0,0,35,21,21,9,False
15260233525,6,15,4,0,0,11,17,17,9,False
17623708813,17,13,4,0,3,18,9,9,39,False
17807329663,44,12,4,0,1,37,23,23,9,False
16630722126,34,12,3,0,1,18,9,9,39,False
19852999776,16,2,4,0,0,33,14,14,0,False
18636055184,44,0,1,0,0,19,18,18,9,False
15661502139,4,2,3,0,0,9,10,10,9,False
19550593600,37,1,4,0,1,12,24,24,0,False
19852999776,22,10,1,0,3,35,36,36,39,False
13670356740,40,4,1,0,2,37,43,43,39,False
15167050060,9,23,3,0,3,15,16,16,39,False
19852999776,15,13,4,0,2,15,23,23,39,False
18991311567,16,21,4,0,3,30,32,32,39,False
13401917913,5,5,4,0,1,46,7,7,9,False
15735414945,6,1,4,0,3,9,23,23,24,False
13130819298,44,0,4,0,1,32,39,39,39,True
18365196069,30,6,4,0,2,31,22,22,9,False
13074255915,6,8,4,0,2,16,15,15,0,False
16630722126,7,0,1,0,0,10,4,4,39,False
13074255915,2,8,1,0,0,31,24,24,1,False
17731093916,24,8,2,0,3,45,39,39,19,False
18664891854,11,6,2,0,0,23,18,18,19,False
15079495784,38,10,4,0,0,35,29,29,19,False
18636055184,34,15,4,0,1,18,14,14,0,False
18053307086,15,6,4,0,3,45,41,41,39,False
18765816132,25,1,3,0,1,23,1,1,9,False
16630722126,39,7,4,0,1,46,38,38,0,False
18053307086,20,1,4,0,1,10,9,9,0,False
15079495784,20,10,4,0,0,25,13,13,19,False
18802233956,29,9,4,0,2,30,33,33,24,False
17527328008,26,2,4,0,1,18,14,14,9,False
15260233525,18,0,2,0,1,44,42,42,9,False
18702113651,40,5,3,0,2,2,8,8,0,False
16630722126,47,11,4,0,1,23,21,21,0,False
13513580369,24,7,4,0,2,28,32,32,39,False
13630678332,10,4,3,0,2,18,19,19,39,False
13074255915,43,10,4,0,0,44,43,43,0,False
13074255915,20,27,4,0,0,38,41,41,19,False
18802233956,10,17,4,0,1,29,39,39,9,False
18758415613,40,21,4,0,2,23,30,30,24,False
15167050060,26,20,4,0,1,15,14,14,0,False
15797725211,49,2,4,0,3,37,9,9,9,True
16630722126,25,4,2,0,0,44,42,42,0,False
18664891854,3,6,4,0,1,15,7,7,0,False
15797725211,21,11,4,0,3,16,32,32,39,False
15797725211,16,17,4,0,0,15,24,24,39,False
13130819298,19,12,4,0,0,44,46,46,19,False
13670356740,41,13,3,0,1,33,24,24,9,False
13670356740,13,8,1,0,3,25,27,27,39,False
17623708813,47,1,3,0,2,12,27,27,39,False
15735414945,41,5,2,0,1,36,23,23,9,False
17731093916,42,6,4,0,3,14,21,21,39,False
18636055184,26,2,2,0,3,39,31,31,9,False
13130819298,23,17,3,0,2,18,24,24,39,False
13670356740,6,7,2,0,0,36,1,1,9,False
19550593600,7,10,4,0,3,32,45,45,39,False
19881266563,25,1,4,0,3,30,31,31,39,False
13130819298,5,3,2,0,3,12,46,46,39,False
19881266563,49,11,4,0,0,35,28,28,9,False
17331496902,40,4,4,0,0,32,27,27,9,False
17527328008,15,10,4,0,1,23,8,8,9,False
18365196069,11,1,3,0,1,8,22,22,0,False
19970957519,18,18,4,0,0,19,11,11,9,False
15079495784,20,6,1,0,1,39,16,16,0,False
18702113651,38,1,3,0,3,28,21,21,39,False
18664891854,38,9,3,0,3,45,47,47,19,False
19852999776,22,5,1,0,1,30,36,36,0,False
19550593600,8,10,4,0,1,10,2,2,9,False
17713196465,19,4,1,0,0,35,29,29,19,False
18765816132,20,5,2,0,2,16,9,9,9,True
15165929133,30,0,3,0,1,15,2,2,39,False
17331496902,2,4,4,0,0,40,29,29,0,False
18758415613,42,16,3,0,2,2,9,9,24,False
13130819298,4,4,1,0,2,31,3,3,0,False
18636055184,35,1,4,0,1,40,1,1,2,False
19550593600,21,8,3,0,1,47,13,13,9,False
17623708813,32,8,2,0,3,35,40,40,39,False
18702113651,47,4,4,0,3,8,4,4,39,False
13513580369,10,5,2,0,2,28,45,45,39,False
19948700293,27,14,4,0,0,31,24,24,9,False
19550593600,16,10,4,0,1,18,10,10,9,False
17331496902,11,1,4,0,2,13,26,26,39,False
15735414945,38,19,4,0,2,10,16,16,24,False
17623708813,2,0,4,0,3,21,23,23,39,False
13074255915,22,1,3,0,1,17,15,15,0,False
18636055184,7,8,4,0,1,34,11,11,0,False
18664891854,5,9,1,0,3,32,26,26,39,False
15797725211,9,2,4,0,2,7,25,25,39,False
15797725211,8,10,1,0,1,36,29,29,9,False
13943039298,35,3,4,0,0,46,38,38,0,False
19948700293,46,11,4,0,0,11,20,20,39,False
17527328008,16,21,4,0,0,32,25,25,0,False
15079495784,34,16,4,0,1,36,8,8,1,False
13130819298,9,2,4,0,0,20,19,19,0,False
18702113651,18,23,4,0,1,24,30,30,9,False
17527328008,31,3,4,0,1,29,43,43,24,False
18991311567,18,21,4,0,0,47,46,46,9,False
15079495784,22,6,4,0,1,19,26,26,9,False
18991311567,15,8,4,0,0,33,16,16,9,False
17807329663,13,42,4,0,3,4,25,25,39,False
18053307086,41,2,1,0,0,10,9,9,1,False
17623708813,47,0,3,0,3,11,27,27,39,False
18802233956,21,6,4,0,3,9,25,25,19,False
16630722126,34,2,2,0,2,24,8,8,24,False
15079495784,35,72,4,0,0,18,14,14,39,False
19881266563,45,12,4,0,2,31,22,22,9,False
19831701219,31,13,3,0,1,36,16,16,1,False
18664891854,21,24,4,0,1,32,39,39,39,True
18758415613,47,4,4,0,3,42,43,43,19,False
17713196465,7,6,4,0,0,20,12,12,0,False
19970957519,39,15,4,0,3,16,33,33,39,False
15079495784,27,5,4,0,3,2,3,3,39,False
18802233956,20,2,4,0,1,9,16,16,39,False
15165929133,9,22,4,0,0,10,9,9,9,True
13401917913,22,5,4,0,3,22,36,36,39,False
17331496902,33,1,4,0,0,41,24,24,0,False
18053307086,30,9,4,0,0,18,28,28,39,False
18802233956,14,4,4,0,0,31,24,24,0,False
18758415613,38,4,4,0,0,7,1,1,19,False
15735414945,27,0,4,0,0,39,7,7,0,False
17527328008,25,1,4,0,2,39,31,31,0,False
18636055184,7,5,3,0,0,25,5,5,1,False
18765816132,10,3,4,0,0,47,34,34,9,False
15661502139,39,44,4,0,2,32,36,36,0,False
15079495784,16,2,3,0,3,18,9,9,39,False
15079495784,3,4,1,0,1,9,1,1,0,False
17807329663,25,13,4,0,3,43,15,15,19,False
17713196465,30,27,4,0,0,18,24,24,9,False
19550593600,35,2,4,0,1,31,22,22,9,False
18053307086,25,12,4,0,0,29,15,15,1,False
15797725211,13,8,4,0,2,31,16,16,9,False
18053307086,38,8,1,0,2,8,7,7,0,False
15797725211,18,1,4,0,2,18,10,10,39,False
16630722126,2,3,4,0,3,8,22,22,9,False
17623708813,2,15,4,0,3,25,26,26,39,False
17713196465,43,11,3,0,0,38,25,25,19,False
13130819298,30,9,1,0,1,44,43,43,9,False
15260233525,35,17,3,0,2,10,0,0,0,True
15167050060,36,7,4,0,0,44,17,17,9,False
15661502139,18,0,4,0,0,36,2,2,9,False
19970957519,42,38,4,0,1,26,11,11,9,False
18365196069,26,26,2,0,2,23,24,24,19,False
17731093916,41,2,4,0,2,26,40,40,39,False
19834840803,1,13,4,0,3,33,40,40,39,False
15735414945,6,11,4,0,3,11,12,12,39,False
15735414945,26,8,4,0,2,30,32,32,9,False
13130819298,10,2,4,0,3,31,18,18,39,False
18802233956,12,3,2,0,0,25,11,11,9,False
16726368276,1,3,4,0,1,6,9,9,0,False
15165929133,33,5,4,0,1,4,8,8,0,False
17331496902,37,8,1,0,1,33,20,20,0,False
18765816132,35,16,4,0,0,48,25,25,9,False
13401917913,21,1,4,0,3,24,4,4,39,False
17331496902,16,9,4,0,1,40,39,39,21,False
15661502139,18,17,3,0,2,18,34,34,39,False
15079495784,15,11,4,0,3,35,31,31,1,False
13943039298,3,18,4,0,1,10,9,9,9,True
15661502139,13,1,1,0,3,29,46,46,39,False
19834840803,46,2,3,0,2,28,14,14,19,False
18636055184,8,9,4,0,1,33,4,4,9,False
16630722126,10,1,2,0,3,31,27,27,39,False
17331496902,13,14,1,0,2,34,46,46,39,False
17807329663,40,24,4,0,0,17,18,18,19,False
15260233525,8,9,4,0,3,2,4,4,39,False
13943039298,31,8,2,0,3,36,8,8,9,False
19948700293,45,5,4,0,3,2,44,44,39,False
15165929133,6,41,4,0,2,32,39,39,39,True
17713196465,30,4,4,0,2,30,32,32,9,False
18664891854,28,11,4,0,0,39,10,10,0,False
19948700293,16,19,4,0,2,18,24,24,39,False
19970957519,40,11,2,0,1,37,17,17,19,False
19834840803,45,8,4,0,3,38,40,40,39,False
13130819298,7,9,4,0,1,30,7,7,0,False
16630722126,25,26,4,0,3,4,6,6,39,False
13130819298,2,22,4,0,0,34,27,27,0,False
15167050060,23,6,1,0,0,18,5,5,19,False
15735414945,34,7,4,0,1,6,5,5,9,False
18636055184,37,2,1,0,1,9,1,1,9,False
19948700293,49,0,4,0,0,0,10,10,24,False
18765816132,38,0,4,0,1,27,24,24,39,False
17713196465,28,4,4,0,2,2,8,8,0,False
15079495784,6,9,1,0,0,10,7,7,0,False
18636055184,8,1,4,0,1,40,4,4,2,False
19831701219,32,1,4,0,2,15,46,46,39,False
16726368276,3,1,4,0,1,5,10,10,9,False
15165929133,41,7,4,0,2,16,0,0,9,False
15079495784,19,18,4,0,0,26,16,16,0,False
16726368276,40,17,4,0,3,16,9,9,9,True
18365196069,36,0,4,0,0,43,7,7,19,False
13401917913,9,1,2,0,3,2,32,32,39,False
13670356740,37,1,1,0,3,39,6,6,1,False
13670356740,21,3,4,0,1,25,0,0,9,False
19948700293,8,0,4,0,3,16,39,39,39,True
19881266563,26,7,4,0,0,28,21,21,39,False
13074255915,14,30,4,0,3,33,40,40,39,False
18989781863,49,2,2,0,3,17,48,48,39,False
13670356740,22,9,4,0,2,4,25,25,39,False
13513580369,19,4,1,0,0,29,8,8,9,False
15797725211,47,8,2,0,1,6,5,5,9,False
18664891854,45,10,4,0,2,22,44,44,39,False
19970957519,30,7,2,0,0,22,8,8,9,False
17623708813,19,15,1,0,1,29,43,43,9,False
18991311567,43,17,2,0,2,2,15,15,24,False
13513580369,44,5,3,0,0,15,43,43,39,False
18365196069,18,8,3,0,1,41,40,40,9,False
17527328008,41,10,2,0,3,17,24,24,19,False
13670356740,41,9,4,0,2,2,0,0,0,True
15661502139,14,1,4,0,2,25,28,28,0,False
18365196069,22,13,4,0,1,3,9,9,9,True
17623708813,19,16,4,0,0,36,16,16,0,False
13670356740,31,5,4,0,3,31,13,13,39,False
19834840803,3,19,4,0,3,32,40,40,39,False
15661502139,21,9,4,0,3,2,19,19,39,False
19834840803,49,2,4,0,2,32,39,39,39,True
13943039298,32,8,2,0,1,15,8,8,9,False
19834840803,19,2,4,0,3,40,33,33,39,False
16630722126,5,9,4,0,2,27,40,40,0,False
13630678332,13,4,4,0,3,37,39,39,39,True
13401917913,46,0,4,0,3,43,39,39,2,False
16630722126,33,12,2,0,1,18,8,8,39,False
13670356740,38,18,4,0,3,2,17,17,39,False
19881266563,12,4,4,0,1,27,13,13,9,False
13932780308,7,8,3,0,0,22,23,23,19,False
19550593600,44,3,3,0,3,36,21,21,9,False
18758415613,11,13,1,0,2,22,28,28,39,False
19970957519,50,43,4,0,0,30,41,41,39,False
18989781863,39,9,4,0,3,17,24,24,39,False
18365196069,7,2,1,0,1,32,39,39,39,True
18765816132,34,8,4,0,2,11,14,14,0,False
18989781863,16,6,2,0,3,4,6,6,39,False
15167050060,47,14,3,0,2,23,29,29,39,False
13513580369,5,9,4,0,2,5,39,39,39,True
19859608897,33,8,2,0,2,30,38,38,39,False
18636055184,50,10,4,0,3,40,32,32,9,False
18991311567,1,5,1,0,0,19,11,11,9,False
18636055184,5,0,2,0,1,32,30,30,39,False
16630722126,14,4,4,0,2,22,29,29,19,False
15661502139,7,10,3,0,3,37,31,31,39,False
13932780308,51,5,1,0,3,18,11,11,39,False
13130819298,40,21,4,0,0,32,17,17,9,False
17331496902,19,14,4,0,3,16,9,9,9,True
15167050060,44,1,1,0,3,14,16,16,39,False
13401917913,40,5,4,0,3,15,45,45,39,False
16630722126,10,2,2,0,0,32,27,27,39,False
13074255915,36,6,3,0,3,33,41,41,39,False
17527328008,35,3,4,0,2,3,19,19,39,False
18702113651,48,13,4,0,3,18,8,8,9,False
15165929133,28,2,2,0,0,9,16,16,9,False
18758415613,43,2,4,0,2,18,47,47,39,False
19970957519,49,8,2,0,0,25,5,5,9,False
17623708813,15,2,4,0,0,40,2,2,1,False
18991311567,6,35,4,0,2,40,46,46,39,False
17713196465,24,5,4,0,3,22,31,31,39,False
18702113651,50,6,2,0,2,12,26,26,39,False
19948700293,7,0,4,0,3,45,25,25,2,False
19831701219,6,10,4,0,1,31,21,21,9,False
13943039298,46,7,4,0,2,15,31,31,39,False
13630678332,45,11,2,0,3,17,12,12,39,False
18664891854,23,13,4,0,0,22,8,8,9,False
19859608897,41,7,2,0,2,10,9,9,1,False
13630678332,7,1,4,0,1,5,2,2,0,False
18991311567,49,0,3,0,0,17,33,33,39,False
13130819298,22,4,4,0,2,16,8,8,9,False
15165929133,42,1,4,0,3,16,12,12,39,False
18758415613,38,0,4,0,3,1,40,40,39,False
19970957519,8,6,4,0,2,18,47,47,39,False
17731093916,19,15,4,0,0,38,10,10,9,False
19970957519,38,9,4,0,2,15,16,16,39,False
13932780308,40,9,4,0,0,46,39,39,19,False
18702113651,8,5,4,0,3,10,25,25,39,False
19859608897,16,0,4,0,2,13,39,39,39,True
15735414945,18,4,2,0,3,29,17,17,39,False
13670356740,30,9,4,0,3,37,26,26,39,False
19881266563,47,20,4,0,1,39,16,16,9,False
19852999776,40,2,4,0,3,31,11,11,9,False
17623708813,21,4,4,0,2,2,0,0,0,True
19834840803,8,14,4,0,2,34,40,40,39,False
18758415613,45,2,2,0,1,46,24,24,9,False
15165929133,41,0,2,0,0,38,48,48,39,False
13630678332,50,0,3,0,0,9,18,18,19,False
13670356740,35,7,2,0,0,17,38,38,39,False
18702113651,20,1,4,0,2,6,27,27,39,False
13074255915,48,2,4,0,3,46,47,47,39,False
19831701219,13,0,1,0,0,19,1,1,9,False
17807329663,49,3,4,0,0,24,17,17,9,False
17623708813,23,58,4,0,2,3,16,16,24,False
19970957519,35,20,4,0,3,28,14,14,39,False
15735414945,3,31,4,0,2,27,9,9,9,True
19834840803,45,11,3,0,2,33,39,39,9,False
19852999776,27,8,4,0,3,11,19,19,39,False
15797725211,16,4,3,0,0,34,6,6,0,False
13630678332,12,6,1,0,3,33,41,41,39,False
18991311567,14,4,2,0,1,36,23,23,9,False
15079495784,17,9,4,0,1,26,6,6,9,False
13670356740,10,7,3,0,0,31,23,23,9,False
13932780308,49,7,1,0,1,12,11,11,9,False
17731093916,18,22,4,0,1,13,19,19,0,False
19881266563,28,3,4,0,1,9,16,16,39,False
15260233525,6,3,1,0,2,8,7,7,0,False
13932780308,36,6,2,0,3,2,11,11,39,False
13630678332,42,5,1,0,1,15,8,8,9,False
18365196069,16,1,4,0,3,30,31,31,9,False
18664891854,5,7,2,0,1,33,25,25,0,False
19834840803,8,5,4,0,2,20,40,40,0,False
17527328008,49,30,4,0,0,23,1,1,9,False
15260233525,16,10,1,0,3,28,21,21,39,False
13074255915,19,12,4,0,2,16,15,15,9,False
18702113651,12,8,3,0,3,32,2,2,2,True
15735414945,3,5,4,0,2,23,46,46,24,False
19970957519,14,15,4,0,1,33,14,14,9,False
13932780308,13,3,3,0,3,18,10,10,39,False
19852999776,21,6,2,0,1,36,30,30,9,False
19859608897,6,3,4,0,2,3,40,40,39,False
16630722126,14,5,3,0,2,4,9,9,9,True
17713196465,47,1,1,0,3,14,8,8,39,False
18802233956,26,15,4,0,2,4,25,25,39,False
15735414945,50,10,4,0,0,31,24,24,0,False
15079495784,8,0,4,0,1,40,11,11,19,False
19831701219,39,28,4,0,2,26,33,33,39,False
18758415613,18,12,4,0,2,33,39,39,24,False
13074255915,14,21,4,0,3,25,40,40,39,False
13130819298,34,17,4,0,1,36,9,9,1,False
13943039298,2,0,4,0,1,27,8,8,9,False
18702113651,49,26,4,0,0,30,23,23,9,False
19970957519,27,19,4,0,2,22,42,42,39,False
17807329663,29,4,4,0,0,31,2,2,9,False
19834840803,1,11,4,0,2,32,40,40,39,False
16630722126,10,10,4,0,0,16,2,2,0,False
15079495784,15,15,4,0,0,15,1,1,9,False
19831701219,36,3,4,0,3,25,37,37,9,False
17623708813,10,17,4,0,1,26,13,13,39,False
15735414945,45,52,4,0,1,37,9,9,9,True
18758415613,19,14,4,0,3,25,26,26,39,False
13130819298,25,8,4,0,2,12,19,19,39,False
15797725211,20,8,2,0,1,17,16,16,9,False
18365196069,50,19,4,0,3,7,8,8,19,False
19881266563,20,51,4,0,2,24,23,23,24,False
15079495784,16,7,3,0,0,10,9,9,0,False
18365196069,47,7,4,0,1,45,10,10,1,False
15735414945,32,12,2,0,0,19,12,12,9,False
18053307086,29,39,4,0,3,18,0,0,39,False
13074255915,22,5,2,0,2,6,45,45,39,False
13943039298,8,1,3,0,1,9,36,36,39,False
13670356740,19,11,4,0,3,12,16,16,0,False
17623708813,40,8,4,0,1,6,27,27,39,False
15165929133,14,4,1,0,0,12,23,23,9,False
18991311567,37,5,3,0,3,29,23,23,39,False
16630722126,2,8,4,0,0,41,25,25,0,False
18758415613,5,6,4,0,3,28,8,8,19,False
19859608897,35,1,3,0,1,18,9,9,39,False
15260233525,20,5,3,0,3,2,10,10,39,False
17331496902,47,9,2,0,1,30,28,28,0,False
18991311567,37,5,4,0,0,45,28,28,9,False
18636055184,4,9,4,0,2,34,39,39,39,True
13513580369,7,0,2,0,3,29,45,45,9,False
16726368276,5,10,3,0,1,30,28,28,0,False
17623708813,34,9,4,0,3,11,10,10,9,False
18991311567,37,8,1,0,0,22,15,15,9,False
17807329663,41,19,4,0,3,25,34,34,39,False
15797725211,38,39,4,0,2,18,41,41,39,False
15735414945,14,5,2,0,0,25,3,3,9,False
13670356740,24,11,4,0,0,22,7,7,0,False
18702113651,2,10,2,0,1,11,9,9,0,False
18664891854,7,21,4,0,1,40,48,48,39,False
18365196069,8,0,2,0,0,38,8,8,0,False
13074255915,16,7,4,0,3,32,5,5,19,False
19550593600,10,2,3,0,0,35,8,8,9,False
15797725211,45,5,4,0,0,24,25,25,9,False
19970957519,1,8,4,0,0,38,25,25,19,False
15797725211,23,17,4,0,2,24,16,16,24,False
17731093916,47,15,4,0,1,23,21,21,9,False
15661502139,44,15,4,0,3,11,41,41,39,False
18053307086,7,2,1,0,3,28,15,15,39,False
17807329663,19,7,1,0,2,23,31,31,39,False
19834840803,19,3,4,0,3,2,34,34,39,False
15079495784,9,11,2,0,0,42,47,47,19,False
15167050060,15,7,4,0,3,38,39,39,39,True
13932780308,29,22,4,0,3,39,47,47,39,False
18664891854,27,1,4,0,0,25,9,9,0,False
16630722126,16,3,3,0,3,31,39,39,39,True
19852999776,2,5,4,0,1,13,27,27,39,False
17713196465,25,14,4,0,1,13,31,31,39,False
15661502139,21,3,3,0,2,22,41,41,39,False
17807329663,19,3,4,0,0,38,2,2,9,False
15167050060,11,3,4,0,1,40,48,48,9,False
19852999776,45,12,4,0,1,12,0,0,9,False
18053307086,43,11,4,0,3,28,8,8,19,False
13074255915,36,12,4,0,1,16,15,15,9,False
18365196069,22,14,4,0,2,3,5,5,39,False
13130819298,3,4,4,0,3,14,41,41,39,False
18664891854,6,9,3,0,3,44,45,45,39,False
17623708813,43,16,1,0,3,45,46,46,39,False
15661502139,43,4,2,0,1,11,9,9,0,False
18989781863,43,7,4,0,2,11,9,9,0,False
15165929133,39,5,4,0,0,33,5,5,9,False
17623708813,37,36,4,0,2,10,16,16,0,False
13130819298,12,18,4,0,0,25,17,17,9,False
18802233956,3,20,4,0,3,11,18,18,39,False
19948700293,44,10,4,0,1,33,25,25,9,False
15661502139,25,11,4,0,3,31,10,10,9,False
18365196069,21,7,4,0,0,32,27,27,9,False
15797725211,23,15,4,0,1,24,16,16,9,False
18053307086,34,5,1,0,1,33,31,31,9,False
13630678332,48,10,3,0,1,5,2,2,9,False
17807329663,8,11,3,0,3,10,38,38,39,False
16630722126,42,11,4,0,1,13,11,11,0,False
18053307086,33,6,2,0,1,29,46,46,39,False
18664891854,49,18,4,0,3,33,41,41,39,False
15661502139,9,26,4,0,2,20,25,25,0,False
15735414945,16,3,4,0,0,25,3,3,9,False
16726368276,34,6,4,0,1,16,8,8,1,False
13513580369,31,0,4,0,1,39,29,29,0,False
13670356740,45,2,3,0,0,45,2,2,9,False
18365196069,11,13,4,0,3,17,24,24,39,False
18758415613,11,1,2,0,1,48,33,33,0,False
13670356740,50,2,2,0,3,26,20,20,39,False
13401917913,11,10,4,0,2,23,36,36,39,False
15797725211,20,2,4,0,2,6,20,20,39,False
18765816132,23,1,4,0,0,24,15,15,9,False
15167050060,41,17,4,0,0,28,14,14,19,False
13943039298,32,23,1,0,3,46,48,48,19,False
19970957519,1,18,3,0,3,37,31,31,39,False
15661502139,26,0,4,0,0,40,13,13,2,False
17623708813,20,0,4,0,3,32,25,25,39,False
13513580369,15,20,4,0,0,46,39,39,19,False
15735414945,32,2,4,0,3,10,19,19,39,False
13074255915,49,6,4,0,2,24,40,40,39,False
19859608897,45,8,1,0,1,3,9,9,9,True
18989781863,32,3,2,0,1,34,13,13,0,False
13670356740,16,11,4,0,1,13,18,18,21,False
17713196465,38,14,4,0,2,28,32,32,39,False
13670356740,7,8,3,0,1,19,18,18,9,False
17527328008,42,3,1,0,1,45,24,24,9,False
15797725211,20,3,3,0,2,28,25,25,39,False
13401917913,20,13,4,0,1,20,19,19,0,False
13074255915,35,1,3,0,1,36,7,7,1,False
13130819298,49,4,4,0,3,29,39,39,39,True
15797725211,40,1,1,0,3,43,22,22,19,False
13932780308,25,1,3,0,2,6,20,20,39,False
13074255915,49,7,3,0,0,22,8,8,0,False
19550593600,13,6,1,0,0,32,48,48,39,False
19948700293,33,0,3,0,3,21,19,19,19,True
18053307086,28,6,4,0,2,29,43,43,0,False
18702113651,49,3,2,0,3,11,26,26,39,False
17623708813,29,6,4,0,1,10,15,15,0,False
16630722126,5,0,3,0,3,8,20,20,9,False
15797725211,6,25,4,0,1,25,16,16,9,False
18664891854,9,6,4,0,3,19,18,18,9,False
19834840803,16,1,3,0,3,37,39,39,39,True
13932780308,7,0,1,0,0,7,2,2,19,False
13074255915,17,2,2,0,3,17,19,19,19,True
18702113651,9,3,4,0,1,19,8,8,9,False
17623708813,50,15,4,0,1,11,10,10,9,False
19881266563,45,16,4,0,1,24,1,1,9,False
18053307086,4,8,4,0,2,18,11,11,39,False
15797725211,43,15,4,0,0,25,3,3,9,False
13630678332,47,3,4,0,0,17,20,20,19,False
15079495784,14,18,4,0,1,15,7,7,0,False
13401917913,3,2,4,0,0,15,16,16,39,False
18664891854,26,7,4,0,3,31,25,25,9,False
13670356740,6,7,4,0,3,22,23,23,39,False
13943039298,10,5,4,0,0,33,13,13,21,False
18702113651,45,3,2,0,1,19,33,33,9,False
17807329663,17,5,3,0,1,37,21,21,0,False
15079495784,49,18,4,0,0,37,29,29,9,False
15079495784,12,31,4,0,0,16,46,46,39,False
17713196465,2,5,3,0,2,6,20,20,39,False
19831701219,31,11,4,0,1,27,13,13,9,False
16726368276,7,4,4,0,1,33,16,16,0,False
13513580369,31,15,2,0,0,9,24,24,19,False
18664891854,23,15,1,0,1,40,39,39,39,True
15661502139,25,3,4,0,3,17,25,25,39,False
18758415613,21,7,4,0,0,23,8,8,9,False
19970957519,15,5,4,0,0,30,39,39,9,False
13074255915,36,4,4,0,3,14,21,21,39,False
13130819298,32,0,1,0,3,2,16,16,39,False
15079495784,8,13,4,0,0,30,47,47,39,False
16630722126,26,12,4,0,1,10,8,8,9,False
13401917913,19,0,4,0,0,45,32,32,2,False
18765816132,18,14,2,0,3,7,9,9,19,False
15167050060,8,9,4,0,1,31,8,8,9,False
17623708813,30,7,3,0,3,35,36,36,39,False
19852999776,21,16,4,0,2,10,29,29,0,False
17731093916,32,10,4,0,2,12,19,19,39,False
19831701219,32,4,4,0,0,17,18,18,39,False
13932780308,4,11,4,0,2,17,33,33,39,False
16726368276,27,1,2,0,3,7,29,29,39,False
15661502139,33,7,4,0,2,23,8,8,9,False
19550593600,20,24,4,0,3,16,7,7,9,False
18765816132,37,10,4,0,2,31,39,39,39,True
17623708813,42,1,4,0,0,20,10,10,0,False
17713196465,9,2,2,0,2,15,22,22,39,False
15167050060,39,32,4,0,1,1,2,2,39,False
19948700293,6,13,4,0,1,4,14,14,0,False
18802233956,22,4,1,0,2,10,16,16,0,False
18991311567,1,0,2,0,0,45,42,42,2,False
15735414945,28,13,1,0,1,19,31,31,9,False
19881266563,18,3,4,0,1,9,39,39,39,True
19970957519,5,10,1,0,0,23,16,16,9,False
13630678332,39,4,2,0,2,37,43,43,24,False
15661502139,33,4,4,0,1,25,36,36,9,False
19970957519,35,3,1,0,2,22,36,36,39,False
15735414945,37,14,3,0,2,12,33,33,39,False
18702113651,25,11,4,0,2,18,25,25,39,False
19852999776,23,10,4,0,3,2,4,4,39,False
18802233956,16,0,2,0,3,43,42,42,39,False
17623708813,12,10,4,0,0,22,27,27,39,False
15260233525,25,7,4,0,0,19,1,1,9,False
19881266563,18,28,4,0,1,12,20,20,39,False
13513580369,25,12,4,0,3,28,15,15,19,False
19881266563,39,2,4,0,0,25,28,28,9,False
15735414945,46,15,3,0,1,30,24,24,39,False
13074255915,48,9,3,0,3,2,12,12,39,False
19550593600,9,2,1,0,0,32,13,13,19,False
13074255915,14,4,4,0,0,8,25,25,9,False
15735414945,45,3,3,0,1,12,10,10,9,False
16630722126,9,3,3,0,2,15,21,21,39,False
16630722126,31,21,4,0,3,33,39,39,39,True
19970957519,11,4,4,0,0,10,7,7,0,False
18365196069,35,0,4,0,0,24,27,27,39,False
18802233956,9,0,4,0,1,11,0,0,0,True
15661502139,49,20,1,0,0,9,10,10,19,False
19970957519,50,4,4,0,3,25,24,24,9,False
19831701219,1,0,4,0,2,17,38,38,39,False
15661502139,39,13,3,0,3,32,19,19,39,False
19550593600,26,7,4,0,3,46,47,47,39,False
17623708813,7,35,4,0,3,28,41,41,39,False
15661502139,46,16,4,0,0,23,24,24,9,False
15661502139,22,19,4,0,0,9,23,23,39,False
19831701219,43,2,4,0,0,26,3,3,9,False
17807329663,29,16,4,0,3,32,18,18,39,False
13943039298,30,1,4,0,1,39,10,10,0,False
15797725211,26,15,4,0,0,18,10,10,9,False
13670356740,6,1,4,0,2,9,23,23,24,False
15079495784,7,15,4,0,1,38,15,15,0,False
15260233525,35,10,4,0,0,19,5,5,1,False
16726368276,9,3,4,0,1,11,10,10,0,False
17623708813,38,47,4,0,3,35,34,34,19,False
13943039298,23,2,3,0,2,0,31,31,39,False
15165929133,42,4,3,0,2,15,36,36,39,False
15079495784,47,6,4,0,2,16,24,24,39,False
13943039298,20,19,2,0,1,9,1,1,9,False
18365196069,19,11,4,0,1,32,24,24,9,False
18758415613,20,0,3,0,1,34,20,20,39,False
17623708813,4,1,3,0,3,14,35,35,39,False
19881266563,4,15,3,0,2,31,37,37,0,False
15165929133,15,16,4,0,1,3,8,8,9,False
13401917913,26,4,4,0,0,14,1,1,9,False
18802233956,1,100,4,0,3,38,16,16,9,False
18989781863,40,9,4,0,0,17,1,1,8,False
18702113651,42,11,4,0,0,45,37,37,9,False
17731093916,11,0,4,0,1,8,36,36,24,False
18636055184,45,2,3,0,0,32,27,27,39,False
18702113651,4,4,4,0,3,18,5,5,2,False
13074255915,21,20,4,0,0,37,29,29,0,False
15797725211,42,2,4,0,3,15,16,16,39,False
15079495784,4,19,4,0,2,1,0,0,39,False
18765816132,38,0,1,0,3,14,12,12,39,False
19852999776,15,2,1,0,2,26,31,31,24,False
17623708813,15,13,2,0,0,15,21,21,21,True
18702113651,41,1,4,0,2,4,25,25,39,False
17713196465,8,7,2,0,1,38,22,22,0,False
18989781863,15,4,4,0,1,9,0,0,0,True
13074255915,15,6,3,0,2,18,45,45,39,False
15165929133,40,0,4,0,0,20,2,2,0,False
18053307086,21,5,4,0,1,30,21,21,0,False
18053307086,26,8,4,0,2,3,19,19,39,False
19831701219,12,19,4,0,3,12,41,41,39,False
18702113651,22,0,2,0,0,44,10,10,9,False
13074255915,12,1,4,0,1,40,26,26,39,False
17331496902,23,3,4,0,0,23,2,2,9,False
19550593600,23,8,2,0,3,16,32,32,39,False
18053307086,1,8,4,0,2,15,39,39,39,True
15735414945,19,51,4,0,2,3,16,16,24,False
15167050060,23,9,4,0,0,21,14,14,19,False
18989781863,3,1,4,0,3,15,16,16,39,False
19834840803,48,4,4,0,3,32,20,20,19,False
18636055184,8,8,3,0,1,22,29,29,39,False
15079495784,30,12,4,0,3,22,23,23,39,False
18765816132,50,15,4,0,2,31,9,9,9,True
18053307086,9,10,3,0,1,4,11,11,39,False
19834840803,44,0,4,0,3,3,20,20,39,False
18365196069,25,4,4,0,3,2,19,19,39,False
19948700293,6,1,4,0,2,6,14,14,0,False
19881266563,33,13,4,0,1,37,1,1,1,True
18758415613,42,1,4,0,3,8,32,32,39,False
17731093916,10,7,4,0,2,31,39,39,39,True
15260233525,1,15,4,0,0,31,21,21,0,False
19852999776,44,8,4,0,3,12,5,5,2,False
13130819298,45,25,4,0,1,2,0,0,0,True
17713196465,18,48,4,0,0,28,6,6,19,False
15167050060,8,5,4,0,1,24,9,9,9,True
17623708813,18,4,4,0,0,24,11,11,9,False
15165929133,45,6,4,0,1,34,11,11,0,False
18365196069,44,6,4,0,0,45,3,3,9,False
13943039298,42,5,4,0,0,40,2,2,9,False
19881266563,48,2,1,0,2,28,24,24,39,False
18365196069,28,1,4,0,1,1,8,8,39,False
19948700293,33,3,4,0,0,35,8,8,9,False
17713196465,29,17,4,0,1,44,43,43,39,False
17713196465,36,27,3,0,0,10,24,24,39,False
15797725211,32,16,4,0,0,27,2,2,0,False
18758415613,30,5,3,0,0,18,13,13,19,False
18664891854,29,8,2,0,0,29,22,22,0,False
18702113651,48,7,4,0,0,25,10,10,9,False
19881266563,25,11,4,0,3,30,46,46,39,False
13630678332,20,0,1,0,1,48,24,24,0,False
19550593600,17,0,4,0,0,43,39,39,2,False
17527328008,18,12,4,0,3,37,31,31,39,False
19831701219,12,20,4,0,2,12,32,32,39,False
18664891854,19,2,2,0,0,41,27,27,0,False
13943039298,1,9,4,0,3,16,9,9,9,True
17331496902,26,3,4,0,2,7,16,16,39,False
13130819298,13,7,4,0,2,29,44,44,0,False
19852999776,37,3,3,0,1,12,1,1,9,False
18053307086,2,15,4,0,3,28,21,21,39,False
17527328008,36,9,3,0,2,25,41,41,39,False
13130819298,39,0,1,0,2,16,7,7,8,False
19859608897,6,1,2,0,2,20,40,40,0,False
15167050060,14,8,4,0,2,20,41,41,0,False
17623708813,20,17,3,0,3,36,31,31,1,False
13932780308,27,8,1,0,0,7,0,0,9,False
17331496902,8,2,4,0,2,23,36,36,39,False
18758415613,38,12,4,0,3,37,40,40,39,False
13074255915,41,23,4,0,0,31,24,24,9,False
18636055184,23,11,4,0,1,30,29,29,9,False
15165929133,43,21,4,0,3,23,9,9,9,True
18802233956,12,5,1,0,2,2,14,14,0,False
15735414945,43,3,1,0,1,17,7,7,0,False
17623708813,25,9,4,0,2,30,46,46,39,False
17731093916,12,1,4,0,1,8,41,41,39,False
13943039298,40,1,4,0,1,46,42,42,9,False
16726368276,13,8,4,0,0,26,19,19,39,False
16630722126,12,2,3,0,0,30,7,7,9,False
18053307086,27,20,4,0,2,12,19,19,39,False
18053307086,50,0,3,0,1,9,7,7,39,False
19881266563,36,4,2,0,3,8,11,11,1,False
19550593600,10,12,4,0,3,30,39,39,39,True
15079495784,10,7,4,0,2,28,18,18,19,False
16630722126,7,1,4,0,1,40,11,11,2,False
13670356740,3,2,1,0,0,35,7,7,9,False
18702113651,31,2,4,0,1,33,24,24,9,False
19550593600,37,7,4,0,2,22,46,46,39,False
19970957519,45,4,4,0,3,31,25,25,9,False
15079495784,23,39,4,0,1,10,16,16,0,False
17807329663,27,4,4,0,1,37,2,2,1,False
17713196465,38,2,3,0,3,14,19,19,39,False
18702113651,10,5,4,0,2,10,29,29,0,False
16630722126,5,3,3,0,2,4,10,10,0,False
19881266563,14,0,2,0,3,43,35,35,39,False
13074255915,33,42,4,0,0,46,39,39,19,False
16726368276,19,9,4,0,2,23,37,37,39,False
17623708813,5,4,4,0,0,38,9,9,0,False
15735414945,35,10,2,0,1,27,12,12,9,False
19550593600,34,22,4,0,3,22,14,14,0,False
13932780308,11,5,2,0,2,28,35,35,39,False
19852999776,12,15,4,0,3,12,5,5,2,False
15797725211,39,11,4,0,0,33,10,10,1,False
19881266563,6,14,2,0,2,10,17,17,39,False
17807329663,18,1,4,0,3,9,45,45,39,False
19834840803,20,4,1,0,1,33,27,27,9,False
18989781863,17,1,4,0,0,16,9,9,9,True
13670356740,45,3,2,0,0,35,8,8,9,False
18802233956,44,9,4,0,1,33,44,44,9,False
15079495784,38,11,4,0,1,30,44,44,39,False
17527328008,5,28,4,0,0,15,8,8,9,False
17713196465,37,6,4,0,1,25,17,17,9,False
18365196069,13,4,4,0,0,40,23,23,8,False
15165929133,50,15,4,0,0,15,8,8,9,False
17527328008,31,6,1,0,0,22,14,14,0,False
17731093916,14,10,4,0,2,12,19,19,39,False
19831701219,26,7,2,0,0,35,8,8,9,False
15735414945,22,3,4,0,0,31,25,25,9,False
17807329663,47,21,4,0,2,28,32,32,39,False
19948700293,12,3,4,0,2,10,1,1,9,False
18991311567,31,27,4,0,3,19,15,15,9,False
15797725211,11,5,4,0,1,31,30,30,0,False
15165929133,28,11,4,0,2,30,38,38,39,False
18053307086,9,31,4,0,0,14,0,0,0,True
18664891854,27,12,4,0,1,33,25,25,9,False
18802233956,13,14,4,0,0,26,10,10,9,False
19948700293,40,9,4,0,0,31,24,24,9,False
17731093916,47,15,3,0,1,8,1,1,0,False
13130819298,34,11,3,0,0,22,24,24,39,False
17623708813,20,8,4,0,2,39,36,36,0,False
18802233956,7,1,4,0,1,48,38,38,9,False
17623708813,5,1,3,0,1,29,45,45,9,False
19948700293,5,0,3,0,3,8,20,20,9,False
18053307086,37,6,4,0,1,12,16,16,9,False
19970957519,23,0,2,0,1,33,0,0,9,False
13670356740,36,2,4,0,0,15,5,5,19,False
13932780308,16,10,3,0,3,28,30,30,39,False
19831701219,41,17,4,0,3,18,15,15,39,False
13074255915,12,9,3,0,3,46,47,47,39,False
16726368276,44,3,4,0,2,11,14,14,0,False
17713196465,14,15,4,0,2,12,32,32,39,False
18664891854,15,7,3,0,0,32,4,4,13,False
18802233956,34,1,4,0,2,0,11,11,24,False
15661502139,39,54,4,0,0,44,36,36,9,False
18765816132,11,10,4,0,1,40,39,39,21,False
17527328008,4,32,1,0,1,27,34,34,0,False
13670356740,8,3,4,0,1,23,43,43,24,False
17623708813,13,5,4,0,3,17,25,25,39,False
19881266563,45,11,4,0,2,26,1,1,9,False
18702113651,41,6,4,0,0,46,39,39,19,False
17527328008,19,4,4,0,1,23,22,22,9,False
17731093916,32,5,1,0,1,8,1,1,0,False
19859608897,35,8,4,0,1,17,21,21,0,False
17623708813,49,3,3,0,2,15,39,39,39,True
18989781863,41,2,4,0,2,15,17,17,39,False
13943039298,10,4,4,0,3,18,5,5,19,False
19970957519,37,0,2,0,0,44,17,17,9,False
18664891854,21,5,1,0,3,45,48,48,19,False
15735414945,17,3,3,0,2,23,40,40,39,False
18802233956,44,7,1,0,2,23,44,44,39,False
18365196069,46,6,4,0,1,46,31,31,9,False
13401917913,27,5,3,0,1,9,21,21,0,False
13130819298,1,2,4,0,1,17,38,38,19,False
13932780308,47,9,1,0,1,17,24,24,39,False
15661502139,17,3,2,0,2,2,1,1,0,False
13401917913,9,0,3,0,0,22,19,19,39,False
19852999776,42,7,4,0,1,24,10,10,24,False
19834840803,40,11,3,0,1,23,15,15,0,False
17807329663,17,7,2,0,1,13,25,25,39,False
18053307086,46,1,4,0,1,46,43,43,9,False
16630722126,8,13,4,0,0,25,4,4,1,False
19881266563,14,6,3,0,1,26,10,10,1,False
19948700293,12,8,4,0,0,31,24,24,9,False
18991311567,44,7,1,0,2,2,9,9,24,False
13130819298,29,10,4,0,2,31,43,43,0,False
13401917913,9,12,3,0,3,4,19,19,39,False
19970957519,38,4,3,0,3,8,6,6,1,False
19948700293,50,22,4,0,1,25,24,24,9,False
19970957519,14,26,4,0,1,37,14,14,9,False
19831701219,10,26,4,0,2,26,45,45,39,False
19970957519,15,3,1,0,0,10,1,1,0,False
18765816132,50,14,4,0,1,31,9,9,9,True
13943039298,12,11,4,0,0,16,9,9,0,False
13630678332,38,6,4,0,0,18,4,4,19,False
17623708813,5,52,4,0,1,17,33,33,39,False
19881266563,13,3,2,0,1,33,35,35,0,False
13130819298,5,25,2,0,2,38,46,46,39,False
19550593600,17,1,1,0,0,17,9,9,9,True
13130819298,8,11,3,0,3,11,39,39,39,True
18758415613,19,0,3,0,0,19,11,11,9,False
16726368276,15,2,4,0,1,27,41,41,0,False
13130819298,13,10,2,0,0,10,8,8,0,False
18758415613,25,2,4,0,1,5,3,3,9,False
18664891854,5,1,4,0,3,36,44,44,39,False
19852999776,5,25,4,0,2,18,17,17,9,False
15661502139,2,11,4,0,0,33,11,11,1,False
15165929133,29,70,4,0,3,18,20,20,19,False
18365196069,17,12,3,0,3,25,13,13,1,False
15661502139,26,1,4,0,3,43,41,41,39,False
15661502139,19,12,4,0,1,26,6,6,9,False
13130819298,47,1,1,0,3,14,4,4,39,False
19881266563,46,4,2,0,0,15,5,5,19,False
19881266563,15,2,4,0,1,10,1,1,0,False
19881266563,23,4,4,0,0,17,18,18,19,False
17807329663,13,3,4,0,3,21,23,23,39,False
13074255915,9,8,1,0,3,26,20,20,39,False
17331496902,3,1,1,0,2,24,30,30,24,False
15167050060,47,8,4,0,3,1,4,4,39,False
15079495784,35,14,4,0,2,10,16,16,0,False
13513580369,7,2,4,0,1,17,39,39,39,True
13670356740,20,3,1,0,2,38,39,39,19,False
18664891854,25,14,4,0,3,4,13,13,39,False
15661502139,22,23,4,0,2,17,23,23,39,False
17623708813,41,125,4,0,1,43,0,0,19,False
13630678332,33,15,4,0,0,40,17,17,8,False
19881266563,4,4,3,0,3,16,37,37,24,False
19834840803,3,2,1,0,3,8,3,3,9,False
19881266563,8,3,4,0,2,0,4,4,39,False
18989781863,40,14,4,0,2,13,20,20,39,False
18365196069,11,8,4,0,0,44,21,21,9,False
15079495784,12,18,4,0,1,36,1,1,9,False
13943039298,47,15,4,0,1,16,15,15,9,False
17713196465,29,9,1,0,1,3,2,2,0,False
19881266563,12,34,4,0,1,31,13,13,39,False
19834840803,41,19,3,0,1,40,39,39,39,True
15079495784,33,27,4,0,2,18,33,33,39,False
18702113651,42,10,4,0,0,21,37,37,19,False
13943039298,21,4,3,0,1,33,32,32,0,False
19881266563,41,10,4,0,3,17,27,27,39,False
13932780308,20,7,1,0,1,11,17,17,0,False
19550593600,13,8,4,0,0,44,7,7,9,False
16630722126,23,6,3,0,1,8,31,31,0,False
13401917913,14,8,4,0,0,30,31,31,9,False
18758415613,6,7,4,0,1,37,36,36,24,False
15079495784,32,6,2,0,3,2,3,3,10,False
15079495784,3,7,3,0,3,32,9,9,9,True
16630722126,19,5,4,0,3,7,30,30,39,False
19852999776,23,0,2,0,2,18,30,30,39,False
18365196069,23,3,1,0,3,44,46,46,39,False
13670356740,19,3,4,0,0,25,16,16,9,False
19834840803,36,1,4,0,0,39,8,8,0,False
19970957519,43,19,4,0,3,45,40,40,39,False
15735414945,5,1,2,0,0,9,11,11,9,False
18636055184,45,15,4,0,1,13,19,19,0,False
19550593600,1,8,4,0,0,25,13,13,9,False
17527328008,9,5,4,0,2,38,47,47,39,False
13130819298,43,3,4,0,2,8,47,47,24,False
13932780308,25,0,4,0,0,31,18,18,39,False
18636055184,18,3,4,0,1,48,34,34,1,False
15167050060,48,5,4,0,0,16,15,15,9,False
18991311567,13,17,1,0,3,11,38,38,39,False
17713196465,11,12,4,0,2,19,32,32,39,False
17807329663,22,3,4,0,2,10,38,38,39,False
16630722126,48,0,2,0,0,38,47,47,39,False
18765816132,32,7,2,0,0,32,25,25,39,False
13074255915,9,4,4,0,0,30,21,21,1,False
15079495784,20,8,4,0,1,11,16,16,9,False
17623708813,24,8,4,0,3,26,36,36,0,False
13074255915,37,5,4,0,2,1,47,47,39,False
13130819298,36,23,4,0,0,35,16,16,9,False
17623708813,38,30,4,0,2,17,34,34,39,False
15797725211,34,4,4,0,2,26,24,24,0,False
15260233525,35,12,4,0,0,13,5,5,19,False
18664891854,28,0,1,0,1,27,33,33,0,False
19948700293,1,6,4,0,3,9,20,20,39,False
16630722126,31,1,3,0,2,12,24,24,0,False
18765816132,5,10,4,0,1,33,40,40,39,False
16726368276,2,1,4,0,2,38,41,41,39,False
19834840803,13,11,4,0,0,31,24,24,9,False
16726368276,24,4,4,0,3,3,19,19,39,False
18702113651,6,178,4,0,0,8,3,3,39,False
18989781863,42,4,4,0,0,31,23,23,0,False
13943039298,5,10,4,0,2,33,41,41,39,False
13943039298,2,5,4,0,1,5,14,14,9,False
15079495784,29,17,4,0,1,36,15,15,9,False
19831701219,33,7,3,0,3,32,18,18,19,False
19948700293,10,5,4,0,2,39,38,38,0,False
18664891854,33,17,4,0,3,38,27,27,19,False
13401917913,42,22,4,0,2,17,10,10,9,False
18664891854,42,3,4,0,2,9,32,32,9,False
15797725211,14,7,2,0,0,25,19,19,9,False
19970957519,49,6,2,0,1,27,5,5,9,False
13670356740,12,6,4,0,1,43,42,42,19,False
19550593600,32,9,2,0,2,16,28,28,0,False
19970957519,46,28,4,0,3,28,21,21,39,False
18758415613,8,3,1,0,3,25,20,20,1,False
18991311567,26,5,4,0,3,40,16,16,9,False
13401917913,30,11,4,0,0,16,3,3,9,False
17623708813,19,7,4,0,2,13,32,32,39,False
15079495784,47,1,3,0,0,46,47,47,19,False
18991311567,32,0,2,0,2,22,16,16,39,False
19948700293,12,1,3,0,1,27,34,34,0,False
19970957519,9,5,3,0,2,24,11,11,39,False
19859608897,1,0,2,0,1,33,26,26,9,False
18053307086,8,8,4,0,1,45,37,37,9,False
19852999776,5,4,3,0,3,29,30,30,39,False
18365196069,30,13,4,0,1,23,22,22,9,False
18802233956,20,9,4,0,0,12,5,5,2,False
15165929133,16,4,4,0,1,45,0,0,9,False
17623708813,5,7,1,0,3,37,39,39,39,True
17713196465,47,2,4,0,0,16,1,1,8,False
13074255915,50,1,4,0,0,39,25,25,0,False
18758415613,29,1,1,0,2,31,30,30,24,False
18664891854,13,8,4,0,3,2,10,10,39,False
15165929133,2,12,4,0,0,17,9,9,9,True
15661502139,45,14,4,0,2,29,31,31,24,False
17623708813,15,9,4,0,1,6,10,10,0,False
13074255915,34,3,1,0,3,2,12,12,39,False
13932780308,13,13,4,0,2,23,32,32,39,False
18664891854,33,10,4,0,1,46,27,27,9,False
19859608897,8,5,2,0,2,26,40,40,39,False
13401917913,46,13,1,0,0,19,33,33,9,False
19550593600,37,0,2,0,3,29,39,39,9,False
15735414945,25,13,4,0,0,35,21,21,9,False
13943039298,2,6,4,0,2,7,44,44,39,False
19881266563,9,0,4,0,2,2,44,44,39,False
18664891854,18,2,4,0,2,18,31,31,39,False
18989781863,9,6,4,0,3,11,12,12,39,False
18053307086,31,20,4,0,1,8,0,0,24,False
17623708813,1,24,4,0,0,16,31,31,39,False
15167050060,9,9,4,0,2,32,39,39,39,True
15797725211,3,10,4,0,0,28,23,23,19,False
19834840803,47,9,4,0,2,11,29,29,0,False
19970957519,31,18,3,0,0,33,16,16,8,False
18802233956,25,15,4,0,3,36,43,43,39,False
17807329663,25,1,2,0,3,39,13,13,1,False
13513580369,25,1,2,0,1,38,43,43,0,False
18758415613,48,10,4,0,2,21,36,36,39,False
18053307086,47,7,4,0,0,29,15,15,0,False
15661502139,10,15,2,0,2,26,38,38,39,False
18991311567,27,3,4,0,1,24,3,3,9,False
13130819298,8,3,4,0,2,18,24,24,39,False
13513580369,24,6,4,0,3,8,16,16,39,False
13943039298,23,1,4,0,0,31,17,17,0,False
18758415613,43,8,4,0,2,31,39,39,39,True
15167050060,5,14,4,0,0,44,45,45,39,False
15260233525,38,8,4,0,2,38,46,46,39,False
15797725211,6,2,4,0,2,8,17,17,39,False
16726368276,8,3,4,0,0,17,10,10,0,False
13670356740,37,11,4,0,2,33,46,46,24,False
17807329663,21,6,4,0,0,25,23,23,9,False
18802233956,25,3,4,0,2,18,33,33,39,False
18765816132,21,12,4,0,2,34,48,48,39,False
19831701219,11,4,3,0,1,46,45,45,9,False
19948700293,26,9,3,0,2,25,45,45,24,False
17807329663,44,6,4,0,3,15,23,23,39,False
13630678332,44,12,4,0,0,16,3,3,9,False
19852999776,5,16,4,0,1,29,36,36,9,False
15167050060,20,4,1,0,0,18,4,4,19,False
17623708813,40,5,3,0,0,9,12,12,19,False
19831701219,4,3,1,0,2,21,16,16,19,False
17807329663,3,6,4,0,1,3,0,0,9,False
18664891854,19,1,1,0,3,31,48,48,39,False
18664891854,36,4,4,0,2,18,20,20,39,False
19859608897,8,9,2,0,3,33,40,40,24,False
19859608897,44,10,1,0,2,2,9,9,24,False
19970957519,2,15,4,0,3,23,24,24,39,False
18664891854,41,3,4,0,3,37,40,40,39,False
15735414945,2,4,2,0,3,14,11,11,39,False
15797725211,29,58,4,0,1,39,31,31,0,False
15797725211,37,2,3,0,3,32,41,41,39,False
16630722126,38,6,3,0,3,47,48,48,10,False
17527328008,28,2,4,0,2,4,2,2,0,False
18802233956,12,12,4,0,0,17,41,41,39,False
18989781863,28,6,4,0,3,9,3,3,19,False
18702113651,8,22,2,0,1,17,41,41,39,False
18053307086,33,2,2,0,2,23,46,46,24,False
19881266563,14,5,3,0,0,33,10,10,1,False
18758415613,44,4,4,0,3,38,40,40,39,False
17527328008,45,5,4,0,3,0,1,1,24,False
19852999776,11,1,1,0,1,5,31,31,39,False
17623708813,10,143,4,0,0,23,13,13,19,False
18702113651,25,7,1,0,1,29,31,31,39,False
18053307086,25,6,4,0,0,37,15,15,0,False
18765816132,7,5,4,0,3,24,32,32,39,False
13513580369,26,0,4,0,1,19,33,33,9,False
18758415613,31,3,3,0,0,36,1,1,9,False
17331496902,42,6,4,0,0,10,3,3,9,False
19859608897,37,7,4,0,2,37,48,48,39,False
15797725211,14,5,2,0,1,26,19,19,2,False
15260233525,41,0,2,0,1,32,30,30,39,False
15079495784,16,12,1,0,0,35,21,21,9,False
13670356740,50,18,4,0,3,18,6,6,19,False
15735414945,17,24,4,0,0,28,9,9,19,False
19948700293,12,9,4,0,2,18,8,8,9,False
15079495784,46,19,4,0,2,12,32,32,24,False
13932780308,4,2,4,0,2,22,33,33,39,False
18636055184,43,0,3,0,0,17,9,9,9,True
18636055184,18,7,4,0,2,9,10,10,19,False
15797725211,45,8,4,0,1,37,8,8,1,False
18365196069,5,10,2,0,3,31,41,41,39,False
17807329663,20,4,4,0,1,18,23,23,9,False
17527328008,49,109,4,0,0,10,1,1,9,False
19859608897,38,1,1,0,3,22,39,39,39,True
18664891854,39,7,4,0,1,9,24,24,19,False
18664891854,40,4,1,0,0,7,1,1,19,False
13130819298,19,10,4,0,1,38,16,16,9,False
15260233525,21,13,4,0,2,26,32,32,39,False
18365196069,15,14,4,0,2,16,8,8,0,False
19948700293,18,9,2,0,0,14,1,1,9,False
15079495784,39,6,1,0,3,29,16,16,1,False
19859608897,47,2,2,0,2,5,19,19,39,False
15735414945,6,31,4,0,1,32,24,24,0,False
19881266563,17,20,4,0,3,30,38,38,39,False
19834840803,5,3,4,0,2,10,4,4,39,False
18702113651,23,5,4,0,1,22,36,36,39,False
19831701219,6,28,4,0,0,10,9,9,9,True
18053307086,13,14,4,0,3,4,6,6,39,False
18802233956,8,10,4,0,1,30,45,45,39,False
13932780308,24,28,2,0,1,15,0,0,0,True
18758415613,40,4,3,0,1,5,45,45,39,False
17731093916,2,8,4,0,1,34,27,27,0,False
13401917913,25,3,2,0,3,16,19,19,39,False
17623708813,20,32,4,0,0,36,16,16,9,False
18765816132,33,15,4,0,1,16,15,15,9,False
17713196465,36,55,3,0,3,2,24,24,39,False
17713196465,10,8,4,0,1,1,7,7,9,False
19831701219,44,30,4,0,1,36,0,0,1,False
19831701219,30,19,4,0,1,22,21,21,9,False
17713196465,10,37,4,0,0,36,23,23,9,False
15797725211,10,13,4,0,1,24,0,0,39,False
18053307086,23,9,4,0,0,38,2,2,9,False
17623708813,26,3,2,0,3,8,19,19,1,False
15079495784,6,9,4,0,0,12,1,1,9,False
16630722126,24,3,2,0,1,43,42,42,2,False
18765816132,35,7,4,0,2,3,19,19,39,False
16630722126,42,7,3,0,2,2,1,1,0,False
18664891854,18,4,2,0,3,40,27,27,39,False
17527328008,49,1,4,0,3,22,36,36,39,False
15735414945,3,38,4,0,1,37,9,9,9,True
17807329663,6,16,2,0,1,19,45,45,9,False
19550593600,30,1,1,0,1,47,33,33,9,False
19831701219,44,23,4,0,3,24,0,0,39,False
19834840803,43,21,4,0,2,33,40,40,39,False
19948700293,14,0,4,0,3,9,25,25,24,False
17331496902,2,10,4,0,1,37,29,29,9,False
13074255915,42,6,2,0,2,30,24,24,39,False
19859608897,7,1,4,0,3,31,48,48,39,False
17807329663,28,1,1,0,1,26,11,11,9,False
15661502139,20,15,4,0,2,26,31,31,24,False
17331496902,12,15,4,0,2,34,47,47,39,False
13670356740,21,18,4,0,1,15,0,0,0,True
19831701219,26,8,3,0,2,36,43,43,39,False
13670356740,41,4,4,0,1,29,39,39,39,True
15735414945,17,8,3,0,3,36,40,40,39,False
15260233525,38,10,2,0,1,29,37,37,9,False
19970957519,19,0,1,0,0,45,30,30,2,False
13130819298,18,8,3,0,1,11,0,0,0,True
19852999776,7,3,4,0,1,9,26,26,9,False
13630678332,32,8,4,0,2,18,19,19,19,True
19852999776,40,5,4,0,2,22,17,17,39,False
18664891854,17,15,4,0,3,32,33,33,39,False
13513580369,4,17,1,0,2,8,0,0,0,True
19550593600,24,17,4,0,0,15,9,9,39,False
17623708813,50,3,4,0,1,48,10,10,9,False
18365196069,29,10,4,0,0,17,2,2,9,False
13074255915,12,11,4,0,0,16,9,9,0,False
18765816132,28,1,4,0,1,38,29,29,0,False
19852999776,46,2,4,0,1,23,43,43,39,False
19834840803,2,35,4,0,1,40,46,46,21,False
15079495784,46,5,4,0,3,4,20,20,39,False
13074255915,17,2,4,0,1,12,10,10,9,False
18365196069,3,0,4,0,1,3,0,0,0,True
15079495784,23,0,4,0,3,29,19,19,9,False
17731093916,8,8,4,0,2,18,26,26,39,False
18365196069,26,8,4,0,3,17,24,24,39,False
19948700293,11,3,3,0,3,16,24,24,39,False
18802233956,22,10,4,0,1,27,19,19,9,False
18758415613,3,4,3,0,2,39,48,48,39,False
19550593600,6,8,1,0,3,4,12,12,39,False
18053307086,13,20,4,0,1,25,17,17,9,False
15079495784,28,1,4,0,3,43,41,41,19,False
18365196069,39,0,4,0,0,24,18,18,39,False
15735414945,47,2,4,0,3,31,16,16,1,False
15797725211,2,19,4,0,0,29,15,15,1,False
13074255915,15,8,4,0,1,23,15,15,9,False
13401917913,6,1,1,0,1,46,36,36,9,False
15167050060,5,1,4,0,3,18,12,12,39,False
15661502139,31,21,4,0,1,12,11,11,9,False
13630678332,6,14,3,0,1,15,1,1,9,False
17713196465,33,8,3,0,0,22,15,15,9,False
13401917913,33,8,4,0,0,39,27,27,1,False
15079495784,28,12,3,0,2,26,32,32,39,False
17731093916,37,2,4,0,1,32,9,9,9,True
17807329663,29,2,4,0,1,48,38,38,9,False
15735414945,21,15,4,0,0,26,11,11,9,False
18802233956,48,6,4,0,0,48,19,19,9,False
16726368276,14,1,4,0,1,18,22,22,39,False
17713196465,11,16,4,0,3,25,32,32,39,False
18765816132,32,5,2,0,1,34,25,25,0,False
18702113651,1,3,1,0,2,21,28,28,19,False
18765816132,48,9,4,0,2,26,48,48,39,False
13670356740,9,0,4,0,1,39,0,0,0,True
18758415613,35,2,4,0,0,12,2,2,0,False
18802233956,26,31,4,0,2,30,37,37,24,False
19970957519,9,11,4,0,2,38,10,10,0,False
19881266563,27,2,4,0,1,26,5,5,9,False
13670356740,24,6,4,0,3,32,18,18,2,False
17331496902,41,5,2,0,2,20,41,41,0,False
15735414945,12,21,4,0,0,35,7,7,9,False
18365196069,46,9,4,0,3,32,39,39,39,True
17623708813,40,15,4,0,1,29,45,45,0,False
15165929133,43,6,3,0,3,17,27,27,39,False
16630722126,42,2,4,0,1,24,11,11,39,False
13670356740,43,18,4,0,1,5,10,10,0,False
15797725211,37,6,3,0,3,33,41,41,39,False
17807329663,16,11,4,0,1,23,39,39,24,False
17807329663,42,10,1,0,0,29,24,24,9,False
19834840803,16,9,3,0,1,40,39,39,39,True
18636055184,50,5,4,0,1,33,39,39,39,True
16630722126,40,7,3,0,2,20,24,24,0,False
18636055184,47,4,1,0,2,25,39,39,39,True
19831701219,17,21,4,0,3,42,38,38,39,False
17623708813,45,14,4,0,3,37,38,38,39,False
15661502139,27,21,4,0,3,32,18,18,2,False
18636055184,47,2,3,0,3,2,18,18,39,False
15797725211,50,13,4,0,1,30,46,46,39,False
13943039298,8,6,2,0,3,17,27,27,39,False
19859608897,4,10,4,0,0,22,15,15,0,False
15260233525,8,5,4,0,3,14,4,4,39,False
19948700293,49,0,4,0,3,17,14,14,9,False
13670356740,48,15,3,0,3,12,13,13,39,False
17331496902,19,2,1,0,3,37,40,40,39,False
19970957519,32,1,1,0,2,15,23,23,39,False
17713196465,34,12,4,0,1,27,6,6,9,False
18802233956,29,1,3,0,0,31,15,15,8,False
19831701219,38,1,1,0,1,36,9,9,9,True
17807329663,48,2,4,0,1,46,36,36,9,False
13943039298,46,4,4,0,1,17,16,16,9,False
13074255915,39,0,3,0,2,24,26,26,39,False
19550593600,43,10,4,0,1,26,45,45,39,False
13074255915,47,2,4,0,2,24,40,40,39,False
15079495784,36,14,4,0,2,8,34,34,39,False
17527328008,25,8,2,0,1,38,45,45,39,False
18758415613,18,2,4,0,3,23,39,39,39,True
15165929133,8,3,2,0,0,25,18,18,9,False
13670356740,1,9,4,0,2,5,9,9,0,False
18802233956,37,39,4,0,2,10,16,16,39,False
13670356740,45,6,4,0,1,6,1,1,0,False
18989781863,15,1,4,0,1,4,8,8,9,False
18758415613,41,6,4,0,3,40,33,33,9,False
15797725211,32,6,2,0,1,11,1,1,0,False
17623708813,40,8,3,0,3,4,12,12,39,False
15661502139,42,4,4,0,3,9,23,23,39,False
19831701219,45,34,4,0,3,14,1,1,39,False
13401917913,49,0,4,0,0,44,43,43,9,False
19881266563,29,15,4,0,3,44,47,47,39,False
13401917913,46,8,2,0,1,41,47,47,9,False
18758415613,45,9,4,0,1,8,1,1,0,False
15165929133,32,3,4,0,0,23,17,17,19,False
17527328008,28,13,4,0,1,26,19,19,39,False
13670356740,22,13,4,0,1,13,25,25,39,False
19550593600,13,15,4,0,2,7,15,15,39,False
15735414945,17,3,4,0,3,39,9,9,1,False
13401917913,2,8,4,0,1,34,20,20,21,False
13401917913,32,4,3,0,2,2,9,9,24,False
19970957519,40,1,4,0,2,15,18,18,39,False
19948700293,13,0,4,0,2,33,46,46,9,False
17807329663,13,10,4,0,0,26,13,13,21,False
15167050060,2,12,4,0,2,16,2,2,9,False
16630722126,47,12,4,0,1,22,21,21,0,False
15165929133,36,1,4,0,0,40,48,48,39,False
15735414945,17,5,3,0,1,29,40,40,0,False
13401917913,43,4,4,0,0,46,40,40,9,False
18365196069,42,7,2,0,1,3,2,2,9,False
15167050060,27,21,4,0,1,32,24,24,9,False
19831701219,18,6,4,0,1,18,9,9,39,False
17331496902,12,9,4,0,2,10,47,47,39,False
18365196069,18,1,4,0,2,41,47,47,0,False
13130819298,9,3,2,0,2,15,44,44,39,False
13401917913,24,2,4,0,1,12,8,8,9,False
19881266563,7,6,4,0,2,24,16,16,9,False
19550593600,28,4,4,0,3,24,3,3,39,False
17331496902,1,13,4,0,0,34,13,13,9,False
15797725211,9,34,4,0,0,8,1,1,9,False
18989781863,15,24,4,0,3,40,41,41,39,False
18053307086,48,9,4,0,2,16,31,31,39,False
15167050060,39,16,4,0,1,18,2,2,9,False
17807329663,25,17,3,0,1,32,37,37,39,False
15735414945,27,12,4,0,0,32,2,2,9,False
18758415613,26,2,1,0,2,4,9,9,0,False
19834840803,31,9,4,0,1,34,32,32,0,False
18053307086,25,8,4,0,2,28,36,36,39,False
18702113651,14,10,4,0,3,18,1,1,39,False
18053307086,31,44,4,0,3,9,16,16,39,False
18802233956,48,10,4,0,1,20,19,19,0,False
13670356740,1,23,4,0,3,10,9,9,9,True
16726368276,10,15,1,0,1,30,28,28,0,False
17623708813,41,240,4,0,1,11,0,0,0,True
19881266563,20,38,4,0,0,43,23,23,19,False
13943039298,1,1,4,0,2,7,20,20,39,False
19550593600,20,28,4,0,1,2,7,7,0,False
13630678332,50,23,4,0,3,46,48,48,39,False
13670356740,45,0,2,0,1,38,8,8,0,False
15661502139,42,2,4,0,2,12,37,37,39,False
19970957519,15,2,2,0,3,2,18,18,39,False
19852999776,7,29,4,0,1,18,12,12,19,False
18636055184,3,12,3,0,0,22,14,14,9,False
18664891854,2,14,3,0,1,8,0,0,9,False
13513580369,42,8,4,0,3,10,18,18,39,False
18758415613,28,6,4,0,2,19,2,2,0,False
18758415613,11,0,2,0,3,47,33,33,2,False
17807329663,9,16,4,0,3,38,41,41,39,False
13074255915,26,7,4,0,0,11,13,13,19,False
17331496902,42,2,4,0,2,4,3,3,0,False
17807329663,49,15,4,0,1,18,17,17,9,False
18991311567,20,0,1,0,1,31,9,9,9,True
15661502139,8,10,4,0,2,33,46,46,24,False
19831701219,16,6,4,0,0,29,23,23,39,False
19881266563,27,0,3,0,2,0,3,3,24,False
13943039298,2,0,2,0,1,26,14,14,0,False
17731093916,12,15,4,0,3,32,41,41,39,False
17713196465,8,5,4,0,2,5,12,12,39,False
15797725211,33,32,4,0,3,5,25,25,39,False
18758415613,5,0,4,0,0,19,11,11,9,False
19834840803,28,1,4,0,2,9,23,23,24,False
18765816132,47,1,1,0,3,17,48,48,39,False
17623708813,41,142,4,0,0,28,0,0,19,False
19859608897,45,9,1,0,2,2,9,9,24,False
15079495784,46,3,4,0,3,2,20,20,39,False
17713196465,46,8,2,0,2,18,31,31,39,False
13670356740,18,3,4,0,3,30,26,26,39,False
15079495784,11,3,4,0,0,33,25,25,1,False
18802233956,16,19,4,0,3,17,26,26,39,False
13074255915,47,8,3,0,1,23,7,7,0,False
13401917913,47,18,4,0,0,34,20,20,9,False
17807329663,47,22,4,0,1,18,24,24,9,False
13630678332,7,3,4,0,1,11,2,2,0,False
13943039298,27,5,4,0,0,16,9,9,9,True
13074255915,48,4,3,0,2,9,12,12,39,False
18989781863,29,2,4,0,0,29,22,22,9,False
17623708813,9,21,4,0,1,11,1,1,9,False
18802233956,24,48,4,0,0,14,0,0,0,True
19831701219,41,3,1,0,3,35,44,44,39,False
18053307086,29,1,4,0,3,36,2,2,9,False
17331496902,50,7,3,0,0,37,22,22,0,False
18765816132,3,2,4,0,1,12,9,9,0,False
13513580369,41,5,4,0,0,8,1,1,0,False
18664891854,36,11,4,0,3,22,28,28,39,False
17807329663,21,1,4,0,0,41,0,0,0,True
18802233956,4,3,4,0,3,38,41,41,39,False
19970957519,50,2,2,0,1,6,5,5,9,False
18702113651,1,5,2,0,0,25,9,9,9,True
13130819298,8,4,3,0,2,22,39,39,39,True
19970957519,42,26,4,0,0,16,24,24,39,False
15661502139,44,5,3,0,0,17,26,26,19,False
19831701219,27,7,4,0,1,37,8,8,0,False
18702113651,17,18,4,0,0,19,6,6,1,False
17713196465,43,1,1,0,0,9,20,20,9,False
13670356740,4,5,3,0,2,8,0,0,9,False
18991311567,26,46,4,0,1,38,16,16,9,False
13943039298,31,7,4,0,1,25,24,24,9,False
17713196465,40,2,4,0,3,44,39,39,19,False
18765816132,24,6,4,0,3,44,45,45,39,False
17623708813,23,1,1,0,1,17,15,15,0,False
19834840803,15,6,4,0,3,17,32,32,39,False
13074255915,30,1,4,0,0,21,8,8,19,False
17527328008,28,4,4,0,3,30,19,19,1,False
19948700293,35,6,4,0,0,20,12,12,0,False
19881266563,3,15,4,0,1,30,24,24,9,False
15661502139,25,6,4,0,2,11,25,25,39,False
19881266563,23,6,1,0,3,11,26,26,39,False
13630678332,46,0,4,0,1,48,1,1,0,False
17731093916,48,8,4,0,3,24,10,10,9,False
19859608897,31,0,4,0,1,16,0,0,9,False
18989781863,19,3,4,0,3,14,16,16,39,False
18989781863,34,3,4,0,2,15,29,29,39,False
15735414945,22,1,4,0,1,39,38,38,9,False
13074255915,5,12,2,0,3,22,16,16,39,False
17527328008,38,5,4,0,3,16,9,9,9,True
18702113651,50,0,1,0,1,19,20,20,9,False
18802233956,23,7,1,0,1,17,16,16,9,False
19831701219,20,6,1,0,3,29,30,30,1,False
13932780308,35,17,4,0,0,13,5,5,19,False
13401917913,8,1,2,0,3,39,32,32,9,False
15079495784,12,22,4,0,3,23,46,46,39,False
19834840803,21,6,1,0,1,33,27,27,1,False
19834840803,41,16,4,0,1,26,48,48,39,False
13932780308,46,2,1,0,3,16,24,24,39,False
18802233956,6,0,4,0,0,14,33,33,39,False
13074255915,30,17,4,0,3,39,20,20,1,False
15079495784,16,16,1,0,0,29,21,21,1,False
13943039298,4,2,4,0,0,40,26,26,9,False
17731093916,24,3,1,0,0,44,37,37,19,False
17713196465,27,5,4,0,2,37,44,44,39,False
15079495784,43,3,3,0,0,23,19,19,19,True
13074255915,25,3,4,0,3,15,30,30,39,False
19852999776,12,4,4,0,0,20,5,5,0,False
13670356740,38,28,4,0,1,13,17,17,21,False
15165929133,1,1,4,0,3,33,26,26,9,False
19970957519,49,5,4,0,1,30,14,14,0,False
13401917913,22,8,4,0,1,37,36,36,24,False
13074255915,39,7,4,0,3,0,1,1,39,False
19948700293,32,12,4,0,1,41,46,46,0,False
19859608897,1,14,3,0,1,40,48,48,9,False
18664891854,2,30,4,0,0,22,14,14,0,False
13513580369,6,2,4,0,1,46,30,30,9,False
17807329663,5,1,1,0,0,17,18,18,19,False
15797725211,51,6,1,0,0,15,7,7,0,False
15797725211,19,32,4,0,0,15,16,16,39,False
17713196465,41,1,4,0,3,5,25,25,39,False
15079495784,36,3,4,0,3,11,39,39,39,True
19948700293,28,4,4,0,3,31,3,3,9,False
18802233956,32,8,4,0,1,26,12,12,9,False
17331496902,47,3,4,0,1,33,13,13,2,False
17623708813,41,136,4,0,0,37,0,0,1,False
15079495784,12,5,4,0,0,31,14,14,0,False
15260233525,45,2,3,0,0,22,10,10,39,False
19852999776,26,10,4,0,2,33,40,40,39,False
18664891854,28,13,4,0,0,22,2,2,19,False
19859608897,8,0,1,0,3,31,17,17,9,False
18802233956,35,14,4,0,1,19,25,25,9,False
19550593600,18,5,3,0,1,34,20,20,0,False
17623708813,35,14,4,0,1,17,14,14,9,False
13513580369,8,4,3,0,3,28,22,22,39,False
15260233525,30,5,4,0,0,10,8,8,9,False
18765816132,40,6,2,0,3,4,19,19,39,False
18765816132,7,7,4,0,3,31,32,32,39,False
19948700293,41,22,4,0,2,13,20,20,39,False
13943039298,32,4,1,0,1,26,48,48,39,False
17807329663,33,11,4,0,0,31,9,9,9,True
18365196069,3,1,4,0,2,25,40,40,39,False
15079495784,5,1,4,0,0,26,11,11,0,False
18664891854,28,7,2,0,0,35,22,22,9,False
15661502139,44,2,4,0,3,31,25,25,39,False
18758415613,39,10,4,0,3,0,1,1,9,False
19834840803,39,22,4,0,2,34,39,39,39,True
13130819298,18,7,4,0,2,26,31,31,24,False
18765816132,33,13,4,0,2,16,15,15,0,False
17807329663,15,1,4,0,3,7,39,39,39,True
13670356740,9,9,4,0,3,36,41,41,39,False
13401917913,36,11,4,0,2,36,43,43,39,False
13130819298,7,45,4,0,0,10,24,24,39,False
17623708813,14,4,1,0,2,7,32,32,19,False
15165929133,16,9,4,0,1,36,0,0,1,False
13401917913,48,5,4,0,3,40,4,4,1,False
19948700293,43,6,4,0,1,36,42,42,39,False
13630678332,44,6,1,0,3,17,18,18,39,False
19970957519,42,15,4,0,1,12,17,17,9,False
13670356740,24,7,3,0,0,30,26,26,39,False
18053307086,44,17,4,0,0,25,13,13,19,False
19970957519,50,28,4,0,2,9,23,23,39,False
13074255915,36,22,2,0,3,16,1,1,8,False
19859608897,47,1,2,0,3,4,19,19,39,False
18802233956,6,2,4,0,2,7,33,33,39,False
19834840803,46,6,4,0,0,9,2,2,19,False
19859608897,35,6,4,0,0,10,2,2,9,False
13074255915,10,1,2,0,3,2,6,6,39,False
13401917913,39,11,4,0,0,23,31,31,39,False
19550593600,26,6,4,0,2,39,47,47,39,False
16726368276,49,11,4,0,3,0,1,1,9,False
17713196465,45,11,3,0,3,10,46,46,39,False
19834840803,23,0,4,0,2,31,45,45,39,False
15167050060,35,1,3,0,1,26,41,41,39,False
19831701219,10,31,4,0,2,38,45,45,39,False
13074255915,13,2,4,0,3,2,11,11,39,False
15260233525,21,1,4,0,0,9,32,32,24,False
13943039298,2,9,4,0,2,11,14,14,0,False
18758415613,7,10,2,0,3,11,6,6,19,False
19834840803,11,4,4,0,0,31,24,24,9,False
15735414945,43,19,4,0,1,11,21,21,0,False
17807329663,40,1,2,0,3,8,10,10,9,False
18664891854,31,0,4,0,0,36,2,2,9,False
13074255915,1,2,4,0,3,22,9,9,19,False
19831701219,34,3,2,0,2,37,44,44,39,False
16726368276,15,6,1,0,2,16,30,30,24,False
17731093916,8,0,4,0,3,8,26,26,24,False
13130819298,10,3,4,0,3,29,34,34,39,False
17623708813,5,0,4,0,0,19,33,33,9,False
17331496902,36,3,4,0,0,46,34,34,9,False
17331496902,23,5,2,0,1,36,1,1,9,False
17527328008,20,7,4,0,0,33,20,20,9,False
17807329663,8,12,3,0,3,11,38,38,39,False
13943039298,44,5,4,0,0,10,6,6,19,False
13670356740,38,47,4,0,2,8,17,17,39,False
19834840803,43,19,4,0,2,40,47,47,0,False
19859608897,37,4,4,0,0,37,9,9,9,True
18765816132,30,7,4,0,3,3,41,41,39,False
13943039298,35,4,4,0,1,18,15,15,39,False
18991311567,15,22,4,0,3,18,16,16,9,False
16726368276,7,10,4,0,2,24,16,16,24,False
13670356740,29,1,3,0,1,27,19,19,9,False
18636055184,2,6,1,0,3,32,39,39,39,True
19550593600,9,8,4,0,3,4,5,5,39,False
18758415613,29,6,2,0,1,18,29,29,39,False
13513580369,29,4,3,0,1,30,15,15,0,False
19881266563,1,20,4,0,2,29,31,31,24,False
17623708813,4,11,2,0,2,24,22,22,39,False
18989781863,11,6,3,0,3,26,19,19,39,False
15661502139,44,4,4,0,3,32,13,13,19,False
15661502139,25,13,4,0,3,32,10,10,2,False
13943039298,18,1,1,0,1,34,38,38,21,False
18802233956,23,5,4,0,3,23,39,39,9,False
19859608897,20,0,4,0,2,31,30,30,9,False
18702113651,6,46,4,0,1,15,3,3,39,False
13130819298,36,2,3,0,2,39,46,46,24,False
15661502139,9,3,4,0,2,24,23,23,0,False
19831701219,21,29,4,0,2,18,2,2,39,False
17807329663,36,12,4,0,1,20,12,12,0,False
18989781863,38,0,4,0,3,1,40,40,39,False
15260233525,1,3,3,0,3,32,11,11,19,False
16726368276,44,13,4,0,2,8,14,14,0,False
18765816132,31,2,4,0,3,24,23,23,9,False
18664891854,35,7,4,0,1,11,10,10,0,False
18664891854,41,11,4,0,1,17,8,8,0,False
17623708813,42,115,4,0,2,40,10,10,9,False
19831701219,18,3,4,0,1,32,14,14,0,False
13130819298,23,11,4,0,2,10,27,27,39,False
13670356740,50,1,4,0,2,20,1,1,0,False
18802233956,46,10,3,0,0,10,8,8,0,False
19550593600,41,19,4,0,1,8,1,1,9,False
18802233956,16,13,4,0,3,25,36,36,9,False
19948700293,12,19,1,0,0,7,0,0,0,True
18802233956,19,2,2,0,0,45,42,42,9,False
19970957519,41,18,4,0,1,3,34,34,39,False
18802233956,31,19,4,0,3,37,46,46,39,False
18636055184,38,1,2,0,3,40,1,1,9,False
18053307086,1,3,1,0,1,26,6,6,2,False
18636055184,31,4,2,0,0,43,42,42,2,False
15167050060,39,33,4,0,2,0,2,2,39,False
18053307086,9,15,4,0,0,25,12,12,9,False
15797725211,48,2,2,0,1,6,5,5,9,False
17527328008,49,2,3,0,2,16,8,8,0,False
19834840803,41,10,4,0,0,13,6,6,39,False
15735414945,37,3,4,0,2,13,46,46,39,False
13513580369,3,9,2,0,1,26,17,17,9,False
13670356740,43,21,4,0,2,29,24,24,9,False
17807329663,39,1,1,0,0,10,8,8,0,False
17623708813,41,101,4,0,3,15,0,0,0,True
13630678332,43,4,4,0,2,33,47,47,39,False
13074255915,42,0,4,0,3,43,44,44,2,False
19881266563,16,14,3,0,2,16,30,30,0,False
15661502139,49,24,4,0,0,43,14,14,19,False
18758415613,43,11,4,0,3,33,47,47,39,False
18702113651,14,18,4,0,0,18,28,28,39,False
15165929133,25,2,4,0,1,27,33,33,0,False
19948700293,17,6,4,0,3,31,39,39,39,True
15165929133,31,0,2,0,1,1,43,43,39,False
15079495784,5,5,4,0,0,18,0,0,39,False
13630678332,19,20,4,0,2,23,24,24,19,False
19970957519,46,22,4,0,2,31,21,21,0,False
17331496902,43,4,3,0,0,18,4,4,19,False
17713196465,7,10,4,0,1,26,12,12,0,False
17731093916,43,32,1,0,2,12,19,19,39,False
19831701219,19,0,4,0,1,27,16,16,0,False
19859608897,3,7,1,0,2,26,34,34,39,False
18802233956,45,27,4,0,3,19,27,27,39,False
15797725211,50,20,4,0,0,17,19,19,39,False
19881266563,13,3,3,0,2,24,10,10,24,False
17331496902,39,0,4,0,3,32,45,45,39,False
18758415613,4,9,1,0,3,33,34,34,39,False
16726368276,32,7,1,0,1,15,14,14,0,False
18664891854,27,1,2,0,2,0,22,22,39,False
15735414945,35,5,2,0,3,32,12,12,39,False
17731093916,18,6,1,0,3,4,5,5,10,False
18802233956,49,17,4,0,1,19,39,39,39,True
18053307086,38,0,1,0,1,5,7,7,0,False
19550593600,31,1,1,0,1,36,42,42,9,False
15167050060,3,5,4,0,0,16,2,2,9,False
15079495784,45,15,4,0,3,32,25,25,24,False
15165929133,36,9,4,0,0,23,7,7,9,False
13401917913,21,1,2,0,2,10,19,19,39,False
13401917913,35,11,4,0,3,7,22,22,39,False
13943039298,8,15,4,0,0,22,14,14,0,False
17331496902,9,4,3,0,1,37,29,29,9,False
18758415613,45,3,2,0,1,45,24,24,9,False
19948700293,3,9,3,0,2,7,39,39,39,True
19550593600,24,2,4,0,0,25,9,9,0,False
13932780308,25,6,4,0,3,32,18,18,39,False
18989781863,18,7,2,0,3,4,6,6,39,False
19859608897,14,2,4,0,0,32,25,25,24,False
18365196069,9,1,4,0,2,13,26,26,39,False
16630722126,32,3,4,0,2,12,19,19,39,False
19550593600,13,16,1,0,2,31,48,48,39,False
18765816132,1,2,4,0,2,39,14,14,8,False
16630722126,24,8,4,0,1,8,38,38,24,False
19970957519,40,8,2,0,1,32,17,17,39,False
13401917913,7,1,3,0,3,16,19,19,39,False
18802233956,3,1,1,0,2,10,7,7,0,False
15165929133,44,0,4,0,0,23,12,12,9,False
19948700293,27,12,3,0,2,25,41,41,39,False
15167050060,20,6,4,0,3,23,11,11,19,False
13401917913,23,3,4,0,0,39,30,30,0,False
13130819298,41,23,4,0,0,24,8,8,9,False
19831701219,35,1,3,0,0,45,43,43,21,False
18989781863,16,6,4,0,3,12,41,41,39,False
18802233956,35,13,2,0,1,9,1,1,0,False
15797725211,23,36,4,0,3,9,16,16,39,False
13401917913,36,7,2,0,0,41,34,34,0,False
19970957519,27,19,4,0,0,18,17,17,39,False
19834840803,24,2,2,0,2,3,12,12,39,False
18991311567,2,6,4,0,3,25,26,26,39,False
18702113651,14,16,4,0,0,25,28,28,0,False
15079495784,19,2,4,0,2,17,18,18,19,False
19831701219,11,13,4,0,1,15,7,7,0,False
15661502139,13,10,4,0,0,12,6,6,39,False
13130819298,12,10,3,0,3,28,22,22,39,False
13074255915,12,9,4,0,0,30,2,2,9,False
18802233956,47,1,4,0,2,10,26,26,39,False
18802233956,38,5,3,0,3,29,32,32,39,False
17713196465,2,18,4,0,1,38,15,15,0,False
18664891854,19,4,3,0,2,15,45,45,39,False
17527328008,41,4,3,0,0,37,31,31,2,False
17623708813,41,5,1,0,1,36,21,21,0,False
19834840803,40,12,4,0,0,11,13,13,19,False
19550593600,14,1,3,0,1,9,23,23,39,False
18758415613,49,9,4,0,2,2,1,1,0,False
19550593600,19,12,4,0,2,30,31,31,39,False
13074255915,34,4,4,0,3,14,29,29,39,False
18636055184,21,8,4,0,0,32,4,4,9,False
15079495784,49,12,3,0,1,12,11,11,0,False
19948700293,7,6,4,0,2,37,45,45,39,False
17713196465,7,0,4,0,0,1,17,17,39,False
18991311567,26,5,1,0,1,36,7,7,1,False
16630722126,37,70,4,0,2,40,34,34,9,False
15167050060,28,9,3,0,2,31,39,39,39,True
19948700293,26,4,4,0,1,17,9,9,0,False
19859608897,33,7,2,0,2,23,38,38,39,False
19881266563,49,12,4,0,3,16,34,34,39,False
17623708813,3,38,4,0,1,8,0,0,9,False
13932780308,43,0,1,0,2,24,25,25,39,False
19859608897,23,2,4,0,0,18,12,12,19,False
15735414945,30,9,1,0,1,29,31,31,9,False
19970957519,14,6,3,0,2,28,43,43,39,False
13943039298,39,3,4,0,2,24,23,23,24,False
18989781863,27,16,4,0,2,39,47,47,39,False
15735414945,3,26,4,0,0,19,23,23,9,False
19881266563,49,34,4,0,0,8,0,0,9,False
19970957519,49,4,4,0,2,23,14,14,0,False
19970957519,48,7,3,0,1,15,21,21,21,True
19834840803,16,3,1,0,3,37,39,39,39,True
18991311567,9,8,1,0,1,34,13,13,0,False
19831701219,11,15,4,0,3,37,39,39,39,True
19859608897,3,2,3,0,0,10,14,14,9,False
19881266563,29,19,4,0,0,31,14,14,0,False
13630678332,8,7,4,0,1,25,24,24,9,False
17623708813,2,4,4,0,2,21,23,23,19,False
13130819298,40,7,4,0,0,46,41,41,19,False
16630722126,30,3,2,0,0,18,19,19,39,False
17331496902,22,14,1,0,0,30,22,22,0,False
13130819298,45,1,4,0,0,23,2,2,19,False
13630678332,29,4,2,0,1,33,32,32,0,False
18802233956,15,9,3,0,1,26,2,2,1,False
19831701219,25,14,4,0,2,25,31,31,9,False
13513580369,23,3,3,0,2,35,44,44,39,False
19948700293,3,12,3,0,3,22,39,39,39,True
15167050060,28,4,3,0,0,38,39,39,39,True
15735414945,33,5,2,0,3,10,12,12,39,False
17623708813,42,6,4,0,1,26,10,10,9,False
17623708813,40,12,1,0,0,29,21,21,9,False
18053307086,37,24,4,0,2,18,39,39,39,True
16630722126,40,12,4,0,2,33,47,47,39,False
18365196069,25,1,4,0,3,9,19,19,39,False
19948700293,6,7,4,0,0,32,10,10,9,False
19831701219,41,30,4,0,1,19,34,34,9,False
18765816132,29,3,4,0,1,33,5,5,9,False
19970957519,18,0,2,0,1,48,46,46,0,False
13401917913,23,7,3,0,0,43,42,42,39,False
13074255915,16,2,2,0,2,15,19,19,39,False
17623708813,20,13,1,0,1,44,43,43,9,False
19550593600,8,0,2,0,1,1,47,47,39,False
17807329663,20,17,4,0,1,26,9,9,1,False
18636055184,15,4,2,0,3,8,9,9,9,True
15797725211,6,6,4,0,0,22,17,17,39,False
19970957519,24,1,4,0,3,14,5,5,39,False
13130819298,6,3,2,0,0,30,44,44,0,False
19550593600,44,5,4,0,2,15,16,16,39,False
13401917913,38,17,2,0,2,3,34,34,39,False
13943039298,31,3,4,0,2,0,24,24,39,False
17623708813,6,0,2,0,3,25,42,42,0,False
15079495784,21,18,4,0,1,28,0,0,19,False
15661502139,12,40,4,0,3,25,46,46,39,False
19970957519,7,0,1,0,3,37,13,13,39,False
18765816132,26,6,3,0,2,36,43,43,39,False
13513580369,39,2,2,0,0,40,10,10,9,False
18702113651,15,7,1,0,3,25,33,33,39,False
13513580369,45,2,1,0,1,13,39,39,39,True
16726368276,3,1,4,0,3,15,21,21,39,False
19852999776,16,3,1,0,3,14,4,4,39,False
17807329663,36,2,1,0,2,26,44,44,39,False
18702113651,13,3,4,0,0,25,3,3,9,False
15260233525,15,5,4,0,3,28,9,9,19,False
18991311567,26,5,3,0,0,19,11,11,9,False
17713196465,13,2,4,0,2,11,18,18,39,False
18802233956,24,2,4,0,0,11,15,15,0,False
18702113651,22,4,4,0,0,44,46,46,19,False
13670356740,8,1,4,0,2,25,37,37,0,False
13943039298,17,6,4,0,3,15,9,9,39,False
18989781863,42,2,4,0,0,38,39,39,39,True
18802233956,42,12,2,0,3,26,20,20,39,False
19948700293,28,2,4,0,3,24,3,3,39,False
15661502139,50,3,1,0,1,11,10,10,0,False
18702113651,47,13,3,0,1,19,38,38,9,False
19852999776,3,49,4,0,3,22,30,30,19,False
17807329663,13,10,4,0,3,23,17,17,9,False
15079495784,6,5,4,0,0,46,39,39,19,False
13670356740,1,5,2,0,0,33,3,3,1,False
15079495784,15,8,4,0,1,38,1,1,9,False
16630722126,50,7,4,0,0,41,32,32,0,False
19948700293,9,18,4,0,3,33,39,39,39,True
15661502139,27,8,4,0,3,38,18,18,19,False
17731093916,9,2,4,0,0,29,15,15,1,False
18365196069,15,1,1,0,2,7,21,21,39,False
18765816132,40,8,4,0,3,17,19,19,19,True
18765816132,20,20,4,0,2,18,19,19,39,False
19881266563,26,4,4,0,2,23,21,21,39,False
19831701219,44,12,4,0,2,25,0,0,1,False
15735414945,35,29,4,0,1,12,9,9,9,True
17807329663,37,1,1,0,1,10,8,8,0,False
13074255915,25,4,4,0,1,4,3,3,0,False
15079495784,9,0,3,0,3,43,39,39,39,True
15260233525,24,2,1,0,1,19,39,39,9,False
15079495784,8,3,2,0,2,40,47,47,39,False
18053307086,2,11,2,0,1,44,43,43,9,False
18765816132,8,2,4,0,0,25,15,15,8,False
13943039298,7,4,4,0,1,12,15,15,9,False
19948700293,4,1,4,0,1,27,45,45,0,False
19881266563,44,3,1,0,3,31,25,25,1,False
18365196069,29,15,4,0,1,25,24,24,9,False
19970957519,4,8,4,0,1,13,47,47,39,False
17713196465,24,19,4,0,3,2,13,13,39,False
13943039298,7,0,1,0,0,10,4,4,39,False
19550593600,46,1,1,0,2,7,28,28,39,False
15797725211,40,14,4,0,2,4,11,11,39,False
15167050060,28,4,4,0,2,7,38,38,39,False
15661502139,15,27,4,0,3,45,47,47,39,False
13130819298,45,12,4,0,0,9,2,2,9,False
17623708813,10,2,2,0,3,14,42,42,39,False
13401917913,38,0,4,0,0,43,7,7,19,False
18765816132,50,17,4,0,1,23,8,8,9,False
19859608897,27,2,1,0,0,31,24,24,0,False
19852999776,45,18,4,0,3,36,39,39,39,True
16726368276,49,2,4,0,1,19,23,23,9,False
17527328008,23,10,4,0,3,17,12,12,39,False
18053307086,4,11,3,0,0,19,17,17,0,False
18053307086,31,35,4,0,0,29,16,16,1,False
17731093916,8,0,3,0,2,39,8,8,8,True
13074255915,46,1,4,0,3,0,10,10,39,False
17713196465,34,10,1,0,2,12,19,19,39,False
19859608897,9,9,2,0,2,33,40,40,39,False
17807329663,42,4,3,0,2,24,21,21,39,False
18802233956,21,3,3,0,0,33,19,19,1,False
17807329663,39,2,3,0,3,14,6,6,39,False
13513580369,50,2,4,0,1,38,2,2,9,False
19831701219,45,2,4,0,3,15,3,3,19,False
15260233525,47,6,4,0,2,23,30,30,24,False
17527328008,11,10,4,0,3,44,39,39,39,True
17527328008,40,0,4,0,3,8,5,5,9,False
13130819298,7,0,1,0,0,42,25,25,9,False
17713196465,48,18,4,0,0,15,16,16,39,False
15661502139,13,7,1,0,0,23,46,46,9,False
19970957519,37,26,2,0,3,32,17,17,19,False
13401917913,15,0,3,0,2,2,0,0,8,False
17331496902,40,0,4,0,3,40,27,27,39,False
18765816132,16,10,2,0,2,16,9,9,9,True
19831701219,18,7,4,0,2,25,8,8,8,True
16630722126,38,3,3,0,1,23,15,15,0,False
19550593600,18,2,2,0,2,18,31,31,39,False
17807329663,36,2,4,0,0,37,12,12,39,False
19831701219,9,10,4,0,0,24,9,9,9,True
18636055184,6,0,3,0,2,39,37,37,0,False
18765816132,18,6,4,0,0,39,34,34,9,False
19834840803,18,2,4,0,0,27,34,34,9,False
13630678332,10,1,2,0,0,9,26,26,9,False
19852999776,18,22,4,0,2,3,1,1,0,False
18702113651,15,4,2,0,2,25,47,47,39,False
18702113651,45,3,4,0,0,36,18,18,19,False
17807329663,37,2,2,0,2,3,10,10,24,False
13130819298,7,51,4,0,2,11,24,24,39,False
19550593600,34,2,4,0,1,1,38,38,24,False
17623708813,50,4,4,0,3,38,41,41,39,False
16726368276,18,2,3,0,1,5,8,8,9,False
17331496902,22,7,4,0,0,14,1,1,9,False
18989781863,17,0,2,0,0,10,6,6,19,False
19948700293,25,4,4,0,3,2,30,30,39,False
15260233525,13,9,2,0,3,18,2,2,39,False
18636055184,40,6,4,0,2,30,36,36,39,False
15797725211,44,138,4,0,3,16,41,41,39,False
19881266563,37,2,4,0,1,10,0,0,0,True
15797725211,24,26,4,0,2,10,9,9,0,False
16726368276,26,2,4,0,2,15,36,36,39,False
15079495784,3,24,4,0,3,28,0,0,19,False
18053307086,19,5,4,0,2,19,44,44,0,False
15661502139,23,2,4,0,1,17,24,24,39,False
17807329663,47,3,2,0,1,32,7,7,0,False
18991311567,12,2,1,0,1,37,23,23,9,False
18765816132,6,4,3,0,0,44,29,29,9,False
18636055184,40,10,2,0,0,14,1,1,9,False
18636055184,47,10,4,0,0,16,8,8,1,False
15079495784,35,8,4,0,0,18,14,14,39,False
19831701219,35,1,4,0,1,47,46,46,9,False
15167050060,3,21,1,0,2,15,28,28,39,False
19881266563,31,14,3,0,3,29,23,23,1,False
17623708813,17,19,4,0,1,11,9,9,9,True
17623708813,10,92,4,0,3,25,13,13,39,False
18989781863,15,9,1,0,2,23,47,47,39,False
19550593600,1,2,1,0,1,47,38,38,1,False
19831701219,17,3,4,0,2,8,38,38,24,False
19948700293,24,21,4,0,1,32,24,24,9,False
16630722126,19,11,4,0,1,46,32,32,9,False
18991311567,31,3,2,0,2,8,16,16,0,False
15797725211,9,4,4,0,1,19,20,20,9,False
17807329663,46,3,4,0,0,45,43,43,9,False
15167050060,26,6,4,0,2,30,28,28,39,False
19550593600,23,1,4,0,2,10,24,24,39,False
19948700293,46,0,4,0,3,40,47,47,39,False
13932780308,25,8,3,0,3,26,20,20,39,False
15797725211,46,1,2,0,0,40,5,5,1,False
19852999776,7,5,4,0,3,32,12,12,19,False
18053307086,42,7,4,0,2,12,25,25,39,False
13670356740,33,1,4,0,3,43,39,39,39,True
15797725211,12,1,4,0,0,23,1,1,19,False
18989781863,25,6,1,0,1,17,22,22,0,False
16726368276,41,17,4,0,2,5,34,34,39,False
19970957519,39,15,4,0,2,18,32,32,39,False
18802233956,33,5,3,0,0,31,24,24,0,False
18053307086,18,0,4,0,2,14,23,23,39,False
17807329663,13,46,4,0,2,13,25,25,39,False
17713196465,29,19,4,0,0,32,25,25,9,False
18053307086,21,15,4,0,2,14,21,21,39,False
19970957519,27,21,4,0,0,19,17,17,9,False
15260233525,49,1,4,0,3,9,33,33,39,False
17731093916,28,5,4,0,3,37,40,40,39,False
13130819298,25,5,4,0,0,24,10,10,9,False
17807329663,47,5,4,0,2,18,24,24,39,False
17331496902,41,0,4,0,1,27,41,41,0,False
15797725211,5,5,3,0,0,33,6,6,9,False
15167050060,32,2,4,0,3,23,17,17,19,False
18702113651,47,5,4,0,0,10,0,0,0,True
17331496902,10,24,4,0,0,25,24,24,0,False
15735414945,29,7,1,0,3,10,31,31,39,False
15735414945,17,3,2,0,3,18,17,17,39,False
16630722126,29,12,4,0,2,34,40,40,39,False
15797725211,20,50,4,0,2,12,20,20,39,False
19831701219,18,15,4,0,1,34,8,8,0,False
15079495784,29,20,4,0,1,26,18,18,9,False
19550593600,1,0,1,0,0,47,38,38,9,False
17623708813,37,4,4,0,0,37,10,10,1,False
18802233956,18,20,4,0,3,16,46,46,39,False
19834840803,3,24,4,0,2,41,40,40,0,False
13630678332,43,3,3,0,2,11,14,14,0,False
17331496902,21,8,4,0,0,37,22,22,9,False
17623708813,13,16,4,0,3,45,46,46,39,False
19948700293,8,7,4,0,0,30,15,15,0,False
19970957519,19,0,4,0,3,21,18,18,19,False
18802233956,13,2,2,0,3,14,11,11,39,False
15797725211,48,15,4,0,0,17,34,34,39,False
17731093916,39,6,4,0,3,37,31,31,2,False
16630722126,22,8,4,0,3,32,40,40,39,False
13130819298,22,27,4,0,1,19,24,24,9,False
13130819298,42,21,4,0,0,48,41,41,9,False
18053307086,33,11,2,0,2,38,46,46,39,False
18991311567,41,1,4,0,3,37,19,19,19,True
15079495784,42,15,4,0,1,13,33,33,39,False
19834840803,18,17,4,0,2,13,34,34,39,False
18636055184,3,5,3,0,2,11,14,14,0,False
13670356740,1,11,4,0,1,4,9,9,0,False
17731093916,43,24,1,0,3,2,19,19,39,False
19852999776,3,9,4,0,2,36,46,46,39,False
19550593600,40,5,2,0,3,33,39,39,24,False
18989781863,40,2,1,0,3,40,33,33,24,False
18636055184,18,3,2,0,3,2,10,10,39,False
19834840803,30,4,1,0,2,16,29,29,0,False
19948700293,12,8,4,0,1,3,9,9,9,True
15165929133,8,5,4,0,0,11,8,8,9,False
18053307086,37,9,4,0,1,17,16,16,9,False
13074255915,49,11,4,0,3,16,2,2,9,False
17807329663,14,18,4,0,1,23,15,15,9,False
17623708813,1,48,4,0,1,32,9,9,9,True
18802233956,37,5,4,0,0,25,19,19,19,True
15260233525,14,4,1,0,0,35,15,15,9,False
18802233956,51,2,1,0,1,33,11,11,1,False
17807329663,47,17,4,0,2,30,32,32,9,False
13130819298,20,15,4,0,0,14,0,0,0,True
17713196465,24,26,4,0,3,25,31,31,9,False
17731093916,1,6,4,0,3,17,32,32,39,False
13130819298,32,22,4,0,2,13,34,34,39,False
18802233956,34,41,4,0,2,3,24,24,39,False
19852999776,18,0,1,0,2,7,4,4,19,False
13130819298,12,2,3,0,0,31,22,22,0,False
17731093916,14,2,3,0,1,40,42,42,39,False
17731093916,46,10,3,0,1,18,2,2,39,False
19550593600,16,7,4,0,0,40,24,24,9,False
16726368276,14,6,4,0,2,48,33,33,9,False
19834840803,6,2,1,0,1,15,14,14,0,False
13130819298,50,12,4,0,0,31,14,14,0,False
13513580369,8,0,4,0,2,5,25,25,39,False
13932780308,1,7,2,0,3,26,13,13,2,False
13670356740,27,9,4,0,0,22,2,2,19,False
15079495784,6,4,1,0,1,23,7,7,0,False
18765816132,49,9,3,0,2,23,28,28,39,False
18664891854,12,6,4,0,1,41,39,39,0,False
15165929133,20,1,1,0,1,13,19,19,21,False
19881266563,8,5,1,0,3,8,2,2,1,False
13943039298,12,6,4,0,1,23,1,1,9,False
18802233956,8,13,3,0,1,15,14,14,0,False
17623708813,33,17,4,0,0,25,19,19,19,True
18664891854,35,4,4,0,1,5,10,10,9,False
18765816132,16,14,2,0,0,14,9,9,19,False
19948700293,21,11,3,0,1,41,40,40,9,False
13513580369,29,5,4,0,0,22,2,2,19,False
19852999776,33,4,4,0,1,23,21,21,0,False
15797725211,11,0,1,0,2,0,8,8,24,False
19970957519,35,10,3,0,1,44,43,43,9,False
18802233956,32,14,1,0,0,21,37,37,19,False
13670356740,17,18,4,0,1,38,9,9,9,True
18991311567,19,0,4,0,0,45,47,47,2,False
18765816132,36,4,2,0,0,23,19,19,19,True
13513580369,51,6,1,0,1,17,16,16,9,False
18758415613,36,10,4,0,3,45,40,40,19,False
17623708813,42,25,4,0,1,32,10,10,0,False
15260233525,36,7,4,0,3,31,25,25,9,False
18802233956,48,20,4,0,1,25,46,46,39,False
18664891854,30,14,3,0,1,41,40,40,9,False
17731093916,28,22,4,0,3,11,19,19,39,False
18702113651,21,73,4,0,2,26,34,34,39,False
15165929133,26,6,4,0,3,22,28,28,39,False
18053307086,45,20,4,0,1,38,29,29,9,False
17527328008,5,23,4,0,1,16,8,8,1,False
13943039298,9,3,4,0,1,34,33,33,0,False
17623708813,41,249,4,0,2,29,0,0,9,False
17807329663,21,6,4,0,0,15,18,18,39,False
19970957519,22,21,4,0,2,11,24,24,39,False
13670356740,48,5,4,0,1,40,36,36,9,False
13074255915,22,14,4,0,3,4,18,18,39,False
13513580369,22,25,3,0,0,7,0,0,9,False
17731093916,38,4,4,0,0,38,13,13,19,False
15079495784,16,4,4,0,1,2,38,38,39,False
13670356740,31,15,4,0,2,30,31,31,39,False
19881266563,34,30,4,0,3,40,41,41,39,False
17713196465,13,22,4,0,3,8,16,16,39,False
18053307086,9,2,4,0,2,39,0,0,8,False
18758415613,22,5,4,0,0,32,18,18,19,False
17731093916,29,11,3,0,1,13,19,19,21,False
15735414945,21,12,2,0,1,36,35,35,0,False
15735414945,44,24,4,0,0,46,40,40,19,False
17807329663,8,15,2,0,2,40,45,45,39,False
19852999776,20,1,2,0,3,14,28,28,39,False
19834840803,20,6,4,0,3,12,20,20,39,False
15735414945,44,4,4,0,1,40,39,39,39,True
18365196069,17,6,4,0,3,16,12,12,39,False
15167050060,48,12,4,0,1,9,15,15,39,False
17527328008,11,2,4,0,2,4,16,16,0,False
18802233956,38,21,4,0,2,18,41,41,39,False
19834840803,7,0,4,0,1,39,38,38,0,False
15797725211,31,4,4,0,2,10,32,32,39,False
17623708813,19,159,4,0,0,10,6,6,19,False
19859608897,1,5,4,0,0,31,24,24,0,False
15167050060,9,8,3,0,3,15,16,16,39,False
17807329663,46,6,4,0,1,44,43,43,9,False
19550593600,4,12,4,0,3,33,45,45,39,False
18758415613,25,4,4,0,3,19,33,33,0,False
17807329663,47,31,4,0,1,17,24,24,39,False
15167050060,3,22,1,0,2,22,28,28,39,False
15661502139,38,10,4,0,0,18,0,0,39,False
13130819298,3,0,1,0,3,32,18,18,39,False
17623708813,46,6,4,0,2,15,32,32,39,False
19831701219,32,8,4,0,0,18,16,16,39,False
15165929133,43,9,4,0,2,37,45,45,39,False
13932780308,2,3,4,0,2,26,44,44,39,False
18053307086,45,5,4,0,1,31,21,21,0,False
18802233956,45,31,4,0,3,26,27,27,39,False
15797725211,8,13,3,0,3,38,39,39,39,True
18702113651,41,0,1,0,1,46,43,43,39,False
18365196069,27,18,4,0,0,11,12,12,19,False
13513580369,25,5,4,0,1,15,43,43,39,False
16630722126,1,16,2,0,1,23,14,14,9,False
15661502139,35,32,4,0,0,45,39,39,39,True
17807329663,33,3,4,0,3,16,9,9,9,True
19881266563,10,16,4,0,0,23,11,11,9,False
19859608897,8,0,4,0,1,8,28,28,24,False
13130819298,45,1,4,0,2,10,1,1,9,False
19550593600,1,10,4,0,0,31,14,14,0,False
13401917913,49,5,3,0,2,18,24,24,39,False
13670356740,14,13,4,0,0,9,2,2,19,False
19881266563,45,10,3,0,1,37,30,30,9,False
18802233956,13,6,1,0,3,18,5,5,19,False
17807329663,23,30,4,0,0,38,33,33,19,False
16630722126,1,4,4,0,3,38,39,39,39,True
18758415613,11,3,2,0,0,46,33,33,0,False
18365196069,8,0,1,0,3,26,39,39,39,True
18053307086,4,12,4,0,3,18,17,17,9,False
17623708813,22,4,4,0,3,15,12,12,39,False
17807329663,24,1,4,0,0,40,3,3,1,False
15661502139,38,32,4,0,1,8,0,0,9,False
15735414945,4,32,4,0,2,38,47,47,39,False
13943039298,11,1,4,0,1,40,47,47,0,False
15735414945,28,9,4,0,0,29,8,8,1,False
18758415613,7,5,2,0,0,10,6,6,39,False
19859608897,2,0,4,0,1,1,8,8,39,False
19970957519,10,12,4,0,1,18,10,10,9,False
15735414945,27,87,4,0,2,31,7,7,8,False
19852999776,17,13,4,0,2,12,25,25,39,False
15735414945,30,16,1,0,0,38,31,31,9,False
13401917913,12,3,4,0,2,27,33,33,0,False
13630678332,29,3,4,0,0,15,4,4,19,False
17331496902,26,5,4,0,1,15,9,9,39,False
18765816132,34,8,4,0,3,11,13,13,19,False
19852999776,16,22,4,0,1,23,22,22,9,False
17807329663,5,6,4,0,2,16,24,24,39,False
13513580369,10,0,4,0,1,33,21,21,0,False
19550593600,33,0,2,0,2,0,28,28,24,False
18365196069,11,0,1,0,1,33,26,26,9,False
13943039298,27,8,4,0,1,10,9,9,9,True
13130819298,16,20,4,0,1,30,14,14,0,False
15735414945,22,26,4,0,3,30,31,31,39,False
19852999776,45,24,4,0,2,16,24,24,39,False
18802233956,39,5,2,0,1,26,10,10,1,False
13943039298,13,7,4,0,2,9,3,3,19,False
18758415613,11,24,4,0,0,31,24,24,9,False
15260233525,50,8,4,0,1,24,23,23,9,False
18636055184,15,16,4,0,3,16,8,8,8,True
18991311567,42,16,4,0,0,24,16,16,39,False
17731093916,3,8,1,0,1,3,2,2,9,False
17713196465,30,16,3,0,0,19,6,6,9,False
13401917913,23,12,4,0,1,32,13,13,9,False
15797725211,22,0,4,0,1,18,8,8,39,False
19859608897,22,3,2,0,0,37,29,29,0,False
18802233956,49,9,4,0,3,29,23,23,39,False
19852999776,22,18,4,0,0,15,19,19,19,True
19970957519,5,1,4,0,1,19,33,33,9,False
13670356740,23,3,1,0,2,15,23,23,39,False
18636055184,26,24,4,0,1,37,28,28,9,False
17623708813,21,15,4,0,2,11,18,18,39,False
19970957519,9,3,3,0,1,32,11,11,19,False
19550593600,22,13,4,0,3,16,4,4,39,False
15079495784,18,12,4,0,1,32,3,3,9,False
18053307086,49,10,4,0,3,11,33,33,39,False
19834840803,42,2,2,0,1,45,0,0,9,False
19859608897,48,0,4,0,2,17,40,40,39,False
19550593600,22,46,4,0,3,7,8,8,19,False
18758415613,2,0,4,0,2,5,9,9,24,False
19859608897,40,1,4,0,1,32,9,9,9,True
19948700293,14,4,2,0,1,34,32,32,0,False
18765816132,39,7,4,0,0,33,5,5,9,False
19970957519,27,3,2,0,1,36,8,8,9,False
18989781863,36,0,4,0,1,31,15,15,9,False
18991311567,27,1,4,0,0,31,3,3,9,False
13943039298,12,0,4,0,0,40,2,2,19,False
19550593600,11,11,4,0,1,17,16,16,0,False
13943039298,12,15,4,0,1,24,2,2,9,False
15661502139,7,2,4,0,0,9,11,11,9,False
17807329663,15,3,1,0,1,26,17,17,9,False
19831701219,40,14,4,0,2,11,18,18,39,False
13932780308,19,9,4,0,2,34,41,41,39,False
19881266563,25,25,4,0,1,32,31,31,0,False
13630678332,47,7,3,0,0,30,24,24,9,False
17623708813,6,8,4,0,1,18,32,32,9,False
15167050060,38,25,4,0,3,18,13,13,39,False
17527328008,10,13,4,0,1,13,19,19,0,False
18365196069,36,2,1,0,1,45,31,31,9,False
17807329663,25,18,4,0,2,38,15,15,0,False
18053307086,24,0,4,0,1,11,7,7,0,False
18636055184,25,1,3,0,0,31,8,8,1,False
18664891854,37,7,2,0,0,41,34,34,0,False
19859608897,36,2,3,0,2,30,31,31,39,False
18765816132,49,7,4,0,3,40,34,34,24,False
19970957519,41,4,3,0,0,30,47,47,39,False
13943039298,26,14,4,0,0,11,5,5,19,False
17623708813,19,163,4,0,3,5,6,6,39,False
13074255915,26,30,4,0,3,39,26,26,1,False
18758415613,5,5,4,0,1,4,9,9,9,True
19834840803,45,1,4,0,3,39,13,13,39,False
15661502139,39,0,3,0,0,46,19,19,13,False
13513580369,37,1,4,0,3,18,16,16,9,False
17807329663,42,9,4,0,2,31,1,1,9,False
15797725211,1,1,4,0,2,20,16,16,0,False
18991311567,35,2,1,0,2,15,22,22,39,False
18765816132,7,3,2,0,2,7,46,46,39,False
15079495784,36,21,4,0,0,35,2,2,19,False
13932780308,14,12,3,0,0,15,10,10,39,False
18802233956,8,17,4,0,3,35,45,45,19,False
13943039298,2,57,4,0,0,35,14,14,1,False
17527328008,42,0,1,0,1,48,24,24,0,False
19881266563,29,7,3,0,3,16,24,24,39,False
16630722126,45,2,2,0,2,7,22,22,39,False
15079495784,10,15,4,0,0,13,0,0,0,True
18702113651,35,6,2,0,0,10,1,1,0,False
15079495784,18,0,1,0,1,38,21,21,0,False
17527328008,36,3,2,0,0,44,1,1,9,False
17713196465,36,14,4,0,1,25,9,9,9,True
13130819298,33,24,4,0,0,22,7,7,9,False
17331496902,10,9,2,0,3,31,32,32,10,False
13130819298,5,10,4,0,1,25,36,36,9,False
19948700293,35,10,3,0,1,13,19,19,21,False
18765816132,15,24,4,0,1,3,9,9,9,True
18053307086,16,8,1,0,2,2,9,9,24,False
17807329663,45,10,4,0,0,29,22,22,9,False
16630722126,19,0,3,0,0,37,1,1,1,True
15797725211,31,0,1,0,0,38,7,7,0,False
13130819298,24,19,4,0,0,29,23,23,9,False
17731093916,11,10,4,0,2,18,26,26,39,False
15661502139,11,2,4,0,2,11,39,39,39,True
17807329663,31,12,4,0,0,18,15,15,39,False
19550593600,1,4,4,0,3,40,14,14,9,False
15661502139,28,3,3,0,0,15,4,4,19,False
15079495784,39,19,4,0,0,19,21,21,0,False
17713196465,45,9,4,0,3,32,17,17,2,False
13401917913,1,17,1,0,1,32,48,48,39,False
18802233956,39,8,4,0,3,45,46,46,39,False
15797725211,41,5,4,0,2,8,47,47,39,False
16726368276,34,11,4,0,1,22,8,8,0,False
19970957519,3,7,3,0,0,23,16,16,9,False
18636055184,20,4,1,0,3,26,20,20,39,False
13130819298,36,3,4,0,0,25,16,16,0,False
17527328008,20,18,4,0,3,25,20,20,39,False
19948700293,1,1,1,0,2,39,37,37,0,False
13630678332,34,6,4,0,0,25,19,19,19,True
15797725211,46,9,4,0,1,18,7,7,39,False
18365196069,13,31,4,0,0,14,8,8,19,False
15079495784,14,39,4,0,2,25,40,40,39,False
13513580369,14,8,4,0,1,15,0,0,0,True
15735414945,8,10,4,0,2,17,32,32,39,False
13074255915,42,10,4,0,2,32,44,44,39,False
15079495784,22,13,2,0,3,5,11,11,39,False
19948700293,3,1,4,0,1,48,34,34,9,False
17731093916,42,0,4,0,0,15,16,16,39,False
18365196069,49,6,4,0,1,26,40,40,39,False
13130819298,5,9,2,0,2,10,46,46,39,False
15260233525,4,5,4,0,3,30,33,33,39,False
18636055184,23,6,4,0,3,16,8,8,8,True
19831701219,33,7,4,0,1,30,8,8,9,False
13401917913,10,21,1,0,3,16,9,9,0,False
13630678332,32,4,4,0,3,17,19,19,39,False
15797725211,22,9,1,0,3,10,27,27,39,False
19881266563,24,14,4,0,3,31,18,18,39,False
16726368276,15,18,3,0,2,37,45,45,39,False
13513580369,48,9,2,0,2,12,25,25,39,False
17623708813,19,50,4,0,1,10,16,16,0,False
15079495784,20,8,4,0,0,32,2,2,1,False
18989781863,38,10,4,0,3,26,20,20,19,False
17731093916,41,3,1,0,0,30,15,15,9,False
17527328008,22,4,4,0,0,32,4,4,9,False
18664891854,14,1,4,0,2,34,46,46,24,False
17623708813,9,0,4,0,2,15,41,41,39,False
17731093916,25,12,4,0,1,1,2,2,39,False
15661502139,43,27,4,0,2,16,22,22,0,False
17331496902,20,5,4,0,3,33,45,45,0,False
19834840803,49,11,4,0,2,33,39,39,24,False
15735414945,23,9,3,0,1,26,10,10,1,False
16630722126,14,10,4,0,1,40,1,1,1,True
17527328008,39,4,2,0,3,21,1,1,19,False
19881266563,50,2,4,0,3,23,18,18,9,False
13401917913,47,0,2,0,0,38,47,47,39,False
18664891854,39,2,4,0,0,39,5,5,9,False
15165929133,31,11,2,0,3,22,43,43,39,False
18758415613,19,5,4,0,2,7,34,34,39,False
13670356740,6,0,1,0,2,0,31,31,24,False
15079495784,40,16,4,0,1,23,44,44,0,False
19859608897,19,4,3,0,1,8,28,28,0,False
15661502139,24,3,2,0,0,33,6,6,1,False
15167050060,29,1,1,0,1,47,24,24,9,False
19550593600,22,33,4,0,2,31,8,8,9,False
15079495784,36,22,4,0,1,39,37,37,0,False
18702113651,32,13,4,0,3,32,41,41,39,False
19831701219,25,21,3,0,2,16,24,24,39,False
15735414945,33,13,4,0,1,36,21,21,9,False
13943039298,25,9,4,0,3,17,11,11,19,False
18053307086,3,3,4,0,0,17,0,0,8,False
18664891854,26,9,3,0,2,31,47,47,39,False
16726368276,17,0,4,0,3,38,1,1,9,False
19948700293,30,1,4,0,0,15,8,8,9,False
19831701219,4,15,4,0,3,37,39,39,39,True
13943039298,40,18,4,0,1,2,1,1,0,False
15661502139,13,4,4,0,2,12,25,25,39,False
19834840803,45,0,3,0,3,7,39,39,39,True
17623708813,7,2,4,0,1,17,33,33,39,False
18765816132,48,7,2,0,0,27,13,13,0,False
15661502139,15,7,3,0,0,10,8,8,0,False
15797725211,43,2,3,0,1,36,21,21,0,False
19881266563,25,1,4,0,2,21,46,46,19,False
19831701219,38,7,4,0,0,26,6,6,2,False
15661502139,42,17,4,0,2,31,37,37,0,False
19948700293,33,6,4,0,0,29,8,8,1,False
19859608897,24,3,3,0,1,22,21,21,0,False
18765816132,13,12,4,0,3,31,9,9,9,True
15661502139,49,13,4,0,0,37,14,14,0,False
15079495784,40,5,1,0,2,3,10,10,24,False
17623708813,47,12,1,0,2,12,20,20,39,False
15661502139,5,9,4,0,2,16,15,15,9,False
19881266563,14,3,4,0,1,32,24,24,0,False
15079495784,14,10,3,0,1,38,29,29,0,False
13670356740,39,0,2,0,1,27,13,13,0,False
15661502139,18,4,2,0,1,3,1,1,0,False
18664891854,46,7,4,0,0,23,0,0,0,True
18702113651,5,7,1,0,2,26,32,32,39,False
19852999776,49,0,1,0,1,6,27,27,39,False
18702113651,39,2,4,0,0,45,9,9,2,False
19834840803,19,10,4,0,1,11,7,7,9,False
16726368276,37,9,4,0,0,37,21,21,9,False
17731093916,31,3,4,0,0,46,31,31,9,False
18991311567,42,0,2,0,0,31,15,15,9,False
15661502139,17,8,4,0,0,20,6,6,0,False
19881266563,18,7,1,0,0,22,7,7,9,False
15167050060,18,4,4,0,2,23,36,36,39,False
19948700293,31,15,4,0,1,23,14,14,9,False
13670356740,39,2,3,0,1,32,30,30,21,False
18989781863,14,5,3,0,2,31,45,45,39,False
13630678332,13,35,4,0,0,46,39,39,19,False
18664891854,24,18,4,0,0,20,19,19,0,False
18365196069,13,6,4,0,3,39,8,8,1,False
18802233956,11,1,4,0,0,31,17,17,9,False
13630678332,48,5,4,0,3,30,24,24,39,False
18702113651,47,2,4,0,0,19,0,0,0,True
17807329663,17,21,4,0,3,31,33,33,39,False
15165929133,14,3,4,0,3,17,4,4,39,False
19831701219,6,4,4,0,3,22,17,17,39,False
15661502139,40,5,2,0,2,2,0,0,0,True
18765816132,36,0,4,0,2,3,20,20,39,False
15079495784,42,7,3,0,2,38,45,45,39,False
18664891854,9,4,4,0,1,23,0,0,9,False
15167050060,50,4,3,0,0,22,14,14,9,False
19550593600,40,7,2,0,1,41,39,39,0,False
15079495784,8,11,4,0,1,24,11,11,9,False
19881266563,2,9,4,0,2,30,46,46,39,False
16726368276,37,13,4,0,3,32,47,47,39,False
17331496902,12,13,3,0,1,9,1,1,0,False
18802233956,15,9,4,0,2,25,43,43,24,False
15735414945,31,2,4,0,2,30,31,31,24,False
19970957519,19,1,4,0,0,21,18,18,19,False
15079495784,25,11,2,0,1,13,11,11,21,False
16630722126,16,10,2,0,2,2,1,1,0,False
13401917913,42,16,3,0,0,23,24,24,9,False
18802233956,19,17,3,0,1,23,15,15,0,False
19970957519,11,3,4,0,0,24,19,19,39,False
17807329663,25,0,4,0,1,25,28,28,9,False
15167050060,14,4,3,0,2,18,20,20,39,False
15661502139,46,1,4,0,3,46,13,13,2,False
17527328008,46,6,1,0,2,35,42,42,39,False
15661502139,13,13,1,0,1,19,46,46,9,False
15079495784,49,2,2,0,1,26,5,5,1,False
18802233956,29,8,4,0,3,30,33,33,24,False
13513580369,33,3,4,0,2,12,47,47,39,False
18664891854,27,11,4,0,1,10,9,9,9,True
18758415613,13,0,4,0,2,24,25,25,39,False
19948700293,4,4,3,0,0,37,30,30,9,False
19834840803,15,17,4,0,0,15,8,8,9,False
18758415613,45,12,4,0,2,32,40,40,39,False
17731093916,18,2,4,0,3,7,22,22,39,False
13401917913,10,1,2,0,3,40,32,32,9,False
17623708813,27,18,4,0,2,5,18,18,39,False
18053307086,14,1,4,0,1,27,15,15,9,False
19948700293,46,7,4,0,3,17,20,20,39,False
17527328008,48,3,4,0,2,8,36,36,39,False
17807329663,4,2,4,0,3,9,47,47,39,False
19970957519,10,3,4,0,0,34,13,13,19,False
16726368276,32,10,4,0,2,7,31,31,39,False
18053307086,39,11,4,0,3,32,9,9,1,False
18053307086,35,2,1,0,2,18,31,31,39,False
18989781863,45,14,4,0,2,26,40,40,39,False
17807329663,25,0,3,0,0,21,37,37,19,False
16630722126,3,3,4,0,1,2,7,7,0,False
17713196465,2,8,2,0,0,19,1,1,9,False
19948700293,21,5,3,0,3,37,40,40,39,False
19831701219,41,3,3,0,2,23,47,47,39,False
19831701219,8,32,4,0,0,22,16,16,39,False
19834840803,49,7,1,0,0,25,18,18,1,False
19970957519,1,12,4,0,2,3,16,16,24,False
17713196465,25,23,4,0,3,25,31,31,9,False
17713196465,45,2,4,0,0,31,17,17,1,False
15661502139,24,26,4,0,3,23,37,37,9,False
19881266563,4,7,4,0,0,25,14,14,8,False
15260233525,1,4,4,0,0,25,21,21,0,False
16630722126,11,19,4,0,0,44,3,3,9,False
19852999776,27,41,4,0,2,26,31,31,24,False
18702113651,12,19,2,0,0,46,47,47,19,False
17623708813,23,26,4,0,2,25,33,33,39,False
15167050060,10,4,1,0,0,25,10,10,1,False
19859608897,34,0,3,0,3,21,24,24,19,False
16630722126,14,10,3,0,0,17,9,9,9,True
19834840803,18,10,4,0,3,32,39,39,39,True
19550593600,12,2,4,0,0,15,1,1,9,False
16726368276,20,6,4,0,3,8,31,31,39,False
15165929133,26,20,4,0,1,40,39,39,21,False
19852999776,32,17,4,0,3,11,32,32,39,False
13074255915,30,4,4,0,0,23,8,8,9,False
15735414945,40,4,2,0,1,23,36,36,0,False
18989781863,10,8,4,0,1,34,2,2,0,False
19831701219,3,11,4,0,2,23,24,24,39,False
18758415613,25,11,4,0,2,20,33,33,0,False
15735414945,24,45,4,0,1,18,3,3,39,False
13513580369,34,3,3,0,2,2,15,15,24,False
16630722126,36,1,2,0,3,31,11,11,24,False
19881266563,21,9,4,0,2,11,18,18,39,False
13513580369,31,25,2,0,1,33,24,24,9,False
16630722126,12,4,4,0,0,34,20,20,0,False
18765816132,50,3,4,0,1,24,9,9,39,False
17713196465,13,3,3,0,1,8,0,0,9,False
18664891854,41,11,4,0,0,14,0,0,0,True
13074255915,24,5,4,0,3,19,45,45,0,False
17807329663,50,1,4,0,0,7,11,11,19,False
15735414945,29,5,4,0,3,19,33,33,39,False
18664891854,4,4,3,0,1,5,24,24,9,False
13943039298,16,12,4,0,0,26,5,5,9,False
19948700293,24,2,2,0,1,36,42,42,39,False
18758415613,18,1,4,0,0,21,1,1,19,False
18702113651,14,10,4,0,2,18,28,28,39,False
17623708813,10,149,4,0,3,17,13,13,39,False
18758415613,31,5,4,0,2,36,43,43,39,False
18989781863,21,4,2,0,3,17,27,27,19,False
15165929133,37,1,2,0,2,0,29,29,39,False
13943039298,48,7,4,0,0,34,20,20,9,False
17731093916,44,2,4,0,3,40,5,5,1,False
17731093916,22,4,4,0,1,30,1,1,9,False
17623708813,16,12,2,0,0,22,1,1,9,False
15260233525,43,10,2,0,0,35,30,30,19,False
13401917913,35,8,4,0,3,17,12,12,19,False
17807329663,25,19,4,0,3,45,15,15,1,False
18702113651,21,6,2,0,0,19,10,10,9,False
13401917913,9,0,2,0,0,9,32,32,19,False
18053307086,48,2,3,0,0,22,17,17,39,False
19550593600,27,6,4,0,1,4,9,9,9,True
13401917913,19,21,4,0,0,7,0,0,0,True
18765816132,4,25,4,0,0,40,26,26,19,False
19881266563,18,4,4,0,2,13,20,20,19,False
19948700293,20,8,4,0,2,4,14,14,0,False
18989781863,13,3,3,0,1,45,43,43,9,False
15260233525,40,1,4,0,2,12,47,47,39,False
17331496902,7,7,4,0,1,18,17,17,9,False
19831701219,11,7,4,0,0,31,2,2,1,False
18702113651,35,6,4,0,1,47,46,46,1,False
19881266563,1,63,4,0,2,30,31,31,24,False
15260233525,16,12,3,0,2,2,9,9,24,False
19881266563,46,0,4,0,1,19,31,31,9,False
19881266563,38,13,4,0,3,15,33,33,39,False
15661502139,18,12,3,0,3,12,34,34,39,False
15167050060,22,15,1,0,2,4,5,5,39,False
17731093916,25,1,4,0,2,9,34,34,9,False
15079495784,15,12,4,0,3,36,31,31,1,False
19831701219,18,43,4,0,0,29,17,17,9,False
17731093916,32,1,4,0,0,34,26,26,0,False
18991311567,40,12,2,0,3,11,31,31,39,False
13130819298,20,14,4,0,3,28,2,2,19,False
18989781863,44,1,1,0,2,25,33,33,39,False
19550593600,13,8,2,0,3,4,12,12,39,False
17623708813,17,6,4,0,1,40,9,9,9,True
19881266563,18,14,4,0,1,5,20,20,39,False
15260233525,21,0,4,0,1,16,45,45,39,False
13401917913,15,4,4,0,2,34,48,48,39,False
17623708813,2,12,4,0,0,30,23,23,9,False
18802233956,17,14,4,0,0,28,14,14,19,False
15165929133,26,2,2,0,2,7,16,16,39,False
18991311567,15,7,4,0,0,40,16,16,9,False
17713196465,47,1,4,0,1,16,1,1,9,False
13074255915,12,10,4,0,0,32,26,26,9,False
15165929133,16,9,1,0,3,31,39,39,39,True
17527328008,5,24,4,0,0,16,8,8,8,True
15260233525,49,12,4,0,1,15,14,14,0,False
17623708813,5,0,4,0,3,12,37,37,39,False
13130819298,4,2,4,0,0,32,23,23,0,False
16726368276,37,3,1,0,3,32,41,41,39,False
15167050060,40,3,3,0,3,25,26,26,19,False
16726368276,17,19,4,0,0,7,1,1,19,False
13943039298,24,4,4,0,1,45,38,38,9,False
15661502139,49,19,4,0,3,36,37,37,39,False
15167050060,45,2,4,0,2,32,40,40,39,False
17623708813,20,4,4,0,1,47,36,36,9,False
16630722126,40,5,2,0,1,33,11,11,0,False
13130819298,16,16,1,0,0,9,20,20,19,False
15079495784,31,15,4,0,3,28,7,7,39,False
17731093916,35,0,4,0,2,40,15,15,39,False
15079495784,45,7,4,0,0,22,17,17,39,False
18664891854,35,11,4,0,3,38,19,19,19,True
18989781863,3,5,4,0,0,23,16,16,19,False
18053307086,47,13,4,0,2,22,30,30,39,False
15165929133,16,18,4,0,0,23,10,10,9,False
13630678332,16,5,3,0,2,11,17,17,24,False
19831701219,8,9,4,0,0,32,16,16,9,False
17527328008,19,6,1,0,1,48,40,40,9,False
18989781863,37,20,4,0,2,40,48,48,39,False
19831701219,18,17,4,0,1,32,8,8,0,False
18765816132,23,1,2,0,1,9,30,30,9,False
18802233956,30,1,3,0,3,29,24,24,39,False
19948700293,41,15,4,0,1,34,26,26,0,False
19550593600,17,33,4,0,2,39,46,46,24,False
17527328008,25,49,1,0,1,3,9,9,9,True
18991311567,8,0,1,0,2,39,13,13,9,False
17623708813,12,21,4,0,0,8,7,7,0,False
15079495784,38,4,3,0,1,3,8,8,0,False
18053307086,27,4,4,0,1,46,22,22,9,False
18053307086,1,6,3,0,1,11,7,7,0,False
19834840803,29,5,3,0,1,33,24,24,0,False
19852999776,8,12,3,0,0,25,12,12,9,False
19834840803,35,7,4,0,1,31,0,0,9,False
18989781863,49,7,4,0,0,38,31,31,9,False
17807329663,42,30,1,0,1,33,24,24,9,False
16630722126,31,8,3,0,1,25,24,24,0,False
18702113651,44,7,3,0,3,32,19,19,39,False
18636055184,36,1,2,0,0,30,1,1,9,False
18053307086,21,3,4,0,1,23,21,21,0,False
19948700293,14,12,4,0,3,29,8,8,1,False
13401917913,25,12,1,0,3,5,13,13,39,False
19881266563,9,4,2,0,2,18,17,17,39,False
17331496902,37,6,4,0,3,26,13,13,19,False
13943039298,25,0,1,0,1,40,22,22,39,False
18053307086,9,11,4,0,1,20,12,12,0,False
17713196465,50,13,4,0,0,23,33,33,9,False
18365196069,18,1,4,0,0,28,0,0,19,False
17623708813,16,67,4,0,0,31,24,24,9,False
15661502139,20,14,4,0,3,25,31,31,9,False
19834840803,45,8,4,0,2,25,31,31,24,False
15260233525,27,4,3,0,3,29,17,17,39,False
13932780308,29,1,3,0,3,14,24,24,39,False
13130819298,50,15,4,0,1,31,23,23,0,False
17331496902,50,0,4,0,3,2,31,31,39,False
15735414945,47,6,4,0,1,30,31,31,24,False
17807329663,15,8,4,0,0,21,39,39,19,False
19859608897,16,6,2,0,1,30,21,21,0,False
19970957519,46,1,4,0,0,17,18,18,39,False
13074255915,41,0,1,0,1,48,24,24,0,False
18365196069,23,8,2,0,2,36,43,43,39,False
17331496902,13,1,4,0,1,34,8,8,0,False
18702113651,35,7,3,0,2,26,13,13,9,False
18664891854,2,11,4,0,0,26,20,20,39,False
13074255915,37,0,4,0,2,8,48,48,39,False
15079495784,34,28,4,0,3,23,8,8,0,False
19852999776,35,7,2,0,2,12,32,32,24,False
18365196069,29,2,1,0,2,18,40,40,39,False
18636055184,25,16,4,0,3,25,34,34,39,False
19948700293,41,4,3,0,1,30,29,29,0,False
18802233956,1,105,4,0,0,35,16,16,9,False
18758415613,17,15,4,0,3,23,16,16,19,False
17527328008,22,11,4,0,1,5,4,4,0,False
13401917913,35,15,4,0,3,44,48,48,39,False
15797725211,22,1,4,0,3,8,12,12,39,False
15165929133,18,14,1,0,1,38,39,39,39,True
15079495784,12,3,4,0,1,25,1,1,9,False
18636055184,20,18,4,0,1,23,0,0,9,False
17331496902,13,10,2,0,0,41,13,13,0,False
19852999776,41,7,4,0,3,36,14,14,9,False
13130819298,28,0,4,0,0,26,10,10,9,False
19852999776,45,8,4,0,1,18,0,0,39,False
19831701219,12,5,4,0,3,10,12,12,39,False
18053307086,46,0,1,0,3,43,21,21,39,False
15735414945,30,8,4,0,2,12,26,26,39,False
19831701219,9,0,4,0,1,27,19,19,0,False
18765816132,31,2,2,0,0,41,25,25,0,False
15079495784,9,15,4,0,0,32,10,10,9,False
15260233525,16,3,4,0,2,15,23,23,39,False
15079495784,21,9,4,0,0,22,21,21,0,False
17623708813,25,21,4,0,2,26,46,46,39,False
19881266563,49,27,4,0,3,33,34,34,39,False
13074255915,16,3,4,0,1,36,0,0,1,False
19834840803,30,17,4,0,0,28,22,22,39,False
18053307086,36,1,3,0,1,46,38,38,9,False
18989781863,38,20,4,0,2,34,40,40,39,False
13670356740,6,11,4,0,3,28,21,21,39,False
19859608897,12,1,4,0,0,9,33,33,9,False
18702113651,37,4,4,0,2,29,36,36,0,False
17331496902,48,3,2,0,3,14,28,28,39,False
19831701219,34,7,4,0,3,17,20,20,39,False
13130819298,12,15,4,0,1,18,17,17,9,False
15661502139,31,4,3,0,0,17,38,38,39,False
15735414945,34,0,4,0,3,19,5,5,9,False
15661502139,3,1,4,0,3,32,13,13,2,False
18758415613,48,15,4,0,1,37,36,36,24,False
17623708813,47,59,4,0,2,20,6,6,0,False
15165929133,34,2,4,0,1,40,20,20,1,False
15797725211,21,4,1,0,2,23,24,24,39,False
18365196069,12,10,2,0,3,29,7,7,1,False
13130819298,25,13,4,0,0,25,12,12,9,False
16630722126,28,9,3,0,0,17,10,10,0,False
18365196069,14,7,4,0,3,14,36,36,39,False
18758415613,8,23,4,0,0,10,0,0,9,False
17527328008,34,7,1,0,2,11,12,12,19,False
15260233525,22,7,2,0,3,2,11,11,39,False
17713196465,50,8,2,0,2,29,31,31,9,False
17527328008,49,143,4,0,2,3,1,1,9,False
18636055184,34,12,4,0,1,32,39,39,39,True
13670356740,31,12,4,0,2,16,31,31,39,False
19881266563,25,17,4,0,1,12,17,17,9,False
15735414945,38,3,4,0,3,8,16,16,39,False
18765816132,29,17,4,0,3,4,20,20,39,False
18802233956,16,12,4,0,2,23,26,26,19,False
13513580369,40,11,3,0,1,26,6,6,9,False
13401917913,18,2,4,0,3,23,39,39,39,True
18765816132,50,5,1,0,2,16,24,24,39,False
16726368276,40,4,4,0,0,22,1,1,0,False
13932780308,43,2,1,0,3,32,25,25,19,False
19852999776,14,7,4,0,1,18,29,29,39,False
17713196465,48,14,4,0,2,17,39,39,39,True
17527328008,25,10,2,0,3,44,45,45,39,False
17331496902,24,1,4,0,1,46,31,31,0,False
19881266563,35,1,4,0,2,9,25,25,9,False
17623708813,20,10,4,0,1,18,16,16,9,False
13401917913,2,19,4,0,1,32,31,31,9,False
19550593600,51,9,1,0,2,15,47,47,39,False
15797725211,44,113,4,0,0,19,41,41,0,False
15797725211,8,5,4,0,2,10,47,47,39,False
13401917913,28,15,4,0,0,11,2,2,9,False
18702113651,28,14,3,0,2,16,15,15,0,False
15735414945,48,18,4,0,1,25,7,7,0,False
18989781863,24,10,4,0,2,27,45,45,0,False
16726368276,49,6,2,0,2,37,47,47,39,False
17623708813,40,20,4,0,2,35,45,45,39,False
16726368276,17,4,4,0,0,44,33,33,19,False
13670356740,15,12,4,0,3,42,43,43,19,False
17807329663,9,4,4,0,0,33,23,23,9,False
13401917913,17,18,3,0,1,3,9,9,9,True
15260233525,13,0,2,0,3,37,2,2,9,False
15079495784,12,41,4,0,3,5,46,46,39,False
19831701219,23,18,4,0,2,26,34,34,39,False
17527328008,13,0,4,0,3,21,1,1,39,False
15260233525,9,2,1,0,1,36,42,42,39,False
17623708813,42,131,4,0,1,20,10,10,0,False
17623708813,10,7,1,0,1,38,36,36,0,False
19970957519,36,5,4,0,1,33,37,37,0,False
19834840803,1,12,4,0,2,25,41,41,39,False
18702113651,29,10,4,0,2,26,17,17,9,False
17807329663,33,2,2,0,1,45,42,42,9,False
19852999776,44,6,4,0,0,35,14,14,9,False
19859608897,27,3,2,0,0,41,18,18,0,False
19970957519,9,6,3,0,3,31,11,11,9,False
19948700293,14,5,4,0,2,7,25,25,39,False
13074255915,17,19,4,0,1,18,10,10,9,False
15735414945,11,32,4,0,0,26,9,9,9,True
18802233956,1,9,2,0,0,17,34,34,19,False
15079495784,12,1,4,0,1,33,14,14,0,False
16726368276,30,3,3,0,1,33,13,13,9,False
13943039298,15,10,4,0,2,33,39,39,24,False
13932780308,42,4,1,0,1,30,37,37,39,False
18636055184,14,0,4,0,0,22,29,29,39,False
18053307086,28,7,3,0,0,30,32,32,9,False
15079495784,45,27,4,0,2,8,17,17,39,False
19834840803,50,0,1,0,3,40,18,18,39,False
17331496902,40,3,4,0,1,33,27,27,9,False
18636055184,27,28,4,0,3,46,47,47,39,False
19948700293,30,0,4,0,1,39,25,25,9,False
16726368276,41,18,4,0,1,29,15,15,0,False
15661502139,1,8,4,0,0,31,30,30,9,False
17623708813,4,4,4,0,1,12,43,43,0,False
15735414945,5,25,4,0,2,31,1,1,8,False
15735414945,44,9,4,0,0,30,40,40,39,False
17713196465,23,3,2,0,1,12,35,35,9,False
17807329663,47,19,4,0,2,29,32,32,9,False
17807329663,1,35,1,0,3,16,36,36,24,False
17527328008,35,6,1,0,0,18,12,12,19,False
19881266563,37,6,3,0,3,35,44,44,39,False
19881266563,39,11,4,0,2,16,38,38,39,False
15260233525,39,5,1,0,3,28,16,16,19,False
19831701219,26,2,4,0,0,25,32,32,39,False
18053307086,36,10,4,0,0,32,12,12,19,False
19859608897,21,3,4,0,1,27,26,26,0,False
17713196465,34,6,4,0,3,9,18,18,19,False
13513580369,14,0,1,0,2,7,28,28,39,False
17527328008,36,4,1,0,2,10,12,12,39,False
15735414945,17,1,2,0,1,26,17,17,0,False
17807329663,24,4,2,0,3,18,13,13,39,False
13630678332,44,2,3,0,0,11,12,12,19,False
18991311567,29,6,2,0,3,5,20,20,39,False
19881266563,29,9,4,0,2,25,14,14,9,False
18765816132,20,3,3,0,1,17,9,9,9,True
15797725211,4,5,4,0,3,31,41,41,39,False
15079495784,38,10,4,0,3,2,3,3,39,False
18702113651,2,5,3,0,1,37,2,2,9,False
19834840803,12,9,4,0,3,15,31,31,39,False
18365196069,40,4,1,0,1,41,47,47,9,False
19550593600,18,3,1,0,0,10,9,9,9,True
19859608897,2,2,3,0,3,10,5,5,39,False
13074255915,33,3,2,0,1,46,38,38,9,False
18758415613,28,3,4,0,0,18,5,5,19,False
13130819298,1,1,1,0,0,31,18,18,0,False
16630722126,20,4,4,0,0,10,7,7,9,False
13943039298,15,8,4,0,2,32,39,39,39,True
13513580369,1,1,3,0,0,40,5,5,1,False
18991311567,12,0,1,0,3,43,23,23,39,False
17731093916,46,1,2,0,3,33,13,13,9,False
17713196465,36,6,4,0,2,9,17,17,19,False
18989781863,25,11,4,0,2,10,11,11,19,False
15079495784,47,4,4,0,0,35,25,25,19,False
17527328008,38,1,4,0,2,2,1,1,0,False
15079495784,28,7,1,0,2,12,20,20,39,False
16630722126,13,6,3,0,0,22,8,8,0,False
17623708813,18,11,4,0,1,31,11,11,9,False
13074255915,32,9,4,0,1,5,23,23,9,False
19852999776,23,3,4,0,3,17,33,33,39,False
19834840803,11,0,1,0,2,5,41,41,39,False
19970957519,9,14,4,0,0,32,9,9,9,True
18802233956,29,12,4,0,0,23,33,33,9,False
13670356740,13,6,1,0,1,19,27,27,9,False
15079495784,16,8,4,0,2,8,38,38,39,False
18636055184,35,11,4,0,3,11,12,12,19,False
15260233525,47,2,4,0,1,48,44,44,0,False
17331496902,49,7,4,0,0,32,1,1,0,False
17527328008,29,10,4,0,2,30,25,25,19,False
15165929133,13,16,4,0,1,27,41,41,39,False
17527328008,25,6,4,0,3,37,31,31,2,False
17713196465,26,13,4,0,0,8,1,1,0,False
15079495784,5,6,4,0,1,3,15,15,9,False
17527328008,45,0,4,0,2,22,1,1,0,False
18802233956,12,3,4,0,1,16,1,1,9,False
13401917913,12,2,4,0,2,20,33,33,0,False
15079495784,16,22,4,0,2,30,24,24,39,False
15165929133,38,5,1,0,3,14,30,30,39,False
17331496902,18,4,2,0,1,39,24,24,0,False
16630722126,41,6,4,0,1,8,48,48,9,False
18636055184,16,30,4,0,3,33,46,46,39,False
13670356740,3,15,4,0,3,30,24,24,39,False
17731093916,43,20,4,0,0,14,1,1,9,False
18702113651,1,27,4,0,2,18,39,39,39,True
17623708813,42,104,4,0,2,20,10,10,0,False
15165929133,9,2,4,0,1,46,37,37,9,False
15079495784,48,11,4,0,2,29,34,34,39,False
15735414945,18,3,3,0,2,16,40,40,39,False
15735414945,27,10,4,0,1,18,7,7,39,False
15165929133,13,5,3,0,2,25,40,40,39,False
13513580369,19,38,4,0,0,24,17,17,9,False
15735414945,13,3,4,0,2,0,23,23,39,False
18365196069,24,4,4,0,1,45,42,42,0,False
17807329663,13,2,4,0,2,14,23,23,39,False
13670356740,48,7,2,0,3,23,20,20,9,False
19550593600,49,7,3,0,3,16,24,24,39,False
13630678332,32,10,1,0,2,25,46,46,39,False
18702113651,35,3,4,0,2,12,32,32,39,False
18802233956,15,34,4,0,1,43,21,21,19,False
17623708813,22,5,4,0,0,15,12,12,19,False
19550593600,34,26,4,0,3,16,14,14,9,False
18053307086,1,12,4,0,1,25,17,17,9,False
18664891854,4,11,4,0,1,10,9,9,0,False
15735414945,18,0,2,0,1,9,17,17,19,False
18053307086,2,20,4,0,1,25,13,13,39,False
18053307086,2,15,4,0,1,26,13,13,9,False
19970957519,50,0,4,0,1,19,24,24,9,False
17713196465,2,2,4,0,0,33,11,11,9,False
17623708813,22,9,4,0,3,2,12,12,39,False
15079495784,49,11,4,0,1,43,29,29,39,False
19852999776,15,5,2,0,3,29,17,17,39,False
19831701219,44,6,4,0,0,33,0,0,9,False
18802233956,43,4,4,0,3,23,31,31,9,False
16726368276,49,0,4,0,3,5,34,34,39,False
16726368276,43,9,3,0,0,30,21,21,9,False
17623708813,19,153,4,0,3,13,6,6,19,False
18053307086,36,8,4,0,2,24,12,12,39,False
13670356740,14,6,4,0,2,4,11,11,39,False
18702113651,32,4,1,0,3,31,18,18,9,False
15167050060,1,0,4,0,2,29,40,40,9,False
17713196465,46,11,4,0,0,33,25,25,1,False
18991311567,4,18,1,0,3,28,1,1,19,False
15735414945,11,3,2,0,3,11,3,3,0,False
13130819298,11,5,3,0,1,3,9,9,9,True
15079495784,34,13,4,0,1,38,8,8,9,False
19852999776,20,8,3,0,0,29,23,23,1,False
15079495784,50,9,4,0,3,23,11,11,9,False
17731093916,8,8,3,0,3,29,8,8,9,False
18636055184,42,1,4,0,2,32,47,47,39,False
16726368276,32,14,4,0,3,22,31,31,39,False
17527328008,9,0,4,0,2,24,47,47,39,False
13670356740,13,24,4,0,3,24,17,17,9,False
19831701219,39,5,1,0,0,22,9,9,19,False
17807329663,24,2,1,0,1,36,29,29,9,False
17731093916,22,10,4,0,0,30,1,1,1,True
17527328008,20,4,4,0,0,18,19,19,39,False
18636055184,21,10,4,0,0,18,4,4,9,False
18053307086,34,3,1,0,3,25,31,31,9,False
13401917913,50,10,4,0,2,16,8,8,0,False
13513580369,2,1,4,0,2,28,46,46,39,False
16630722126,26,5,4,0,3,29,8,8,1,False
19970957519,33,2,4,0,1,37,9,9,1,False
13401917913,29,5,4,0,3,11,19,19,39,False
13932780308,25,3,2,0,2,26,0,0,8,False
13130819298,9,8,2,0,3,16,44,44,39,False
13513580369,42,5,4,0,1,22,44,44,39,False
18664891854,38,6,4,0,2,7,40,40,39,False
18802233956,36,7,4,0,2,22,32,32,39,False
17527328008,35,5,3,0,0,30,7,7,1,False
13943039298,5,8,3,0,3,26,20,20,39,False
15167050060,13,23,4,0,1,16,15,15,0,False
17807329663,15,17,4,0,0,30,39,39,24,False
19550593600,2,11,4,0,2,34,40,40,39,False
18758415613,26,8,1,0,2,2,9,9,24,False
17623708813,8,33,4,0,2,10,47,47,39,False
17713196465,16,2,4,0,3,37,17,17,19,False
17623708813,16,0,4,0,0,39,38,38,0,False
19550593600,28,11,4,0,0,31,3,3,9,False
18989781863,21,14,1,0,1,40,19,19,39,False
19970957519,13,0,4,0,2,7,23,23,39,False
19831701219,38,17,4,0,0,26,3,3,9,False
19852999776,27,7,4,0,2,32,8,8,1,False
17807329663,17,26,4,0,3,23,38,38,9,False
19970957519,19,3,4,0,0,36,16,16,0,False
19859608897,49,2,4,0,1,23,15,15,9,False
17527328008,49,37,4,0,1,2,1,1,0,False
18765816132,42,0,1,0,2,10,47,47,39,False
15735414945,46,11,2,0,0,22,9,9,9,True
17623708813,37,3,1,0,3,3,18,18,39,False
18636055184,30,0,4,0,3,37,40,40,39,False
19834840803,6,12,4,0,2,12,19,19,39,False
13943039298,2,42,4,0,2,28,14,14,39,False
15735414945,27,93,4,0,3,28,7,7,19,False
13630678332,50,10,4,0,1,26,48,48,39,False
15165929133,47,8,1,0,3,2,31,31,39,False
17713196465,50,4,2,0,1,17,31,31,39,False
18053307086,7,23,4,0,2,30,47,47,39,False
19881266563,22,9,1,0,2,18,26,26,39,False
18765816132,29,6,4,0,0,18,5,5,2,False
16630722126,28,1,1,0,1,34,20,20,0,False
18053307086,28,8,4,0,1,29,43,43,9,False
13670356740,1,20,4,0,0,23,9,9,0,False
15079495784,23,0,3,0,0,21,29,29,19,False
17623708813,13,16,1,0,2,4,32,32,39,False
19831701219,26,11,4,0,0,18,32,32,39,False
16630722126,22,1,4,0,2,22,36,36,39,False
18765816132,37,37,4,0,3,33,48,48,39,False
18365196069,15,2,3,0,2,18,20,20,39,False
13670356740,28,7,4,0,0,15,16,16,39,False
15079495784,48,27,4,0,3,19,34,34,39,False
13074255915,22,10,4,0,0,22,9,9,19,False
15165929133,4,5,1,0,0,9,10,10,9,False
17527328008,36,18,4,0,0,35,23,23,9,False
15260233525,32,4,4,0,0,25,18,18,9,False
15797725211,14,19,4,0,0,12,3,3,9,False
19550593600,46,9,4,0,2,15,31,31,39,False
13130819298,47,14,4,0,0,19,9,9,9,True
15797725211,16,5,4,0,2,16,24,24,39,False
17807329663,43,11,4,0,1,24,17,17,9,False
19852999776,28,5,2,0,1,11,9,9,9,True
15260233525,26,13,3,0,1,18,23,23,39,False
18758415613,8,3,4,0,2,8,31,31,24,False
19834840803,50,20,4,0,1,40,39,39,21,False
15735414945,32,2,1,0,2,22,39,39,39,True
19550593600,49,3,4,0,2,23,36,36,39,False
18664891854,33,3,4,0,0,47,27,27,1,False
18702113651,20,5,3,0,1,29,36,36,39,False
15735414945,6,22,2,0,0,8,7,7,0,False
18365196069,14,10,2,0,1,9,7,7,0,False
18989781863,33,14,4,0,1,34,27,27,0,False
15735414945,16,5,2,0,2,18,17,17,39,False
15079495784,12,7,1,0,2,34,39,39,39,True
17527328008,15,9,4,0,0,30,8,8,1,False
15735414945,22,21,3,0,0,22,15,15,9,False
19970957519,33,1,1,0,2,15,23,23,39,False
18365196069,13,27,4,0,0,30,23,23,0,False
15797725211,13,3,4,0,1,17,25,25,39,False
16726368276,27,6,2,0,3,22,29,29,39,False
18765816132,43,18,4,0,3,28,21,21,39,False
13401917913,28,53,4,0,2,0,2,2,39,False
17331496902,24,2,3,0,3,14,29,29,39,False
19948700293,21,8,3,0,3,32,40,40,39,False
19834840803,4,1,2,0,2,30,32,32,0,False
16630722126,4,14,4,0,2,41,39,39,0,False
15167050060,35,4,4,0,0,23,26,26,9,False
19859608897,2,5,3,0,0,18,5,5,19,False
18802233956,9,12,4,0,0,29,1,1,1,True
13670356740,46,5,4,0,3,31,7,7,8,False
15735414945,17,2,4,0,3,31,26,26,39,False
19881266563,49,21,4,0,2,24,0,0,39,False
18991311567,10,1,4,0,3,18,2,2,39,False
19831701219,34,7,4,0,1,32,24,24,0,False
18053307086,23,19,4,0,1,37,2,2,9,False
19834840803,8,2,4,0,0,24,0,0,24,False
17807329663,15,3,4,0,2,24,1,1,39,False
18365196069,5,2,4,0,2,7,22,22,39,False
18053307086,39,8,4,0,2,6,26,26,39,False
13670356740,38,7,4,0,1,6,17,17,0,False
18365196069,20,3,2,0,2,34,48,48,39,False
18802233956,12,1,4,0,0,38,13,13,19,False
13670356740,41,5,3,0,3,10,24,24,39,False
17527328008,50,10,3,0,0,11,12,12,19,False
15735414945,33,21,4,0,3,43,42,42,39,False
18989781863,13,6,4,0,3,24,23,23,9,False
19831701219,45,0,4,0,0,17,1,1,9,False
18989781863,44,12,3,0,3,36,22,22,1,False
17623708813,49,10,4,0,3,10,39,39,39,True
13130819298,36,12,4,0,2,31,37,37,24,False
18636055184,11,36,4,0,1,10,3,3,9,False
18053307086,8,3,4,0,3,15,23,23,39,False
19852999776,22,0,1,0,2,7,36,36,39,False
13943039298,3,1,1,0,2,39,37,37,0,False
13630678332,33,9,2,0,1,32,24,24,9,False
13943039298,5,15,2,0,3,21,14,14,19,False
18664891854,16,4,4,0,2,3,10,10,24,False
15260233525,47,6,4,0,2,32,44,44,21,False
13130819298,34,12,4,0,2,11,19,19,39,False
19852999776,44,12,4,0,0,18,17,17,39,False
17713196465,23,20,4,0,0,15,4,4,19,False
19948700293,25,9,1,0,3,29,22,22,1,False
18765816132,14,8,2,0,2,34,40,40,39,False
18989781863,37,16,4,0,3,45,47,47,19,False
19834840803,6,4,3,0,3,8,2,2,9,False
18989781863,27,0,4,0,3,9,18,18,39,False
19970957519,30,4,2,0,0,35,8,8,9,False
13932780308,41,11,3,0,3,29,31,31,1,False
17731093916,43,24,4,0,0,7,1,1,19,False
18053307086,7,8,4,0,0,16,15,15,9,False
19948700293,14,4,4,0,1,8,25,25,9,False
18664891854,28,0,4,0,1,41,47,47,0,False
15079495784,29,10,4,0,3,18,2,2,39,False
19948700293,49,8,3,0,0,23,24,24,9,False
13630678332,45,4,1,0,2,10,18,18,39,False
17331496902,23,17,1,0,1,16,22,22,9,False
17527328008,15,7,4,0,3,28,8,8,19,False
17713196465,2,21,4,0,1,36,15,15,9,False
18758415613,28,7,4,0,0,32,2,2,1,False
18989781863,11,2,4,0,2,39,30,30,0,False
13630678332,43,12,4,0,3,46,47,47,39,False
18636055184,12,9,4,0,2,38,39,39,39,True
13401917913,36,1,4,0,1,8,28,28,39,False
18702113651,10,4,4,0,1,11,29,29,0,False
19948700293,27,1,3,0,0,9,6,6,9,False
13513580369,7,2,4,0,3,4,47,47,39,False
15797725211,30,23,2,0,1,19,44,44,9,False
16726368276,9,2,2,0,3,17,6,6,39,False
19881266563,26,17,4,0,0,28,22,22,19,False
16726368276,20,5,4,0,1,5,30,30,9,False
19834840803,19,6,3,0,0,23,1,1,9,False
18989781863,16,12,4,0,2,4,39,39,39,True
18636055184,32,2,4,0,1,40,26,26,1,False
15079495784,37,0,4,0,1,10,18,18,39,False
17527328008,16,10,3,0,0,37,31,31,2,False
19948700293,11,12,4,0,2,34,41,41,39,False
18802233956,9,30,4,0,0,19,12,12,9,False
17623708813,5,28,4,0,2,38,17,17,9,False
18053307086,42,13,4,0,1,36,1,1,1,True
15165929133,8,10,4,0,0,11,20,20,39,False
17731093916,39,2,3,0,2,0,2,2,39,False
18802233956,47,32,4,0,0,12,3,3,9,False
19859608897,29,17,3,0,3,32,40,40,39,False
17807329663,21,30,4,0,1,15,0,0,0,True
18802233956,32,3,4,0,2,13,27,27,39,False
17731093916,6,1,1,0,2,31,30,30,0,False
19852999776,48,6,4,0,1,29,39,39,9,False
18365196069,31,2,4,0,0,10,8,8,0,False
13943039298,35,0,1,0,2,18,24,24,39,False
18636055184,49,2,2,0,3,25,19,19,1,False
13630678332,49,9,4,0,3,39,4,4,9,False
18991311567,21,2,1,0,1,38,9,9,9,True
19852999776,48,13,3,0,2,26,46,46,39,False
18802233956,30,3,4,0,3,17,33,33,39,False
18664891854,23,4,4,0,0,23,8,8,9,False
15165929133,18,8,4,0,1,15,1,1,9,False
17807329663,22,3,4,0,1,3,1,1,9,False
13943039298,25,11,4,0,0,28,7,7,19,False
15260233525,19,9,4,0,3,18,6,6,19,False
19881266563,12,51,4,0,3,32,41,41,39,False
17807329663,4,3,1,0,3,11,18,18,39,False
17623708813,2,7,4,0,1,26,15,15,0,False
19834840803,29,2,4,0,0,39,17,17,9,False
13074255915,14,2,2,0,1,27,33,33,0,False
19852999776,16,0,4,0,0,41,14,14,0,False
18702113651,49,16,4,0,1,38,23,23,0,False
15735414945,16,12,3,0,3,8,0,0,9,False
13401917913,30,4,4,0,1,5,3,3,9,False
15735414945,12,2,4,0,2,18,7,7,39,False
13670356740,5,5,4,0,1,10,15,15,0,False
18053307086,30,8,3,0,2,12,20,20,39,False
17331496902,48,19,4,0,0,47,40,40,1,False
13670356740,32,10,4,0,2,22,44,44,39,False
13943039298,6,0,3,0,2,24,9,9,39,False
19970957519,24,26,4,0,3,15,2,2,39,False
15735414945,29,6,2,0,2,35,42,42,39,False
19852999776,25,2,4,0,1,41,7,7,0,False
19550593600,45,1,1,0,3,33,39,39,9,False
15079495784,34,5,1,0,1,27,19,19,9,False
15797725211,10,4,1,0,3,14,8,8,39,False
16630722126,39,14,4,0,1,11,7,7,9,False
13670356740,35,3,4,0,3,8,25,25,39,False
15661502139,26,7,4,0,0,25,15,15,9,False
18636055184,11,2,3,0,2,3,40,40,39,False
18991311567,50,16,4,0,3,25,20,20,39,False
15735414945,21,2,4,0,3,37,11,11,19,False
15661502139,40,7,4,0,3,2,10,10,39,False
19831701219,18,22,4,0,0,20,17,17,0,False
15797725211,10,0,1,0,2,0,8,8,24,False
19831701219,2,6,3,0,2,35,42,42,39,False
17331496902,17,5,4,0,2,16,15,15,9,False
18802233956,40,17,4,0,3,5,27,27,39,False
18758415613,24,0,1,0,3,7,10,10,19,False
19831701219,36,13,4,0,0,29,15,15,0,False
19550593600,29,4,4,0,3,32,20,20,19,False
13513580369,22,6,4,0,3,12,6,6,39,False
19859608897,22,8,4,0,0,17,2,2,9,False
19834840803,47,5,2,0,3,40,3,3,9,False
16630722126,28,6,4,0,0,44,17,17,9,False
15735414945,8,4,2,0,0,22,7,7,9,False
18053307086,30,4,3,0,2,12,20,20,39,False
17331496902,9,13,4,0,2,25,45,45,39,False
13130819298,14,13,4,0,3,29,10,10,39,False
18053307086,22,18,4,0,1,2,1,1,0,False
19852999776,43,1,4,0,2,1,39,39,39,True
15167050060,6,4,4,0,2,34,40,40,39,False
18989781863,1,10,3,0,0,22,15,15,0,False
15165929133,36,6,2,0,3,21,29,29,19,False
16726368276,31,14,4,0,1,22,14,14,0,False
19852999776,9,21,4,0,3,10,25,25,39,False
13513580369,7,26,4,0,3,45,39,39,39,True
18991311567,24,15,3,0,2,8,7,7,9,False
15260233525,37,12,2,0,1,38,37,37,0,False
13943039298,27,17,3,0,2,34,41,41,39,False
19831701219,6,3,2,0,3,26,12,12,1,False
19948700293,23,3,3,0,3,7,31,31,39,False
19550593600,29,0,1,0,1,48,33,33,0,False
19834840803,34,4,4,0,0,46,41,41,9,False
17807329663,32,9,4,0,3,28,0,0,19,False
13670356740,2,3,1,0,3,28,7,7,19,False
17807329663,37,0,3,0,1,3,1,1,0,False
18989781863,26,8,4,0,3,0,1,1,39,False
13513580369,17,18,2,0,0,19,3,3,9,False
17527328008,7,17,1,0,0,27,20,20,0,False
13943039298,11,5,4,0,1,44,29,29,9,False
19550593600,43,6,3,0,3,33,40,40,39,False
18053307086,36,1,4,0,0,44,12,12,19,False
13943039298,2,4,2,0,2,16,14,14,0,False
15079495784,42,0,2,0,3,36,30,30,39,False
15661502139,18,5,4,0,3,22,41,41,39,False
16726368276,14,4,2,0,1,26,33,33,39,False
19852999776,48,10,4,0,3,35,39,39,19,False
18702113651,34,2,4,0,1,12,10,10,9,False
13513580369,47,15,4,0,1,15,1,1,0,False
18758415613,47,2,4,0,1,36,43,43,39,False
18758415613,50,2,1,0,0,22,14,14,0,False
19550593600,28,5,4,0,3,46,47,47,39,False
19859608897,28,3,4,0,2,3,20,20,39,False
19550593600,43,0,3,0,3,29,40,40,9,False
19859608897,48,7,2,0,2,12,19,19,39,False
19859608897,19,4,4,0,0,38,10,10,9,False
13513580369,41,2,4,0,1,11,14,14,0,False
18991311567,44,6,1,0,1,3,9,9,9,True
16726368276,36,16,4,0,2,36,43,43,39,False
15797725211,16,40,4,0,0,25,24,24,9,False
17713196465,15,12,4,0,0,38,25,25,19,False
18989781863,17,3,2,0,3,17,6,6,39,False
15167050060,1,0,1,0,0,22,28,28,39,False
18989781863,8,1,4,0,1,4,10,10,9,False
18053307086,1,17,3,0,1,9,7,7,0,False
18702113651,41,15,4,0,0,22,7,7,9,False
18765816132,42,1,4,0,1,45,31,31,2,False
17713196465,33,13,2,0,3,8,9,9,1,False
18802233956,29,23,4,0,2,25,33,33,39,False
13401917913,18,5,2,0,1,22,21,21,0,False
17807329663,41,0,2,0,2,12,27,27,39,False
15167050060,45,1,4,0,0,30,33,33,9,False
17623708813,1,24,4,0,1,33,9,9,9,True
15661502139,27,7,4,0,3,37,18,18,39,False
17331496902,36,4,4,0,3,29,7,7,9,False
15165929133,5,7,3,0,1,11,10,10,9,False
17623708813,14,1,4,0,3,37,25,25,19,False
19948700293,36,9,4,0,0,44,9,9,9,True
15167050060,21,13,3,0,3,32,40,40,39,False
19859608897,46,1,4,0,2,18,31,31,39,False
15079495784,4,38,4,0,3,3,5,5,39,False
17807329663,5,1,3,0,2,10,18,18,39,False
13513580369,13,2,4,0,2,10,24,24,39,False
18053307086,43,15,4,0,1,12,24,24,9,False
17807329663,29,22,4,0,1,11,2,2,9,False
18802233956,9,1,1,0,0,15,16,16,39,False
18053307086,30,42,4,0,1,30,31,31,39,False
15797725211,18,15,4,0,2,24,9,9,9,True
18802233956,30,6,3,0,3,10,24,24,39,False
19831701219,41,7,4,0,1,3,31,31,39,False
17713196465,12,3,4,0,2,19,33,33,39,False
15260233525,7,16,3,0,0,40,41,41,39,False
19831701219,50,27,4,0,2,34,41,41,21,False
19834840803,35,9,4,0,2,5,19,19,39,False
19834840803,14,7,4,0,2,4,11,11,24,False
13513580369,14,2,3,0,2,7,10,10,19,False
18765816132,24,3,4,0,3,38,45,45,39,False
15165929133,42,6,3,0,2,23,36,36,39,False
17731093916,45,0,1,0,2,15,19,19,39,False
15661502139,21,17,2,0,0,41,6,6,0,False
19831701219,11,8,4,0,1,8,7,7,0,False
18664891854,42,36,4,0,0,14,0,0,0,True
19948700293,14,4,4,0,2,7,48,48,39,False
18765816132,44,2,4,0,2,10,6,6,39,False
19834840803,1,4,3,0,1,10,9,9,9,True
13130819298,36,20,4,0,0,37,16,16,0,False
17623708813,40,35,4,0,3,8,17,17,39,False
19948700293,47,21,4,0,0,16,9,9,0,False
19834840803,42,5,4,0,3,2,32,32,39,False
19970957519,41,12,3,0,1,19,47,47,9,False
18991311567,38,22,4,0,1,18,17,17,9,False
18758415613,2,5,3,0,1,45,2,2,9,False
18802233956,42,11,4,0,1,27,1,1,9,False
18765816132,36,0,4,0,1,10,0,0,0,True
13670356740,50,16,4,0,0,8,1,1,0,False
16630722126,36,17,4,0,1,4,8,8,0,False
18365196069,41,10,4,0,1,36,14,14,9,False
19859608897,15,2,4,0,1,46,43,43,9,False
18765816132,47,7,4,0,1,41,40,40,0,False
16630722126,4,6,4,0,0,31,39,39,39,True
17623708813,11,6,2,0,0,31,21,21,0,False
13513580369,22,17,3,0,1,3,0,0,0,True
18053307086,7,24,4,0,1,40,39,39,39,True
17623708813,32,0,4,0,3,44,2,2,9,False
15260233525,13,8,4,0,2,24,17,17,39,False
18365196069,49,20,4,0,3,32,39,39,39,True
19881266563,47,0,1,0,1,30,24,24,9,False
17527328008,1,4,4,0,3,17,34,34,39,False
13401917913,41,17,4,0,3,23,11,11,19,False
17331496902,7,1,2,0,3,37,32,32,39,False
13401917913,32,6,2,0,0,25,4,4,1,False
18664891854,27,17,3,0,3,33,40,40,39,False
16630722126,11,1,4,0,0,48,3,3,0,False
19831701219,24,12,4,0,0,25,13,13,19,False
19948700293,28,5,1,0,0,18,20,20,39,False
19970957519,14,5,2,0,3,11,18,18,39,False
17527328008,49,105,4,0,1,17,1,1,9,False
15661502139,37,4,4,0,2,39,21,21,8,False
18664891854,46,9,4,0,3,10,4,4,19,False
13932780308,40,2,3,0,0,31,17,17,1,False
15260233525,43,0,4,0,2,16,14,14,0,False
13670356740,27,16,4,0,2,21,46,46,19,False
18758415613,2,3,3,0,2,39,2,2,1,False
15735414945,17,2,3,0,2,16,40,40,39,False
19948700293,16,5,4,0,0,19,22,22,9,False
18664891854,18,0,4,0,2,22,39,39,39,True
19970957519,32,31,4,0,2,32,46,46,39,False
16726368276,7,1,2,0,3,22,6,6,39,False
15797725211,19,13,1,0,2,18,24,24,39,False
19881266563,25,10,4,0,2,17,31,31,39,False
13943039298,21,2,1,0,1,45,37,37,9,False
17623708813,40,42,4,0,2,10,17,17,39,False
15661502139,20,2,4,0,0,33,22,22,0,False
18702113651,46,6,1,0,2,22,23,23,19,False
17331496902,16,7,4,0,1,41,48,48,39,False
18758415613,26,1,4,0,1,12,39,39,39,True
19948700293,34,14,4,0,2,6,20,20,39,False
17527328008,22,2,4,0,1,37,42,42,9,False
15079495784,2,8,3,0,2,16,24,24,39,False
19831701219,24,0,3,0,1,32,0,0,9,False
19834840803,11,1,1,0,3,12,41,41,39,False
15735414945,49,0,4,0,0,20,10,10,0,False
15661502139,43,5,4,0,3,29,43,43,39,False
13943039298,3,5,3,0,2,23,39,39,39,True
18991311567,26,54,4,0,0,29,16,16,1,False
13074255915,13,0,4,0,3,24,25,25,39,False
19852999776,26,1,4,0,3,10,40,40,39,False
15165929133,44,17,4,0,0,18,3,3,9,False
19550593600,36,11,4,0,2,40,47,47,0,False
18758415613,1,5,4,0,1,12,26,26,39,False
15735414945,23,16,4,0,0,38,31,31,9,False
16630722126,24,4,4,0,2,9,38,38,24,False
19550593600,41,18,4,0,0,32,26,26,0,False
15165929133,11,29,4,0,1,10,0,0,9,False
15260233525,49,5,4,0,2,4,33,33,39,False
15167050060,32,6,1,0,3,16,17,17,39,False
19859608897,30,5,4,0,3,2,11,11,39,False
13074255915,13,3,1,0,2,13,30,30,0,False
15079495784,42,9,2,0,0,35,30,30,19,False
17527328008,43,6,4,0,0,17,9,9,9,True
19970957519,2,14,4,0,2,16,24,24,39,False
15079495784,42,4,4,0,1,3,9,9,9,True
19834840803,41,10,4,0,1,41,40,40,0,False
18702113651,14,2,4,0,2,20,1,1,0,False
15661502139,3,11,4,0,2,1,0,0,39,False
18989781863,46,1,4,0,3,7,4,4,19,False
17807329663,48,24,4,0,2,12,31,31,24,False
18991311567,20,3,1,0,1,37,9,9,9,True
17807329663,14,23,2,0,1,15,0,0,0,True
18802233956,24,5,1,0,0,31,16,16,0,False
18053307086,17,4,2,0,2,3,10,10,24,False
19948700293,49,0,1,0,3,26,41,41,39,False
17807329663,9,40,4,0,2,15,23,23,39,False
16726368276,30,6,4,0,1,9,15,15,39,False
15165929133,4,1,4,0,0,42,40,40,19,False
18991311567,43,15,4,0,2,11,18,18,39,False
19550593600,32,19,4,0,1,27,40,40,0,False
15165929133,37,7,2,0,3,21,29,29,19,False
15167050060,38,4,4,0,3,11,20,20,39,False
19859608897,26,6,3,0,2,23,43,43,39,False
18991311567,26,6,1,0,0,35,7,7,9,False
15797725211,44,68,4,0,2,0,41,41,39,False
18636055184,3,8,3,0,2,16,14,14,0,False
15735414945,38,0,2,0,3,43,36,36,39,False
17713196465,30,1,4,0,0,46,25,25,9,False
18053307086,24,6,4,0,0,33,25,25,1,False
18702113651,43,4,4,0,1,29,43,43,39,False
18053307086,36,2,4,0,3,37,12,12,39,False
15165929133,22,0,4,0,3,24,18,18,39,False
19834840803,28,4,4,0,3,2,23,23,39,False
16726368276,11,16,4,0,3,46,48,48,39,False
15079495784,26,2,4,0,2,20,13,13,0,False
19831701219,20,12,3,0,1,19,25,25,9,False
18765816132,4,1,2,0,2,15,16,16,39,False
17807329663,44,3,4,0,1,24,23,23,9,False
18758415613,40,3,3,0,0,12,45,45,24,False
15165929133,15,2,2,0,1,46,42,42,0,False
15661502139,8,8,4,0,0,25,11,11,9,False
19852999776,31,11,2,0,2,26,32,32,39,False
17331496902,7,4,4,0,1,33,16,16,0,False
17731093916,25,1,1,0,0,9,34,34,9,False
18664891854,7,7,1,0,3,4,6,6,39,False
13130819298,22,25,4,0,2,12,24,24,24,True
13401917913,27,9,4,0,0,23,24,24,39,False
19881266563,27,2,2,0,2,23,36,36,0,False
18702113651,14,3,4,0,1,18,28,28,39,False
15735414945,24,46,4,0,3,18,3,3,19,False
17807329663,17,6,2,0,2,13,25,25,39,False
18702113651,5,17,4,0,1,20,3,3,0,False
15079495784,16,33,4,0,3,35,38,38,39,False
13074255915,6,4,1,0,3,25,34,34,39,False
17623708813,1,27,4,0,3,8,15,15,0,False
15735414945,25,12,4,0,1,36,21,21,9,False
18802233956,44,6,4,0,1,39,44,44,9,False
13401917913,20,9,4,0,3,25,19,19,9,False
19852999776,33,7,4,0,1,29,21,21,0,False
18802233956,34,0,1,0,1,27,11,11,0,False
17623708813,7,32,4,0,1,36,9,9,1,False
15165929133,9,1,4,0,2,39,37,37,0,False
17731093916,7,3,1,0,3,37,40,40,39,False
18765816132,22,16,4,0,3,31,24,24,9,False
19550593600,30,3,2,0,2,35,42,42,39,False
15167050060,10,1,3,0,2,23,40,40,39,False
15079495784,22,25,1,0,2,33,39,39,39,True
15797725211,13,6,4,0,2,6,25,25,24,False
13401917913,9,19,4,0,1,38,47,47,39,False
18802233956,47,16,4,0,3,29,26,26,1,False
15797725211,17,10,4,0,2,13,20,20,19,False
18802233956,28,21,2,0,0,14,0,0,0,True
19970957519,47,3,4,0,1,11,0,0,0,True
13130819298,36,19,4,0,3,28,10,10,19,False
15165929133,23,10,3,0,1,8,1,1,0,False
17527328008,33,20,4,0,3,38,39,39,39,True
19948700293,6,6,1,0,2,2,9,9,24,False
15167050060,32,2,4,0,0,46,3,3,9,False
15260233525,42,2,4,0,2,3,47,47,39,False
16630722126,1,21,4,0,3,7,8,8,39,False
19948700293,27,12,4,0,3,30,24,24,39,False
18053307086,2,5,4,0,0,20,6,6,0,False
15797725211,13,34,4,0,3,5,25,25,39,False
18991311567,15,13,4,0,1,18,16,16,9,False
18702113651,9,5,1,0,2,26,47,47,39,False
13670356740,4,9,1,0,0,17,31,31,19,False
19852999776,2,9,4,0,1,19,27,27,9,False
19881266563,30,15,3,0,2,28,24,24,39,False
13401917913,37,4,4,0,3,15,34,34,39,False
19970957519,50,36,4,0,2,16,23,23,24,False
18802233956,22,2,4,0,3,9,12,12,9,False
18664891854,45,3,4,0,3,10,19,19,39,False
17713196465,45,13,1,0,1,15,20,20,39,False
15797725211,23,3,4,0,3,17,32,32,39,False
13130819298,2,6,4,0,2,23,27,27,39,False
15167050060,1,13,4,0,2,18,32,32,39,False
13670356740,8,14,4,0,3,36,43,43,39,False
18765816132,8,18,4,0,0,17,9,9,9,True
18664891854,25,1,4,0,1,40,23,23,39,False
15079495784,34,6,2,0,1,11,3,3,0,False
15735414945,47,55,4,0,0,28,16,16,19,False
16630722126,33,1,2,0,3,39,8,8,1,False
17731093916,41,1,1,0,0,29,15,15,1,False
15260233525,8,2,1,0,1,36,42,42,39,False
18802233956,2,3,4,0,0,38,9,9,0,False
18802233956,47,16,4,0,2,30,45,45,9,False
18758415613,10,1,4,0,2,7,15,15,39,False
18636055184,13,2,2,0,3,7,9,9,19,False
18991311567,49,8,2,0,2,8,7,7,0,False
18991311567,1,6,4,0,0,15,46,46,39,False
13670356740,17,19,4,0,1,37,9,9,9,True
15661502139,15,12,4,0,1,16,36,36,0,False
18765816132,27,5,4,0,0,40,31,31,9,False
15079495784,10,0,4,0,1,11,46,46,39,False
18702113651,2,16,4,0,1,12,32,32,9,False
19852999776,18,6,3,0,3,3,34,34,39,False
13630678332,27,4,2,0,1,39,32,32,9,False
19948700293,50,10,4,0,1,41,40,40,0,False
17807329663,32,15,4,0,0,8,0,0,0,True
16630722126,50,12,3,0,2,2,9,9,24,False
13932780308,28,0,3,0,1,5,0,0,0,True
18765816132,27,7,4,0,3,36,40,40,39,False
19834840803,31,8,2,0,2,34,40,40,39,False
18636055184,20,15,4,0,0,20,19,19,0,False
19948700293,14,10,4,0,0,24,23,23,0,False
17623708813,2,2,4,0,3,16,26,26,39,False
16726368276,46,9,2,0,2,30,47,47,39,False
15167050060,11,1,4,0,2,9,44,44,24,False
17331496902,35,7,4,0,3,25,19,19,39,False
15165929133,13,3,4,0,3,15,1,1,9,False
13932780308,48,22,4,0,1,27,19,19,9,False
15079495784,29,17,4,0,1,34,18,18,0,False
17713196465,1,4,4,0,1,2,7,7,0,False
19970957519,37,1,2,0,3,37,17,17,2,False
17331496902,29,1,1,0,2,24,10,10,39,False
17731093916,23,6,4,0,2,5,12,12,39,False
18053307086,4,3,4,0,2,10,7,7,0,False
18765816132,16,0,4,0,3,24,5,5,39,False
17623708813,16,3,4,0,0,45,38,38,9,False
17331496902,11,4,4,0,2,25,34,34,39,False
18989781863,46,5,4,0,1,9,15,15,39,False
18758415613,4,4,4,0,0,25,18,18,0,False
13943039298,10,8,4,0,0,25,13,13,9,False
13130819298,48,2,4,0,1,11,32,32,39,False
19852999776,3,6,4,0,2,18,30,30,39,False
17731093916,13,3,1,0,0,44,16,16,9,False
17623708813,47,106,4,0,1,38,6,6,39,False
15079495784,22,10,1,0,0,30,39,39,9,False
17713196465,40,3,1,0,2,31,9,9,9,True
16630722126,37,34,4,0,2,12,34,34,39,False
18758415613,13,23,4,0,2,32,41,41,39,False
18758415613,13,6,3,0,1,36,42,42,39,False
15260233525,2,1,3,0,2,22,24,24,39,False
17623708813,31,17,3,0,0,31,24,24,1,False
19881266563,48,3,4,0,3,31,19,19,39,False
15797725211,14,7,3,0,2,12,41,41,39,False
15661502139,15,5,2,0,2,2,8,8,0,False
19970957519,43,6,4,0,0,18,10,10,9,False
13074255915,14,3,4,0,2,8,25,25,9,False
19970957519,21,2,3,0,1,17,15,15,0,False
13074255915,30,17,4,0,2,30,36,36,9,False
15661502139,42,47,4,0,0,12,41,41,39,False
15167050060,38,9,4,0,0,41,2,2,9,False
15797725211,36,2,4,0,2,11,25,25,39,False
18758415613,3,2,3,0,2,40,48,48,39,False
13670356740,30,11,4,0,0,38,26,26,19,False
15079495784,15,2,4,0,1,18,8,8,9,False
15165929133,44,8,2,0,2,32,48,48,39,False
15735414945,46,16,3,0,1,29,24,24,9,False
17527328008,9,27,1,0,3,26,20,20,39,False
17731093916,29,10,4,0,0,31,24,24,9,False
16726368276,35,3,4,0,0,44,1,1,9,False
13130819298,6,16,4,0,1,13,12,12,39,False
15735414945,27,91,4,0,0,35,7,7,9,False
18991311567,31,2,2,0,1,9,16,16,9,False
15735414945,10,3,1,0,3,35,7,7,1,False
15797725211,33,3,4,0,2,3,25,25,39,False
13401917913,43,5,4,0,1,39,25,25,9,False
16630722126,4,9,4,0,3,32,39,39,39,True
17807329663,48,2,1,0,2,8,0,0,0,True
18636055184,12,16,4,0,1,40,39,39,21,False
19831701219,38,2,1,0,0,35,9,9,9,True
18802233956,35,8,2,0,1,12,1,1,9,False
17623708813,35,7,1,0,0,30,16,16,9,False
18053307086,15,0,2,0,0,25,15,15,1,False
13401917913,6,8,4,0,1,20,19,19,0,False
15797725211,17,9,4,0,3,17,46,46,39,False
17713196465,49,9,4,0,1,19,45,45,39,False
13932780308,37,7,1,0,0,23,16,16,9,False
19859608897,7,6,4,0,0,23,16,16,9,False
16726368276,28,4,3,0,3,39,10,10,1,False
17527328008,9,23,1,0,2,24,20,20,39,False
19831701219,15,6,1,0,1,3,1,1,0,False
18702113651,6,6,4,0,0,38,3,3,9,False
17623708813,13,24,1,0,1,19,32,32,9,False
18765816132,40,3,4,0,2,15,19,19,39,False
17331496902,28,14,4,0,2,1,2,2,39,False
15167050060,3,2,4,0,2,15,2,2,39,False
19859608897,39,5,4,0,3,22,23,23,39,False
18636055184,29,1,2,0,0,44,31,31,9,False
19948700293,29,6,4,0,2,24,8,8,24,False
13943039298,36,8,4,0,1,38,15,15,0,False
17731093916,49,6,1,0,1,18,17,17,39,False
18989781863,16,6,4,0,2,19,39,39,0,False
18802233956,40,1,4,0,3,17,27,27,39,False
13074255915,12,8,4,0,2,11,9,9,0,False
17807329663,35,11,3,0,0,25,10,10,9,False
18765816132,46,4,3,0,2,11,18,18,39,False
17713196465,29,10,4,0,2,29,25,25,9,False
13513580369,6,2,3,0,1,12,24,24,0,False
15079495784,5,5,4,0,0,19,24,24,9,False
17807329663,43,12,1,0,0,9,25,25,19,False
18053307086,1,22,3,0,1,15,7,7,0,False
18053307086,37,1,4,0,2,5,39,39,39,True
19970957519,50,22,4,0,0,29,23,23,9,False
15079495784,12,24,4,0,0,16,14,14,0,False
13932780308,15,18,4,0,1,18,10,10,9,False
17807329663,12,11,2,0,1,3,0,0,0,True
15797725211,45,3,4,0,3,0,3,3,39,False
17713196465,46,21,4,0,0,19,6,6,9,False
19948700293,35,4,4,0,3,26,12,12,9,False
16630722126,38,14,4,0,0,10,7,7,9,False
19834840803,39,7,4,0,2,10,24,24,39,False
15079495784,23,13,4,0,3,35,16,16,9,False
18053307086,48,22,4,0,2,13,46,46,39,False
18702113651,45,1,4,0,3,37,25,25,39,False
15079495784,1,0,4,0,1,13,31,31,39,False
15661502139,11,4,3,0,0,25,11,11,9,False
15165929133,8,0,3,0,3,22,36,36,39,False
18664891854,25,6,1,0,2,36,43,43,39,False
19948700293,25,0,2,0,1,40,42,42,39,False
18991311567,27,4,4,0,3,24,3,3,9,False
15079495784,45,3,4,0,1,37,22,22,21,False
19834840803,8,8,4,0,0,17,9,9,0,False
15661502139,11,0,3,0,3,33,11,11,9,False
17623708813,14,2,4,0,3,22,16,16,39,False
19859608897,25,20,1,0,1,32,24,24,9,False
18636055184,44,1,1,0,0,12,18,18,9,False
13943039298,46,6,4,0,0,20,19,19,0,False
17807329663,23,5,4,0,3,16,19,19,39,False
16630722126,38,4,3,0,0,22,15,15,0,False
18765816132,50,18,4,0,0,36,9,9,9,True
13130819298,50,2,3,0,0,45,38,38,9,False
17527328008,39,11,4,0,1,6,5,5,9,False
13943039298,3,2,4,0,1,45,10,10,2,False
15797725211,32,9,4,0,3,24,2,2,39,False
18765816132,35,17,4,0,1,20,19,19,0,False
17731093916,26,5,2,0,2,15,21,21,39,False
13513580369,22,20,4,0,0,38,31,31,9,False
13943039298,11,9,3,0,1,40,39,39,39,True
18053307086,25,9,4,0,2,35,43,43,39,False
19881266563,20,8,3,0,1,19,31,31,9,False
15661502139,27,1,4,0,1,43,18,18,39,False
16726368276,11,3,2,0,1,47,33,33,9,False
19831701219,18,17,4,0,0,28,14,14,19,False
17807329663,17,15,4,0,2,28,33,33,39,False
13130819298,36,21,4,0,1,37,16,16,9,False
19852999776,38,7,4,0,2,17,38,38,39,False
16630722126,32,4,4,0,3,39,26,26,9,False
18365196069,2,8,4,0,1,9,11,11,39,False
16726368276,36,1,4,0,2,34,40,40,39,False
13513580369,19,19,4,0,2,24,17,17,39,False
18702113651,38,4,4,0,2,12,32,32,39,False
18802233956,20,23,4,0,0,29,22,22,9,False
19881266563,36,9,4,0,0,23,24,24,9,False
18664891854,8,8,1,0,3,5,6,6,39,False
19881266563,35,1,1,0,2,16,14,14,8,False
17527328008,10,42,1,0,0,22,28,28,39,False
15735414945,22,10,4,0,3,30,31,31,39,False
15260233525,12,4,4,0,1,5,4,4,39,False
19948700293,23,6,4,0,0,45,38,38,9,False
13130819298,43,7,4,0,1,36,21,21,0,False
15165929133,16,1,3,0,1,8,15,15,0,False
19831701219,44,3,4,0,2,29,41,41,39,False
18989781863,44,0,1,0,1,26,33,33,39,False
15079495784,46,1,4,0,3,15,32,32,39,False
17623708813,27,12,4,0,0,35,2,2,19,False
19970957519,33,9,4,0,3,15,9,9,39,False
15165929133,51,1,1,0,2,0,8,8,39,False
18702113651,48,11,4,0,1,11,10,10,9,False
15260233525,21,6,4,0,3,25,33,33,39,False
15797725211,40,5,1,0,1,36,22,22,9,False
19831701219,20,35,4,0,0,9,2,2,19,False
13630678332,1,7,4,0,1,1,9,9,39,False
18991311567,8,12,4,0,0,30,23,23,9,False
13401917913,11,4,4,0,2,14,36,36,39,False
17331496902,38,2,4,0,3,17,20,20,39,False
15079495784,26,7,4,0,2,36,46,46,39,False
19881266563,18,1,4,0,3,9,39,39,39,True
19831701219,45,10,4,0,3,16,39,39,39,True
15079495784,41,4,3,0,2,20,13,13,0,False
19970957519,22,12,1,0,2,2,1,1,0,False
13943039298,8,4,2,0,2,3,27,27,39,False
15661502139,15,12,1,0,2,18,46,46,39,False
17731093916,18,3,1,0,0,25,5,5,1,False
13513580369,39,18,4,0,2,38,46,46,39,False
15661502139,39,2,4,0,1,11,0,0,0,True
19881266563,18,5,1,0,3,28,7,7,19,False
18802233956,13,1,4,0,2,1,23,23,24,False
17807329663,13,43,4,0,2,5,25,25,39,False
16726368276,1,8,3,0,2,22,30,30,39,False
18765816132,22,19,4,0,2,25,24,24,9,False
15165929133,12,1,1,0,1,34,26,26,24,False
13074255915,4,3,1,0,2,20,34,34,0,False
19852999776,23,4,4,0,1,9,0,0,0,True
15735414945,34,0,4,0,1,41,21,21,0,False
19881266563,13,47,4,0,2,24,30,30,9,False
18758415613,19,10,4,0,2,23,34,34,39,False
19831701219,35,19,4,0,2,11,25,25,39,False
18989781863,33,1,3,0,0,30,26,26,9,False
15079495784,11,5,4,0,2,35,46,46,39,False
18765816132,33,4,4,0,1,26,15,15,0,False
15260233525,32,2,1,0,0,30,23,23,9,False
17623708813,16,58,4,0,1,19,24,24,39,False
18989781863,2,2,3,0,1,40,48,48,39,False
15079495784,18,12,4,0,1,2,8,8,0,False
19881266563,29,5,4,0,1,26,14,14,9,False
19881266563,49,12,2,0,1,11,5,5,19,False
18758415613,18,4,4,0,0,9,6,6,9,False
15797725211,36,5,2,0,1,3,9,9,9,True
18636055184,26,3,4,0,2,1,2,2,39,False
15079495784,45,3,2,0,1,38,30,30,0,False
18802233956,50,2,1,0,0,33,11,11,1,False
17807329663,32,12,4,0,0,22,0,0,9,False
19948700293,35,5,2,0,0,10,8,8,1,False
19881266563,45,3,3,0,1,32,30,30,21,False
19859608897,30,2,1,0,1,27,34,34,0,False
16630722126,33,1,4,0,0,23,2,2,19,False
15797725211,47,0,4,0,1,18,0,0,39,False
19881266563,45,14,4,0,1,31,1,1,0,False
19831701219,36,17,4,0,3,35,39,39,39,True
15661502139,43,19,4,0,3,36,43,43,39,False
17623708813,19,123,4,0,3,46,6,6,1,False
15165929133,3,12,4,0,1,38,22,22,0,False
18765816132,10,1,3,0,2,13,15,15,21,False
18765816132,48,15,4,0,2,34,48,48,39,False
18053307086,27,10,4,0,1,36,22,22,9,False
17807329663,45,21,4,0,0,35,21,21,9,False
17623708813,3,11,4,0,2,31,12,12,19,False
13513580369,30,5,4,0,3,3,32,32,39,False
18053307086,34,6,3,0,1,12,15,15,9,False
17623708813,44,3,4,0,0,23,20,20,9,False
13130819298,1,11,4,0,1,12,23,23,9,False
18802233956,43,8,4,0,1,4,3,3,0,False
15735414945,45,39,4,0,0,32,9,9,9,True
17623708813,16,6,1,0,3,5,12,12,39,False
19881266563,49,8,4,0,2,18,0,0,39,False
15735414945,12,2,4,0,0,38,17,17,9,False
15079495784,49,6,2,0,3,12,5,5,2,False
13130819298,8,13,1,0,3,11,25,25,39,False
13513580369,22,10,4,0,3,23,31,31,9,False
13130819298,7,9,1,0,3,11,25,25,39,False
18365196069,47,4,3,0,1,41,48,48,0,False
13130819298,8,23,3,0,0,46,39,39,19,False
18636055184,16,21,4,0,3,38,46,46,39,False
17623708813,3,19,4,0,0,24,0,0,9,False
13670356740,50,3,4,0,0,26,1,1,0,False
15735414945,44,17,4,0,2,28,40,40,39,False
18991311567,9,1,3,0,2,7,36,36,39,False
18053307086,37,15,2,0,1,19,32,32,9,False
15079495784,41,11,3,0,3,12,13,13,39,False
18765816132,32,3,4,0,3,16,8,8,8,True
18702113651,43,9,3,0,1,18,17,17,39,False
13932780308,14,9,4,0,1,38,29,29,0,False
18989781863,39,3,4,0,1,3,1,1,0,False
18802233956,19,5,4,0,1,19,14,14,9,False
19852999776,41,9,2,0,1,12,11,11,0,False
13943039298,29,0,4,0,0,34,5,5,39,False
13401917913,16,12,4,0,1,18,22,22,39,False
17623708813,6,7,4,0,0,25,32,32,9,False
13943039298,36,13,4,0,0,28,15,15,19,False
18053307086,16,4,3,0,1,33,32,32,39,False
13130819298,46,2,4,0,3,22,11,11,39,False
17713196465,38,12,4,0,1,38,36,36,0,False
18636055184,20,5,4,0,2,31,1,1,8,False
16630722126,8,1,3,0,1,9,36,36,39,False
18636055184,12,7,4,0,2,3,41,41,39,False
18758415613,41,14,4,0,1,32,24,24,9,False
18365196069,19,7,1,0,0,35,29,29,19,False
19550593600,36,10,4,0,1,41,47,47,0,False
13943039298,33,0,4,0,0,11,10,10,9,False
18991311567,21,34,4,0,1,18,23,23,9,False
19948700293,34,5,4,0,0,18,19,19,19,True
15079495784,41,0,4,0,3,43,39,39,2,False
18802233956,29,17,4,0,2,18,33,33,39,False
18989781863,7,6,4,0,0,25,5,5,1,False
15661502139,9,18,4,0,3,8,23,23,39,False
19948700293,22,2,4,0,1,27,17,17,9,False
17623708813,24,7,4,0,2,35,43,43,39,False
19881266563,17,14,4,0,1,17,38,38,19,False
18053307086,29,12,2,0,3,28,2,2,19,False
15165929133,39,5,3,0,0,37,30,30,9,False
15735414945,6,11,4,0,3,23,24,24,9,False
19881266563,5,5,3,0,2,12,19,19,39,False
17331496902,41,2,1,0,2,25,41,41,39,False
19831701219,22,6,4,0,2,17,24,24,39,False
19970957519,18,1,4,0,1,25,8,8,0,False
18989781863,24,7,4,0,3,12,45,45,39,False
13401917913,28,18,4,0,0,38,31,31,9,False
15079495784,38,6,2,0,2,16,37,37,39,False
17713196465,18,3,1,0,1,12,30,30,9,False
16630722126,31,3,3,0,3,12,24,24,9,False
19948700293,42,8,3,0,0,7,1,1,19,False
18664891854,17,14,4,0,1,33,42,42,21,False
13513580369,18,4,3,0,1,32,23,23,21,False
13670356740,31,0,2,0,2,1,38,38,39,False
15165929133,10,4,4,0,2,22,43,43,39,False
17623708813,5,10,1,0,3,31,39,39,39,True
19970957519,1,4,4,0,0,25,9,9,9,True
19834840803,12,0,2,0,2,2,28,28,39,False
18802233956,46,16,4,0,3,36,46,46,39,False
19970957519,37,4,3,0,0,35,1,1,9,False
19852999776,8,4,4,0,0,45,30,30,9,False
15735414945,20,10,2,0,0,25,17,17,9,False
17807329663,43,14,4,0,2,37,43,43,39,False
13074255915,36,6,4,0,1,17,23,23,0,False
15797725211,5,17,4,0,3,35,37,37,19,False
18664891854,32,17,4,0,0,26,20,20,39,False
15167050060,4,33,4,0,0,39,32,32,9,False
19834840803,43,4,4,0,1,1,40,40,39,False
19831701219,33,11,4,0,1,3,15,15,9,False
13130819298,1,25,1,0,3,11,18,18,39,False
18053307086,16,17,4,0,0,17,18,18,39,False
19970957519,27,8,4,0,1,3,42,42,0,False
16630722126,41,23,4,0,0,10,8,8,0,False
19834840803,26,9,4,0,0,10,1,1,0,False
15797725211,31,8,4,0,3,24,15,15,39,False
17527328008,46,5,1,0,1,36,42,42,9,False
17623708813,17,17,4,0,2,12,19,19,39,False
18636055184,46,0,3,0,1,34,9,9,39,False
18802233956,15,29,4,0,1,39,43,43,0,False
19970957519,47,7,4,0,1,9,0,0,0,True
19948700293,9,10,4,0,3,33,39,39,39,True
18053307086,47,7,3,0,0,30,38,38,0,False
16630722126,20,9,4,0,0,33,25,25,0,False
16630722126,40,2,4,0,1,40,13,13,9,False
15079495784,19,20,4,0,1,25,16,16,9,False
13401917913,49,4,4,0,3,42,43,43,19,False
15260233525,48,4,2,0,1,26,5,5,1,False
18802233956,13,15,4,0,3,26,10,10,9,False
18989781863,47,1,4,0,0,28,21,21,39,False
17331496902,16,3,4,0,2,10,8,8,9,False
17713196465,32,4,4,0,0,23,32,32,9,False
19859608897,26,6,2,0,0,25,18,18,1,False
18989781863,42,10,4,0,1,40,39,39,21,False
19881266563,6,0,1,0,1,46,43,43,39,False
18802233956,35,3,4,0,3,2,10,10,39,False
19881266563,28,24,4,0,0,35,21,21,9,False
18802233956,39,3,2,0,3,32,10,10,9,False
18664891854,46,3,4,0,2,0,22,22,39,False
17331496902,6,3,1,0,0,10,3,3,9,False
19948700293,32,21,4,0,1,18,3,3,9,False
13401917913,42,5,4,0,2,8,32,32,24,False
18702113651,23,4,4,0,2,23,33,33,19,False
13074255915,1,6,2,0,3,2,16,16,9,False
17731093916,42,0,4,0,1,27,15,15,0,False
16726368276,19,1,3,0,0,12,11,11,9,False
17731093916,38,3,4,0,1,33,25,25,0,False
17527328008,4,16,1,0,0,32,34,34,39,False
15079495784,18,7,4,0,0,11,8,8,9,False
19970957519,19,15,4,0,2,3,18,18,39,False
19834840803,44,7,4,0,3,25,20,20,39,False
19881266563,15,30,4,0,3,0,10,10,39,False
18802233956,30,14,3,0,1,32,24,24,21,False
13932780308,36,6,3,0,3,28,21,21,39,False
18053307086,30,1,2,0,1,36,2,2,9,False
13074255915,44,8,4,0,3,32,41,41,39,False
19948700293,21,0,4,0,2,21,43,43,39,False
13130819298,22,19,4,0,0,23,24,24,19,False
17713196465,34,21,4,0,2,25,6,6,19,False
15735414945,50,15,4,0,3,23,39,39,24,False
19881266563,47,2,4,0,2,18,32,32,39,False
18991311567,49,17,1,0,1,32,44,44,39,False
18053307086,46,32,4,0,1,10,7,7,0,False
15661502139,26,35,4,0,1,37,15,15,9,False
18053307086,37,17,3,0,1,40,46,46,9,False
15661502139,9,8,4,0,0,27,20,20,9,False
15079495784,15,17,4,0,1,4,18,18,39,False
19831701219,28,11,4,0,3,31,32,32,39,False
17623708813,36,8,4,0,0,24,2,2,9,False
16630722126,13,8,4,0,1,2,8,8,0,False
18802233956,36,4,3,0,3,29,25,25,39,False
17807329663,14,11,4,0,2,30,46,46,39,False
13513580369,40,8,1,0,3,28,21,21,39,False
13630678332,34,2,1,0,0,11,12,12,19,False
15797725211,6,31,4,0,1,10,16,16,0,False
17527328008,34,2,4,0,1,34,5,5,9,False
18636055184,43,0,1,0,0,19,18,18,9,False
15735414945,35,13,2,0,1,32,12,12,19,False
17331496902,12,0,2,0,2,24,13,13,39,False
15797725211,30,71,4,0,0,36,23,23,9,False
16630722126,43,0,4,0,1,31,29,29,9,False
16630722126,20,17,3,0,0,10,1,1,1,True
13130819298,26,12,4,0,0,36,2,2,9,False
13130819298,24,26,4,0,0,30,23,23,9,False
18989781863,27,6,3,0,2,7,29,29,39,False
13670356740,4,2,4,0,2,8,30,30,24,False
18702113651,2,1,4,0,0,19,15,15,9,False
18365196069,27,14,3,0,0,17,9,9,9,True
15661502139,46,27,4,0,2,18,24,24,39,False
19550593600,38,2,3,0,0,25,19,19,19,True
15079495784,10,3,3,0,2,12,20,20,39,False
19948700293,9,17,4,0,1,9,8,8,0,False
13130819298,42,27,4,0,1,37,9,9,9,True
13932780308,6,5,3,0,3,18,13,13,39,False
15079495784,4,8,1,0,1,15,7,7,0,False
15079495784,34,11,4,0,2,36,8,8,1,False
18765816132,47,6,1,0,1,26,48,48,39,False
17527328008,11,19,4,0,3,18,13,13,19,False
13074255915,48,5,3,0,1,9,12,12,39,False
18989781863,15,4,3,0,3,14,16,16,39,False
15079495784,31,29,4,0,0,35,18,18,19,False
16630722126,45,6,3,0,2,30,39,39,24,False
19970957519,36,17,4,0,0,22,21,21,0,False
15735414945,2,0,2,0,2,0,11,11,24,False
18053307086,37,12,3,0,1,33,46,46,39,False
19881266563,18,2,4,0,1,33,32,32,9,False
17807329663,16,13,4,0,3,10,18,18,39,False
15735414945,10,8,3,0,2,31,15,15,9,False
18758415613,11,15,4,0,3,23,24,24,39,False
17331496902,44,3,4,0,1,41,40,40,0,False
17713196465,47,18,3,0,2,12,19,19,39,False
18765816132,40,5,4,0,0,11,12,12,19,False
18664891854,4,13,4,0,1,17,9,9,9,True
18664891854,22,6,4,0,0,34,4,4,9,False
13630678332,23,6,2,0,2,18,33,33,39,False
13130819298,24,14,4,0,3,10,33,33,39,False
19852999776,23,8,4,0,0,7,0,0,9,False
15165929133,25,11,2,0,2,25,33,33,39,False
17331496902,38,4,4,0,1,3,1,1,9,False
19852999776,45,3,2,0,3,2,11,11,39,False
13130819298,42,13,4,0,1,20,9,9,0,False
15735414945,2,5,4,0,1,24,2,2,9,False
17807329663,2,13,1,0,1,32,36,36,21,False
18664891854,15,3,3,0,3,40,4,4,9,False
15260233525,42,9,4,0,2,23,15,15,0,False
15661502139,49,9,4,0,3,18,16,16,39,False
13943039298,32,9,2,0,0,14,8,8,9,False
19881266563,13,8,4,0,0,24,17,17,9,False
13074255915,20,7,4,0,1,32,41,41,39,False
16630722126,20,3,3,0,2,15,21,21,39,False
18765816132,6,2,1,0,3,37,31,31,39,False
19948700293,20,13,4,0,1,16,14,14,0,False
17713196465,20,11,4,0,0,19,17,17,9,False
18758415613,24,10,2,0,3,22,45,45,39,False
18053307086,24,1,4,0,1,17,36,36,39,False
15165929133,50,0,1,0,1,1,8,8,39,False
15260233525,31,0,1,0,2,22,23,23,39,False
17527328008,11,5,4,0,1,48,13,13,1,False
19831701219,16,14,4,0,2,29,32,32,9,False
17713196465,25,7,4,0,1,37,30,30,9,False
13943039298,3,17,4,0,0,17,9,9,0,False
15797725211,13,10,1,0,3,25,33,33,39,False
15165929133,14,5,4,0,1,27,41,41,0,False
19970957519,45,2,4,0,0,10,9,9,0,False
13670356740,42,28,4,0,3,22,23,23,19,False
15079495784,9,17,2,0,3,46,47,47,19,False
15661502139,38,33,4,0,2,8,0,0,0,True
19970957519,23,16,4,0,2,1,7,7,0,False
15661502139,45,1,3,0,1,40,45,45,9,False
15797725211,18,17,3,0,0,15,20,20,39,False
19948700293,16,0,4,0,2,12,21,21,0,False
15797725211,39,15,4,0,0,14,0,0,0,True
18636055184,8,11,4,0,2,18,20,20,39,False
17713196465,3,14,4,0,3,29,30,30,19,False
18989781863,3,3,4,0,2,15,16,16,39,False
15165929133,6,8,4,0,1,18,17,17,9,False
17331496902,33,6,4,0,1,32,24,24,0,False
15079495784,36,15,4,0,3,27,39,39,0,False
19859608897,17,0,2,0,1,8,21,21,9,False
16726368276,15,1,4,0,0,23,24,24,19,False
15079495784,20,0,4,0,1,26,16,16,9,False
13630678332,16,7,2,0,2,34,39,39,24,False
18765816132,16,13,4,0,1,34,5,5,0,False
15661502139,12,9,4,0,0,9,23,23,39,False
18365196069,29,5,1,0,3,33,40,40,24,False
15797725211,14,14,4,0,0,25,3,3,9,False
13943039298,43,0,2,0,2,20,22,22,0,False
16726368276,7,8,2,0,0,11,6,6,19,False
15079495784,35,3,4,0,1,25,16,16,9,False
16726368276,1,12,4,0,3,12,20,20,39,False
13513580369,22,8,4,0,2,30,31,31,39,False
13943039298,23,6,4,0,1,41,27,27,9,False
18636055184,37,3,4,0,0,25,9,9,9,True
18991311567,10,7,3,0,2,18,27,27,39,False
18989781863,3,0,4,0,0,43,42,42,2,False
17731093916,12,6,2,0,3,2,12,12,39,False
19970957519,19,5,4,0,3,0,18,18,39,False
19834840803,3,1,3,0,2,24,10,10,39,False
18636055184,24,11,4,0,2,22,28,28,39,False
15260233525,4,10,4,0,2,24,21,21,9,False
19859608897,4,1,4,0,3,25,20,20,39,False
18664891854,13,6,4,0,1,31,23,23,9,False
18664891854,34,2,2,0,3,21,28,28,19,False
15735414945,24,17,4,0,0,17,33,33,39,False
13401917913,2,6,4,0,0,40,25,25,9,False
17807329663,48,1,2,0,1,36,7,7,9,False
18765816132,50,9,4,0,1,16,8,8,1,False
17331496902,50,1,4,0,1,19,10,10,9,False
17807329663,1,11,1,0,2,14,36,36,39,False
19948700293,45,14,4,0,3,33,46,46,39,False
15167050060,48,4,4,0,0,40,25,25,9,False
18702113651,6,105,4,0,3,14,3,3,39,False
18991311567,4,12,4,0,0,32,17,17,2,False
17731093916,38,2,4,0,1,34,25,25,0,False
18802233956,23,17,4,0,1,22,21,21,9,False
17807329663,41,1,4,0,2,30,34,34,24,False
18664891854,34,21,4,0,0,14,7,7,0,False
15661502139,27,11,4,0,2,30,44,44,9,False
13130819298,29,7,4,0,0,21,39,39,19,False
17623708813,47,113,4,0,3,28,6,6,19,False
18053307086,46,1,4,0,0,15,11,11,19,False
17623708813,46,0,3,0,2,16,44,44,39,False
18802233956,39,4,4,0,1,8,0,0,0,True
19970957519,8,3,4,0,1,3,8,8,9,False
19834840803,36,9,3,0,0,30,10,10,9,False
15797725211,31,7,4,0,1,17,32,32,39,False
18765816132,12,5,4,0,3,32,48,48,39,False
18702113651,39,6,4,0,2,8,0,0,0,True
16726368276,28,5,2,0,3,22,29,29,39,False
19834840803,11,5,1,0,1,26,41,41,39,False
17623708813,9,0,1,0,2,2,1,1,8,False
17331496902,26,6,4,0,3,22,16,16,39,False
16630722126,26,1,4,0,2,13,28,28,0,False
17527328008,15,12,4,0,1,15,8,8,9,False
13670356740,4,8,3,0,0,7,0,0,9,False
18365196069,17,2,4,0,1,18,15,15,9,False
19550593600,37,19,4,0,3,32,46,46,39,False
18702113651,20,6,4,0,2,10,16,16,0,False
13513580369,20,17,4,0,3,17,6,6,19,False
15165929133,5,9,2,0,1,45,32,32,9,False
18636055184,25,15,4,0,2,18,34,34,39,False
19831701219,27,48,4,0,1,38,17,17,9,False
15260233525,28,0,4,0,1,17,43,43,39,False
15661502139,24,13,4,0,0,28,15,15,19,False
19948700293,12,3,1,0,0,42,0,0,1,False
13670356740,13,14,4,0,3,31,17,17,9,False
19834840803,6,0,3,0,3,0,2,2,24,False
18053307086,10,8,4,0,1,22,0,0,9,False
19881266563,2,32,4,0,1,11,2,2,9,False
15735414945,14,8,4,0,2,24,29,29,39,False
13074255915,17,5,2,0,0,11,19,19,19,True
17807329663,23,11,2,0,1,27,13,13,9,False
13932780308,33,0,3,0,2,8,23,23,24,False
19970957519,10,2,4,0,3,33,13,13,9,False
15260233525,19,4,3,0,3,29,17,17,39,False
17807329663,48,6,4,0,1,17,24,24,39,False
17527328008,39,0,4,0,2,4,3,3,39,False
18053307086,17,3,2,0,3,2,10,10,39,False
17807329663,7,7,2,0,3,16,45,45,39,False
18765816132,41,4,4,0,3,38,45,45,39,False
19881266563,3,18,4,0,2,12,18,18,39,False
17807329663,39,16,4,0,1,29,46,46,9,False
19881266563,49,7,4,0,2,30,34,34,19,False
15735414945,39,8,4,0,3,21,40,40,39,False
19852999776,31,4,4,0,1,32,16,16,9,False
17807329663,14,5,4,0,3,24,25,25,9,False
15735414945,45,0,1,0,2,23,7,7,19,False
17623708813,39,10,4,0,1,2,0,0,0,True
17623708813,27,11,4,0,1,35,2,2,19,False
15797725211,17,14,3,0,2,37,43,43,24,False
19550593600,29,8,4,0,0,33,20,20,9,False
19831701219,10,10,4,0,0,32,2,2,1,False
17623708813,21,4,4,0,2,26,35,35,0,False
17731093916,20,7,4,0,0,27,20,20,9,False
13630678332,31,8,2,0,0,31,24,24,0,False
18365196069,46,8,4,0,2,32,39,39,39,True
19550593600,34,27,4,0,1,33,20,20,9,False
13130819298,48,1,4,0,3,21,34,34,39,False
16630722126,44,11,4,0,1,20,19,19,0,False
13401917913,22,3,1,0,0,31,24,24,0,False
18989781863,49,8,2,0,2,41,48,48,9,False
15735414945,5,4,4,0,2,25,33,33,39,False
18664891854,2,8,4,0,0,19,14,14,9,False
15167050060,23,1,4,0,1,25,14,14,0,False
17623708813,13,9,4,0,2,23,25,25,39,False
13943039298,50,10,4,0,1,33,25,25,9,False
15735414945,20,5,4,0,0,24,9,9,9,True
18989781863,35,7,4,0,3,37,38,38,39,False
15797725211,26,3,4,0,0,24,10,10,9,False
19834840803,3,7,3,0,2,4,10,10,9,False
13943039298,15,37,4,0,1,38,39,39,39,True
13401917913,20,10,3,0,3,47,48,48,10,False
18802233956,31,3,1,0,0,23,37,37,9,False
13943039298,20,14,3,0,1,3,1,1,9,False
13130819298,42,19,4,0,0,37,11,11,19,False
19881266563,20,5,4,0,1,31,22,22,9,False
13630678332,50,18,4,0,1,40,48,48,39,False
15661502139,35,22,2,0,1,2,20,20,39,False
19831701219,45,5,4,0,2,18,1,1,39,False
18802233956,47,9,4,0,2,23,45,45,39,False
13074255915,12,1,2,0,3,40,33,33,39,False
17713196465,9,1,3,0,3,25,39,39,39,True
15661502139,34,58,4,0,1,31,37,37,0,False
19550593600,37,1,4,0,2,21,28,28,39,False
16630722126,47,0,4,0,0,40,21,21,39,False
18053307086,6,9,3,0,1,19,26,26,9,False
17713196465,24,24,4,0,3,32,25,25,24,False
17713196465,26,2,4,0,1,9,44,44,39,False
17713196465,18,55,4,0,0,9,6,6,19,False
15661502139,22,25,4,0,1,17,16,16,9,False
18664891854,44,26,4,0,3,32,40,40,39,False
19881266563,15,35,4,0,0,15,10,10,39,False
18991311567,6,5,2,0,0,9,10,10,9,False
19948700293,36,0,4,0,2,31,47,47,39,False
19550593600,2,1,1,0,1,46,38,38,0,False
15735414945,24,0,3,0,2,23,22,22,39,False
13513580369,17,7,4,0,1,19,33,33,9,False
18989781863,17,7,1,0,1,30,36,36,39,False
13670356740,7,10,4,0,1,6,9,9,0,False
13630678332,19,15,1,0,3,25,24,24,9,False
19881266563,35,10,4,0,3,10,25,25,39,False
17623708813,42,63,4,0,0,31,10,10,9,False
18765816132,25,7,4,0,1,45,24,24,1,False
15735414945,5,12,4,0,1,25,1,1,9,False
18758415613,11,10,1,0,1,23,28,28,0,False
15735414945,24,48,4,0,0,19,3,3,9,False
16630722126,3,0,3,0,3,0,39,39,24,False
15167050060,13,18,4,0,3,33,39,39,39,True
18365196069,34,11,4,0,0,18,20,20,19,False
18702113651,29,8,2,0,3,36,43,43,39,False
17713196465,2,3,1,0,0,46,39,39,19,False
16726368276,36,6,1,0,0,18,12,12,19,False
13943039298,3,14,4,0,0,26,11,11,9,False
18802233956,38,2,4,0,1,3,0,0,0,True
19881266563,31,8,3,0,2,31,23,23,9,False
18636055184,29,8,4,0,3,39,41,41,39,False
18702113651,38,3,2,0,3,31,17,17,9,False
16630722126,36,29,4,0,1,15,8,8,9,False
19859608897,12,8,4,0,3,32,33,33,39,False
19948700293,22,11,4,0,1,2,8,8,0,False
19970957519,7,1,4,0,1,20,9,9,0,False
16726368276,34,18,4,0,1,38,46,46,39,False
17623708813,21,17,4,0,2,12,18,18,39,False
18053307086,47,8,4,0,1,9,16,16,19,False
17713196465,11,3,4,0,3,39,3,3,1,False
15735414945,47,5,2,0,1,32,9,9,9,True
15079495784,43,28,4,0,1,44,43,43,39,False
19881266563,16,10,4,0,1,2,15,15,24,False
19881266563,45,12,3,0,0,35,30,30,19,False
13932780308,46,6,2,0,3,3,5,5,39,False
19970957519,41,24,4,0,1,9,34,34,39,False
18053307086,29,17,4,0,0,35,2,2,19,False
17623708813,10,13,4,0,3,15,16,16,39,False
15260233525,33,11,3,0,0,19,1,1,9,False
18702113651,5,13,4,0,0,10,0,0,0,True
15260233525,34,12,1,0,1,26,19,19,21,False
17623708813,15,10,4,0,0,18,10,10,39,False
17623708813,18,2,3,0,0,40,22,22,9,False
15165929133,27,6,4,0,0,12,9,9,0,False
15797725211,44,17,4,0,0,29,14,14,1,False
13943039298,49,2,2,0,1,40,47,47,39,False
19948700293,35,3,4,0,0,44,38,38,9,False
17731093916,5,1,4,0,3,7,3,3,39,False
13943039298,47,3,4,0,2,25,24,24,0,False
18991311567,24,7,1,0,3,10,19,19,19,True
17807329663,5,6,4,0,1,40,37,37,9,False
19852999776,39,1,4,0,1,26,1,1,9,False
19831701219,16,18,4,0,3,36,32,32,39,False
13943039298,48,3,4,0,1,31,30,30,39,False
15797725211,31,9,4,0,2,24,15,15,24,False
19831701219,34,0,4,0,1,18,24,24,39,False
18053307086,29,3,1,0,3,32,3,3,1,False
13130819298,34,5,3,0,2,10,24,24,39,False
15797725211,13,12,4,0,1,30,25,25,9,False
18365196069,38,5,1,0,2,16,15,15,0,False
13074255915,14,10,4,0,2,15,25,25,39,False
17623708813,20,1,4,0,0,33,25,25,9,False
19948700293,10,1,4,0,2,26,45,45,39,False
16630722126,37,6,4,0,2,25,34,34,39,False
18664891854,6,18,2,0,2,34,47,47,39,False
19948700293,31,16,3,0,0,31,24,24,1,False
17713196465,47,9,4,0,0,9,4,4,19,False
18758415613,36,1,4,0,2,31,23,23,0,False
15165929133,48,1,1,0,2,23,31,31,39,False
15797725211,33,9,4,0,1,29,8,8,9,False
18802233956,29,18,4,0,3,11,33,33,39,False
13130819298,19,19,2,0,1,32,39,39,39,True
17807329663,21,7,4,0,1,30,21,21,0,False
16630722126,36,12,4,0,1,8,1,1,9,False
15167050060,20,8,2,0,2,30,31,31,9,False
18664891854,42,0,4,0,1,33,47,47,39,False
15797725211,47,7,4,0,0,35,30,30,19,False
18365196069,33,1,3,0,1,34,27,27,0,False
15661502139,40,3,4,0,0,15,10,10,39,False
17527328008,43,13,4,0,3,15,27,27,39,False
19881266563,46,16,1,0,0,31,24,24,0,False
15079495784,32,13,4,0,3,23,39,39,9,False
17623708813,6,7,1,0,3,11,39,39,39,True
19852999776,22,12,4,0,0,36,2,2,9,False
18053307086,45,12,4,0,0,37,21,21,0,False
18989781863,11,9,3,0,0,20,19,19,0,False
16726368276,28,4,4,0,2,2,15,15,24,False
18365196069,17,4,1,0,1,8,1,1,0,False
19852999776,46,6,4,0,0,45,16,16,9,False
18765816132,20,9,4,0,3,15,19,19,39,False
13401917913,43,12,4,0,0,47,25,25,9,False
18802233956,36,41,4,0,3,25,32,32,39,False
15797725211,49,9,4,0,2,24,14,14,39,False
18053307086,4,11,4,0,1,15,7,7,0,False
15260233525,23,0,4,0,3,11,32,32,39,False
18991311567,9,9,1,0,0,33,13,13,21,False
18702113651,29,33,4,0,0,22,17,17,19,False
15735414945,2,0,3,0,2,16,0,0,8,False
18758415613,2,13,3,0,1,3,2,2,9,False
18702113651,21,27,4,0,1,11,34,34,39,False
18636055184,29,9,4,0,0,40,41,41,39,False
19970957519,15,11,4,0,3,40,41,41,39,False
17807329663,8,6,1,0,1,12,9,9,9,True
19881266563,33,21,4,0,1,15,1,1,9,False
13130819298,5,12,4,0,2,26,36,36,0,False
17623708813,40,6,4,0,2,13,27,27,39,False
19852999776,25,2,4,0,1,39,21,21,9,False
19834840803,3,10,3,0,0,17,10,10,0,False
18702113651,2,3,4,0,2,22,23,23,39,False
15797725211,12,1,4,0,1,23,9,9,9,True
18758415613,28,8,2,0,3,14,29,29,39,False
17623708813,42,178,4,0,2,20,10,10,0,False
17527328008,37,4,4,0,1,29,40,40,0,False
15167050060,50,11,2,0,3,44,45,45,39,False
15079495784,22,2,3,0,2,33,38,38,39,False
19831701219,3,4,4,0,3,18,30,30,39,False
19831701219,28,13,3,0,2,26,45,45,39,False
19831701219,27,20,4,0,1,25,17,17,9,False
18802233956,36,0,4,0,3,40,13,13,2,False
13074255915,42,13,3,0,1,3,9,9,9,True
18365196069,25,2,1,0,2,4,9,9,0,False
19550593600,14,8,4,0,1,11,23,23,0,False
15079495784,5,8,4,0,1,9,15,15,39,False
19852999776,40,13,4,0,0,18,11,11,2,False
19550593600,17,4,4,0,2,7,24,24,39,False
17731093916,44,10,4,0,3,39,40,40,39,False
19970957519,31,20,4,0,2,28,31,31,39,False
15079495784,38,5,4,0,3,17,44,44,39,False
17731093916,50,4,2,0,1,34,13,13,0,False
17527328008,44,9,4,0,0,31,23,23,0,False
18365196069,49,8,4,0,3,31,39,39,39,True
19881266563,14,15,4,0,0,37,29,29,0,False
19859608897,10,7,2,0,1,41,40,40,9,False
13130819298,4,8,4,0,1,36,23,23,9,False
17807329663,35,7,1,0,1,37,44,44,39,False
16630722126,21,1,3,0,2,7,29,29,39,False
18758415613,8,6,4,0,1,31,0,0,9,False
15079495784,17,5,4,0,3,26,31,31,24,False
13932780308,43,4,3,0,1,15,21,21,21,True
15797725211,12,7,4,0,3,16,9,9,9,True
13130819298,42,6,4,0,2,22,41,41,39,False
15797725211,11,1,2,0,0,9,19,19,9,False
19831701219,40,6,3,0,1,26,3,3,1,False
19881266563,45,14,3,0,3,29,30,30,1,False
19970957519,23,9,2,0,3,18,0,0,39,False
18365196069,16,1,2,0,1,41,48,48,9,False
15735414945,44,13,3,0,1,9,0,0,9,False
15167050060,46,1,4,0,3,38,46,46,39,False
13130819298,48,25,4,0,1,1,7,7,9,False
19852999776,31,11,4,0,0,36,8,8,9,False
13074255915,10,0,3,0,0,10,5,5,39,False
15735414945,23,0,4,0,3,19,31,31,9,False
17623708813,1,12,1,0,1,26,11,11,1,False
18053307086,25,9,2,0,1,12,8,8,9,False
18702113651,24,3,4,0,0,9,25,25,19,False
19970957519,20,4,4,0,0,24,9,9,9,True
19852999776,16,0,4,0,1,19,8,8,9,False
19852999776,11,14,2,0,0,25,17,17,9,False
15735414945,30,11,4,0,0,26,19,19,2,False
19881266563,3,15,4,0,0,33,25,25,1,False
13074255915,6,16,2,0,2,10,6,6,39,False
13670356740,15,8,4,0,1,4,10,10,9,False
19948700293,14,21,4,0,3,32,48,48,39,False
17807329663,25,3,2,0,3,33,13,13,1,False
15079495784,21,16,4,0,1,30,0,0,9,False
15079495784,34,21,4,0,3,29,8,8,1,False
17623708813,16,46,4,0,3,30,24,24,24,True
13943039298,39,4,3,0,2,15,34,34,39,False
15735414945,32,22,4,0,2,28,46,46,39,False
18765816132,14,9,3,0,0,30,22,22,0,False
17527328008,48,0,2,0,0,38,47,47,39,False
13513580369,44,8,3,0,2,22,43,43,39,False
17623708813,47,10,4,0,1,9,0,0,0,True
15661502139,10,11,2,0,2,12,38,38,0,False
13932780308,11,6,1,0,3,29,30,30,1,False
13130819298,43,1,2,0,0,29,7,7,1,False
15260233525,15,0,2,0,0,25,2,2,1,False
13943039298,35,3,4,0,0,25,15,15,9,False
17713196465,2,0,4,0,2,32,11,11,2,False
18765816132,41,1,4,0,3,2,11,11,39,False
13401917913,50,6,2,0,3,46,47,47,19,False
15079495784,3,13,4,0,1,39,0,0,9,False
15661502139,23,0,4,0,1,11,24,24,39,False
13074255915,43,1,4,0,2,14,43,43,39,False
13074255915,35,4,1,0,2,3,12,12,39,False
19831701219,44,7,4,0,3,23,41,41,19,False
13513580369,8,10,4,0,3,25,45,45,39,False
18636055184,35,2,1,0,2,2,1,1,0,False
19881266563,2,3,1,0,1,36,8,8,9,False
17623708813,21,1,1,0,2,8,43,43,39,False
18991311567,13,6,4,0,0,8,7,7,0,False
19881266563,2,2,4,0,1,9,46,46,24,False
17527328008,7,7,3,0,3,31,39,39,39,True
13130819298,44,45,4,0,1,36,17,17,1,False
13670356740,33,2,3,0,0,30,31,31,9,False
13130819298,28,2,4,0,2,30,32,32,24,False
18765816132,3,7,3,0,0,17,9,9,9,True
17807329663,1,18,4,0,3,36,31,31,24,False
18802233956,9,1,3,0,2,12,31,31,24,False
19948700293,17,8,4,0,0,40,34,34,24,False
19852999776,18,7,3,0,3,4,34,34,39,False
15797725211,28,3,4,0,2,30,46,46,24,False
18989781863,46,1,4,0,2,9,16,16,39,False
17527328008,28,4,2,0,2,15,29,29,39,False
18758415613,34,4,4,0,1,17,46,46,39,False
18991311567,29,10,4,0,0,26,7,7,9,False
17713196465,9,27,4,0,2,3,23,23,24,False
13074255915,10,5,3,0,2,7,5,5,19,False
15167050060,3,4,4,0,2,29,21,21,1,False
19970957519,10,8,4,0,0,27,0,0,0,True
13670356740,48,5,3,0,0,31,13,13,19,False
15079495784,49,21,4,0,3,35,29,29,19,False
19834840803,34,0,3,0,3,22,39,39,39,True
18802233956,49,1,1,0,1,46,11,11,9,False
18758415613,23,4,2,0,1,32,45,45,39,False
18664891854,27,13,3,0,3,32,40,40,39,False
17331496902,19,0,4,0,1,38,45,45,39,False
15735414945,44,9,1,0,0,14,7,7,0,False
15079495784,30,15,4,0,1,45,7,7,1,False
19550593600,8,1,3,0,1,17,40,40,39,False
18802233956,45,16,4,0,0,17,27,27,39,False
18802233956,35,20,4,0,1,13,27,27,39,False
15735414945,39,11,4,0,0,10,1,1,0,False
19550593600,15,10,2,0,2,5,12,12,39,False
17807329663,7,6,4,0,1,30,39,39,39,True
17713196465,6,5,4,0,0,9,19,19,19,True
17623708813,33,12,4,0,0,20,19,19,0,False
16726368276,47,6,4,0,3,15,23,23,39,False
18991311567,13,1,4,0,1,3,7,7,9,False
19852999776,40,1,4,0,2,31,39,39,39,True
18802233956,24,31,4,0,1,36,0,0,0,True
15260233525,49,16,4,0,3,25,34,34,39,False
15735414945,3,2,2,0,3,25,11,11,1,False
17331496902,6,3,3,0,2,34,48,48,39,False
15079495784,7,1,4,0,3,15,26,26,39,False
19550593600,18,3,4,0,3,31,40,40,39,False
17731093916,44,5,1,0,2,10,19,19,39,False
16630722126,49,2,1,0,2,20,41,41,0,False
15735414945,6,0,3,0,3,36,30,30,39,False
19970957519,10,29,4,0,1,1,0,0,9,False
19834840803,35,6,4,0,1,34,27,27,21,False
15797725211,41,37,4,0,2,27,47,47,0,False
19881266563,20,20,4,0,2,28,33,33,39,False
18636055184,43,2,4,0,2,11,19,19,39,False
15260233525,32,4,2,0,3,8,3,3,1,False
17331496902,24,10,1,0,1,38,22,22,0,False
19948700293,20,3,4,0,0,19,14,14,9,False
13513580369,4,34,4,0,2,18,41,41,39,False
18991311567,30,0,2,0,3,8,20,20,9,False
13130819298,5,11,4,0,3,25,36,36,9,False
19852999776,39,13,4,0,3,23,31,31,9,False
17623708813,23,45,4,0,0,35,16,16,9,False
13513580369,39,5,4,0,2,30,46,46,39,False
19948700293,32,15,4,0,0,10,3,3,9,False
13401917913,17,5,4,0,3,40,33,33,9,False
19948700293,38,3,4,0,1,39,24,24,1,False
13943039298,26,8,4,0,3,10,5,5,39,False
18802233956,12,2,4,0,3,23,41,41,9,False
18365196069,35,10,3,0,1,3,8,8,0,False
13074255915,38,10,4,0,0,46,41,41,9,False
13130819298,38,5,4,0,1,26,18,18,9,False
19831701219,31,9,4,0,0,32,11,11,9,False
15260233525,8,0,4,0,2,39,0,0,0,True
19881266563,29,11,4,0,0,26,14,14,8,False
16630722126,38,1,3,0,1,17,15,15,0,False
17623708813,50,12,4,0,0,19,10,10,9,False
13670356740,47,16,4,0,0,25,19,19,19,True
16630722126,43,1,4,0,2,31,29,29,0,False
13401917913,48,18,4,0,1,15,8,8,9,False
18758415613,48,9,4,0,1,22,36,36,39,False
13513580369,14,3,3,0,3,14,10,10,39,False
18991311567,29,4,4,0,1,24,7,7,9,False
19859608897,29,1,4,0,0,18,19,19,19,True
18989781863,30,7,4,0,3,28,29,29,19,False
19831701219,35,1,4,0,0,21,10,10,19,False
13932780308,48,5,1,0,3,11,24,24,39,False
17713196465,39,3,2,0,1,33,6,6,2,False
17527328008,11,6,4,0,3,36,39,39,39,True
18989781863,31,3,4,0,0,17,0,0,8,False
18702113651,20,0,4,0,3,10,39,39,39,True
16726368276,13,1,4,0,0,19,8,8,9,False
18664891854,11,18,4,0,3,32,46,46,39,False
18664891854,45,13,4,0,2,23,44,44,39,False
19970957519,5,8,2,0,1,12,1,1,9,False
17623708813,27,13,4,0,2,26,33,33,39,False
19970957519,28,5,1,0,1,36,28,28,0,False
13130819298,25,1,1,0,3,39,47,47,39,False
19834840803,12,5,2,0,2,14,28,28,39,False
18989781863,14,7,4,0,0,9,40,40,9,False
17807329663,26,6,4,0,2,22,19,19,19,True
18765816132,22,5,4,0,3,30,24,24,39,False
17623708813,31,0,4,0,3,46,12,12,2,False
15079495784,42,8,4,0,0,17,33,33,39,False
19948700293,15,4,4,0,0,24,23,23,9,False
17731093916,7,9,1,0,1,41,40,40,0,False
15797725211,31,1,4,0,2,4,32,32,39,False
13401917913,25,4,4,0,3,2,34,34,39,False
15165929133,48,3,4,0,3,17,48,48,39,False
18664891854,11,8,3,0,2,2,1,1,8,False
19852999776,20,23,4,0,1,11,10,10,9,False
15735414945,12,4,4,0,2,33,46,46,21,False
19852999776,5,9,2,0,1,17,0,0,9,False
18636055184,50,3,4,0,3,22,4,4,39,False
17623708813,1,32,4,0,1,45,9,9,1,False
18802233956,21,18,4,0,2,4,11,11,39,False
13932780308,43,4,4,0,2,16,14,14,0,False
17623708813,41,261,4,0,3,28,0,0,19,False
15797725211,36,11,4,0,1,31,2,2,9,False
19881266563,43,30,4,0,0,13,0,0,0,True
15661502139,47,3,4,0,0,31,17,17,9,False
19550593600,12,3,4,0,0,44,8,8,9,False
13401917913,31,13,4,0,1,36,14,14,9,False
18991311567,44,5,1,0,0,10,9,9,1,False
15661502139,41,18,4,0,2,30,25,25,19,False
17527328008,31,3,4,0,3,29,2,2,1,False
19881266563,37,11,4,0,3,28,29,29,19,False
16630722126,44,7,4,0,0,33,5,5,9,False
15735414945,11,16,4,0,0,18,9,9,9,True
17527328008,24,0,4,0,3,14,21,21,39,False
19852999776,17,2,1,0,0,15,4,4,19,False
15079495784,25,15,4,0,2,19,46,46,39,False
18053307086,30,50,4,0,0,38,31,31,9,False
15165929133,4,7,1,0,2,3,10,10,24,False
17731093916,50,3,1,0,2,11,17,17,24,False
16726368276,40,16,4,0,0,16,9,9,0,False
13074255915,27,2,4,0,3,36,40,40,39,False
19948700293,12,1,4,0,0,19,8,8,9,False
13130819298,38,7,4,0,1,38,1,1,9,False
19852999776,21,2,2,0,1,32,30,30,21,False
19831701219,18,0,4,0,1,26,8,8,0,False
17331496902,11,1,3,0,2,15,1,1,9,False
18636055184,9,12,4,0,3,16,9,9,9,True
19948700293,38,9,3,0,1,40,39,39,39,True
15260233525,48,4,4,0,0,25,19,19,19,True
13943039298,16,5,1,0,0,44,38,38,9,False
13074255915,4,2,2,0,1,45,16,16,9,False
18989781863,22,4,4,0,1,24,9,9,24,False
13670356740,2,2,4,0,1,36,2,2,9,False
17731093916,14,4,4,0,2,39,34,34,39,False
17331496902,42,5,4,0,1,25,23,23,0,False
15165929133,19,3,2,0,0,12,34,34,39,False
17807329663,32,0,2,0,1,44,42,42,9,False
19881266563,3,44,4,0,1,32,24,24,0,False
18802233956,8,25,4,0,3,31,45,45,39,False
13074255915,22,9,4,0,3,22,45,45,39,False
17807329663,41,0,4,0,3,10,14,14,0,False
17623708813,1,17,4,0,0,30,31,31,24,False
13932780308,44,20,4,0,3,12,6,6,39,False
19831701219,42,42,4,0,2,3,23,23,24,False
13943039298,43,0,4,0,1,47,17,17,9,False
17331496902,39,3,3,0,2,25,24,24,0,False
13943039298,10,2,4,0,2,10,5,5,39,False
17331496902,28,2,4,0,2,16,15,15,0,False
15661502139,31,23,4,0,3,45,46,46,39,False
18702113651,48,5,4,0,0,26,10,10,1,False
19881266563,29,16,3,0,2,26,24,24,24,True
17713196465,37,4,4,0,2,25,46,46,39,False
13943039298,8,18,4,0,0,7,1,1,19,False
15661502139,31,19,2,0,2,23,20,20,19,False
17623708813,5,53,4,0,2,16,33,33,39,False
13943039298,1,4,4,0,1,22,21,21,0,False
15167050060,32,1,4,0,1,39,43,43,9,False
16630722126,11,8,1,0,0,17,0,0,0,True
18702113651,37,6,4,0,3,10,46,46,39,False
18053307086,20,7,4,0,0,17,9,9,9,True
19831701219,27,3,4,0,0,37,18,18,39,False
18664891854,14,0,3,0,3,33,40,40,39,False
18989781863,27,11,3,0,3,21,29,29,19,False
15079495784,19,4,1,0,1,33,16,16,9,False
18989781863,28,0,2,0,2,6,3,3,0,False
13513580369,11,7,4,0,2,2,9,9,24,False
13401917913,47,14,4,0,3,32,34,34,39,False
15661502139,39,2,4,0,0,31,22,22,0,False
18702113651,12,11,4,0,2,16,14,14,0,False
13074255915,20,10,4,0,3,18,20,20,19,False
19970957519,15,21,4,0,2,25,39,39,39,True
19550593600,19,10,4,0,2,6,19,19,39,False
18664891854,36,0,2,0,2,5,34,34,39,False
18053307086,33,6,4,0,3,11,26,26,39,False
18765816132,31,8,4,0,0,10,2,2,9,False
15079495784,32,28,4,0,2,29,38,38,0,False
17731093916,28,7,4,0,0,18,19,19,19,True
19852999776,11,11,1,0,0,23,31,31,19,False
15797725211,49,20,4,0,0,29,14,14,1,False
19834840803,30,3,2,0,0,44,38,38,9,False
15661502139,30,4,1,0,2,18,33,33,39,False
19831701219,29,4,4,0,3,21,39,39,19,False
13932780308,14,3,1,0,2,10,17,17,39,False
19831701219,42,9,2,0,2,31,21,21,0,False
18365196069,8,4,2,0,0,32,8,8,9,False
18702113651,50,4,4,0,2,38,41,41,39,False
19970957519,8,0,4,0,1,18,24,24,39,False
15260233525,4,4,1,0,1,15,7,7,0,False
18053307086,41,25,4,0,1,15,0,0,0,True
17527328008,11,10,4,0,2,39,48,48,39,False
17807329663,25,31,4,0,1,18,15,15,39,False
15661502139,20,18,4,0,1,31,22,22,9,False
19550593600,13,7,2,0,0,11,12,12,19,False
18636055184,10,10,3,0,2,16,24,24,39,False
13670356740,37,2,3,0,0,10,9,9,1,False
18664891854,9,2,4,0,0,15,11,11,19,False
15735414945,22,35,4,0,3,36,31,31,9,False
18053307086,14,15,4,0,1,15,0,0,0,True
19881266563,49,9,4,0,0,36,28,28,0,False
18636055184,19,4,2,0,1,18,10,10,39,False
18802233956,26,5,4,0,2,8,36,36,39,False
17623708813,37,6,1,0,2,6,18,18,24,False
18702113651,26,1,4,0,2,30,33,33,9,False
19852999776,12,2,3,0,1,19,47,47,9,False
18053307086,23,5,4,0,0,15,19,19,19,True
17731093916,23,10,3,0,0,17,8,8,0,False
19550593600,44,7,4,0,0,40,25,25,9,False
15079495784,36,12,4,0,1,1,34,34,39,False
16726368276,23,3,4,0,1,47,41,41,2,False
13513580369,26,1,4,0,2,18,33,33,39,False
18664891854,31,5,4,0,2,26,40,40,39,False
17623708813,13,6,4,0,2,22,23,23,39,False
15167050060,26,6,4,0,1,40,14,14,9,False
13670356740,44,11,1,0,2,18,20,20,39,False
13670356740,10,7,4,0,0,35,2,2,12,False
16726368276,16,4,4,0,2,18,40,40,39,False
15165929133,11,3,4,0,0,33,0,0,0,True
19550593600,9,7,4,0,2,32,39,39,39,True
13932780308,42,8,1,0,3,36,37,37,39,False
15661502139,21,6,4,0,3,9,19,19,19,True
17731093916,10,11,4,0,0,18,2,2,9,False
18053307086,4,10,3,0,3,18,17,17,39,False
15165929133,4,3,4,0,1,24,15,15,9,False
15735414945,50,10,3,0,1,30,24,24,39,False
18989781863,16,2,4,0,3,19,41,41,39,False
13670356740,31,27,4,0,3,8,16,16,39,False
19948700293,28,0,4,0,3,1,46,46,39,False
18053307086,45,3,4,0,0,33,29,29,0,False
15260233525,35,1,4,0,2,10,21,21,0,False
13943039298,25,4,4,0,0,41,13,13,9,False
13513580369,1,8,4,0,1,12,3,3,9,False
18765816132,25,12,4,0,0,16,8,8,0,False
18802233956,29,10,4,0,3,28,29,29,19,False
18664891854,16,3,2,0,1,33,27,27,1,False
13130819298,8,5,4,0,2,23,32,32,39,False
19852999776,21,15,4,0,1,10,29,29,0,False
13074255915,7,1,4,0,3,45,25,25,2,False
15661502139,34,8,4,0,0,31,24,24,0,False
19881266563,45,8,3,0,1,38,30,30,0,False
17331496902,38,3,4,0,1,8,40,40,39,False
15260233525,6,4,4,0,2,3,17,17,39,False
17527328008,38,6,4,0,1,48,13,13,1,False
13943039298,33,3,1,0,2,23,48,48,39,False
18664891854,21,5,4,0,3,28,8,8,19,False
16630722126,42,1,1,0,2,20,33,33,0,False
15797725211,42,9,3,0,2,2,14,14,0,False
17713196465,44,30,3,0,1,9,14,14,0,False
13670356740,16,0,4,0,2,21,34,34,19,False
19831701219,12,17,4,0,3,10,32,32,39,False
18702113651,43,7,4,0,2,14,31,31,39,False
19948700293,15,4,4,0,2,33,39,39,24,False
18802233956,11,9,4,0,0,36,30,30,9,False
18636055184,49,4,3,0,2,4,21,21,0,False
17331496902,35,26,4,0,3,1,2,2,39,False
17731093916,12,1,3,0,0,10,5,5,39,False
18702113651,36,7,3,0,2,12,20,20,39,False
18765816132,32,1,1,0,3,31,18,18,39,False
19852999776,25,11,4,0,0,35,29,29,19,False
18989781863,35,3,1,0,3,14,21,21,39,False
17713196465,49,5,3,0,0,30,44,44,0,False
18636055184,3,6,3,0,1,18,14,14,39,False
17713196465,34,5,4,0,3,8,18,18,39,False
15735414945,7,43,1,0,3,31,19,19,9,False
15167050060,43,8,2,0,3,39,27,27,1,False
19970957519,43,14,4,0,3,11,25,25,39,False
18365196069,32,9,2,0,3,21,0,0,19,False
13670356740,19,23,4,0,3,30,44,44,0,False
15661502139,29,7,2,0,3,11,37,37,24,False
19550593600,17,9,4,0,3,5,33,33,39,False
18702113651,41,14,4,0,0,27,20,20,0,False
16630722126,41,23,4,0,2,32,48,48,39,False
13130819298,26,3,2,0,3,31,18,18,39,False
18991311567,29,7,3,0,1,9,16,16,9,False
19550593600,43,1,4,0,2,38,45,45,39,False
17731093916,15,12,4,0,0,25,18,18,0,False
18991311567,46,3,1,0,3,40,48,48,39,False
19948700293,15,8,4,0,3,45,39,39,19,False
18765816132,32,4,4,0,0,17,8,8,8,True
18765816132,19,2,4,0,1,9,17,17,39,False
18991311567,23,6,4,0,3,2,26,26,39,False
13943039298,46,4,4,0,2,0,31,31,39,False
17731093916,8,9,4,0,1,34,33,33,0,False
18636055184,16,23,4,0,2,38,46,46,39,False
18664891854,33,31,4,0,3,25,27,27,39,False
18636055184,24,0,1,0,0,42,40,40,9,False
13130819298,36,1,4,0,2,19,37,37,0,False
18991311567,20,10,4,0,2,18,20,20,39,False
15165929133,2,19,4,0,2,25,45,45,39,False
13130819298,32,28,4,0,1,4,34,34,39,False
15735414945,16,4,1,0,0,29,22,22,0,False
18991311567,46,15,4,0,3,22,31,31,39,False
18053307086,14,1,4,0,1,12,0,0,9,False
18991311567,50,11,2,0,1,38,7,7,0,False
18702113651,16,2,4,0,0,10,0,0,9,False
19881266563,3,7,4,0,0,11,3,3,9,False
13932780308,18,18,4,0,2,38,39,39,39,True
16726368276,36,3,1,0,2,3,12,12,39,False
13401917913,35,14,4,0,3,9,22,22,39,False
18991311567,15,3,3,0,3,18,11,11,39,False
18802233956,14,1,4,0,3,44,46,46,19,False
19550593600,27,0,3,0,2,12,26,26,39,False
19831701219,18,6,4,0,3,25,17,17,9,False
15165929133,42,3,4,0,3,32,46,46,39,False
19881266563,49,11,3,0,3,18,13,13,39,False
18802233956,14,10,1,0,3,4,5,5,39,False
15165929133,44,7,3,0,0,30,8,8,9,False
19859608897,23,2,2,0,1,22,29,29,39,False
17713196465,10,44,4,0,2,22,23,23,19,False
17527328008,20,2,2,0,2,10,19,19,39,False
19834840803,45,9,3,0,2,25,39,39,39,True
15079495784,49,6,4,0,1,22,17,17,39,False
15661502139,2,28,4,0,1,30,15,15,0,False
19948700293,20,6,4,0,3,18,19,19,19,True
19834840803,20,10,4,0,0,15,7,7,0,False
17623708813,1,35,4,0,2,19,31,31,9,False
18053307086,32,2,4,0,3,24,1,1,39,False
19852999776,7,7,3,0,3,23,17,17,9,False
17623708813,36,7,4,0,1,24,2,2,9,False
19948700293,22,8,4,0,1,10,8,8,9,False
17713196465,23,6,4,0,2,15,4,4,19,False
19834840803,19,3,2,0,3,14,21,21,39,False
17527328008,49,39,4,0,1,9,1,1,0,False
19831701219,49,6,4,0,0,17,7,7,8,False
19859608897,41,6,2,0,0,17,9,9,0,False
17807329663,1,9,4,0,2,2,9,9,24,False
18989781863,5,6,4,0,3,38,40,40,39,False
19831701219,39,11,4,0,1,4,32,32,39,False
18802233956,9,5,4,0,0,38,12,12,19,False
19948700293,11,2,2,0,0,41,32,32,0,False
19970957519,30,16,4,0,2,10,29,29,0,False
13513580369,5,16,1,0,0,29,0,0,9,False
13943039298,19,11,4,0,3,16,2,2,1,False
17731093916,20,11,4,0,1,23,21,21,9,False
18053307086,50,8,4,0,3,10,11,11,39,False
17623708813,7,3,4,0,0,14,41,41,39,False
19831701219,5,6,4,0,2,29,36,36,39,False
18053307086,19,0,3,0,3,14,12,12,39,False
15661502139,42,1,4,0,1,13,37,37,39,False
18802233956,41,2,4,0,2,12,27,27,39,False
17807329663,14,22,2,0,0,22,0,0,9,False
17713196465,29,4,4,0,2,8,38,38,24,False
13630678332,42,7,1,0,3,7,8,8,19,False
18989781863,18,0,1,0,2,7,36,36,39,False
17807329663,39,3,4,0,3,38,39,39,39,True
18989781863,45,21,4,0,2,34,40,40,39,False
18802233956,1,70,4,0,3,37,16,16,9,False
18802233956,49,15,4,0,1,6,0,0,0,True
19834840803,5,0,2,0,2,30,32,32,9,False
17807329663,4,8,4,0,1,10,2,2,0,False
18802233956,33,6,4,0,2,25,33,33,39,False
15165929133,8,26,4,0,3,28,8,8,19,False
17331496902,46,2,4,0,3,22,4,4,39,False
19970957519,10,2,2,0,0,15,12,12,19,False
17807329663,23,4,4,0,1,24,9,9,9,True
17807329663,38,7,4,0,0,23,21,21,0,False
19881266563,50,9,4,0,1,15,7,7,0,False
18365196069,45,5,4,0,0,38,32,32,19,False
19834840803,1,42,4,0,2,25,39,39,39,True
19948700293,24,8,4,0,3,4,12,12,39,False
15735414945,21,20,4,0,1,12,11,11,9,False
18991311567,10,8,3,0,3,25,27,27,39,False
16630722126,8,3,4,0,1,25,24,24,0,False
13943039298,6,5,4,0,3,16,26,26,39,False
13401917913,14,2,4,0,1,46,31,31,0,False
19970957519,3,15,4,0,2,19,34,34,39,False
15079495784,18,0,4,0,1,25,8,8,9,False
15165929133,24,2,3,0,1,23,15,15,0,False
17807329663,48,32,4,0,1,32,31,31,0,False
18758415613,33,2,1,0,1,18,14,14,39,False
16630722126,24,0,4,0,2,8,38,38,24,False
18053307086,48,14,4,0,0,26,19,19,21,False
13401917913,16,13,4,0,2,40,48,48,39,False
18802233956,45,15,4,0,3,16,27,27,39,False
15260233525,15,1,1,0,0,44,15,15,9,False
15797725211,17,4,3,0,2,22,43,43,39,False
13943039298,16,11,4,0,0,10,0,0,0,True
13932780308,37,9,4,0,1,38,29,29,9,False
13630678332,34,1,2,0,0,44,24,24,9,False
15735414945,29,0,1,0,2,22,31,31,39,False
18989781863,38,4,3,0,0,23,1,1,9,False
19859608897,27,3,4,0,0,17,3,3,0,False
18765816132,14,2,4,0,2,34,46,46,0,False
19970957519,41,7,3,0,3,16,47,47,39,False
19881266563,17,26,4,0,3,36,38,38,39,False
17731093916,35,3,4,0,2,26,45,45,39,False
13074255915,40,9,1,0,2,25,24,24,1,False
17331496902,29,2,4,0,3,40,17,17,9,False
15167050060,28,0,4,0,2,1,38,38,39,False
19970957519,4,6,4,0,2,22,39,39,39,True
18365196069,27,6,4,0,0,26,19,19,39,False
19881266563,29,2,4,0,0,22,33,33,19,False
13074255915,42,6,4,0,3,38,44,44,0,False
17713196465,11,8,4,0,2,1,7,7,0,False
18636055184,32,9,4,0,0,34,26,26,0,False
17527328008,28,9,3,0,0,30,10,10,9,False
19834840803,16,7,4,0,2,27,48,48,24,False
19834840803,10,6,4,0,0,30,14,14,1,False
15735414945,47,8,2,0,0,37,9,9,9,True
16726368276,16,4,4,0,3,17,19,19,39,False
18765816132,41,6,4,0,1,8,0,0,0,True
19881266563,35,2,1,0,2,23,14,14,0,False
15735414945,35,11,4,0,3,32,9,9,9,True
17623708813,26,2,1,0,0,25,3,3,9,False
13943039298,18,13,2,0,1,9,1,1,9,False
15735414945,29,14,4,0,1,25,1,1,1,True
18758415613,48,7,2,0,1,40,47,47,39,False
18053307086,49,13,4,0,3,45,46,46,39,False
17623708813,25,16,4,0,3,42,46,46,39,False
17331496902,26,2,4,0,3,37,32,32,39,False
18365196069,45,10,4,0,1,33,26,26,9,False
19948700293,14,19,4,0,0,22,8,8,0,False
17623708813,39,1,1,0,2,6,18,18,0,False
19881266563,13,9,3,0,3,18,10,10,39,False
18702113651,1,14,4,0,3,32,25,25,1,False
15079495784,21,10,2,0,2,5,11,11,39,False
19970957519,49,21,4,0,2,18,25,25,39,False
19881266563,40,4,3,0,3,31,17,17,9,False
13670356740,5,10,4,0,1,36,29,29,9,False
16630722126,51,0,1,0,1,26,41,41,39,False
19550593600,34,29,4,0,0,10,14,14,0,False
19831701219,48,11,2,0,3,3,5,5,39,False
16726368276,16,15,4,0,2,34,40,40,39,False
19831701219,21,3,4,0,3,9,18,18,19,False
17713196465,9,29,4,0,2,17,23,23,39,False
17713196465,32,1,4,0,1,17,44,44,39,False
13130819298,24,18,4,0,2,19,33,33,39,False
18765816132,29,14,4,0,0,14,8,8,19,False
15079495784,3,27,4,0,1,15,0,0,9,False
15079495784,27,3,2,0,2,16,36,36,0,False
15167050060,33,5,4,0,1,18,8,8,9,False
18636055184,47,4,4,0,3,32,20,20,19,False
19852999776,3,15,4,0,0,19,13,13,9,False
13401917913,23,6,4,0,2,41,13,13,9,False
15079495784,41,1,2,0,0,31,30,30,0,False
15165929133,17,0,2,0,1,13,34,34,39,False
17331496902,4,2,3,0,3,14,44,44,39,False
13943039298,35,5,2,0,0,32,8,8,9,False
19852999776,8,14,3,0,0,19,12,12,9,False
17807329663,8,0,2,0,2,15,45,45,39,False
19550593600,16,11,4,0,2,23,24,24,39,False
18802233956,4,10,4,0,3,23,7,7,0,False
16630722126,2,6,3,0,1,34,20,20,0,False
13630678332,1,8,4,0,2,0,9,9,39,False
15165929133,24,30,4,0,1,2,28,28,39,False
18989781863,40,1,3,0,0,20,9,9,0,False
19970957519,32,0,3,0,2,18,38,38,39,False
18702113651,39,9,4,0,3,22,9,9,19,False
15079495784,34,18,4,0,1,22,8,8,9,False
17331496902,6,0,1,0,2,11,3,3,9,False
17807329663,24,6,4,0,1,30,36,36,39,False
19831701219,45,4,2,0,2,24,21,21,24,False
18664891854,16,13,4,0,0,22,1,1,0,False
15735414945,19,33,4,0,1,38,16,16,9,False
18802233956,20,0,4,0,2,2,16,16,39,False
19852999776,22,4,2,0,0,38,30,30,0,False
17713196465,31,4,1,0,3,18,11,11,39,False
15661502139,19,29,4,0,1,8,0,0,24,False
19881266563,21,3,4,0,3,9,18,18,39,False
16630722126,24,1,4,0,1,38,45,45,39,False
17623708813,47,54,4,0,0,26,6,6,2,False
13130819298,6,16,4,0,3,36,46,46,39,False
13630678332,45,3,3,0,1,32,24,24,9,False
18053307086,20,8,4,0,0,10,9,9,9,True
15661502139,1,2,4,0,3,26,20,20,39,False
13513580369,27,1,1,0,0,45,23,23,13,False
13670356740,36,13,2,0,0,19,13,13,9,False
18365196069,47,12,4,0,1,12,29,29,9,False
17331496902,28,1,4,0,3,16,14,14,0,False
17331496902,9,4,2,0,3,37,32,32,39,False
13074255915,15,24,4,0,2,2,8,8,0,False
13130819298,46,0,4,0,0,26,16,16,9,False
18989781863,15,19,4,0,0,47,41,41,2,False
18989781863,47,2,4,0,3,28,21,21,39,False
13630678332,4,14,4,0,0,17,8,8,0,False
15797725211,20,5,2,0,1,12,16,16,9,False
19852999776,12,3,4,0,1,48,46,46,9,False
19970957519,46,4,4,0,3,11,18,18,39,False
13130819298,27,3,4,0,1,17,7,7,9,False
15260233525,37,7,4,0,0,28,29,29,19,False
15797725211,30,4,2,0,1,15,44,44,39,False
15167050060,35,9,4,0,2,17,33,33,39,False
19970957519,49,1,4,0,2,12,24,24,0,False
19970957519,31,1,4,0,3,30,31,31,39,False
19550593600,21,8,4,0,0,19,33,33,0,False
19948700293,47,4,3,0,2,34,47,47,39,False
15735414945,22,30,4,0,2,28,31,31,39,False
13943039298,8,16,4,0,0,8,1,1,0,False
18802233956,29,15,4,0,2,17,33,33,39,False
18053307086,47,4,2,0,2,28,36,36,39,False
19970957519,34,0,4,0,0,18,10,10,39,False
17623708813,22,2,4,0,0,39,38,38,8,False
19881266563,45,11,4,0,0,15,9,9,19,False
15165929133,24,48,4,0,1,29,28,28,0,False
18758415613,7,8,2,0,3,17,6,6,39,False
13130819298,48,25,4,0,3,25,34,34,39,False
13513580369,22,6,4,0,3,30,31,31,39,False
19550593600,6,11,4,0,3,33,39,39,39,True
15079495784,25,7,3,0,1,11,10,10,0,False
13932780308,12,14,3,0,0,47,46,46,1,False
13943039298,37,20,4,0,3,32,47,47,39,False
13130819298,45,6,1,0,0,14,0,0,0,True
18989781863,16,1,1,0,3,14,36,36,39,False
18365196069,18,0,1,0,0,10,1,1,0,False
15079495784,31,0,4,0,1,41,15,15,0,False
15661502139,39,1,4,0,0,15,12,12,19,False
19831701219,12,1,4,0,2,15,41,41,39,False
18758415613,31,2,2,0,0,46,38,38,0,False
16630722126,40,44,4,0,2,18,13,13,19,False
19852999776,32,14,2,0,1,19,32,32,9,False
17527328008,50,0,1,0,2,16,14,14,0,False
19970957519,4,10,4,0,0,9,5,5,19,False
19852999776,31,18,4,0,0,15,8,8,9,False
18989781863,28,3,4,0,1,24,2,2,9,False
19852999776,24,12,4,0,2,28,44,44,39,False
18664891854,19,11,4,0,0,18,11,11,19,False
19834840803,27,8,3,0,1,17,23,23,9,False
17713196465,50,5,4,0,2,22,17,17,39,False
17527328008,15,7,2,0,0,41,33,33,0,False
17807329663,15,14,2,0,0,22,0,0,0,True
13513580369,22,7,3,0,3,32,0,0,8,False
17623708813,19,72,4,0,0,27,6,6,9,False
19834840803,14,10,4,0,1,16,1,1,1,True
13401917913,45,13,4,0,3,33,40,40,39,False
18664891854,21,10,3,0,3,45,47,47,19,False
19834840803,20,2,3,0,3,14,21,21,39,False
19970957519,11,6,4,0,0,24,19,19,39,False
13401917913,13,0,4,0,0,19,8,8,9,False
16726368276,2,11,4,0,2,39,47,47,39,False
16726368276,48,14,4,0,1,20,4,4,0,False
19970957519,42,20,4,0,3,15,24,24,39,False
17713196465,31,5,4,0,2,31,16,16,9,False
17807329663,23,6,4,0,2,15,33,33,39,False
15735414945,9,15,4,0,2,11,24,24,39,False
18802233956,48,23,4,0,1,18,17,17,9,False
18991311567,31,7,4,0,1,24,15,15,9,False
13401917913,3,5,4,0,3,3,25,25,39,False
15165929133,6,7,4,0,3,3,40,40,39,False
13074255915,22,12,4,0,0,11,18,18,39,False
19834840803,3,1,1,0,3,7,3,3,39,False
15661502139,48,2,4,0,2,0,11,11,39,False
15735414945,21,10,4,0,2,4,11,11,39,False
18365196069,9,2,2,0,2,11,8,8,9,False
17713196465,8,6,4,0,3,5,12,12,39,False
18802233956,41,0,4,0,2,6,27,27,39,False
13513580369,50,2,4,0,0,31,23,23,0,False
19970957519,25,1,4,0,0,37,10,10,19,False
16630722126,29,18,4,0,2,2,9,9,24,False
15797725211,35,38,4,0,1,3,2,2,9,False
18758415613,16,15,4,0,2,33,40,40,39,False
13943039298,20,6,3,0,0,11,1,1,9,False
17807329663,14,21,4,0,3,36,46,46,39,False
15165929133,2,0,4,0,3,26,45,45,39,False
15260233525,6,0,2,0,3,16,47,47,39,False
19859608897,43,4,4,0,2,25,40,40,39,False
13074255915,44,3,2,0,1,18,24,24,39,False
18365196069,10,5,4,0,2,23,43,43,39,False
15661502139,45,2,4,0,2,17,24,24,39,False
17623708813,16,2,4,0,1,46,38,38,9,False
16630722126,47,6,3,0,2,39,46,46,24,False
17807329663,8,11,4,0,3,31,18,18,39,False
18053307086,37,18,2,0,3,25,32,32,39,False
15735414945,30,13,3,0,3,32,16,16,39,False
15797725211,21,10,4,0,1,45,35,35,9,False
17623708813,20,34,4,0,0,35,16,16,9,False
15165929133,9,15,4,0,1,17,9,9,0,False
19881266563,3,4,4,0,0,32,25,25,9,False
15797725211,40,3,1,0,1,37,22,22,9,False
15165929133,17,10,3,0,3,25,26,26,10,False
13513580369,4,17,4,0,2,17,41,41,39,False
18765816132,43,9,4,0,2,23,43,43,39,False
15165929133,11,17,4,0,0,31,24,24,9,False
15661502139,31,14,4,0,1,30,46,46,39,False
15661502139,6,23,4,0,3,11,39,39,39,True
17807329663,6,8,2,0,3,29,45,45,0,False
17807329663,45,27,4,0,1,15,21,21,21,True
15165929133,36,2,1,0,3,37,31,31,39,False
19948700293,20,6,4,0,0,16,7,7,9,False
19831701219,40,33,4,0,2,26,34,34,39,False
15165929133,11,20,4,0,0,29,0,0,1,False
19550593600,11,18,4,0,2,13,20,20,39,False
19881266563,28,3,4,0,0,25,21,21,8,False
18758415613,27,2,3,0,1,26,33,33,39,False
18802233956,43,3,3,0,2,24,14,14,24,False
18758415613,13,15,4,0,3,17,19,19,19,True
13130819298,35,4,4,0,1,25,32,32,39,False
17713196465,20,7,4,0,1,24,10,10,24,False
15797725211,40,0,4,0,1,20,17,17,0,False
15735414945,23,0,3,0,3,36,10,10,9,False
15797725211,30,14,4,0,0,17,20,20,39,False
18053307086,2,0,4,0,0,31,13,13,39,False
18053307086,43,0,2,0,2,3,20,20,39,False
18365196069,26,9,4,0,1,30,28,28,39,False
13130819298,6,19,4,0,3,45,46,46,39,False
15797725211,10,10,4,0,2,23,33,33,39,False
17807329663,28,30,4,0,3,11,32,32,39,False
19881266563,40,14,2,0,1,12,11,11,9,False
15797725211,38,29,4,0,0,17,41,41,39,False
13943039298,42,0,2,0,3,36,22,22,9,False
18989781863,14,0,1,0,3,2,47,47,39,False
15167050060,19,3,4,0,1,44,36,36,9,False
18802233956,9,2,4,0,1,24,1,1,39,False
13074255915,4,7,4,0,2,17,32,32,39,False
19881266563,50,1,4,0,0,30,18,18,9,False
19550593600,23,0,4,0,2,3,24,24,39,False
15165929133,17,15,1,0,2,23,39,39,39,True
19550593600,26,16,4,0,1,23,21,21,9,False
15735414945,32,26,4,0,2,37,46,46,39,False
19550593600,11,0,3,0,2,4,10,10,24,False
17713196465,16,20,4,0,1,12,17,17,9,False
19550593600,47,9,1,0,2,15,28,28,39,False
17623708813,1,40,4,0,3,25,31,31,9,False
15165929133,35,15,4,0,0,27,19,19,0,False
19859608897,39,4,4,0,3,44,45,45,39,False
13943039298,34,1,4,0,0,19,20,20,9,False
15735414945,35,2,1,0,0,29,21,21,0,False
17527328008,20,6,4,0,0,11,20,20,39,False
13130819298,5,15,4,0,0,26,10,10,1,False
15167050060,9,11,4,0,2,33,39,39,24,False
15735414945,26,2,4,0,3,11,40,40,39,False
19831701219,45,24,4,0,0,35,1,1,9,False
17623708813,7,4,4,0,0,25,19,19,19,True
13670356740,38,3,4,0,3,38,6,6,39,False
15661502139,15,4,3,0,0,19,8,8,9,False
19831701219,46,0,4,0,1,12,21,21,0,False
13513580369,4,9,4,0,0,14,7,7,0,False
18702113651,41,3,2,0,0,10,33,33,39,False
15735414945,25,10,4,0,3,19,28,28,9,False
15797725211,4,5,4,0,3,15,5,5,19,False
16630722126,40,49,4,0,0,20,13,13,0,False
19881266563,44,18,4,0,3,23,25,25,39,False
18765816132,26,23,4,0,0,10,9,9,9,True
15079495784,48,1,3,0,3,11,39,39,39,True
15079495784,39,5,4,0,1,33,42,42,0,False
15167050060,10,18,2,0,0,11,4,4,9,False
16726368276,27,12,4,0,1,3,9,9,9,True
13074255915,10,21,4,0,1,25,21,21,9,False
16726368276,21,2,2,0,2,31,45,45,39,False
18765816132,5,3,4,0,0,39,31,31,0,False
13943039298,18,8,3,0,1,43,42,42,2,False
18664891854,27,0,3,0,2,2,40,40,39,False
19970957519,2,19,4,0,2,30,24,24,39,False
18365196069,4,2,2,0,1,47,41,41,2,False
17713196465,43,11,4,0,1,30,31,31,39,False
15735414945,12,2,4,0,0,41,46,46,0,False
18802233956,43,3,2,0,0,13,20,20,39,False
13401917913,50,21,4,0,1,15,8,8,0,False
17623708813,23,39,4,0,2,31,16,16,9,False
18765816132,46,14,4,0,3,45,46,46,19,False
16726368276,39,0,4,0,3,40,17,17,39,False
19881266563,18,0,3,0,2,3,40,40,39,False
17807329663,26,16,4,0,1,37,15,15,0,False
19948700293,11,9,3,0,1,40,39,39,39,True
18053307086,21,2,4,0,2,11,25,25,39,False
17807329663,45,30,4,0,2,18,25,25,39,False
18365196069,8,3,3,0,3,33,27,27,1,False
17713196465,19,3,4,0,0,16,15,15,0,False
13513580369,50,2,4,0,1,19,31,31,9,False
17713196465,49,15,4,0,2,26,45,45,39,False
13932780308,44,21,4,0,3,13,6,6,19,False
15735414945,41,0,4,0,0,30,34,34,39,False
13401917913,48,1,4,0,2,25,40,40,39,False
19852999776,28,0,3,0,1,9,7,7,39,False
13130819298,16,27,4,0,3,2,16,16,39,False
18053307086,21,3,1,0,1,40,39,39,39,True
18702113651,35,9,4,0,1,33,32,32,39,False
18758415613,30,7,4,0,3,40,20,20,39,False
18365196069,33,11,4,0,1,23,8,8,9,False
16630722126,7,29,4,0,1,8,1,1,9,False
13513580369,47,11,4,0,0,29,1,1,1,True
19834840803,46,2,4,0,1,18,24,24,9,False
15797725211,3,29,4,0,0,30,23,23,9,False
19859608897,29,4,4,0,2,11,16,16,0,False
18991311567,29,15,4,0,0,20,7,7,0,False
17623708813,34,6,3,0,2,28,31,31,39,False
13130819298,8,8,2,0,0,17,44,44,39,False
15797725211,30,32,4,0,2,9,23,23,39,False
15260233525,9,6,4,0,0,27,20,20,0,False
13130819298,13,7,1,0,0,29,22,22,1,False
13943039298,26,6,4,0,2,3,5,5,39,False
16630722126,40,7,4,0,1,40,13,13,39,False
17623708813,18,24,4,0,3,36,33,33,39,False
19831701219,8,3,1,0,3,32,13,13,19,False
17807329663,4,6,4,0,3,3,47,47,39,False
19852999776,40,15,4,0,0,19,11,11,9,False
18802233956,2,8,4,0,3,4,46,46,39,False
17713196465,22,33,4,0,2,27,19,19,9,False
13130819298,17,6,4,0,0,23,25,25,19,False
18053307086,36,7,4,0,3,10,25,25,39,False
17807329663,44,4,4,0,0,24,23,23,0,False
17731093916,36,2,4,0,2,4,11,11,24,False
13074255915,33,1,4,0,0,40,26,26,19,False
17731093916,12,1,4,0,3,29,31,31,9,False
17623708813,37,4,2,0,2,28,39,39,39,True
13630678332,21,22,4,0,3,33,39,39,39,True
15661502139,21,22,4,0,3,11,32,32,39,False
19550593600,19,25,4,0,1,13,19,19,39,False
17731093916,5,3,4,0,0,9,31,31,39,False
19852999776,14,10,3,0,1,12,11,11,9,False
16726368276,23,0,2,0,2,20,45,45,0,False
18664891854,46,3,3,0,2,3,27,27,39,False
19550593600,2,3,4,0,2,25,33,33,39,False
18053307086,49,10,4,0,2,31,46,46,39,False
15797725211,19,23,4,0,0,36,16,16,9,False
19948700293,36,0,3,0,1,46,43,43,39,False
15661502139,40,13,4,0,0,15,8,8,9,False
17623708813,1,0,4,0,0,9,33,33,24,False
19550593600,8,11,2,0,3,46,47,47,19,False
17623708813,37,10,4,0,0,28,10,10,19,False
19550593600,20,6,1,0,1,3,8,8,0,False
16726368276,37,11,4,0,1,18,48,48,39,False
13932780308,7,5,2,0,0,33,17,17,8,False
13943039298,8,9,3,0,2,30,36,36,39,False
13401917913,24,1,2,0,3,16,19,19,39,False
15735414945,7,5,3,0,3,14,9,9,39,False
17623708813,1,4,2,0,1,38,22,22,0,False
19834840803,13,4,4,0,0,40,10,10,9,False
19948700293,20,10,4,0,1,33,31,31,0,False
15165929133,30,8,4,0,1,47,40,40,9,False
18758415613,17,12,4,0,2,17,10,10,9,False
13670356740,43,3,1,0,2,12,20,20,39,False
19881266563,36,5,1,0,0,22,14,14,9,False
18991311567,45,0,4,0,0,11,7,7,0,False
19550593600,22,1,1,0,3,38,39,39,19,False
19859608897,43,9,1,0,1,17,9,9,9,True
19970957519,17,2,2,0,2,16,46,46,39,False
19970957519,31,4,4,0,2,3,32,32,39,False
15165929133,15,1,1,0,1,13,23,23,21,False
18365196069,33,1,4,0,2,23,24,24,39,False
19550593600,49,1,3,0,1,8,24,24,9,False
13513580369,48,17,4,0,2,16,31,31,39,False
18758415613,17,1,4,0,0,28,22,22,39,False
18702113651,34,21,4,0,1,2,9,9,24,False
19852999776,36,35,4,0,0,11,2,2,9,False
17731093916,6,6,4,0,0,32,25,25,9,False
19831701219,4,6,4,0,1,10,15,15,9,False
15079495784,5,1,4,0,0,33,0,0,0,True
18636055184,27,17,4,0,2,25,47,47,39,False
15797725211,14,15,4,0,3,18,12,12,39,False
19550593600,32,28,4,0,1,41,40,40,0,False
15735414945,29,7,3,0,0,33,17,17,1,False
17807329663,22,5,4,0,2,2,1,1,0,False
19834840803,21,6,4,0,0,9,3,3,19,False
15797725211,18,38,3,0,3,12,20,20,9,False
15079495784,46,6,4,0,0,26,7,7,9,False
19852999776,45,6,1,0,0,19,2,2,9,False
15260233525,49,0,2,0,3,32,5,5,39,False
19550593600,16,9,4,0,2,11,10,10,9,False
19852999776,46,15,4,0,3,22,16,16,19,False
15167050060,45,8,2,0,0,32,27,27,19,False
17731093916,26,2,4,0,2,7,15,15,39,False
18758415613,21,0,3,0,1,32,30,30,39,False
19852999776,28,3,2,0,1,12,9,9,9,True
13074255915,12,13,4,0,0,17,2,2,9,False
16726368276,26,0,4,0,1,15,2,2,39,False
18664891854,45,4,4,0,0,19,34,34,9,False
15165929133,19,9,4,0,3,9,11,11,19,False
13130819298,25,3,2,0,1,12,1,1,9,False
19831701219,34,2,4,0,1,3,14,14,9,False
18664891854,23,8,1,0,3,38,39,39,19,False
19881266563,39,0,2,0,0,38,11,11,9,False
15661502139,32,1,4,0,1,17,44,44,39,False
13130819298,37,9,4,0,3,25,46,46,39,False
17807329663,14,3,4,0,1,17,46,46,39,False
18702113651,1,15,2,0,1,3,9,9,9,True
17807329663,28,13,4,0,1,19,33,33,9,False
17623708813,18,10,2,0,0,22,1,1,9,False
19550593600,30,8,4,0,0,31,24,24,9,False
18365196069,31,21,2,0,2,16,0,0,0,True
13513580369,10,6,4,0,0,35,21,21,9,False
19948700293,35,4,4,0,3,37,38,38,39,False
19834840803,47,14,4,0,1,23,29,29,0,False
16630722126,47,11,4,0,3,11,20,20,19,False
18991311567,38,2,3,0,3,3,40,40,39,False
13130819298,26,0,1,0,0,46,47,47,19,False
19852999776,43,11,4,0,2,18,39,39,39,True
17527328008,14,4,4,0,3,40,34,34,9,False
13130819298,43,22,4,0,2,12,25,25,39,False
17331496902,16,9,4,0,2,39,48,48,39,False
17331496902,45,10,1,0,0,22,15,15,0,False
15165929133,17,20,4,0,0,11,12,12,19,False
19550593600,46,7,4,0,2,34,46,46,24,False
19550593600,25,14,4,0,2,25,28,28,0,False
18758415613,23,9,2,0,3,44,45,45,39,False
18991311567,11,16,3,0,1,9,0,0,0,True
13513580369,18,2,2,0,3,33,3,3,1,False
18802233956,12,6,4,0,0,10,1,1,9,False
15079495784,8,12,4,0,1,11,23,23,9,False
13513580369,35,0,2,0,1,26,24,24,0,False
15797725211,38,7,2,0,1,12,9,9,9,True
15165929133,23,5,4,0,1,17,14,14,9,False
13074255915,35,6,2,0,2,18,38,38,39,False
18365196069,20,4,4,0,3,15,1,1,9,False
19970957519,8,10,4,0,2,10,17,17,39,False
17713196465,4,12,4,0,0,33,9,9,1,False
19831701219,11,7,4,0,1,9,7,7,0,False
15260233525,22,17,3,0,3,11,38,38,39,False
19831701219,28,15,3,0,1,40,45,45,39,False
19550593600,51,13,1,0,2,30,47,47,39,False
18802233956,40,24,4,0,2,15,21,21,39,False
17623708813,33,42,4,0,0,31,24,24,0,False
16726368276,38,0,1,0,1,27,41,41,0,False
18636055184,41,4,4,0,0,19,8,8,9,False
13130819298,15,0,3,0,2,7,43,43,39,False
13401917913,28,3,2,0,1,8,16,16,0,False
17713196465,45,15,4,0,0,18,17,17,39,False
18802233956,25,10,4,0,2,35,43,43,39,False
18636055184,8,5,4,0,0,22,15,15,0,False
16630722126,46,5,4,0,0,31,24,24,9,False
19859608897,31,7,2,0,1,45,38,38,9,False
18758415613,45,7,4,0,2,2,1,1,8,False
19948700293,14,7,4,0,1,31,23,23,0,False
19948700293,9,12,4,0,1,20,19,19,0,False
19831701219,13,20,4,0,3,24,25,25,9,False
19852999776,13,8,4,0,3,25,7,7,9,False
18802233956,46,10,2,0,2,16,9,9,0,False
17713196465,46,9,2,0,3,25,31,31,9,False
13513580369,48,2,4,0,0,17,20,20,19,False
17623708813,38,0,4,0,3,14,34,34,39,False
19881266563,46,4,1,0,2,10,24,24,39,False
15167050060,28,5,4,0,0,32,3,3,9,False
19881266563,26,0,2,0,2,23,36,36,39,False
18053307086,17,1,4,0,0,15,10,10,39,False
17807329663,49,2,4,0,0,44,41,41,19,False
18765816132,11,9,2,0,3,39,40,40,9,False
19948700293,4,2,3,0,3,0,1,1,24,False
18991311567,18,2,2,0,2,8,39,39,0,False
19852999776,24,0,4,0,2,10,36,36,39,False
15167050060,50,8,4,0,3,30,24,24,24,True
19834840803,41,10,3,0,2,10,39,39,39,True
19550593600,12,2,3,0,2,7,40,40,39,False
18664891854,27,7,4,0,1,17,9,9,9,True
15735414945,26,1,2,0,1,44,42,42,9,False
15167050060,27,23,4,0,0,22,14,14,0,False
19859608897,13,6,1,0,2,30,37,37,39,False
17713196465,49,7,3,0,1,30,44,44,0,False
18991311567,26,3,1,0,1,37,7,7,9,False
13943039298,50,8,2,0,3,32,47,47,39,False
19550593600,7,3,4,0,3,16,24,24,39,False
19852999776,13,10,3,0,2,5,11,11,39,False
13130819298,28,10,4,0,3,36,32,32,39,False
13401917913,15,16,4,0,1,22,21,21,0,False
18664891854,3,12,4,0,1,18,3,3,9,False
17807329663,4,10,4,0,0,11,3,3,9,False
13670356740,39,17,4,0,0,44,28,28,9,False
13401917913,28,0,4,0,0,31,2,2,9,False
15079495784,46,6,4,0,3,5,20,20,39,False
17713196465,31,24,4,0,2,10,16,16,39,False
15735414945,44,1,1,0,3,16,7,7,8,False
13943039298,28,10,4,0,0,39,26,26,1,False
17623708813,31,6,3,0,1,17,24,24,39,False
19881266563,3,13,4,0,2,30,24,24,24,True
19834840803,43,3,4,0,3,1,40,40,39,False
18053307086,30,9,4,0,2,8,7,7,9,False
17623708813,10,10,4,0,2,9,16,16,39,False
19970957519,15,1,4,0,3,18,10,10,39,False
19831701219,50,39,3,0,1,19,27,27,9,False
15797725211,1,13,4,0,0,25,16,16,9,False
18758415613,48,11,4,0,3,21,36,36,39,False
15735414945,48,7,4,0,3,14,23,23,39,False
15079495784,49,51,4,0,3,37,29,29,9,False
15260233525,39,6,1,0,3,29,16,16,1,False
13130819298,28,0,1,0,1,17,43,43,39,False
17713196465,29,0,4,0,2,9,43,43,39,False
15165929133,27,19,4,0,2,27,47,47,39,False
17807329663,33,19,4,0,2,36,46,46,39,False
15735414945,8,14,4,0,2,11,32,32,39,False
15167050060,15,8,2,0,1,37,22,22,0,False
18365196069,24,7,4,0,0,30,14,14,9,False
19852999776,25,8,4,0,1,18,7,7,39,False
18989781863,38,10,3,0,1,9,1,1,0,False
19948700293,1,28,4,0,1,15,8,8,0,False
19948700293,9,15,4,0,1,2,8,8,0,False
18664891854,29,2,3,0,0,32,11,11,19,False
18989781863,46,13,4,0,0,15,8,8,9,False
17713196465,17,17,4,0,3,18,6,6,19,False
18758415613,10,5,4,0,0,17,10,10,9,False
15797725211,16,8,4,0,0,25,0,0,9,False
19859608897,45,8,2,0,1,17,9,9,9,True
19859608897,31,3,4,0,0,22,0,0,0,True
15079495784,16,14,4,0,0,23,24,24,9,False
19852999776,21,4,1,0,0,33,3,3,1,False
18989781863,15,0,1,0,2,2,47,47,39,False
15797725211,11,0,2,0,3,8,19,19,9,False
18664891854,4,6,3,0,2,11,24,24,39,False
13130819298,11,7,4,0,0,24,17,17,9,False
19970957519,40,6,2,0,3,31,17,17,9,False
18991311567,25,29,4,0,3,29,30,30,19,False
17713196465,19,8,4,0,3,30,44,44,39,False
18053307086,37,4,4,0,1,4,39,39,39,True
19948700293,28,11,1,0,3,12,20,20,9,False
13401917913,41,0,4,0,0,15,11,11,39,False
19948700293,22,34,4,0,1,5,9,9,9,True
17623708813,28,22,4,0,1,32,39,39,39,True
18802233956,34,26,4,0,1,17,24,24,39,False
13670356740,48,4,4,0,2,33,36,36,0,False
13074255915,37,6,4,0,3,2,48,48,39,False
19831701219,45,28,4,0,1,25,39,39,39,True
18664891854,16,14,4,0,0,15,1,1,9,False
13401917913,34,8,4,0,2,39,48,48,39,False
17623708813,35,0,3,0,0,31,28,28,0,False
17807329663,12,14,2,0,0,8,0,0,0,True
15165929133,21,8,4,0,3,18,12,12,19,False
13401917913,37,30,4,0,2,25,34,34,39,False
15165929133,34,2,3,0,1,45,37,37,9,False
17807329663,48,15,4,0,3,23,31,31,9,False
19834840803,23,9,4,0,0,38,39,39,39,True
19881266563,20,36,4,0,2,37,23,23,9,False
19550593600,11,1,4,0,0,30,33,33,9,False
15079495784,48,50,4,0,1,12,24,24,0,False
18702113651,29,10,4,0,1,16,15,15,9,False
19550593600,13,10,4,0,0,18,20,20,19,False
19852999776,25,2,1,0,2,31,29,29,9,False
17731093916,35,13,4,0,2,6,12,12,24,False
17713196465,1,3,3,0,2,31,12,12,10,False
15165929133,33,1,2,0,1,46,43,43,9,False
19881266563,22,11,4,0,3,11,25,25,39,False
13630678332,46,7,1,0,3,32,48,48,39,False
13130819298,45,28,4,0,0,8,0,0,0,True
18802233956,23,15,4,0,3,28,21,21,19,False
17527328008,28,6,4,0,0,10,2,2,9,False
19948700293,31,2,1,0,0,10,48,48,39,False
15079495784,7,3,1,0,1,37,42,42,39,False
17713196465,36,6,2,0,1,27,6,6,9,False
13943039298,45,36,4,0,0,27,39,39,39,True
19970957519,2,5,4,0,1,18,24,24,9,False
13401917913,46,8,3,0,1,23,21,21,0,False
15797725211,49,17,4,0,0,35,14,14,9,False
19834840803,39,0,2,0,1,27,41,41,0,False
18758415613,21,15,4,0,1,2,8,8,0,False
18802233956,50,22,4,0,3,16,31,31,39,False
15797725211,39,9,1,0,2,3,40,40,39,False
17807329663,30,15,4,0,0,38,31,31,9,False
19859608897,8,2,4,0,3,14,28,28,39,False
18664891854,9,8,2,0,3,46,47,47,39,False
19948700293,12,40,4,0,2,2,8,8,0,False
18989781863,2,18,4,0,0,11,20,20,19,False
19859608897,8,6,4,0,2,23,28,28,39,False
17623708813,8,23,4,0,1,18,47,47,39,False
15735414945,15,1,3,0,3,25,39,39,39,True
18802233956,5,14,2,0,3,25,34,34,39,False
19834840803,1,17,4,0,3,31,39,39,39,True
19831701219,16,5,4,0,3,22,23,23,39,False
18802233956,43,5,2,0,2,5,20,20,39,False
19859608897,12,1,1,0,2,39,29,29,0,False
19550593600,16,18,4,0,3,17,24,24,39,False
19550593600,22,4,4,0,2,39,4,4,1,False
15735414945,33,27,4,0,3,18,9,9,39,False
13932780308,25,4,2,0,1,33,0,0,9,False
15260233525,27,7,4,0,0,29,22,22,9,False
19852999776,50,11,3,0,3,11,40,40,39,False
19948700293,14,9,4,0,0,38,31,31,9,False
18758415613,30,20,4,0,3,12,20,20,39,False
18758415613,18,0,4,0,0,39,37,37,0,False
13513580369,31,22,2,0,2,18,24,24,39,False
18365196069,9,4,3,0,0,25,9,9,1,False
13630678332,7,2,4,0,2,4,2,2,0,False
13401917913,26,0,1,0,2,39,13,13,9,False
15260233525,8,5,4,0,2,22,23,23,39,False
18636055184,4,5,4,0,3,31,39,39,39,True
19831701219,38,10,4,0,1,26,3,3,1,False
18365196069,37,7,1,0,0,22,15,15,0,False
15661502139,50,16,4,0,3,17,46,46,39,False
13670356740,38,0,4,0,0,24,6,6,39,False
19881266563,28,8,4,0,2,3,11,11,39,False
15167050060,43,6,4,0,3,8,22,22,39,False
16726368276,20,14,4,0,2,15,31,31,39,False
15260233525,18,12,4,0,1,11,9,9,9,True
15661502139,2,4,3,0,3,29,33,33,39,False
18802233956,28,9,3,0,1,27,5,5,9,False
15735414945,2,11,4,0,3,31,2,2,9,False
15167050060,33,3,4,0,3,38,39,39,39,True
18802233956,27,15,4,0,0,36,9,9,9,True
15165929133,20,16,4,0,1,16,0,0,0,True
13513580369,23,3,4,0,3,8,25,25,39,False
13074255915,39,6,4,0,3,8,30,30,39,False
17527328008,50,9,4,0,0,12,18,18,39,False
19948700293,12,4,4,0,1,19,34,34,9,False
13513580369,8,14,4,0,2,39,45,45,24,False
19550593600,27,6,4,0,1,18,10,10,9,False
15079495784,37,3,2,0,2,26,37,37,24,False
18365196069,47,7,3,0,3,46,48,48,39,False
17623708813,26,12,4,0,2,5,37,37,39,False
13130819298,34,22,3,0,1,19,24,24,9,False
18802233956,17,0,4,0,0,23,14,14,39,False
19831701219,45,0,4,0,1,26,1,1,0,False
15167050060,49,2,3,0,3,2,6,6,39,False
18758415613,38,4,2,0,0,7,1,1,9,False
17331496902,32,1,4,0,1,34,20,20,0,False
18365196069,32,10,2,0,0,22,0,0,9,False
15079495784,40,11,4,0,0,28,0,0,19,False
13513580369,22,0,4,0,1,11,31,31,39,False
18636055184,19,10,4,0,0,41,10,10,0,False
15079495784,29,9,4,0,0,18,2,2,39,False
18702113651,9,1,4,0,0,25,17,17,0,False
17713196465,29,10,4,0,2,30,38,38,24,False
18702113651,5,30,4,0,1,11,3,3,9,False
15735414945,35,2,4,0,1,25,40,40,39,False
17623708813,1,1,1,0,1,33,11,11,9,False
18636055184,46,4,1,0,1,38,39,39,39,True
18758415613,27,0,4,0,3,31,46,46,39,False
18664891854,20,1,4,0,2,20,19,19,0,False
15260233525,1,9,3,0,1,12,11,11,9,False
18758415613,44,2,1,0,0,7,1,1,19,False
13670356740,11,11,4,0,1,6,2,2,0,False
15661502139,16,2,3,0,3,14,44,44,39,False
18053307086,8,1,4,0,0,7,10,10,19,False
18989781863,30,2,4,0,1,5,3,3,9,False
15735414945,13,15,4,0,3,42,44,44,39,False
19852999776,48,13,4,0,2,11,34,34,39,False
18365196069,7,7,3,0,2,23,30,30,39,False
18765816132,46,10,4,0,0,30,23,23,9,False
13513580369,20,3,4,0,3,2,32,32,39,False
13670356740,19,30,4,0,2,10,16,16,39,False
13670356740,21,8,4,0,0,12,0,0,9,False
19948700293,10,2,4,0,1,41,38,38,0,False
19831701219,45,4,4,0,0,18,1,1,39,False
17623708813,4,22,4,0,3,37,47,47,39,False
18053307086,47,2,4,0,3,22,16,16,39,False
13513580369,13,8,3,0,1,17,23,23,9,False
15735414945,42,14,2,0,2,31,23,23,0,False
15661502139,48,29,4,0,1,26,10,10,9,False
18802233956,45,3,3,0,1,26,14,14,9,False
18365196069,12,27,4,0,3,9,6,6,39,False
15079495784,29,6,3,0,3,18,5,5,39,False
16726368276,8,0,3,0,1,45,43,43,2,False
13513580369,46,3,4,0,1,45,43,43,9,False
19970957519,29,4,4,0,1,20,15,15,0,False
15260233525,45,11,4,0,0,25,5,5,9,False
17527328008,33,0,4,0,2,24,25,25,39,False
18989781863,5,3,3,0,1,34,32,32,0,False
19852999776,45,15,4,0,1,3,0,0,0,True
17623708813,26,20,4,0,1,13,37,37,21,False
19881266563,12,40,4,0,2,12,41,41,39,False
17331496902,48,7,4,0,0,11,12,12,19,False
13670356740,39,1,3,0,1,33,30,30,0,False
13513580369,28,2,4,0,3,32,11,11,9,False
18765816132,23,2,4,0,1,31,30,30,0,False
17713196465,2,0,4,0,1,3,0,0,0,True
15079495784,1,8,1,0,0,8,1,1,0,False
18702113651,22,10,3,0,3,28,21,21,39,False
15165929133,26,1,4,0,3,38,48,48,39,False
18664891854,36,30,4,0,2,34,47,47,39,False
18758415613,30,8,4,0,0,33,18,18,9,False
18636055184,30,3,2,0,3,8,31,31,39,False
15735414945,21,2,1,0,3,4,47,47,39,False
18636055184,25,6,3,0,1,18,8,8,39,False
13130819298,36,6,4,0,2,25,10,10,9,False
13943039298,21,5,4,0,3,47,48,48,10,False
13943039298,40,14,4,0,0,17,1,1,8,False
17331496902,19,5,4,0,2,23,37,37,39,False
18989781863,15,10,1,0,2,30,47,47,39,False
19881266563,32,6,4,0,0,23,16,16,9,False
18053307086,23,17,4,0,2,31,2,2,0,False
13130819298,9,7,4,0,3,18,19,19,39,False
18053307086,41,24,4,0,0,22,0,0,0,True
17807329663,47,18,4,0,2,25,24,24,9,False
13401917913,27,12,4,0,0,35,15,15,9,False
19550593600,33,3,4,0,0,32,25,25,24,False
13943039298,22,2,3,0,3,22,25,25,39,False
16630722126,38,1,4,0,1,40,25,25,2,False
19970957519,1,13,3,0,1,30,31,31,39,False
18758415613,36,12,4,0,3,39,40,40,39,False
15260233525,17,8,4,0,3,38,46,46,39,False
18365196069,29,12,4,0,3,16,24,24,39,False
19831701219,23,5,4,0,0,16,7,7,0,False
19550593600,30,3,4,0,3,17,24,24,39,False
19948700293,8,10,4,0,0,10,3,3,9,False
16630722126,34,7,4,0,3,8,6,6,39,False
15079495784,36,19,4,0,2,26,37,37,0,False
17623708813,14,16,4,0,0,37,3,3,9,False
13513580369,2,16,4,0,1,26,13,13,9,False
18991311567,31,6,2,0,0,21,16,16,19,False
17731093916,39,11,4,0,0,16,7,7,0,False
18053307086,9,13,4,0,0,18,6,6,19,False
18758415613,1,13,4,0,2,11,9,9,0,False
18989781863,14,0,2,0,3,39,33,33,24,False
18636055184,19,1,4,0,1,39,10,10,1,False
19852999776,4,2,4,0,3,11,27,27,39,False
18802233956,42,9,4,0,3,45,18,18,39,False
18765816132,29,9,1,0,3,32,33,33,39,False
18802233956,48,2,4,0,0,38,17,17,9,False
17713196465,32,4,2,0,3,14,9,9,39,False
18765816132,42,9,1,0,2,39,47,47,39,False
18702113651,7,27,4,0,3,37,32,32,39,False
16630722126,27,14,3,0,2,34,41,41,39,False
13670356740,21,16,3,0,3,45,46,46,39,False
15260233525,42,3,4,0,1,26,12,12,0,False
17623708813,22,15,4,0,1,13,12,12,39,False
18365196069,25,2,4,0,2,9,19,19,39,False
19834840803,42,0,4,0,1,4,15,15,39,False
18053307086,17,5,4,0,0,16,8,8,8,True
18802233956,14,4,1,0,3,18,5,5,19,False
13401917913,40,12,4,0,2,34,47,47,39,False
19831701219,42,3,4,0,0,40,11,11,9,False
13401917913,37,9,4,0,0,29,21,21,0,False
19852999776,45,35,4,0,3,35,24,24,1,False
19881266563,36,10,3,0,1,22,21,21,9,False
13670356740,49,0,1,0,0,44,25,25,19,False
15260233525,41,2,3,0,0,27,13,13,9,False
19948700293,14,12,4,0,2,23,25,25,39,False
15735414945,15,17,4,0,1,24,3,3,9,False
13670356740,7,1,2,0,1,38,1,1,9,False
18765816132,10,8,1,0,0,7,0,0,9,False
19831701219,29,5,4,0,1,25,38,38,39,False
18802233956,39,7,4,0,2,38,46,46,39,False
15797725211,4,11,1,0,2,23,24,24,39,False
13130819298,15,5,1,0,0,35,22,22,9,False
19550593600,48,17,4,0,1,40,48,48,39,False
18702113651,44,9,4,0,0,26,13,13,21,False
18989781863,24,2,1,0,0,41,13,13,9,False
15165929133,43,1,3,0,0,9,27,27,9,False
13074255915,30,3,4,0,3,39,20,20,9,False
19948700293,14,1,4,0,1,32,30,30,0,False
13401917913,31,6,1,0,3,7,5,5,39,False
18636055184,10,8,4,0,3,39,33,33,9,False
19550593600,32,5,2,0,2,4,28,28,0,False
18802233956,8,14,4,0,2,15,23,23,39,False
15079495784,1,17,4,0,1,26,25,25,9,False
15661502139,31,3,4,0,3,24,11,11,9,False
17731093916,29,8,4,0,3,37,24,24,39,False
16726368276,44,2,4,0,1,33,20,20,0,False
16630722126,41,18,4,0,2,38,48,48,39,False
13130819298,39,25,4,0,0,35,21,21,9,False
15260233525,25,7,4,0,2,12,20,20,39,False
17807329663,3,16,1,0,2,31,36,36,24,False
15661502139,12,11,3,0,1,33,24,24,9,False
16726368276,34,3,4,0,3,31,13,13,39,False
15079495784,25,5,4,0,1,20,6,6,0,False
18702113651,29,3,4,0,1,12,15,15,9,False
17331496902,23,0,4,0,2,31,45,45,39,False
13670356740,46,10,4,0,3,25,31,31,9,False
19881266563,50,23,4,0,2,20,0,0,0,True
15260233525,13,7,4,0,1,37,15,15,0,False
17623708813,5,19,4,0,1,2,0,0,0,True
13670356740,37,9,4,0,2,32,46,46,39,False
17807329663,23,15,4,0,0,28,9,9,19,False
18702113651,18,15,4,0,2,38,41,41,39,False
19831701219,27,8,4,0,3,23,26,26,9,False
17623708813,28,2,4,0,1,25,32,32,39,False
18664891854,33,1,1,0,2,10,11,11,39,False
18053307086,36,28,4,0,1,3,9,9,9,True
15797725211,30,80,4,0,3,8,23,23,39,False
17807329663,44,1,2,0,3,12,27,27,9,False
17527328008,24,7,4,0,0,35,23,23,9,False
18989781863,9,0,2,0,3,8,47,47,24,False
19831701219,21,11,4,0,2,12,26,26,39,False
16630722126,39,2,4,0,1,34,33,33,0,False
15735414945,1,6,4,0,1,11,9,9,9,True
19881266563,20,9,4,0,1,37,22,22,0,False
19881266563,11,3,2,0,2,22,35,35,39,False
16630722126,29,1,4,0,1,20,40,40,0,False
16630722126,19,3,4,0,1,1,30,30,39,False
18702113651,15,9,4,0,2,40,47,47,39,False
15661502139,9,5,4,0,2,31,23,23,9,False
13130819298,40,37,4,0,3,28,17,17,19,False
18802233956,50,39,4,0,2,8,0,0,0,True
19831701219,13,13,4,0,2,3,18,18,39,False
15079495784,36,8,2,0,1,29,37,37,0,False
13943039298,48,5,1,0,0,18,11,11,39,False
18365196069,34,4,4,0,0,34,20,20,9,False
13074255915,27,9,4,0,3,2,47,47,39,False
13130819298,28,8,4,0,3,29,39,39,39,True
15165929133,10,5,4,0,0,47,33,33,9,False
17807329663,42,15,4,0,0,28,1,1,19,False
18702113651,31,9,4,0,1,11,3,3,9,False
19852999776,48,15,4,0,2,12,34,34,39,False
15079495784,29,4,4,0,0,33,2,2,9,False
17623708813,15,3,4,0,0,40,10,10,9,False
17713196465,48,3,4,0,2,24,16,16,39,False
19831701219,41,8,4,0,2,30,34,34,24,False
13074255915,11,7,4,0,3,7,3,3,39,False
18765816132,33,5,4,0,2,40,48,48,39,False
13074255915,43,11,2,0,2,16,24,24,39,False
18702113651,21,2,4,0,1,25,42,42,9,False
17623708813,14,4,3,0,2,23,25,25,39,False
19881266563,32,2,4,0,1,16,0,0,9,False
15661502139,28,3,4,0,1,16,8,8,9,False
18702113651,5,19,4,0,1,27,3,3,9,False
19881266563,10,21,4,0,1,20,2,2,0,False
13943039298,49,15,4,0,1,47,5,5,1,False
18758415613,20,6,4,0,1,34,20,20,0,False
16630722126,50,10,3,0,0,10,9,9,9,True
18365196069,10,4,2,0,0,10,8,8,1,False
18758415613,48,5,3,0,0,11,12,12,19,False
15797725211,13,9,4,0,0,26,10,10,9,False
18053307086,49,0,4,0,2,6,46,46,39,False
13130819298,39,29,4,0,1,22,21,21,9,False
17623708813,3,25,4,0,3,9,12,12,19,False
17623708813,44,9,4,0,2,2,9,9,24,False
16630722126,40,4,4,0,2,16,23,23,9,False
13670356740,10,1,4,0,2,1,25,25,39,False
13932780308,26,12,4,0,1,17,22,22,9,False
16630722126,26,4,4,0,3,22,36,36,39,False
15735414945,49,8,4,0,2,18,33,33,39,False
18365196069,18,6,4,0,2,22,43,43,39,False
17623708813,39,5,2,0,1,32,39,39,39,True
13513580369,24,12,4,0,3,31,32,32,39,False
18991311567,2,1,4,0,1,20,1,1,0,False
15735414945,27,24,4,0,1,25,7,7,0,False
15661502139,44,11,3,0,3,25,26,26,39,False
13630678332,17,2,3,0,0,17,9,9,0,False
17623708813,41,94,4,0,0,15,0,0,9,False
19852999776,22,4,3,0,2,31,36,36,0,False
19550593600,31,3,4,0,0,16,0,0,0,True
18802233956,29,20,3,0,0,22,15,15,9,False
13943039298,44,12,4,0,0,18,6,6,19,False
18664891854,31,11,4,0,3,32,40,40,39,False
17623708813,47,32,4,0,2,25,6,6,10,False
13130819298,34,3,2,0,2,3,11,11,39,False
13630678332,17,14,1,0,1,41,39,39,0,False
16726368276,49,0,3,0,1,18,8,8,39,False
13630678332,30,9,2,0,1,34,32,32,21,False
13630678332,13,5,3,0,3,17,46,46,39,False
17713196465,45,3,4,0,0,24,17,17,9,False
13670356740,36,4,4,0,0,13,3,3,0,False
18702113651,3,0,4,0,3,32,13,13,2,False
19834840803,5,10,4,0,2,34,41,41,39,False
15079495784,32,21,4,0,1,30,0,0,0,True
15165929133,42,6,4,0,3,3,12,12,39,False
15079495784,17,5,4,0,0,14,19,19,39,False
17807329663,16,15,4,0,3,11,18,18,39,False
18702113651,14,0,4,0,3,32,3,3,2,False
15167050060,48,8,4,0,0,10,15,15,9,False
13630678332,46,1,4,0,0,47,1,1,9,False
13943039298,8,4,4,0,2,4,3,3,0,False
16630722126,33,9,2,0,0,11,8,8,9,False
15165929133,35,9,4,0,0,30,1,1,9,False
15165929133,10,17,4,0,2,12,19,19,39,False
18765816132,1,4,4,0,1,45,14,14,9,False
15165929133,39,2,4,0,3,9,10,10,9,False
17713196465,45,18,4,0,2,25,39,39,39,True
13130819298,23,38,4,0,3,11,27,27,39,False
19834840803,18,1,4,0,3,22,39,39,39,True
15165929133,46,5,1,0,3,35,31,31,39,False
19550593600,16,25,4,0,2,30,24,24,0,False
19550593600,40,6,3,0,1,26,30,30,0,False
17527328008,11,10,2,0,3,46,33,33,9,False
13932780308,23,0,2,0,1,5,0,0,0,True
15661502139,24,0,4,0,1,32,15,15,39,False
13074255915,37,5,1,0,0,19,41,41,9,False
18802233956,43,3,4,0,0,19,3,3,9,False
17527328008,26,12,4,0,0,31,14,14,0,False
18802233956,29,2,4,0,1,32,29,29,21,False
19852999776,2,2,2,0,1,15,0,0,0,True
19852999776,25,20,4,0,0,10,7,7,0,False
13670356740,45,11,4,0,2,2,1,1,0,False
13630678332,40,6,3,0,2,33,41,41,39,False
15079495784,40,13,4,0,0,29,14,14,1,False
18664891854,39,4,4,0,0,9,24,24,39,False
18758415613,25,18,4,0,2,25,33,33,39,False
18664891854,48,25,4,0,1,41,48,48,39,False
17731093916,22,0,4,0,1,15,36,36,39,False
17731093916,1,13,3,0,0,23,8,8,9,False
19831701219,29,7,4,0,3,29,18,18,39,False
13130819298,23,5,4,0,0,25,31,31,9,False
15735414945,30,6,2,0,1,37,42,42,0,False
15167050060,7,1,4,0,1,19,11,11,9,False
16726368276,32,0,3,0,1,9,22,22,39,False
15735414945,8,1,4,0,1,39,30,30,9,False
18702113651,30,2,4,0,0,45,25,25,2,False
15661502139,31,19,4,0,1,12,3,3,9,False
15167050060,16,5,3,0,1,18,3,3,39,False
15661502139,1,20,4,0,0,35,30,30,19,False
16630722126,37,2,4,0,2,27,34,34,24,False
15079495784,31,17,4,0,0,22,7,7,9,False
15735414945,34,2,3,0,2,0,4,4,39,False
18702113651,8,9,4,0,2,11,25,25,39,False
17623708813,26,0,4,0,0,12,5,5,39,False
17731093916,40,0,1,0,3,28,15,15,39,False
13670356740,8,11,4,0,1,17,8,8,9,False
13074255915,34,2,4,0,1,33,48,48,39,False
19831701219,46,0,3,0,1,32,17,17,39,False
15735414945,38,12,4,0,0,15,16,16,39,False
18802233956,48,16,4,0,1,20,17,17,0,False
17623708813,17,11,4,0,3,16,19,19,39,False
17527328008,20,1,4,0,2,16,9,9,9,True
18802233956,37,23,4,0,1,9,16,16,39,False
19948700293,16,2,4,0,2,19,21,21,9,False
19970957519,39,7,4,0,0,7,0,0,9,False
17713196465,36,10,4,0,2,10,17,17,39,False
15797725211,24,6,4,0,3,7,5,5,39,False
18365196069,9,8,4,0,2,34,41,41,39,False
19881266563,23,9,1,0,2,18,26,26,39,False
18802233956,29,0,4,0,2,26,29,29,0,False
19550593600,13,9,2,0,2,5,12,12,39,False
13130819298,8,3,1,0,0,29,25,25,1,False
16630722126,37,25,4,0,0,10,9,9,9,True
15661502139,31,10,4,0,3,32,3,3,9,False
13943039298,23,2,1,0,0,46,41,41,0,False
18365196069,28,8,3,0,2,33,40,40,39,False
13074255915,44,11,4,0,0,30,23,23,9,False
18664891854,20,3,4,0,2,10,19,19,39,False
19834840803,40,6,4,0,3,26,40,40,39,False
18765816132,9,6,1,0,2,30,31,31,39,False
19831701219,9,22,4,0,2,24,9,9,9,True
19970957519,20,5,2,0,1,30,46,46,39,False
15661502139,48,6,3,0,2,23,24,24,39,False
13513580369,1,3,2,0,0,31,17,17,0,False
15167050060,38,0,4,0,2,31,30,30,9,False
15661502139,21,4,2,0,2,24,6,6,39,False
13943039298,33,5,4,0,0,40,8,8,8,True
13670356740,49,20,4,0,0,45,38,38,9,False
17623708813,20,25,4,0,0,24,16,16,9,False
19948700293,51,10,1,0,2,34,41,41,39,False
13130819298,35,7,4,0,1,33,32,32,39,False
16630722126,28,4,4,0,0,17,9,9,0,False
18053307086,40,5,3,0,3,8,10,10,1,False
18053307086,40,7,2,0,1,19,32,32,9,False
19970957519,22,14,4,0,2,30,24,24,24,True
15797725211,22,12,1,0,1,19,27,27,9,False
13074255915,50,5,3,0,0,18,12,12,19,False
18702113651,18,21,4,0,1,31,30,30,9,False
19881266563,44,20,4,0,0,19,6,6,1,False
18989781863,6,16,4,0,3,38,45,45,39,False
13932780308,30,10,3,0,2,18,24,24,39,False
18802233956,8,2,4,0,3,9,23,23,39,False
19834840803,11,9,2,0,1,29,28,28,0,False
15735414945,2,30,4,0,0,10,2,2,9,False
18636055184,28,19,4,0,0,31,17,17,0,False
17713196465,13,15,4,0,0,29,16,16,1,False
19970957519,4,25,4,0,2,25,39,39,39,True
15661502139,50,3,4,0,0,25,16,16,9,False
13401917913,35,20,4,0,2,17,22,22,9,False
18664891854,10,5,4,0,0,23,19,19,19,True
18765816132,15,15,4,0,0,37,9,9,1,False
18636055184,45,5,4,0,2,30,43,43,39,False
18053307086,10,20,4,0,0,16,21,21,9,False
18365196069,38,0,3,0,3,39,4,4,1,False
13074255915,49,6,3,0,1,23,8,8,9,False
17807329663,17,27,4,0,0,20,9,9,0,False
17527328008,2,1,4,0,3,14,21,21,39,False
17731093916,7,0,1,0,0,42,40,40,9,False
15735414945,46,7,2,0,2,16,9,9,0,False
19834840803,36,13,4,0,3,26,19,19,39,False
19881266563,18,0,4,0,3,39,32,32,9,False
13630678332,25,0,4,0,2,8,15,15,9,False
18702113651,24,5,4,0,0,24,0,0,9,False
18664891854,5,11,1,0,0,32,26,26,39,False
19970957519,46,32,4,0,1,15,21,21,21,True
17623708813,11,9,3,0,0,44,45,45,39,False
17713196465,39,1,3,0,0,38,0,0,9,False
19550593600,46,8,4,0,2,41,46,46,0,False
17527328008,25,1,4,0,0,41,24,24,0,False
15735414945,23,31,4,0,3,25,33,33,39,False
13074255915,41,0,4,0,0,37,1,1,9,False
19948700293,8,0,3,0,0,19,9,9,9,True
13130819298,10,0,4,0,3,32,13,13,2,False
17623708813,24,10,4,0,0,9,5,5,19,False
15165929133,40,4,1,0,0,10,3,3,9,False
13401917913,32,2,4,0,1,34,20,20,21,False
19881266563,48,14,4,0,3,32,25,25,24,False
17731093916,31,5,4,0,0,46,34,34,9,False
13943039298,18,2,4,0,3,17,20,20,39,False
17623708813,14,3,2,0,0,29,21,21,1,False
18664891854,7,5,4,0,0,16,1,1,1,True
19970957519,32,7,4,0,2,22,46,46,39,False
13074255915,9,14,4,0,1,15,8,8,9,False
17713196465,19,12,4,0,3,35,44,44,39,False
18664891854,47,1,4,0,3,36,8,8,1,False
19970957519,16,0,3,0,0,45,29,29,2,False
19852999776,50,4,1,0,2,18,27,27,39,False
15661502139,16,1,3,0,2,7,44,44,39,False
18636055184,15,3,4,0,1,31,21,21,9,False
17807329663,35,20,4,0,2,38,41,41,39,False
13932780308,28,6,2,0,1,38,36,36,0,False
18758415613,36,7,4,0,3,22,28,28,39,False
13670356740,32,10,3,0,0,33,18,18,1,False
16630722126,31,2,2,0,1,32,8,8,0,False
15735414945,38,13,4,0,0,33,25,25,9,False
18702113651,41,0,4,0,3,43,39,39,2,False
16630722126,16,0,2,0,0,43,1,1,39,False
13074255915,28,4,4,0,0,35,22,22,9,False
19550593600,5,3,4,0,3,17,24,24,39,False
17331496902,12,2,1,0,0,22,15,15,0,False
15165929133,43,8,4,0,0,38,31,31,9,False
18053307086,22,12,4,0,0,34,19,19,9,False
13074255915,13,4,4,0,1,11,9,9,9,True
13670356740,30,7,4,0,0,14,7,7,0,False
17807329663,44,6,3,0,2,26,32,32,39,False
15797725211,40,4,4,0,0,25,17,17,0,False
13513580369,5,12,1,0,2,16,0,0,0,True
19881266563,7,3,1,0,3,8,2,2,1,False
18053307086,2,5,2,0,2,28,43,43,39,False
17331496902,48,6,4,0,0,18,12,12,19,False
18802233956,48,5,2,0,3,18,9,9,39,False
19852999776,6,16,4,0,1,38,30,30,0,False
13130819298,16,28,4,0,2,3,16,16,24,False
15167050060,9,8,4,0,3,31,39,39,39,True
19859608897,41,3,4,0,3,40,33,33,9,False
19881266563,23,7,4,0,2,1,0,0,39,False
17713196465,18,18,4,0,2,11,41,41,39,False
15260233525,36,1,4,0,1,13,46,46,39,False
18053307086,50,25,4,0,2,22,23,23,19,False
15797725211,25,8,4,0,3,25,27,27,39,False
13074255915,37,13,4,0,3,22,47,47,39,False
17527328008,50,0,4,0,0,25,14,14,9,False
18991311567,1,25,4,0,2,18,17,17,39,False
13074255915,27,0,4,0,2,39,38,38,0,False
18765816132,29,2,2,0,3,32,47,47,39,False
17623708813,42,75,4,0,1,20,10,10,0,False
15079495784,38,3,3,0,0,10,8,8,1,False
18765816132,20,22,4,0,0,26,19,19,39,False
19881266563,13,18,4,0,1,25,39,39,39,True
15661502139,33,25,4,0,1,18,9,9,9,True
19881266563,15,4,4,0,0,40,10,10,9,False
17623708813,48,5,4,0,2,22,34,34,39,False
15260233525,1,8,3,0,0,19,11,11,9,False
18765816132,6,16,4,0,1,33,26,26,9,False
18365196069,46,24,4,0,0,14,1,1,9,False
18758415613,28,11,4,0,3,11,12,12,39,False
18664891854,23,3,3,0,3,37,39,39,39,True
19881266563,45,14,4,0,0,37,22,22,0,False
18758415613,26,5,4,0,3,8,2,2,9,False
17623708813,16,62,4,0,3,25,24,24,9,False
18053307086,29,8,2,0,1,38,2,2,0,False
18702113651,10,1,1,0,1,15,21,21,21,True
15165929133,46,24,4,0,1,16,1,1,0,False
17713196465,21,12,4,0,1,32,16,16,0,False
18989781863,37,0,4,0,0,41,13,13,0,False
15167050060,42,12,4,0,2,33,39,39,24,False
18702113651,25,10,4,0,0,36,14,14,0,False
16630722126,44,9,4,0,3,26,19,19,39,False
19831701219,2,6,4,0,2,18,40,40,39,False
19948700293,12,11,3,0,3,22,28,28,39,False
18365196069,38,5,4,0,1,44,29,29,9,False
19831701219,4,9,4,0,2,22,39,39,39,True
18636055184,8,8,4,0,2,17,26,26,39,False
19948700293,15,9,3,0,1,3,2,2,9,False
18802233956,26,0,1,0,0,21,30,30,19,False
19859608897,8,5,4,0,3,17,26,26,39,False
17623708813,16,40,4,0,2,17,24,24,39,False
19881266563,20,13,4,0,2,29,46,46,0,False
13074255915,7,1,2,0,3,14,6,6,19,False
13670356740,43,7,4,0,1,18,24,24,9,False
19881266563,34,5,4,0,2,40,46,46,39,False
18758415613,25,8,4,0,2,16,14,14,0,False
18802233956,1,7,3,0,0,19,10,10,9,False
13630678332,9,0,4,0,0,36,1,1,9,False
18053307086,27,5,2,0,3,8,2,2,1,False
19859608897,41,4,4,0,3,2,24,24,39,False
15735414945,32,0,4,0,2,0,46,46,39,False
15167050060,34,10,4,0,3,26,20,20,39,False
19834840803,32,5,4,0,1,11,8,8,0,False
13130819298,19,12,4,0,1,37,16,16,9,False
17623708813,47,4,4,0,2,29,45,45,39,False
17623708813,40,2,4,0,2,17,45,45,39,False
17807329663,17,48,4,0,3,28,9,9,19,False
13130819298,24,12,4,0,2,17,33,33,39,False
17713196465,29,1,4,0,2,17,25,25,19,False
19834840803,30,3,1,0,1,17,29,29,0,False
18365196069,41,13,4,0,0,10,9,9,9,True
15661502139,38,22,4,0,2,19,32,32,0,False
18365196069,3,3,4,0,0,23,7,7,9,False
19852999776,8,7,4,0,2,20,13,13,0,False
17807329663,17,28,4,0,2,20,9,9,0,False
15079495784,6,14,1,0,2,1,7,7,39,False
18765816132,38,5,4,0,3,33,41,41,39,False
18702113651,22,8,3,0,1,36,21,21,0,False
19831701219,37,2,4,0,1,10,1,1,0,False
19834840803,43,13,4,0,2,33,47,47,39,False
17527328008,16,0,4,0,1,39,25,25,9,False
17731093916,4,15,4,0,0,30,7,7,1,False
16726368276,13,7,1,0,1,17,30,30,0,False
15797725211,14,7,1,0,3,25,33,33,39,False
15661502139,36,16,4,0,2,28,44,44,39,False
15079495784,39,3,3,0,2,12,33,33,39,False
19550593600,32,0,4,0,2,21,29,29,39,False
18758415613,50,0,3,0,2,15,12,12,19,False
15735414945,6,8,2,0,1,12,7,7,9,False
13130819298,38,12,4,0,0,35,1,1,9,False
18989781863,36,4,4,0,3,9,46,46,39,False
19834840803,23,4,1,0,0,9,10,10,9,False
15797725211,37,3,2,0,3,37,9,9,9,True
13074255915,10,1,4,0,2,27,41,41,0,False
18802233956,18,9,4,0,2,22,46,46,39,False
17807329663,44,6,2,0,3,25,27,27,39,False
15165929133,8,41,4,0,0,10,8,8,9,False
18802233956,48,5,3,0,3,25,43,43,9,False
19550593600,11,16,4,0,3,5,20,20,39,False
18365196069,18,18,2,0,3,47,48,48,10,False
13670356740,31,9,4,0,3,16,31,31,39,False
19831701219,45,11,4,0,3,16,3,3,1,False
19834840803,36,14,4,0,0,27,19,19,0,False
15797725211,10,12,4,0,0,24,0,0,39,False
13932780308,48,8,3,0,2,10,8,8,0,False
13630678332,34,2,3,0,2,33,39,39,9,False
16630722126,15,7,4,0,1,30,21,21,0,False
17713196465,40,2,4,0,0,21,10,10,19,False
13401917913,47,10,3,0,1,38,46,46,39,False
18053307086,31,17,2,0,3,37,46,46,39,False
15661502139,27,2,1,0,1,29,31,31,9,False
19948700293,29,10,2,0,0,27,19,19,0,False
17713196465,41,14,4,0,2,4,19,19,39,False
17713196465,10,45,4,0,3,29,23,23,39,False
19859608897,5,6,2,0,3,25,26,26,39,False
17623708813,10,27,4,0,1,1,0,0,9,False
15735414945,17,0,3,0,2,10,40,40,39,False
15735414945,33,10,4,0,3,24,9,9,9,True
18636055184,46,12,3,0,2,2,9,9,24,False
19881266563,4,7,4,0,0,25,10,10,9,False
16630722126,2,10,4,0,2,7,22,22,39,False
13513580369,19,31,4,0,2,20,17,17,0,False
19831701219,20,1,1,0,1,38,30,30,0,False
16630722126,14,10,4,0,2,12,19,19,39,False
18636055184,40,11,4,0,1,31,23,23,9,False
16726368276,6,4,2,0,3,16,6,6,39,False
13074255915,41,5,2,0,2,39,24,24,8,False
15735414945,27,69,4,0,3,32,7,7,9,False
18991311567,47,4,1,0,3,47,48,48,39,False
15079495784,41,16,4,0,2,5,12,12,39,False
15797725211,5,8,2,0,3,18,11,11,39,False
18053307086,26,2,4,0,0,15,19,19,39,False
17331496902,42,22,4,0,0,13,23,23,0,False
15079495784,14,26,4,0,2,17,40,40,39,False
18365196069,34,1,4,0,2,6,40,40,39,False
18989781863,3,10,3,0,3,16,24,24,39,False
15260233525,5,4,4,0,1,30,43,43,39,False
18989781863,47,4,4,0,2,11,15,15,0,False
15167050060,32,23,4,0,2,11,3,3,9,False
17623708813,11,17,4,0,2,13,19,19,39,False
18053307086,48,20,4,0,3,11,46,46,39,False
19948700293,31,16,4,0,0,22,14,14,0,False
15797725211,18,4,2,0,1,11,16,16,0,False
19550593600,16,7,1,0,0,14,9,9,19,False
17331496902,50,3,3,0,2,25,22,22,0,False
17331496902,42,12,4,0,3,25,23,23,9,False
17527328008,49,22,4,0,0,35,1,1,9,False
13074255915,4,8,4,0,3,37,31,31,39,False
19948700293,11,1,4,0,0,38,39,39,39,True
19948700293,6,3,3,0,0,25,9,9,1,False
18765816132,43,6,4,0,0,33,5,5,9,False
19834840803,4,3,4,0,1,26,18,18,21,False
13670356740,17,10,4,0,1,38,9,9,9,True
19852999776,13,22,4,0,1,38,7,7,0,False
19948700293,47,5,2,0,3,44,47,47,39,False
15661502139,48,10,4,0,2,24,10,10,39,False
17713196465,18,0,2,0,2,24,18,18,39,False
19881266563,23,0,4,0,1,10,0,0,0,True
19852999776,7,17,4,0,1,26,12,12,9,False
15661502139,18,16,4,0,3,17,41,41,39,False
19834840803,43,4,3,0,1,22,0,0,0,True
17731093916,14,11,4,0,2,30,34,34,9,False
17331496902,45,0,1,0,1,6,15,15,0,False
15661502139,29,8,4,0,2,24,15,15,24,False
15735414945,48,10,4,0,3,26,7,7,9,False
19970957519,5,11,2,0,1,3,1,1,0,False
13074255915,19,1,4,0,1,24,15,15,9,False
19831701219,1,5,4,0,1,22,16,16,39,False
18053307086,5,3,4,0,3,7,10,10,19,False
19834840803,44,2,4,0,3,10,20,20,39,False
15079495784,9,7,4,0,0,37,28,28,21,False
19852999776,26,1,2,0,1,37,9,9,9,True
17331496902,41,6,4,0,2,34,46,46,24,False
15079495784,4,8,4,0,0,38,32,32,19,False
19948700293,27,2,3,0,3,2,6,6,39,False
18053307086,14,22,4,0,1,36,15,15,9,False
18702113651,33,3,4,0,2,6,25,25,24,False
13130819298,15,12,3,0,2,37,43,43,39,False
19948700293,25,1,3,0,0,9,25,25,9,False
15167050060,16,6,4,0,1,22,14,14,0,False
15167050060,44,9,4,0,3,30,3,3,9,False
18758415613,32,2,4,0,1,1,31,31,24,False
18636055184,15,2,2,0,0,14,9,9,19,False
18053307086,9,1,3,0,2,7,11,11,39,False
13943039298,19,12,4,0,1,16,9,9,9,True
15260233525,48,18,3,0,1,19,39,39,9,False
19948700293,20,13,2,0,3,0,1,1,24,False
18765816132,11,8,4,0,2,34,39,39,24,False
18365196069,9,2,4,0,2,3,10,10,24,False
17713196465,35,6,1,0,3,16,19,19,39,False
19970957519,50,5,3,0,1,19,27,27,9,False
15260233525,32,6,2,0,3,2,3,3,10,False
19834840803,7,1,3,0,0,12,16,16,9,False
17731093916,46,8,3,0,2,4,2,2,0,False
19881266563,32,1,4,0,2,11,14,14,0,False
18664891854,21,18,4,0,2,20,39,39,0,False
15260233525,41,18,4,0,3,36,46,46,39,False
16726368276,49,2,2,0,1,32,47,47,39,False
15735414945,20,14,4,0,0,32,9,9,9,True
13943039298,45,3,1,0,2,20,27,27,0,False
15260233525,19,7,4,0,1,26,6,6,2,False
19831701219,21,0,3,0,1,11,15,15,0,False
18802233956,29,1,4,0,3,15,16,16,39,False
17623708813,32,13,4,0,3,2,39,39,39,True
13074255915,11,19,1,0,2,15,28,28,39,False
15165929133,11,13,3,0,0,30,14,14,9,False
17713196465,12,1,4,0,3,39,32,32,9,False
18802233956,43,15,3,0,1,3,14,14,0,False
13074255915,37,9,1,0,2,11,41,41,39,False
15167050060,31,1,1,0,1,45,17,17,13,False
19831701219,40,12,4,0,0,17,18,18,19,False
15260233525,5,10,1,0,2,2,7,7,0,False
13401917913,44,0,4,0,3,11,12,12,39,False
15079495784,14,11,4,0,2,2,40,40,39,False
18758415613,29,5,3,0,0,41,33,33,0,False
18365196069,16,15,4,0,0,37,9,9,0,False
13943039298,2,4,4,0,0,12,14,14,9,False
16630722126,40,9,3,0,1,26,24,24,0,False
15167050060,8,6,4,0,0,24,9,9,9,True
17713196465,32,18,4,0,1,33,32,32,39,False
17731093916,37,1,2,0,3,2,26,26,39,False
15735414945,4,23,4,0,2,18,47,47,39,False
15165929133,10,1,4,0,3,22,19,19,19,True
18989781863,9,9,2,0,3,33,47,47,39,False
17623708813,49,0,3,0,2,2,39,39,39,True
13401917913,41,11,4,0,2,32,40,40,39,False
13513580369,47,4,4,0,2,18,39,39,39,True
18702113651,36,2,4,0,0,15,16,16,39,False
19859608897,16,9,4,0,3,28,0,0,19,False
13670356740,32,8,3,0,3,31,18,18,39,False
13074255915,26,5,4,0,0,18,13,13,19,False
15797725211,25,1,4,0,1,5,0,0,0,True
13513580369,36,3,4,0,1,26,8,8,9,False
18053307086,37,9,2,0,3,16,32,32,39,False
17807329663,9,39,4,0,0,22,23,23,19,False
17713196465,43,8,4,0,0,24,21,21,24,False
17731093916,35,8,3,0,1,23,29,29,0,False
15079495784,1,5,1,0,1,2,1,1,0,False
17807329663,28,7,4,0,3,21,32,32,19,False
17713196465,30,4,1,0,3,18,2,2,39,False
18702113651,44,1,2,0,2,18,33,33,39,False
17527328008,25,63,1,0,1,5,9,9,0,False
17807329663,14,2,4,0,3,17,46,46,39,False
17623708813,4,2,2,0,3,18,22,22,39,False
18664891854,26,0,4,0,0,21,1,1,39,False
17623708813,3,15,4,0,0,22,23,23,19,False
17731093916,13,6,4,0,0,46,40,40,19,False
19859608897,17,3,2,0,2,15,21,21,39,False
13130819298,48,33,4,0,1,40,46,46,39,False
19881266563,13,35,4,0,1,44,30,30,9,False
13130819298,32,39,4,0,3,19,34,34,39,False
19881266563,25,5,4,0,3,30,31,31,9,False
18664891854,19,10,4,0,3,17,11,11,39,False
19859608897,36,9,4,0,0,21,7,7,19,False
15165929133,33,1,4,0,3,8,25,25,39,False
18664891854,18,12,4,0,3,17,4,4,39,False
15079495784,27,9,2,0,3,35,36,36,39,False
19852999776,37,19,4,0,1,46,44,44,9,False
18053307086,15,5,4,0,1,38,36,36,0,False
18802233956,47,30,4,0,2,38,45,45,39,False
19970957519,19,14,3,0,1,19,18,18,9,False
19852999776,13,1,4,0,0,17,18,18,19,False
18802233956,8,3,4,0,3,9,23,23,39,False
18636055184,20,7,4,0,3,11,19,19,39,False
18636055184,36,4,2,0,1,15,1,1,9,False
13513580369,14,5,2,0,2,23,1,1,9,False
15735414945,27,11,4,0,3,31,2,2,9,False
19550593600,12,7,4,0,2,17,24,24,39,False
16726368276,43,11,3,0,1,22,21,21,0,False
18636055184,45,0,4,0,1,22,43,43,39,False
18636055184,30,11,4,0,1,16,15,15,0,False
18702113651,9,2,4,0,1,26,10,10,9,False
15661502139,1,14,1,0,1,17,31,31,39,False
15735414945,16,1,4,0,3,10,18,18,39,False
18702113651,49,5,4,0,2,28,37,37,39,False
13401917913,4,3,2,0,2,37,43,43,24,False
15260233525,49,1,4,0,1,32,14,14,0,False
19948700293,49,8,4,0,0,21,14,14,19,False
15079495784,39,8,4,0,1,31,42,42,0,False
15735414945,38,1,4,0,3,14,16,16,39,False
15079495784,39,7,4,0,1,9,0,0,0,True
15735414945,50,17,4,0,1,30,39,39,39,True
17527328008,11,33,2,0,2,31,33,33,39,False
18802233956,42,7,4,0,3,26,1,1,1,True
13932780308,40,12,2,0,1,12,11,11,9,False
13074255915,37,2,4,0,3,9,48,48,24,False
15165929133,19,10,4,0,2,9,11,11,19,False
17331496902,43,6,4,0,1,41,47,47,39,False
15797725211,25,2,3,0,0,30,33,33,9,False
15260233525,35,4,4,0,3,45,46,46,39,False
19970957519,23,1,4,0,1,10,7,7,0,False
18765816132,21,7,1,0,2,39,46,46,24,False
15661502139,32,2,4,0,2,16,44,44,39,False
15079495784,38,3,4,0,2,0,3,3,39,False
15079495784,35,0,3,0,1,46,0,0,13,False
18702113651,3,2,4,0,0,26,13,13,2,False
19550593600,18,8,4,0,3,11,12,12,39,False
17807329663,32,2,4,0,2,24,1,1,39,False
18802233956,18,35,4,0,1,32,46,46,39,False
19948700293,27,14,4,0,3,37,24,24,39,False
18702113651,32,12,4,0,2,32,41,41,39,False
17713196465,19,23,4,0,3,35,24,24,10,False
18802233956,5,16,4,0,1,38,37,37,9,False
13630678332,11,6,3,0,0,10,2,2,1,False
15079495784,3,21,4,0,3,25,33,33,39,False
13401917913,21,9,4,0,3,1,2,2,39,False
17713196465,46,20,4,0,3,18,6,6,19,False
17331496902,29,1,4,0,1,25,24,24,0,False
16726368276,33,38,4,0,2,4,17,17,0,False
19550593600,25,1,2,0,0,46,32,32,19,False
18802233956,47,28,4,0,0,44,45,45,19,False
19834840803,19,4,4,0,2,14,43,43,39,False
18991311567,43,7,3,0,3,26,27,27,39,False
15079495784,43,4,4,0,3,32,41,41,39,False
18636055184,36,8,4,0,0,14,1,1,19,False
13130819298,35,2,1,0,3,2,10,10,39,False
17713196465,33,3,4,0,1,26,2,2,9,False
17623708813,6,5,3,0,1,38,9,9,9,True
17331496902,49,12,4,0,3,22,16,16,39,False
18765816132,22,6,4,0,0,11,19,19,19,True
15797725211,31,10,4,0,3,18,11,11,19,False
15165929133,4,6,2,0,2,18,32,32,39,False
19881266563,44,50,4,0,0,9,20,20,19,False
19834840803,30,13,3,0,0,22,8,8,0,False
18664891854,42,18,4,0,1,24,0,0,9,False
13670356740,28,2,4,0,0,23,9,9,9,True
13670356740,25,1,4,0,1,9,36,36,39,False
15079495784,47,0,4,0,1,18,0,0,39,False
18758415613,1,8,4,0,2,6,26,26,39,False
19834840803,7,18,4,0,1,22,14,14,0,False
18636055184,15,3,4,0,2,25,33,33,39,False
15661502139,9,32,4,0,1,31,25,25,9,False
15079495784,18,12,4,0,1,20,12,12,0,False
18802233956,11,0,4,0,0,38,17,17,9,False
19831701219,27,6,3,0,1,17,16,16,9,False
17713196465,18,2,4,0,1,10,1,1,0,False
18365196069,12,1,4,0,1,12,3,3,9,False
13074255915,5,14,4,0,2,2,8,8,0,False
15661502139,47,0,3,0,0,17,9,9,9,True
19881266563,18,21,4,0,2,12,20,20,39,False
15797725211,5,0,4,0,1,34,0,0,39,False
16726368276,34,2,1,0,3,2,12,12,39,False
15797725211,36,0,4,0,2,3,25,25,39,False
15797725211,19,29,4,0,1,18,24,24,9,False
16726368276,35,9,3,0,3,21,7,7,19,False
17713196465,24,25,4,0,1,25,31,31,9,False
17623708813,3,0,4,0,2,31,12,12,39,False
18664891854,33,20,4,0,3,32,27,27,19,False
16726368276,41,26,4,0,3,21,15,15,19,False
18664891854,12,0,4,0,2,13,33,33,39,False
15165929133,9,8,4,0,0,12,9,9,9,True
15260233525,6,2,1,0,1,9,7,7,0,False
16726368276,1,13,4,0,2,13,20,20,39,False
17527328008,1,5,4,0,1,36,14,14,0,False
15079495784,40,14,4,0,0,30,44,44,9,False
18989781863,20,2,4,0,3,40,32,32,9,False
17731093916,13,8,4,0,1,15,7,7,0,False
19852999776,32,0,4,0,2,2,25,25,39,False
18758415613,15,8,3,0,1,32,45,45,39,False
17527328008,1,3,4,0,2,9,32,32,19,False
17731093916,32,3,4,0,0,33,26,26,21,False
13401917913,47,31,4,0,3,19,20,20,39,False
19852999776,24,4,4,0,0,45,23,23,9,False
17527328008,26,15,4,0,0,24,14,14,39,False
18365196069,43,4,4,0,1,47,33,33,1,False
15260233525,37,6,1,0,0,25,16,16,9,False
19852999776,22,2,4,0,1,3,8,8,9,False
18664891854,17,8,4,0,0,40,42,42,0,False
15661502139,21,25,4,0,2,18,32,32,39,False
18636055184,35,1,1,0,1,3,1,1,9,False
16726368276,48,10,4,0,0,32,4,4,9,False
15167050060,7,13,4,0,2,33,45,45,39,False
19550593600,48,3,1,0,2,7,28,28,39,False
17731093916,47,9,4,0,3,33,41,41,39,False
13074255915,28,3,1,0,0,37,30,30,0,False
15797725211,44,105,4,0,2,17,41,41,39,False
19834840803,9,0,3,0,3,7,31,31,39,False
13130819298,4,5,4,0,2,22,39,39,39,True
19831701219,20,40,4,0,2,3,23,23,24,False
19834840803,28,14,4,0,0,10,9,9,9,True
17713196465,47,0,4,0,1,17,1,1,9,False
18758415613,16,9,4,0,2,26,48,48,39,False
17331496902,24,15,2,0,0,10,1,1,1,True
19881266563,36,9,3,0,0,29,21,21,1,False
18991311567,17,6,2,0,1,19,39,39,9,False
19852999776,6,12,4,0,0,24,30,30,9,False
15661502139,1,19,4,0,1,36,30,30,9,False
18365196069,8,7,3,0,0,32,27,27,39,False
13670356740,14,6,4,0,2,38,25,25,9,False
17807329663,41,20,4,0,0,22,14,14,0,False
13401917913,28,8,4,0,1,40,31,31,9,False
17807329663,25,5,3,0,0,30,37,37,0,False
13630678332,22,4,2,0,3,32,33,33,39,False
18365196069,26,2,4,0,3,23,24,24,39,False
13670356740,10,9,4,0,2,4,25,25,39,False
19948700293,3,6,2,0,0,23,14,14,9,False
15797725211,17,16,4,0,2,18,20,20,39,False
15797725211,43,16,4,0,2,13,18,18,39,False
15260233525,8,4,4,0,2,7,4,4,39,False
18636055184,21,12,4,0,1,41,40,40,0,False
19881266563,10,3,2,0,2,26,17,17,9,False
18758415613,17,34,4,0,0,16,10,10,9,False
13074255915,18,3,2,0,0,18,19,19,39,False
18758415613,35,0,3,0,0,43,7,7,39,False
18802233956,12,18,4,0,3,12,13,13,39,False
13670356740,1,11,2,0,1,11,3,3,0,False
18991311567,16,2,4,0,0,22,32,32,19,False
15797725211,10,36,4,0,0,7,0,0,9,False
18702113651,18,16,4,0,3,45,41,41,39,False
17807329663,39,2,1,0,1,3,8,8,0,False
15079495784,31,7,4,0,3,15,32,32,39,False
13932780308,31,0,2,0,0,25,28,28,9,False
15165929133,47,6,3,0,2,18,34,34,39,False
15797725211,38,9,4,0,3,8,3,3,39,False
19970957519,33,6,4,0,0,29,9,9,1,False
18765816132,18,11,2,0,0,22,9,9,19,False
15797725211,5,17,3,0,3,33,6,6,1,False
15079495784,2,7,4,0,1,25,14,14,9,False
15079495784,13,4,4,0,1,45,29,29,9,False
13074255915,8,13,4,0,2,16,14,14,0,False
15260233525,34,2,2,0,0,25,3,3,9,False
15661502139,49,9,4,0,0,31,14,14,8,False
13943039298,15,0,4,0,0,41,8,8,0,False
13401917913,47,4,4,0,3,32,20,20,19,False
19831701219,22,3,3,0,0,8,1,1,0,False
15797725211,24,24,3,0,0,23,24,24,9,False
18365196069,38,1,4,0,1,48,2,2,0,False
19970957519,25,0,4,0,3,36,10,10,9,False
15797725211,33,8,2,0,2,31,1,1,0,False
17713196465,18,24,4,0,1,19,41,41,9,False
18989781863,22,10,4,0,3,33,39,39,24,False
18636055184,32,8,4,0,0,41,26,26,9,False
13130819298,11,5,4,0,0,25,7,7,9,False
19852999776,44,6,1,0,0,19,2,2,9,False
15165929133,26,14,4,0,2,32,39,39,39,True
18991311567,27,4,3,0,3,10,33,33,39,False
15735414945,21,6,4,0,0,38,39,39,39,True
15735414945,3,4,4,0,1,24,9,9,9,True
13943039298,18,1,4,0,1,19,9,9,9,True
13401917913,28,7,4,0,0,40,31,31,9,False
19831701219,38,19,2,0,2,10,17,17,39,False
18636055184,6,10,4,0,0,9,21,21,0,False
17807329663,47,17,2,0,1,15,7,7,0,False
13401917913,38,2,4,0,0,35,7,7,9,False
18664891854,10,13,4,0,2,39,47,47,39,False
13074255915,48,2,3,0,1,3,12,12,39,False
15797725211,12,10,4,0,2,2,1,1,0,False
19834840803,46,7,3,0,1,23,14,14,9,False
18802233956,27,20,4,0,1,19,20,20,9,False
18664891854,37,7,4,0,3,33,40,40,39,False
15260233525,18,13,4,0,0,10,9,9,0,False
17623708813,5,10,4,0,1,11,33,33,39,False
13401917913,4,22,3,0,1,23,24,24,39,False
19852999776,16,12,4,0,1,17,14,14,9,False
18636055184,22,8,4,0,2,29,36,36,0,False
18053307086,10,19,4,0,0,23,21,21,0,False
19881266563,24,17,4,0,2,31,8,8,8,True
18989781863,49,13,4,0,2,17,24,24,39,False
18989781863,21,4,4,0,2,25,24,24,9,False
19970957519,7,9,1,0,1,27,13,13,9,False
17331496902,13,17,2,0,0,20,13,13,0,False
17731093916,37,2,4,0,1,4,10,10,0,False
17527328008,12,3,1,0,0,14,28,28,39,False
13670356740,5,16,1,0,2,26,31,31,24,False
15735414945,25,3,3,0,1,36,21,21,0,False
17731093916,11,18,4,0,3,44,48,48,39,False
18365196069,20,4,4,0,3,7,11,11,19,False
13630678332,14,5,3,0,2,40,48,48,39,False
13401917913,26,8,4,0,3,29,36,36,9,False
15661502139,15,10,4,0,1,8,0,0,39,False
17713196465,15,20,4,0,3,31,25,25,39,False
16630722126,19,7,3,0,2,2,1,1,0,False
17807329663,45,7,4,0,2,24,21,21,39,False
18664891854,34,26,4,0,3,29,14,14,9,False
13513580369,31,23,2,0,3,25,24,24,9,False
13513580369,25,4,1,0,1,32,23,23,21,False
15079495784,45,3,4,0,0,44,25,25,19,False
18702113651,9,29,4,0,2,3,23,23,24,False
13401917913,4,4,1,0,1,37,36,36,9,False
16630722126,35,13,4,0,1,34,8,8,0,False
13630678332,7,0,2,0,0,9,26,26,19,False
15167050060,50,9,2,0,1,38,45,45,39,False
16630722126,47,7,4,0,0,25,20,20,19,False
16630722126,39,5,3,0,2,18,34,34,39,False
13074255915,2,7,4,0,0,7,1,1,9,False
13932780308,18,7,3,0,2,26,40,40,39,False
19834840803,17,0,3,0,3,32,40,40,39,False
18664891854,39,4,2,0,1,26,34,34,39,False
19852999776,49,2,4,0,0,16,8,8,0,False
18702113651,31,4,3,0,0,8,0,0,0,True
17807329663,27,3,4,0,0,38,17,17,9,False
18991311567,48,18,4,0,0,35,21,21,9,False
18053307086,12,4,4,0,2,0,12,12,39,False
15797725211,4,10,4,0,2,29,44,44,0,False
16630722126,5,4,4,0,2,18,40,40,39,False
15079495784,2,4,4,0,1,10,0,0,0,True
19834840803,11,0,4,0,1,26,24,24,9,False
18664891854,48,6,4,0,2,26,48,48,39,False
13401917913,2,4,2,0,2,23,43,43,39,False
18702113651,47,4,1,0,3,28,23,23,39,False
19881266563,34,16,4,0,2,31,46,46,39,False
13513580369,32,20,4,0,1,3,1,1,0,False
19834840803,27,10,4,0,2,4,15,15,0,False
15260233525,11,9,4,0,0,11,20,20,39,False
15167050060,12,2,2,0,2,7,22,22,39,False
15260233525,37,6,4,0,3,26,20,20,39,False
17623708813,36,0,3,0,0,38,25,25,19,False
19948700293,27,8,1,0,0,30,22,22,9,False
19834840803,47,1,4,0,2,19,29,29,0,False
17527328008,20,3,3,0,0,25,20,20,1,False
15079495784,28,0,4,0,1,18,44,44,39,False
18365196069,8,13,4,0,0,22,8,8,0,False
18765816132,36,2,4,0,2,0,21,21,39,False
13670356740,43,3,4,0,1,31,22,22,0,False
15260233525,50,11,3,0,3,18,12,12,39,False
17807329663,39,1,4,0,2,10,26,26,39,False
13401917913,24,5,4,0,3,46,48,48,39,False
19970957519,27,24,4,0,2,19,26,26,39,False
19970957519,20,3,4,0,1,18,2,2,9,False
13670356740,9,4,4,0,2,15,44,44,39,False
15165929133,24,24,4,0,3,7,28,28,39,False
17623708813,4,13,4,0,0,30,47,47,39,False
13130819298,42,29,4,0,3,18,11,11,9,False
