task,n_steps,accuracy
1,1854,0.3144552319309601
2,2108,0.357685009487666
3,1767,0.3118279569892473
4,5807,0.3313242638195282
