task,n_steps,accuracy
1,18787,0.8303081918347793
2,20051,0.8535235150366566
3,22483,0.8521104834764044
4,123270,0.7441875557718829
