task,n_steps,accuracy
1,18787,0.7841060307659552
2,20051,0.7982644257144282
3,22483,0.7977583062758529
4,123270,0.684878721505638
