pc,variance_ratio,variance_cumulative_ratio
1,0.28643808,0.28643808
2,0.16284858,0.44928664
3,0.13911702,0.58840364
