task,n_steps,accuracy
1,18787,0.4489806781284931
2,20051,0.44820707196648546
3,22483,0.4430903349197171
4,123270,0.41976961142208163
