pc,variance_ratio,variance_cumulative_ratio
1,0.40081057,0.40081057
2,0.2673897,0.66820025
3,0.1998368,0.86803705
4,0.13196284,0.9999999
