task,n_steps,accuracy
1,18787,0.7587161334965667
2,20051,0.7700364071617376
3,22483,0.7761864519859449
4,123270,0.6471323111868257
