task,n_steps,accuracy
1,18787,0.8027891627189013
2,20051,0.826741808388609
3,22483,0.824222746074812
4,123270,0.7137989778534923
