label,n_samples,n_classes,accuracy,chance,note
state,5000,49,0.05519999999999999,0.0458,
goal,5000,49,0.0628,0.0444,
task,5000,4,0.6636000000000001,0.6636,
replan,184591,1,,,too_few_classes_or_samples
target,5000,4,0.40540000000000004,0.2568,
prev_action,5000,5,0.3146,0.2406,
