sample_id,subid,trial,step,task,replan,target,state,goal,true_goal,pred_goal,correct_goal
12033,18765816132,47,14,3,0,0,7,1,1,1,True
784,15260233525,29,6,4,0,3,12,1,1,9,False
4873,15797725211,1,9,4,0,2,26,31,31,24,False
5125,18053307086,2,2,4,0,1,10,21,21,39,False
628,15260233525,25,5,2,0,2,3,11,11,39,False
9973,17527328008,43,6,4,0,3,38,39,39,39,True
6540,19881266563,13,10,4,0,1,19,32,32,39,False
10852,18636055184,20,5,1,0,0,27,20,20,0,False
4625,15797725211,4,27,1,0,2,10,24,24,39,False
1797,17623708813,42,140,4,0,2,26,10,10,8,False
10673,18365196069,41,10,4,0,3,16,9,9,9,True
4369,15079495784,48,3,2,0,0,33,5,5,13,False
724,15260233525,19,8,4,0,3,26,41,41,39,False
4626,15797725211,5,4,1,0,0,17,24,24,1,False
2809,18991311567,1,12,4,0,3,3,46,46,39,False
4868,15797725211,46,18,4,0,1,2,7,7,0,False
5166,18053307086,43,27,4,0,1,29,24,24,39,False
5139,18053307086,16,2,4,0,2,0,5,5,24,False
1101,15661502139,45,36,4,0,2,18,31,31,9,False
6573,19881266563,46,18,4,0,0,30,27,27,39,False
1126,15661502139,20,5,4,0,1,13,26,26,39,False
12441,18989781863,4,10,4,0,2,25,32,32,39,False
11829,18758415613,44,1,4,0,0,40,20,20,1,False
4042,13670356740,22,8,3,0,0,22,21,21,0,False
7976,13943039298,44,3,4,0,1,5,3,3,40,False
530,13932780308,29,21,4,0,0,46,47,47,20,False
7528,13630678332,47,6,2,0,0,14,7,7,1,False
7557,13630678332,26,9,3,0,1,41,40,40,0,False
4083,13670356740,13,4,4,0,3,37,17,17,13,False
1864,17623708813,9,14,4,0,0,25,1,1,9,False
4507,15079495784,36,32,4,0,0,9,2,2,1,False
4813,15797725211,41,4,4,0,1,18,16,16,9,False
12477,18989781863,40,4,4,0,0,30,1,1,1,True
12584,18989781863,47,5,4,0,1,29,28,28,9,False
6765,13074255915,37,4,1,0,2,19,41,41,20,False
493,13932780308,42,2,3,0,1,3,1,1,9,False
12446,18989781863,9,2,4,0,1,27,18,18,0,False
10957,18636055184,24,7,3,0,1,17,8,8,0,False
6847,13074255915,18,2,3,0,1,5,8,8,43,False
11091,18636055184,8,11,4,0,0,25,4,4,8,False
7691,13943039298,9,2,2,0,3,39,27,27,19,False
9549,17331496902,20,6,3,0,1,32,24,24,9,False
8588,15167050060,4,30,4,0,0,45,32,32,20,False
2186,17713196465,30,3,4,0,1,17,24,24,1,False
4036,13670356740,16,4,3,0,1,17,47,47,39,False
2092,17713196465,36,15,3,0,0,17,24,24,1,False
496,13932780308,45,11,3,0,1,36,30,30,13,False
12777,19550593600,36,19,4,0,3,25,27,27,39,False
4403,15079495784,32,4,3,0,3,3,11,11,39,False
3954,13670356740,35,5,1,0,3,36,38,38,20,False
10395,17731093916,14,9,4,0,0,37,34,34,20,False
8541,15167050060,7,0,4,0,2,12,11,11,39,False
12219,18765816132,33,19,4,0,1,23,15,15,8,False
6176,19852999776,50,15,3,0,3,25,40,40,24,False
10031,17527328008,1,16,4,0,3,33,34,34,39,False
5399,18702113651,25,3,2,0,0,45,10,10,20,False
968,15661502139,12,10,2,0,2,2,8,8,39,False
5657,18702113651,33,0,4,0,3,5,25,25,40,False
10761,18365196069,29,5,4,0,0,37,30,30,9,False
5168,18053307086,45,22,4,0,3,6,33,33,39,False
4426,15079495784,5,9,4,0,1,24,11,11,9,False
10387,17731093916,6,2,4,0,2,30,25,25,39,False
394,13932780308,44,0,1,0,2,24,25,25,24,False
12168,18765816132,32,1,4,0,1,12,11,11,15,False
7869,13943039298,37,25,4,0,2,41,48,48,39,False
4423,15079495784,2,6,4,0,1,3,0,0,9,False
5572,18702113651,48,10,4,0,1,12,10,10,9,False
11217,18664891854,34,1,1,0,3,31,13,13,19,False
4813,15797725211,41,34,4,0,1,36,16,16,9,False
3074,19831701219,7,17,4,0,3,36,24,24,24,True
11922,18765816132,37,11,1,0,0,11,12,12,8,False
11112,18636055184,29,4,4,0,0,11,9,9,9,True
3520,19970957519,2,5,4,0,2,15,23,23,39,False
12877,19550593600,39,6,4,0,0,33,5,5,9,False
7967,13943039298,35,0,4,0,1,48,38,38,8,False
2070,17713196465,14,6,3,0,2,39,46,46,24,False
6229,19852999776,3,11,4,0,0,26,30,30,9,False
3409,19970957519,41,15,4,0,1,29,31,31,39,False
3111,19831701219,44,36,4,0,0,15,0,0,9,False
1938,17623708813,33,15,4,0,1,30,25,25,39,False
6876,13074255915,47,6,3,0,0,23,7,7,0,False
5778,18802233956,3,1,3,0,0,46,29,29,8,False
1895,17623708813,40,19,4,0,2,16,27,27,24,False
1913,17623708813,8,53,4,0,3,39,47,47,19,False
13299,19859608897,10,0,1,0,1,40,29,29,1,False
2470,17807329663,13,40,4,0,3,2,25,25,39,False
4906,15797725211,34,10,4,0,3,2,11,11,39,False
13652,19948700293,12,15,1,0,1,2,0,0,39,False
6553,19881266563,26,13,4,0,1,37,22,22,9,False
13875,19948700293,19,9,4,0,3,17,20,20,39,False
4932,15797725211,10,13,4,0,3,24,30,30,9,False
1845,17623708813,12,18,4,0,3,11,18,18,39,False
9472,17331496902,44,0,1,0,2,6,15,15,0,False
8317,15165929133,34,11,4,0,0,32,20,20,20,True
5430,18702113651,6,0,3,0,1,33,22,22,0,False
2314,17807329663,8,7,1,0,0,11,9,9,0,False
764,15260233525,9,1,4,0,1,26,10,10,9,False
12641,19550593600,3,7,2,0,3,16,15,15,24,False
983,15661502139,27,5,2,0,3,36,37,37,20,False
3766,13130819298,47,9,4,0,2,14,21,21,39,False
3414,19970957519,46,33,4,0,2,14,21,21,39,False
5826,18802233956,1,43,4,0,1,20,16,16,9,False
1562,15735414945,8,8,4,0,0,30,23,23,20,False
8977,16630722126,50,10,4,0,0,18,2,2,9,False
13187,19834840803,48,16,4,0,0,16,9,9,8,False
5858,18802233956,33,5,4,0,2,18,33,33,39,False
1378,15735414945,23,4,3,0,2,24,10,10,24,False
1057,15661502139,1,16,4,0,0,14,0,0,1,False
335,13513580369,35,8,4,0,3,37,32,32,12,False
12419,18989781863,32,12,4,0,3,38,39,39,39,True
5515,18702113651,41,14,4,0,1,22,7,7,9,False
8212,15165929133,29,53,4,0,3,33,20,20,39,False
9036,16630722126,9,19,4,0,2,40,47,47,39,False
8595,15167050060,11,15,4,0,3,46,48,48,19,False
9435,17331496902,7,5,1,0,0,10,8,8,0,False
12217,18765816132,31,13,4,0,1,13,19,19,0,False
7600,13630678332,19,17,4,0,3,30,24,24,24,True
12955,19834840803,17,9,1,0,3,45,39,39,19,False
4370,15079495784,49,1,2,0,0,33,5,5,13,False
10776,18365196069,44,8,4,0,0,44,3,3,13,False
2995,19831701219,28,8,3,0,3,11,45,45,39,False
5295,18053307086,22,3,4,0,1,32,19,19,2,False
11956,18765816132,20,4,2,0,1,17,9,9,0,False
2712,18991311567,4,12,2,0,2,35,42,42,39,False
6626,19881266563,49,22,4,0,1,31,0,0,9,False
4450,15079495784,29,38,4,0,0,36,18,18,9,False
10743,18365196069,11,12,4,0,2,23,44,44,39,False
12453,18989781863,16,0,4,0,3,28,0,0,16,False
2473,17807329663,16,12,4,0,0,23,39,39,24,False
3457,19970957519,39,5,4,0,3,22,33,33,39,False
11577,18758415613,43,4,1,0,1,9,1,1,1,True
7091,13401917913,12,4,1,0,0,23,9,9,1,False
4920,15797725211,48,33,4,0,1,37,30,30,13,False
8761,16630722126,26,10,2,0,1,13,19,19,0,False
4334,15079495784,13,1,2,0,1,36,2,2,9,False
655,15260233525,2,0,3,0,2,15,24,24,39,False
8531,15167050060,47,29,4,0,0,11,4,4,9,False
6303,19852999776,27,6,4,0,3,10,19,19,39,False
247,13513580369,47,5,4,0,3,2,16,16,39,False
11024,18636055184,41,23,4,0,3,7,8,8,39,False
7725,13943039298,43,4,2,0,1,32,22,22,9,False
9717,17331496902,38,4,4,0,3,22,31,31,39,False
6179,19852999776,3,2,4,0,3,39,13,13,13,True
604,15260233525,1,17,2,0,1,12,9,9,9,True
12029,18765816132,43,2,3,0,2,15,43,43,39,False
13157,19834840803,18,24,4,0,3,33,34,34,39,False
5204,18053307086,31,8,4,0,3,18,0,0,9,False
6088,19852999776,12,1,2,0,0,38,17,17,1,False
2636,17807329663,29,6,4,0,3,38,18,18,9,False
3418,19970957519,50,88,4,0,2,29,41,41,24,False
4528,15079495784,7,10,4,0,3,9,18,18,39,False
10311,17731093916,30,2,4,0,3,14,28,28,39,False
7273,13401917913,43,19,4,0,0,30,25,25,20,False
6879,13074255915,50,7,3,0,0,11,12,12,8,False
1990,17713196465,35,2,1,0,2,22,19,19,39,False
2315,17807329663,9,3,1,0,1,32,9,9,1,False
10291,17731093916,10,10,4,0,2,38,39,39,24,False
1174,15661502139,20,6,4,0,3,19,27,27,39,False
5987,18802233956,12,17,4,0,0,19,13,13,13,True
12221,18765816132,35,3,4,0,2,15,21,21,24,False
3569,13130819298,1,17,1,0,0,9,18,18,39,False
5888,18802233956,13,1,4,0,0,40,10,10,1,False
6977,13074255915,48,8,4,0,0,16,8,8,9,False
6621,19881266563,44,33,4,0,2,30,20,20,24,False
5435,18702113651,11,12,3,0,2,2,9,9,39,False
9987,17527328008,7,6,4,0,2,33,40,40,39,False
1335,15735414945,30,4,2,0,2,31,42,42,9,False
7651,13943039298,20,2,1,0,1,45,37,37,20,False
1928,17623708813,23,17,4,0,0,25,16,16,24,False
10773,18365196069,41,7,4,0,1,38,14,14,0,False
4781,15797725211,9,26,4,0,2,19,25,25,39,False
9987,17527328008,7,16,4,0,3,31,40,40,39,False
3858,13130819298,39,8,4,0,0,28,1,1,1,True
5204,18053307086,31,13,4,0,0,10,0,0,8,False
11962,18765816132,26,0,2,0,1,40,47,47,39,False
5311,18053307086,38,17,4,0,3,38,46,46,39,False
8880,16630722126,3,6,4,0,1,27,40,40,15,False
7354,13401917913,24,11,4,0,0,16,8,8,9,False
12968,19834840803,30,6,1,0,1,30,29,29,1,False
13355,19859608897,15,1,2,0,0,9,25,25,39,False
1081,15661502139,25,2,4,0,1,25,44,44,24,False
10184,17731093916,3,1,2,0,1,9,46,46,1,False
8090,15165929133,7,5,3,0,0,30,8,8,1,False
8719,16630722126,35,2,1,0,2,16,24,24,24,True
4138,13670356740,18,11,4,0,0,43,14,14,0,False
9367,16726368276,39,1,4,0,3,21,1,1,19,False
2300,17713196465,44,6,4,0,0,20,13,13,9,False
12781,19550593600,40,9,4,0,2,15,37,37,39,False
6013,18802233956,38,14,4,0,0,23,31,31,24,False
1488,15735414945,34,15,4,0,1,31,21,21,9,False
13764,19948700293,23,11,3,0,2,15,31,31,39,False
4986,18053307086,14,0,1,0,2,31,22,22,9,False
2368,17807329663,11,17,2,0,1,9,0,0,1,False
2548,17807329663,41,13,4,0,2,12,34,34,39,False
12017,18765816132,31,0,3,0,3,8,33,33,39,False
13117,19834840803,28,4,4,0,1,11,9,9,9,True
5298,18053307086,25,17,4,0,3,7,1,1,19,False
6087,19852999776,11,8,2,0,0,32,17,17,10,False
11019,18636055184,36,12,4,0,0,21,14,14,19,False
5840,18802233956,15,44,4,0,1,24,21,21,9,False
6161,19852999776,35,1,3,0,1,40,45,45,39,False
13171,19834840803,32,0,4,0,1,12,8,8,15,False
5418,18702113651,44,2,2,0,3,25,33,33,24,False
11430,18664891854,46,4,4,0,3,15,0,0,0,True
13787,19948700293,46,7,3,0,0,23,16,16,39,False
2569,17807329663,12,0,4,0,1,0,12,12,39,False
9717,17331496902,38,2,4,0,3,14,31,31,39,False
6542,19881266563,15,22,4,0,3,28,10,10,39,False
2083,17713196465,27,10,3,0,3,10,26,26,39,False
12867,19550593600,29,15,4,0,0,11,20,20,39,False
6455,19881266563,28,5,2,0,2,31,36,36,9,False
8848,16630722126,21,8,3,0,1,30,29,29,0,False
2537,17807329663,30,9,4,0,0,17,26,26,24,False
2719,18991311567,11,1,2,0,0,21,23,23,19,False
947,15661502139,42,4,1,0,2,2,9,9,39,False
4957,15797725211,35,7,4,0,1,30,21,21,0,False
12954,19834840803,16,7,1,0,2,32,39,39,10,False
5139,18053307086,16,1,4,0,3,0,5,5,39,False
4517,15079495784,46,22,4,0,1,1,7,7,9,False
12368,18989781863,31,0,3,0,0,30,1,1,1,True
5905,18802233956,30,3,4,0,2,15,20,20,39,False
3320,19970957519,2,0,3,0,2,39,42,42,24,False
7774,13943039298,42,5,3,0,0,16,1,1,24,False
9047,16630722126,20,8,4,0,0,30,21,21,1,False
4171,13670356740,1,25,4,0,1,11,9,9,9,True
5161,18053307086,38,5,4,0,2,18,32,32,39,False
6841,13074255915,12,3,3,0,3,33,47,47,39,False
6342,19852999776,16,6,4,0,3,18,3,3,9,False
5291,18053307086,18,2,4,0,0,39,9,9,9,True
1207,15661502139,3,4,4,0,0,18,30,30,9,False
3451,19970957519,33,8,4,0,0,29,7,7,9,False
10653,18365196069,21,0,4,0,1,24,1,1,8,False
1058,15661502139,2,12,4,0,0,48,41,41,19,False
6727,19881266563,49,1,4,0,0,39,28,28,8,False
3157,19831701219,40,14,4,0,3,5,11,11,39,False
4519,15079495784,48,7,4,0,3,15,34,34,39,False
14105,19948700293,33,8,4,0,2,32,39,39,39,True
6272,19852999776,46,1,4,0,2,16,43,43,24,False
1300,15735414945,46,1,1,0,2,10,21,21,39,False
2223,17713196465,17,1,4,0,2,19,46,46,39,False
1916,17623708813,11,9,4,0,3,26,19,19,1,False
9068,16630722126,41,14,4,0,2,3,11,11,39,False
12633,19550593600,46,5,1,0,2,23,28,28,39,False
8218,15165929133,35,2,4,0,3,9,19,19,39,False
13887,19948700293,31,7,4,0,3,18,20,20,39,False
1524,15735414945,20,0,4,0,3,31,9,9,8,False
4553,15079495784,32,7,4,0,3,18,0,0,9,False
8299,15165929133,16,12,4,0,3,40,31,31,1,False
10767,18365196069,35,6,4,0,1,9,33,33,39,False
6689,19881266563,11,4,4,0,0,23,41,41,39,False
426,13932780308,25,6,2,0,0,31,0,0,9,False
2862,18991311567,4,28,4,0,0,19,17,17,9,False
8911,16630722126,34,7,4,0,2,33,40,40,39,False
676,15260233525,23,2,3,0,2,15,29,29,39,False
5931,18802233956,6,5,4,0,0,45,30,30,20,False
6560,19881266563,33,29,4,0,3,14,1,1,1,True
4572,15079495784,1,4,4,0,1,25,31,31,39,False
1501,15735414945,47,33,4,0,1,25,16,16,9,False
9060,16630722126,33,9,4,0,0,40,33,33,1,False
9608,17331496902,29,9,4,0,0,9,1,1,1,True
3948,13670356740,29,7,1,0,0,29,17,17,19,False
5427,18702113651,3,0,3,0,2,20,16,16,15,False
5601,18702113651,27,3,4,0,2,33,39,39,39,True
5944,18802233956,19,9,4,0,1,25,14,14,9,False
8086,15165929133,3,0,3,0,1,47,38,38,13,False
13816,19948700293,10,6,3,0,2,37,46,46,39,False
7049,13074255915,20,25,4,0,3,38,41,41,24,False
3401,19970957519,33,1,4,0,0,25,15,15,8,False
4083,13670356740,13,34,4,0,3,37,17,17,19,False
10812,18365196069,30,9,4,0,0,36,22,22,9,False
4234,13670356740,14,1,4,0,0,15,11,11,19,False
1432,15735414945,27,42,4,0,1,25,7,7,8,False
2670,18991311567,13,16,1,0,3,10,38,38,39,False
5997,18802233956,22,6,4,0,2,30,41,41,39,False
11461,18664891854,27,4,4,0,3,32,41,41,39,False
8161,15165929133,28,9,4,0,0,18,11,11,1,False
7835,13943039298,3,5,4,0,3,14,48,48,39,False
8274,15165929133,41,0,4,0,1,47,33,33,20,False
12624,19550593600,37,2,1,0,1,11,8,8,0,False
4450,15079495784,29,10,4,0,3,25,18,18,24,False
1312,15735414945,7,5,2,0,2,24,7,7,24,False
5524,18702113651,50,4,4,0,0,33,25,25,9,False
4776,15797725211,4,16,4,0,2,35,44,44,19,False
11069,18636055184,36,11,4,0,3,26,20,20,39,False
1736,17623708813,31,13,3,0,3,36,24,24,19,False
2055,17713196465,49,16,2,0,1,33,31,31,9,False
4838,15797725211,16,41,4,0,1,18,24,24,9,False
10293,17731093916,12,1,4,0,1,39,4,4,24,False
13516,19859608897,26,1,4,0,2,4,39,39,39,True
10162,17731093916,32,1,1,0,0,10,1,1,39,False
3561,19970957519,43,3,4,0,2,29,46,46,24,False
2329,17807329663,23,2,1,0,1,36,29,29,9,False
12573,18989781863,36,8,4,0,3,21,28,28,39,False
2472,17807329663,15,6,4,0,3,21,39,39,19,False
7615,13630678332,34,5,4,0,1,26,19,19,9,False
10474,17731093916,43,0,4,0,1,31,29,29,15,False
5134,18053307086,11,2,4,0,1,25,2,2,9,False
8299,15165929133,16,3,4,0,2,37,31,31,39,False
13590,19859608897,50,0,4,0,3,21,43,43,39,False
4443,15079495784,22,1,4,0,0,35,2,2,9,False
11003,18636055184,20,2,4,0,2,24,0,0,9,False
11165,18636055184,32,3,4,0,0,39,26,26,24,False
10784,18365196069,2,16,4,0,1,26,30,30,9,False
10675,18365196069,43,3,4,0,2,11,2,2,24,False
3114,19831701219,47,1,4,0,1,19,24,24,20,False
11095,18636055184,12,13,4,0,2,26,41,41,39,False
13541,19859608897,1,1,4,0,0,41,13,13,20,False
9386,16726368276,8,2,4,0,2,24,18,18,24,False
5150,18053307086,27,5,4,0,2,33,39,39,39,True
3857,13130819298,38,5,4,0,1,24,1,1,24,False
3068,19831701219,1,6,4,0,1,30,38,38,24,False
11728,18758415613,43,18,4,0,1,40,39,39,1,False
5172,18053307086,49,9,4,0,2,26,38,38,24,False
12984,19834840803,46,0,1,0,2,24,25,25,24,False
6579,19881266563,2,20,4,0,2,25,46,46,39,False
9691,17331496902,12,13,4,0,1,27,33,33,9,False
6920,13074255915,41,3,4,0,3,39,24,24,24,True
12950,19834840803,12,1,1,0,2,12,41,41,39,False
435,13932780308,34,4,2,0,2,15,28,28,39,False
1482,15735414945,28,1,4,0,3,10,1,1,8,False
2800,18991311567,42,8,3,0,2,1,0,0,9,False
13649,19948700293,9,5,1,0,2,3,4,4,39,False
4116,13670356740,46,12,4,0,0,43,7,7,0,False
1810,17623708813,5,48,4,0,0,23,33,33,39,False
3204,19831701219,37,18,4,0,0,42,46,46,19,False
4497,15079495784,26,4,4,0,0,26,13,13,9,False
3708,13130819298,39,0,3,0,1,36,43,43,39,False
3945,13670356740,26,17,1,0,2,2,9,9,39,False
6469,19881266563,42,2,2,0,0,9,12,12,20,False
9497,17331496902,18,1,2,0,3,39,24,24,24,True
8336,15167050060,3,19,1,0,2,14,28,28,39,False
13266,19834840803,27,8,4,0,3,16,5,5,24,False
11989,18765816132,3,9,3,0,1,3,9,9,9,True
9139,16726368276,11,4,2,0,0,46,33,33,9,False
5493,18702113651,19,8,4,0,2,11,20,20,39,False
8609,15167050060,25,6,4,0,2,11,10,10,24,False
2625,17807329663,18,3,4,0,3,18,3,3,9,False
11393,18664891854,9,12,4,0,3,30,11,11,8,False
2175,17713196465,19,40,4,0,2,19,39,39,39,True
12430,18989781863,43,2,4,0,2,0,22,22,39,False
6188,19852999776,12,7,4,0,0,34,5,5,9,False
5133,18053307086,10,17,4,0,0,22,25,25,39,False
122,13513580369,22,11,3,0,3,18,0,0,9,False
4906,15797725211,34,5,4,0,0,15,11,11,24,False
10769,18365196069,37,11,4,0,3,33,40,40,39,False
1098,15661502139,42,44,4,0,3,19,41,41,39,False
4854,15797725211,32,23,4,0,3,11,39,39,39,True
6048,19852999776,23,9,1,0,3,35,36,36,39,False
1248,15661502139,44,13,4,0,3,10,41,41,39,False
4288,15079495784,18,9,1,0,2,14,21,21,39,False
8437,15167050060,3,14,3,0,1,10,2,2,0,False
7452,13630678332,22,3,1,0,2,0,10,10,39,False
6626,19881266563,49,25,4,0,0,37,0,0,0,True
3355,19970957519,37,3,3,0,1,36,1,1,9,False
7053,13074255915,24,6,4,0,2,19,45,45,20,False
11794,18758415613,9,7,4,0,2,8,36,36,39,False
8997,16630722126,20,28,4,0,1,8,1,1,1,True
3858,13130819298,39,17,4,0,3,0,1,1,39,False
1151,15661502139,45,26,4,0,1,32,24,24,9,False
6996,13074255915,17,25,4,0,0,35,29,29,9,False
3485,19970957519,17,33,4,0,0,31,9,9,9,True
1473,15735414945,19,17,4,0,2,14,21,21,39,False
5754,18802233956,29,7,2,0,1,11,0,0,0,True
8382,15167050060,49,8,1,0,3,37,31,31,20,False
11887,18765816132,2,1,1,0,1,8,1,1,1,True
567,15260233525,15,3,1,0,1,36,15,15,9,False
1336,15735414945,31,4,2,0,0,25,12,12,19,False
8785,16630722126,50,9,2,0,3,25,47,47,39,False
5517,18702113651,43,6,4,0,1,15,31,31,39,False
10073,17527328008,43,5,4,0,3,16,9,9,9,True
9448,17331496902,20,4,1,0,3,31,40,40,39,False
2626,17807329663,19,43,4,0,0,47,2,2,13,False
1161,15661502139,7,41,4,0,3,25,32,32,24,False
12987,19834840803,49,6,1,0,0,32,18,18,1,False
11244,18664891854,10,3,2,0,2,31,47,47,9,False
6337,19852999776,11,2,4,0,0,39,9,9,8,False
1604,15735414945,50,1,4,0,2,38,18,18,1,False
754,15260233525,49,7,4,0,3,10,34,34,39,False
403,13932780308,2,4,2,0,0,25,13,13,19,False
9958,17527328008,28,1,4,0,1,5,2,2,9,False
1497,15735414945,43,14,4,0,3,11,39,39,39,True
9328,16726368276,50,5,4,0,3,22,43,43,39,False
4568,15079495784,47,22,4,0,1,13,19,19,39,False
5495,18702113651,21,12,4,0,3,17,34,34,39,False
11303,18664891854,19,1,3,0,2,0,45,45,39,False
1570,15735414945,16,0,4,0,2,9,12,12,39,False
8011,15165929133,29,0,1,0,2,39,42,42,24,False
14029,19948700293,7,9,4,0,1,33,25,25,9,False
3370,19970957519,2,2,4,0,0,27,5,5,0,False
1810,17623708813,5,74,4,0,3,26,33,33,39,False
5675,18802233956,1,16,1,0,0,10,7,7,39,False
1224,15661502139,20,1,4,0,1,34,22,22,9,False
2354,17807329663,48,0,1,0,2,2,0,0,39,False
13668,19948700293,28,2,1,0,1,33,20,20,9,False
7568,13630678332,37,0,3,0,3,21,28,28,19,False
5572,18702113651,48,4,4,0,0,33,10,10,1,False
6633,19881266563,6,11,4,0,2,24,21,21,9,False
12570,18989781863,33,2,4,0,3,47,27,27,20,False
548,13932780308,47,12,4,0,1,33,32,32,43,False
8209,15165929133,26,10,4,0,2,40,48,48,39,False
11111,18636055184,28,21,4,0,3,24,17,17,9,False
1490,15735414945,36,1,4,0,2,6,12,12,39,False
7476,13630678332,46,3,1,0,0,41,48,48,20,False
7330,13401917913,50,5,4,0,1,30,29,29,9,False
5030,18053307086,7,1,2,0,3,39,47,47,39,False
516,13932780308,15,10,4,0,3,31,10,10,24,False
5447,18702113651,23,6,3,0,0,30,18,18,8,False
12359,18989781863,22,8,3,0,3,31,40,40,39,False
3944,13670356740,25,6,1,0,0,22,9,9,20,False
26,13513580369,27,3,1,0,1,37,23,23,9,False
2690,18991311567,33,7,1,0,0,10,1,1,8,False
6466,19881266563,39,7,2,0,3,18,11,11,9,False
4914,15797725211,42,8,4,0,3,2,16,16,39,False
7802,13943039298,20,8,4,0,0,23,7,7,0,False
9935,17527328008,5,18,4,0,3,36,8,8,9,False
1629,17623708813,25,8,1,0,0,19,3,3,1,False
6875,13074255915,46,5,3,0,3,16,25,25,39,False
4376,15079495784,5,1,3,0,2,10,32,32,39,False
3821,13130819298,2,1,4,0,3,17,27,27,39,False
9661,17331496902,32,4,4,0,3,25,20,20,20,True
7056,13074255915,27,44,4,0,2,40,47,47,39,False
12151,18765816132,15,3,4,0,3,37,39,39,39,True
331,13513580369,31,6,4,0,0,13,6,6,9,False
4619,15079495784,48,49,4,0,1,13,24,24,15,False
5273,18053307086,50,5,4,0,2,25,31,31,24,False
10011,17527328008,31,2,4,0,0,44,31,31,13,False
1255,15735414945,1,3,1,0,1,3,0,0,0,True
3982,13670356740,12,3,2,0,2,15,37,37,39,False
556,15260233525,4,5,1,0,0,14,7,7,1,False
4965,15797725211,43,16,4,0,0,18,3,3,9,False
675,15260233525,22,9,3,0,1,30,38,38,39,False
13628,19859608897,38,4,4,0,0,32,25,25,0,False
5653,18702113651,29,15,4,0,1,30,15,15,0,False
13993,19948700293,4,3,4,0,0,7,1,1,19,False
2674,18991311567,17,0,1,0,0,17,1,1,1,True
2600,17807329663,43,12,4,0,0,22,8,8,9,False
5074,18053307086,1,14,3,0,0,10,7,7,0,False
712,15260233525,7,3,4,0,3,2,16,16,39,False
4611,15079495784,40,4,4,0,1,16,0,0,0,True
1796,17623708813,41,155,4,0,3,17,0,0,0,True
754,15260233525,49,2,4,0,0,15,34,34,39,False
13714,19948700293,23,2,2,0,1,45,42,42,20,False
5822,18802233956,47,6,3,0,3,32,16,16,1,False
5534,18702113651,10,14,4,0,0,29,23,23,19,False
149,13513580369,49,9,3,0,3,28,7,7,1,False
997,15661502139,41,13,2,0,1,36,9,9,9,True
5053,18053307086,30,0,2,0,1,37,2,2,9,False
3087,19831701219,20,24,4,0,1,37,2,2,9,False
10286,17731093916,5,13,4,0,2,30,31,31,39,False
5169,18053307086,46,16,4,0,3,37,7,7,1,False
14071,19948700293,49,4,4,0,0,38,33,33,24,False
10161,17731093916,31,0,1,0,1,3,1,1,39,False
208,13513580369,8,6,4,0,3,8,10,10,39,False
3495,19970957519,27,11,4,0,0,22,2,2,19,False
2955,19831701219,38,7,2,0,1,37,17,17,9,False
14001,19948700293,12,4,4,0,1,15,1,1,0,False
11858,18758415613,23,5,4,0,3,14,21,21,39,False
11177,18636055184,44,8,4,0,3,33,34,34,39,False
2755,18991311567,47,2,2,0,0,19,7,7,9,False
8969,16630722126,42,11,4,0,2,11,28,28,39,False
9147,16726368276,19,6,2,0,2,12,19,19,39,False
13942,19948700293,36,5,4,0,3,44,47,47,19,False
5863,18802233956,38,5,4,0,3,38,39,39,24,False
4691,15797725211,19,5,2,0,2,3,16,16,39,False
486,13932780308,35,2,3,0,2,15,45,45,39,False
5707,18802233956,33,9,1,0,1,19,37,37,0,False
10173,17731093916,43,29,1,0,0,11,19,19,39,False
13155,19834840803,16,0,4,0,1,9,22,22,8,False
5178,18053307086,5,7,4,0,3,17,24,24,39,False
6969,13074255915,40,2,4,0,2,7,15,15,39,False
9544,17331496902,15,1,3,0,1,38,29,29,0,False
3713,13130819298,44,1,3,0,2,22,43,43,39,False
13151,19834840803,12,12,4,0,2,15,10,10,1,False
3155,19831701219,38,3,4,0,2,24,3,3,24,False
12392,18989781863,5,0,4,0,1,19,3,3,20,False
1679,17623708813,24,3,2,0,2,2,8,8,39,False
11202,18664891854,19,0,1,0,2,24,48,48,39,False
6578,19881266563,1,5,4,0,0,18,10,10,9,False
5054,18053307086,31,1,2,0,3,14,46,46,39,False
3638,13130819298,19,21,2,0,3,38,39,39,24,False
12503,18989781863,16,10,4,0,1,5,39,39,39,True
9303,16726368276,25,0,4,0,1,40,18,18,1,False
1080,15661502139,24,11,4,0,1,11,37,37,39,False
2803,18991311567,45,5,3,0,2,15,16,16,39,False
9885,17527328008,5,7,3,0,2,15,28,28,39,False
5504,18702113651,30,3,4,0,1,13,24,24,39,False
1762,17623708813,7,10,4,0,2,7,41,41,39,False
5318,18053307086,45,5,4,0,2,25,29,29,9,False
385,13932780308,35,4,1,0,0,29,14,14,19,False
10854,18636055184,22,8,1,0,2,34,40,40,39,False
2144,17713196465,38,3,4,0,1,17,38,38,39,False
12509,18989781863,22,9,4,0,3,32,39,39,39,True
9480,17331496902,1,0,2,0,2,2,15,15,39,False
3508,19970957519,40,9,4,0,2,17,18,18,39,False
2348,17807329663,42,0,1,0,3,8,24,24,39,False
3698,13130819298,29,1,3,0,3,39,6,6,19,False
4558,15079495784,37,38,4,0,0,31,23,23,9,False
3643,13130819298,24,9,2,0,0,15,1,1,1,True
8137,15165929133,4,9,4,0,0,14,8,8,1,False
2809,18991311567,1,31,4,0,2,33,46,46,39,False
9694,17331496902,15,2,4,0,1,26,41,41,39,False
7068,13074255915,39,2,4,0,1,2,1,1,39,False
13415,19859608897,25,6,3,0,2,16,14,14,24,False
1261,15735414945,7,11,1,0,2,33,19,19,20,False
2174,17713196465,18,44,4,0,1,37,6,6,13,False
5806,18802233956,31,11,3,0,2,26,32,32,39,False
5291,18053307086,18,5,4,0,1,33,9,9,1,False
2299,17713196465,43,11,4,0,2,35,43,43,39,False
1777,17623708813,22,3,4,0,1,9,46,46,1,False
13003,19834840803,14,3,2,0,2,7,28,28,39,False
12591,19550593600,4,3,1,0,3,18,12,12,1,False
7685,13943039298,3,5,2,0,1,22,14,14,0,False
4374,15079495784,3,24,3,0,0,28,9,9,1,False
6675,19881266563,48,2,4,0,3,44,25,25,13,False
8508,15167050060,24,26,4,0,3,33,39,39,39,True
7248,13401917913,18,3,4,0,1,1,40,40,9,False
13346,19859608897,6,7,2,0,2,33,40,40,39,False
2124,17713196465,18,11,4,0,1,10,9,9,0,False
8808,16630722126,23,12,3,0,3,30,31,31,39,False
12520,18989781863,33,1,4,0,0,39,17,17,8,False
13754,19948700293,13,7,3,0,1,15,8,8,0,False
5003,18053307086,31,17,1,0,2,39,46,46,24,False
750,15260233525,45,0,4,0,3,25,5,5,19,False
10679,18365196069,47,1,4,0,1,37,46,46,39,False
8914,16630722126,37,35,4,0,2,19,34,34,39,False
11408,18664891854,24,8,4,0,2,39,31,31,24,False
2866,18991311567,8,10,4,0,2,22,23,23,39,False
2519,17807329663,12,25,4,0,2,8,7,7,39,False
2547,17807329663,40,20,4,0,3,2,18,18,39,False
111,13513580369,11,6,3,0,0,8,1,1,1,True
349,13513580369,49,4,4,0,1,32,31,31,9,False
2223,17713196465,17,8,4,0,2,33,46,46,39,False
5061,18053307086,38,6,2,0,1,29,32,32,39,False
9369,16726368276,41,2,4,0,1,40,48,48,39,False
1579,15735414945,25,13,4,0,2,20,12,12,9,False
12932,19550593600,44,15,4,0,0,44,25,25,20,False
1645,17623708813,41,4,1,0,1,37,21,21,0,False
12323,18989781863,36,10,2,0,1,3,0,0,9,False
2042,17713196465,36,8,2,0,0,25,6,6,19,False
4830,15797725211,8,23,4,0,3,37,47,47,39,False
1500,15735414945,46,15,4,0,1,11,16,16,9,False
1508,15735414945,4,8,4,0,3,30,47,47,39,False
3439,19970957519,21,5,4,0,0,40,2,2,1,False
10076,17527328008,46,5,4,0,3,17,27,27,39,False
11142,18636055184,9,8,4,0,0,22,15,15,0,False
12656,19550593600,13,2,2,0,3,3,12,12,39,False
12503,18989781863,16,14,4,0,2,18,39,39,39,True
5779,18802233956,4,5,3,0,2,24,22,22,24,False
1602,15735414945,48,67,4,0,0,29,7,7,19,False
9844,17527328008,14,2,2,0,1,26,33,33,43,False
9534,17331496902,5,15,3,0,2,25,28,28,9,False
5136,18053307086,13,24,4,0,1,12,17,17,9,False
5912,18802233956,37,13,4,0,3,31,16,16,24,False
6150,19852999776,24,5,3,0,3,30,24,24,1,False
12596,19550593600,9,5,1,0,0,11,13,13,9,False
179,13513580369,29,20,4,0,3,2,16,16,39,False
4775,15797725211,3,20,4,0,1,45,37,37,20,False
3528,19970957519,10,21,4,0,0,11,0,0,0,True
12219,18765816132,33,1,4,0,1,20,15,15,9,False
6111,19852999776,35,4,2,0,0,17,32,32,20,False
5875,18802233956,50,24,4,0,1,38,0,0,0,True
11797,18758415613,12,2,4,0,3,15,24,24,39,False
13850,19948700293,44,12,3,0,1,27,48,48,0,False
1824,17623708813,19,10,4,0,0,24,18,18,24,False
12917,19550593600,29,0,4,0,1,16,1,1,8,False
12606,19550593600,19,13,1,0,2,2,8,8,24,False
10153,17731093916,23,2,1,0,1,45,37,37,20,False
10714,18365196069,32,4,4,0,3,15,8,8,9,False
13591,19859608897,1,1,4,0,0,41,24,24,8,False
12525,18989781863,38,0,4,0,2,0,31,31,39,False
2587,17807329663,30,11,4,0,2,28,31,31,39,False
681,15260233525,28,9,3,0,3,25,32,32,24,False
4468,15079495784,47,21,4,0,1,30,25,25,39,False
3449,19970957519,31,1,4,0,0,42,18,18,13,False
3418,19970957519,50,40,4,0,3,29,41,41,39,False
5927,18802233956,2,5,4,0,0,27,6,6,1,False
12328,18989781863,41,2,2,0,0,23,18,18,24,False
13955,19948700293,49,4,4,0,2,16,14,14,9,False
659,15260233525,6,1,3,0,0,14,22,22,9,False
11831,18758415613,46,8,4,0,1,33,11,11,9,False
10054,17527328008,24,6,4,0,1,35,23,23,19,False
2315,17807329663,9,12,1,0,0,18,9,9,9,True
2044,17713196465,38,9,2,0,3,5,6,6,20,False
11080,18636055184,47,4,4,0,0,28,8,8,16,False
2650,17807329663,43,11,4,0,3,35,43,43,19,False
3001,19831701219,34,13,3,0,0,35,22,22,9,False
4236,13670356740,16,14,4,0,3,32,34,34,39,False
12175,18765816132,39,11,4,0,3,4,5,5,39,False
6208,19852999776,32,18,4,0,2,13,27,27,39,False
10022,17527328008,42,4,4,0,1,17,15,15,0,False
1953,17623708813,48,25,4,0,3,19,34,34,39,False
4256,13670356740,36,1,4,0,3,14,5,5,39,False
3198,19831701219,31,4,4,0,3,32,13,13,10,False
3211,19831701219,44,10,4,0,0,9,12,12,39,False
8914,16630722126,37,63,4,0,1,48,34,34,20,False
8804,16630722126,19,0,3,0,3,16,9,9,24,False
7708,13943039298,26,2,2,0,1,27,19,19,0,False
4140,13670356740,20,29,4,0,2,10,23,23,39,False
797,15260233525,42,14,4,0,0,29,15,15,19,False
6621,19881266563,44,31,4,0,2,23,20,20,24,False
5475,18702113651,1,8,4,0,3,30,39,39,39,True
9248,16726368276,20,18,4,0,2,30,31,31,39,False
5686,18802233956,12,6,1,0,1,9,14,14,1,False
2526,17807329663,19,13,4,0,0,32,18,18,10,False
1534,15735414945,30,15,4,0,2,12,26,26,39,False
3880,13130819298,11,6,4,0,0,25,10,10,9,False
11153,18636055184,20,14,4,0,3,29,1,1,13,False
10266,17731093916,35,2,3,0,1,5,29,29,43,False
3796,13130819298,27,11,4,0,0,23,26,26,39,False
1784,17623708813,29,32,4,0,3,24,19,19,9,False
7846,13943039298,14,4,4,0,0,25,18,18,9,False
13388,19859608897,48,1,2,0,2,10,19,19,39,False
7587,13630678332,6,1,4,0,3,21,14,14,39,False
5188,18053307086,15,0,4,0,0,43,41,41,13,False
13300,19859608897,11,8,1,0,2,24,29,29,24,False
3189,19831701219,22,1,4,0,2,1,25,25,9,False
12153,18765816132,17,16,4,0,2,4,29,29,39,False
1281,15735414945,27,7,1,0,2,18,25,25,39,False
253,13513580369,3,3,4,0,2,24,12,12,24,False
1671,17623708813,16,7,2,0,1,37,1,1,9,False
1437,15735414945,32,15,4,0,3,30,46,46,39,False
5224,18053307086,1,1,4,0,3,8,39,39,39,True
13932,19948700293,26,4,4,0,0,24,9,9,9,True
13868,19948700293,12,30,4,0,1,10,8,8,8,True
441,13932780308,40,9,2,0,0,25,11,11,9,False
9046,16630722126,19,13,4,0,1,45,32,32,20,False
3354,19970957519,36,1,3,0,0,25,44,44,24,False
6395,19881266563,19,19,1,0,1,36,17,17,9,False
13835,19948700293,29,4,3,0,2,10,38,38,39,False
12327,18989781863,40,1,2,0,2,31,0,0,24,False
5571,18702113651,47,5,4,0,0,9,4,4,12,False
10712,18365196069,30,0,4,0,0,16,12,12,19,False
5928,18802233956,3,9,4,0,0,20,12,12,9,False
10432,17731093916,1,17,4,0,0,30,24,24,1,False
7788,13943039298,6,4,4,0,2,24,10,10,24,False
1284,15735414945,30,6,1,0,2,16,31,31,39,False
3888,13130819298,19,23,4,0,0,9,16,16,1,False
7430,13401917913,50,4,4,0,2,11,8,8,8,True
10425,17731093916,44,3,4,0,2,38,40,40,39,False
3740,13130819298,21,4,4,0,3,38,46,46,39,False
8333,15165929133,50,17,4,0,0,14,8,8,1,False
6108,19852999776,32,11,2,0,3,10,32,32,39,False
3114,19831701219,47,6,4,0,0,25,24,24,24,True
13909,19948700293,3,15,4,0,2,26,39,39,15,False
13997,19948700293,8,2,4,0,1,17,15,15,9,False
1169,15661502139,15,13,4,0,2,30,47,47,39,False
12223,18765816132,37,30,4,0,2,33,39,39,39,True
6190,19852999776,14,3,4,0,1,10,38,38,20,False
12101,18765816132,15,15,4,0,1,15,8,8,9,False
15,13513580369,16,4,1,0,3,29,43,43,39,False
6025,18802233956,50,1,4,0,0,26,13,13,9,False
1964,17713196465,9,1,1,0,3,14,25,25,39,False
543,13932780308,42,1,4,0,2,31,39,39,19,False
12542,18989781863,5,4,4,0,2,14,22,22,39,False
1430,15735414945,25,3,4,0,0,23,25,25,39,False
7562,13630678332,31,0,3,0,1,27,34,34,0,False
4961,15797725211,39,17,4,0,0,7,0,0,9,False
13680,19948700293,40,0,1,0,2,13,33,33,39,False
10616,18365196069,34,6,3,0,0,22,14,14,0,False
4583,15079495784,12,50,4,0,2,26,46,46,39,False
2657,17807329663,50,12,4,0,3,2,11,11,39,False
4617,15079495784,46,3,4,0,3,32,25,25,9,False
2229,17713196465,23,12,4,0,3,30,4,4,20,False
5904,18802233956,29,6,4,0,1,37,29,29,9,False
9426,16726368276,48,19,4,0,1,5,4,4,9,False
11937,18765816132,1,0,2,0,1,1,16,16,9,False
1981,17713196465,26,0,1,0,1,17,36,36,39,False
10782,18365196069,50,15,4,0,0,22,8,8,0,False
1796,17623708813,41,91,4,0,3,28,0,0,1,False
3545,19970957519,27,20,4,0,1,29,42,42,39,False
5414,18702113651,40,10,2,0,0,25,17,17,8,False
8761,16630722126,26,5,2,0,2,18,19,19,39,False
5438,18702113651,14,0,3,0,3,2,25,25,39,False
4124,13670356740,4,11,4,0,3,22,10,10,13,False
1441,15735414945,36,10,4,0,3,29,23,23,39,False
2600,17807329663,43,13,4,0,0,15,8,8,9,False
6914,13074255915,35,8,4,0,1,16,9,9,9,True
1619,17623708813,15,6,1,0,3,2,32,32,39,False
3418,19970957519,50,10,4,0,3,16,41,41,39,False
4838,15797725211,16,46,4,0,1,19,24,24,9,False
12439,18989781863,2,17,4,0,1,23,14,14,8,False
11203,18664891854,20,11,1,0,3,46,48,48,19,False
1937,17623708813,32,24,4,0,2,29,39,39,24,False
6570,19881266563,43,30,4,0,0,18,14,14,9,False
12089,18765816132,3,5,4,0,2,0,8,8,39,False
4827,15797725211,5,5,4,0,0,18,0,0,9,False
4470,15079495784,49,44,4,0,3,36,29,29,9,False
13109,19834840803,20,7,4,0,0,21,7,7,8,False
4672,15797725211,51,1,1,0,2,16,7,7,24,False
5435,18702113651,11,11,3,0,1,3,9,9,9,True
6399,19881266563,23,7,1,0,2,12,26,26,39,False
4835,15797725211,13,33,4,0,3,4,25,25,39,False
9415,16726368276,37,3,4,0,0,39,21,21,24,False
1864,17623708813,9,22,4,0,0,10,1,1,0,False
12,13513580369,13,6,1,0,1,29,28,28,9,False
5594,18702113651,20,5,4,0,3,25,39,39,39,True
9636,17331496902,7,2,4,0,1,45,38,38,20,False
10068,17527328008,38,2,4,0,0,17,3,3,0,False
5344,18702113651,21,6,1,0,2,22,23,23,39,False
10106,17527328008,26,5,4,0,2,39,48,48,19,False
9229,16726368276,1,5,4,0,1,46,21,21,8,False
10119,17527328008,39,4,4,0,1,33,5,5,9,False
13921,19948700293,15,3,4,0,3,32,39,39,39,True
9265,16726368276,37,7,4,0,3,26,47,47,39,False
2004,17713196465,49,13,1,0,1,32,37,37,0,False
3827,13130819298,8,13,4,0,3,36,32,32,39,False
5288,18053307086,15,23,4,0,1,44,36,36,9,False
4214,13670356740,44,0,4,0,1,4,7,7,24,False
5981,18802233956,6,20,4,0,2,26,33,33,39,False
1455,15735414945,1,11,4,0,2,2,7,7,0,False
4540,15079495784,19,11,4,0,2,28,18,18,24,False
8462,15167050060,28,6,3,0,2,24,39,39,24,False
7995,15165929133,13,12,1,0,0,30,23,23,1,False
13315,19859608897,26,2,1,0,0,31,24,24,9,False
1185,15661502139,31,14,4,0,0,25,3,3,0,False
647,15260233525,44,4,2,0,0,35,30,30,13,False
2095,17713196465,39,10,3,0,0,19,0,0,1,False
5436,18702113651,12,14,3,0,1,12,2,2,9,False
13264,19834840803,25,15,4,0,2,12,19,19,9,False
11338,18664891854,4,6,4,0,3,16,9,9,24,False
3410,19970957519,42,42,4,0,0,31,24,24,9,False
8503,15167050060,19,4,4,0,3,37,38,38,20,False
231,13513580369,31,5,4,0,0,20,0,0,9,False
11617,18758415613,32,1,2,0,0,44,38,38,20,False
1115,15661502139,9,41,4,0,0,36,25,25,9,False
10283,17731093916,2,5,4,0,3,17,20,20,39,False
8818,16630722126,33,1,3,0,0,22,19,19,39,False
375,13932780308,25,7,1,0,0,8,0,0,0,True
5205,18053307086,32,1,4,0,1,24,1,1,9,False
1469,15735414945,15,12,4,0,2,30,27,27,39,False
12279,18989781863,43,1,1,0,1,27,33,33,0,False
7994,15165929133,12,3,1,0,0,32,26,26,20,False
5164,18053307086,41,3,4,0,2,16,0,0,24,False
8058,15165929133,25,4,2,0,3,17,33,33,39,False
10530,18365196069,49,3,1,0,3,40,32,32,39,False
3013,19831701219,46,10,3,0,0,22,17,17,20,False
4835,15797725211,13,8,4,0,3,23,25,25,39,False
2472,17807329663,15,28,4,0,2,23,39,39,39,True
4368,15079495784,47,4,2,0,0,15,5,5,24,False
7565,13630678332,34,8,3,0,2,37,39,39,39,True
11663,18758415613,28,9,3,0,0,17,10,10,1,False
9475,17331496902,47,4,1,0,0,14,8,8,39,False
4426,15079495784,5,39,4,0,3,24,11,11,24,False
3491,19970957519,23,9,4,0,2,30,33,33,39,False
13881,19948700293,25,1,4,0,0,12,11,11,24,False
6330,19852999776,4,2,4,0,1,31,1,1,9,False
10647,18365196069,15,2,4,0,0,45,31,31,20,False
11202,18664891854,19,10,1,0,3,47,48,48,13,False
8550,15167050060,16,4,4,0,0,23,31,31,39,False
4986,18053307086,14,5,1,0,3,28,22,22,9,False
11010,18636055184,27,26,4,0,1,40,47,47,39,False
2940,19831701219,23,6,2,0,1,11,0,0,0,True
13221,19834840803,32,7,4,0,3,26,20,20,20,True
2035,17713196465,29,23,2,0,1,17,16,16,39,False
5842,18802233956,17,20,4,0,3,28,14,14,9,False
7184,13401917913,4,56,3,0,1,17,24,24,39,False
12887,19550593600,49,2,4,0,3,22,36,36,39,False
1573,15735414945,19,35,4,0,1,37,16,16,9,False
3696,13130819298,27,3,3,0,1,29,45,45,24,False
10886,18636055184,3,1,2,0,0,19,30,30,20,False
3612,13130819298,44,3,1,0,1,3,0,0,9,False
217,13513580369,17,8,4,0,2,18,33,33,39,False
1371,15735414945,16,10,3,0,1,1,0,0,9,False
4902,15797725211,30,11,4,0,3,16,20,20,39,False
6324,19852999776,48,16,4,0,3,19,34,34,39,False
1596,15735414945,42,33,4,0,3,25,41,41,39,False
11048,18636055184,15,4,4,0,0,39,8,8,9,False
12539,18989781863,2,6,4,0,0,34,20,20,19,False
7413,13401917913,33,3,4,0,3,39,33,33,19,False
4789,15797725211,17,4,4,0,3,16,25,25,39,False
4791,15797725211,19,11,4,0,3,30,24,24,39,False
13024,19834840803,35,6,2,0,2,34,40,40,39,False
11721,18758415613,36,5,4,0,0,29,23,23,9,False
106,13513580369,6,13,3,0,3,17,24,24,1,False
8743,16630722126,8,0,2,0,0,9,27,27,20,False
12331,18989781863,44,1,2,0,1,8,18,18,20,False
6957,13074255915,28,6,4,0,3,28,22,22,9,False
6658,19881266563,31,3,4,0,2,24,13,13,9,False
5291,18053307086,18,13,4,0,2,24,9,9,9,True
3848,13130819298,29,2,4,0,2,18,43,43,24,False
6313,19852999776,37,2,4,0,2,12,47,47,19,False
6570,19881266563,43,24,4,0,3,32,14,14,9,False
7311,13401917913,31,14,4,0,0,35,14,14,0,False
10554,18365196069,22,11,2,0,0,44,43,43,13,False
7036,13074255915,7,6,4,0,0,33,5,5,9,False
2165,17713196465,9,15,4,0,3,10,41,41,39,False
1884,17623708813,29,13,4,0,2,16,29,29,14,False
3864,13130819298,45,2,4,0,0,39,0,0,9,False
1895,17623708813,40,5,4,0,3,12,27,27,39,False
1047,15661502139,41,4,3,0,0,33,18,18,13,False
9657,17331496902,28,7,4,0,0,22,2,2,1,False
4674,15797725211,2,5,2,0,0,9,11,11,20,False
8785,16630722126,50,5,2,0,2,3,47,47,39,False
6017,18802233956,42,13,4,0,3,26,1,1,9,False
7712,13943039298,30,3,2,0,2,18,19,19,39,False
8229,15165929133,46,5,4,0,3,45,46,46,19,False
983,15661502139,27,3,2,0,2,28,37,37,39,False
2834,18991311567,26,0,4,0,1,40,16,16,1,False
13733,19948700293,42,6,2,0,1,23,22,22,8,False
4025,13670356740,5,5,3,0,3,10,38,38,39,False
4201,13670356740,31,13,4,0,2,23,31,31,39,False
4159,13670356740,39,16,4,0,3,43,28,28,1,False
4619,15079495784,48,8,4,0,2,8,24,24,39,False
4905,15797725211,33,13,4,0,0,25,19,19,19,True
14058,19948700293,36,12,4,0,0,23,9,9,8,False
4470,15079495784,49,23,4,0,1,36,29,29,9,False
13683,19948700293,43,3,1,0,2,20,27,27,39,False
440,13932780308,39,2,2,0,3,32,11,11,10,False
11591,18758415613,6,9,2,0,2,10,6,6,39,False
500,13932780308,49,5,3,0,3,26,13,13,13,True
6581,19881266563,4,17,4,0,1,33,14,14,0,False
5861,18802233956,36,30,4,0,2,19,32,32,9,False
11766,18758415613,31,4,4,0,3,39,32,32,24,False
3753,13130819298,34,0,4,0,0,33,13,13,13,True
10295,17731093916,14,8,4,0,0,20,19,19,9,False
10748,18365196069,16,5,4,0,2,30,31,31,39,False
7698,13943039298,16,0,2,0,0,43,1,1,9,False
4522,15079495784,1,29,4,0,1,38,43,43,8,False
13006,19834840803,17,6,2,0,1,36,21,21,1,False
3429,19970957519,11,7,4,0,1,9,7,7,1,False
12421,18989781863,34,9,4,0,2,15,48,48,39,False
5859,18802233956,34,11,4,0,2,23,24,24,24,True
4083,13670356740,13,12,4,0,2,31,17,17,24,False
518,13932780308,17,4,4,0,2,16,7,7,9,False
12634,19550593600,47,5,1,0,1,8,28,28,0,False
10396,17731093916,15,2,4,0,3,7,10,10,39,False
4506,15079495784,35,58,4,0,0,24,14,14,9,False
4807,15797725211,35,7,4,0,0,26,2,2,1,False
1862,17623708813,7,5,4,0,2,23,33,33,39,False
8870,16630722126,43,2,3,0,2,2,0,0,39,False
13496,19859608897,6,9,4,0,3,33,40,40,39,False
8228,15165929133,45,8,4,0,3,32,34,34,39,False
10522,18365196069,41,1,1,0,2,34,47,47,39,False
790,15260233525,35,18,4,0,2,10,17,17,39,False
9190,16726368276,12,0,3,0,0,38,47,47,39,False
13466,19859608897,26,2,4,0,0,30,21,21,8,False
8146,15165929133,13,3,4,0,3,2,10,10,39,False
4259,13670356740,39,1,4,0,2,18,36,36,9,False
4508,15079495784,37,8,4,0,2,28,36,36,39,False
7902,13943039298,20,17,4,0,0,18,5,5,1,False
6223,19852999776,47,11,4,0,0,18,17,17,9,False
11761,18758415613,26,0,4,0,3,21,1,1,39,False
4239,13670356740,19,5,4,0,0,38,34,34,24,False
6154,19852999776,28,1,3,0,0,8,7,7,0,False
719,15260233525,14,3,4,0,0,25,29,29,14,False
10029,17527328008,49,33,4,0,3,16,1,1,24,False
4441,15079495784,20,6,4,0,1,16,0,0,0,True
13817,19948700293,11,9,3,0,0,31,24,24,9,False
3138,19831701219,21,4,4,0,3,29,32,32,39,False
10184,17731093916,3,6,2,0,2,10,46,46,39,False
10427,17731093916,46,11,4,0,1,41,39,39,24,False
1127,15661502139,21,16,4,0,2,12,19,19,39,False
4869,15797725211,47,12,4,0,2,2,0,0,15,False
2397,17807329663,40,3,2,0,3,2,10,10,39,False
586,15260233525,34,1,1,0,1,32,19,19,1,False
6843,13074255915,14,7,3,0,3,45,46,46,20,False
10684,18365196069,2,3,4,0,1,46,29,29,8,False
5482,18702113651,8,4,4,0,3,2,17,17,39,False
3304,19970957519,36,3,2,0,2,24,17,17,24,False
2826,18991311567,18,8,4,0,3,19,46,46,39,False
13006,19834840803,17,7,2,0,0,35,21,21,9,False
4777,15797725211,5,31,4,0,1,25,17,17,9,False
1806,17623708813,1,83,4,0,0,28,9,9,19,False
10759,18365196069,27,0,4,0,2,27,45,45,9,False
5348,18702113651,25,6,1,0,2,22,31,31,20,False
728,15260233525,23,4,4,0,2,8,0,0,0,True
7904,13943039298,22,8,4,0,0,18,6,6,1,False
2855,18991311567,47,10,4,0,2,6,32,32,39,False
10477,17731093916,46,14,4,0,3,44,39,39,19,False
4811,15797725211,39,4,4,0,1,2,0,0,39,False
9960,17527328008,30,19,4,0,0,27,20,20,0,False
11122,18636055184,39,10,4,0,0,27,19,19,0,False
5203,18053307086,30,10,4,0,1,17,31,31,24,False
1802,17623708813,47,61,4,0,1,26,6,6,9,False
135,13513580369,35,1,3,0,0,15,11,11,19,False
7021,13074255915,42,9,4,0,3,17,31,31,39,False
1429,15735414945,24,43,4,0,0,25,3,3,0,False
4583,15079495784,12,30,4,0,0,23,46,46,39,False
5049,18053307086,26,1,2,0,0,19,2,2,1,False
3027,19831701219,10,24,4,0,2,25,45,45,24,False
5146,18053307086,23,11,4,0,3,31,2,2,9,False
1146,15661502139,40,21,4,0,2,25,33,33,39,False
2175,17713196465,19,30,4,0,3,23,39,39,39,True
1235,15661502139,31,1,4,0,0,38,11,11,1,False
6794,13074255915,15,0,2,0,0,46,33,33,19,False
11582,18758415613,48,4,1,0,2,35,42,42,9,False
3036,19831701219,19,4,4,0,3,3,4,4,39,False
1791,17623708813,36,3,4,0,0,38,2,2,9,False
1921,17623708813,16,15,4,0,2,28,24,24,39,False
2814,18991311567,6,11,4,0,3,30,46,46,39,False
1137,15661502139,31,12,4,0,3,30,46,46,39,False
9671,17331496902,42,0,4,0,3,8,32,32,39,False
2048,17713196465,42,0,2,0,1,26,5,5,13,False
7948,13943039298,16,13,4,0,1,2,0,0,0,True
14001,19948700293,12,7,4,0,3,0,1,1,1,True
3962,13670356740,43,2,1,0,3,11,20,20,20,True
6535,19881266563,8,4,4,0,2,7,4,4,39,False
1742,17623708813,37,13,3,0,2,24,22,22,24,False
8174,15165929133,41,13,4,0,0,21,8,8,19,False
6759,13074255915,31,1,1,0,2,11,14,14,39,False
11369,18664891854,35,6,4,0,2,4,10,10,24,False
4610,15079495784,39,14,4,0,1,26,21,21,9,False
2045,17713196465,39,12,2,0,3,18,6,6,9,False
10464,17731093916,33,5,4,0,1,34,33,33,9,False
8111,15165929133,28,4,3,0,2,16,14,14,24,False
1293,15735414945,39,5,1,0,3,25,24,24,24,True
1261,15735414945,7,24,1,0,0,34,19,19,0,False
10305,17731093916,24,1,4,0,3,35,39,39,19,False
7236,13401917913,6,10,4,0,1,13,19,19,0,False
11648,18758415613,13,0,3,0,1,40,42,42,39,False
2090,17713196465,34,9,3,0,0,19,6,6,9,False
3863,13130819298,44,46,4,0,0,35,17,17,20,False
9353,16726368276,25,1,4,0,2,4,14,14,24,False
10112,17527328008,32,4,4,0,1,3,8,8,9,False
927,15661502139,22,0,1,0,1,33,16,16,9,False
12649,19550593600,6,6,2,0,3,45,47,47,20,False
10003,17527328008,23,6,4,0,3,25,27,27,20,False
8205,15165929133,22,13,4,0,0,18,4,4,9,False
3378,19970957519,10,8,4,0,2,30,45,45,39,False
1501,15735414945,47,51,4,0,1,37,16,16,9,False
1120,15661502139,14,24,4,0,0,38,1,1,0,False
13197,19834840803,8,31,4,0,0,15,0,0,0,True
288,13513580369,38,8,4,0,0,7,0,0,9,False
5336,18702113651,13,1,1,0,1,9,33,33,39,False
5476,18702113651,2,8,4,0,1,25,32,32,24,False
13050,19834840803,11,5,3,0,3,44,45,45,20,False
6018,18802233956,43,22,4,0,2,33,31,31,9,False
5221,18053307086,48,11,4,0,3,30,31,31,39,False
5054,18053307086,31,2,2,0,2,15,46,46,39,False
5381,18702113651,7,5,2,0,3,47,41,41,13,False
1203,15661502139,49,6,4,0,1,30,37,37,39,False
2920,19831701219,3,3,2,0,3,14,1,1,1,True
11134,18636055184,1,18,4,0,2,25,24,24,24,True
5541,18702113651,17,13,4,0,1,27,6,6,9,False
6630,19881266563,3,3,4,0,3,2,24,24,39,False
7793,13943039298,11,3,4,0,1,46,29,29,8,False
8488,15167050060,4,2,4,0,2,19,26,26,20,False
3875,13130819298,6,2,4,0,3,7,12,12,39,False
7037,13074255915,8,15,4,0,0,8,1,1,0,False
8954,16630722126,27,20,4,0,2,5,20,20,39,False
7746,13943039298,14,1,3,0,1,26,9,9,9,True
5820,18802233956,45,16,3,0,0,29,14,14,19,False
4845,15797725211,23,12,4,0,0,38,16,16,9,False
10669,18365196069,37,5,4,0,0,23,18,18,24,False
8054,15165929133,21,5,2,0,0,41,33,33,20,False
6693,19881266563,15,3,4,0,0,10,1,1,20,False
11356,18664891854,22,7,4,0,0,45,31,31,20,False
9433,17331496902,5,4,1,0,0,17,3,3,1,False
3100,19831701219,33,3,4,0,1,10,7,7,20,False
2144,17713196465,38,11,4,0,2,28,38,38,39,False
4421,15079495784,50,10,3,0,2,20,12,12,9,False
5045,18053307086,22,6,2,0,1,3,8,8,9,False
11362,18664891854,28,9,4,0,1,39,10,10,24,False
5122,18053307086,49,3,3,0,2,31,22,22,24,False
6781,13074255915,2,0,2,0,1,9,16,16,1,False
2624,17807329663,17,8,4,0,1,32,31,31,9,False
7078,13074255915,49,20,4,0,0,31,24,24,9,False
488,13932780308,37,5,3,0,1,29,44,44,39,False
1273,15735414945,19,6,1,0,2,16,47,47,39,False
8212,15165929133,29,11,4,0,0,34,20,20,8,False
3379,19970957519,11,3,4,0,3,1,10,10,9,False
11999,18765816132,13,2,3,0,1,37,43,43,20,False
3395,19970957519,27,4,4,0,0,38,17,17,9,False
8160,15165929133,27,22,4,0,2,25,47,47,24,False
881,15260233525,26,11,4,0,1,35,30,30,19,False
3145,19831701219,28,5,4,0,1,19,33,33,39,False
9263,16726368276,35,22,4,0,0,7,1,1,9,False
9650,17331496902,21,4,4,0,0,22,8,8,0,False
9690,17331496902,11,7,4,0,2,18,6,6,1,False
5884,18802233956,9,8,4,0,0,36,1,1,9,False
10894,18636055184,11,6,2,0,3,16,9,9,24,False
6611,19881266563,34,10,4,0,0,30,23,23,20,False
6483,19881266563,6,1,3,0,2,20,13,13,9,False
8321,15165929133,38,17,4,0,1,31,2,2,9,False
732,15260233525,27,2,4,0,0,25,5,5,19,False
8239,15165929133,6,18,4,0,2,32,40,40,39,False
9145,16726368276,17,9,2,0,2,12,19,19,39,False
5285,18053307086,12,4,4,0,3,26,3,3,1,False
4447,15079495784,26,0,4,0,1,23,15,15,8,False
5502,18702113651,28,5,4,0,0,33,13,13,13,True
8839,16630722126,12,1,3,0,0,37,7,7,9,False
9337,16726368276,9,12,4,0,1,29,36,36,39,False
227,13513580369,27,1,4,0,3,28,19,19,24,False
3784,13130819298,15,11,4,0,3,47,41,41,20,False
14050,19948700293,28,1,4,0,3,36,22,22,9,False
4792,15797725211,20,55,4,0,2,13,20,20,39,False
11568,18758415613,34,3,1,0,2,3,12,12,39,False
8893,16630722126,16,5,4,0,3,14,15,15,39,False
4113,13670356740,43,22,4,0,3,29,24,24,39,False
8901,16630722126,24,16,4,0,3,30,38,38,39,False
2619,17807329663,12,18,4,0,3,45,46,46,19,False
3949,13670356740,30,8,1,0,3,31,17,17,24,False
5387,18702113651,13,1,2,0,3,39,47,47,39,False
2131,17713196465,25,4,4,0,2,9,31,31,39,False
1774,17623708813,19,44,4,0,3,31,6,6,24,False
1349,15735414945,44,32,2,0,2,22,23,23,39,False
2582,17807329663,25,2,4,0,2,39,15,15,9,False
2547,17807329663,40,12,4,0,2,7,18,18,39,False
5137,18053307086,14,8,4,0,2,27,29,29,0,False
8536,15167050060,2,4,4,0,2,4,2,2,24,False
11639,18758415613,4,0,3,0,2,39,8,8,24,False
7537,13630678332,6,12,3,0,3,21,1,1,19,False
10673,18365196069,41,11,4,0,0,17,9,9,1,False
9970,17527328008,40,1,4,0,3,0,31,31,39,False
3917,13130819298,48,20,4,0,0,29,7,7,9,False
3051,19831701219,34,5,4,0,1,9,14,14,1,False
2649,17807329663,42,15,4,0,1,19,33,33,39,False
12038,18765816132,2,3,4,0,3,18,12,12,39,False
10986,18636055184,3,13,4,0,2,18,19,19,39,False
9730,17331496902,1,7,4,0,2,36,43,43,39,False
9441,17331496902,13,3,1,0,3,32,46,46,39,False
14038,19948700293,16,0,4,0,2,14,28,28,39,False
929,15661502139,24,2,1,0,0,25,16,16,9,False
5492,18702113651,18,22,4,0,0,31,30,30,9,False
8259,15165929133,26,13,4,0,2,25,39,39,9,False
786,15260233525,31,8,4,0,3,31,17,17,24,False
8541,15167050060,7,6,4,0,0,13,11,11,8,False
3169,19831701219,2,26,4,0,1,3,2,2,9,False
1542,15735414945,38,18,4,0,1,10,16,16,39,False
4915,15797725211,43,4,4,0,0,15,18,18,24,False
11123,18636055184,40,11,4,0,3,32,47,47,39,False
5530,18702113651,6,20,4,0,3,45,3,3,20,False
5099,18053307086,26,9,3,0,1,9,1,1,1,True
5426,18702113651,2,1,3,0,0,31,2,2,9,False
6651,19881266563,24,11,4,0,0,24,18,18,24,False
11477,18664891854,43,6,4,0,2,38,47,47,39,False
12789,19550593600,1,12,4,0,3,4,13,13,39,False
4078,13670356740,8,3,4,0,1,18,37,37,9,False
719,15260233525,14,2,4,0,1,26,29,29,24,False
5097,18053307086,24,13,3,0,2,28,46,46,39,False
2466,17807329663,9,34,4,0,2,28,23,23,39,False
1896,17623708813,41,5,4,0,2,12,47,47,39,False
4289,15079495784,19,9,1,0,2,31,16,16,24,False
5065,18053307086,42,15,2,0,2,11,20,20,39,False
11596,18758415613,11,4,2,0,3,39,33,33,19,False
2628,17807329663,21,29,4,0,2,8,0,0,9,False
7947,13943039298,15,19,4,0,1,16,8,8,9,False
1793,17623708813,38,54,4,0,3,33,34,34,39,False
6903,13074255915,24,12,4,0,3,25,26,26,39,False
4665,15797725211,44,2,1,0,2,15,44,44,39,False
3630,13130819298,11,12,2,0,0,29,8,8,9,False
4695,15797725211,23,7,2,0,0,35,28,28,9,False
12220,18765816132,34,24,4,0,0,36,22,22,1,False
8631,15167050060,47,11,4,0,3,32,39,39,39,True
4515,15079495784,44,1,4,0,0,29,9,9,9,True
11798,18758415613,13,24,4,0,3,11,19,19,9,False
8138,15165929133,5,3,4,0,3,12,27,27,20,False
2638,17807329663,31,16,4,0,3,25,15,15,8,False
1845,17623708813,12,4,4,0,0,22,18,18,39,False
9874,17527328008,44,4,2,0,0,31,24,24,9,False
13201,19834840803,12,2,4,0,2,20,33,33,15,False
1774,17623708813,19,151,4,0,0,12,6,6,9,False
6000,18802233956,25,39,4,0,0,33,17,17,9,False
4723,15797725211,1,4,3,0,3,10,26,26,39,False
1095,15661502139,39,30,4,0,2,13,36,36,0,False
6073,19852999776,48,7,1,0,2,12,31,31,39,False
5305,18053307086,32,21,4,0,0,15,9,9,9,True
1550,15735414945,46,42,4,0,2,8,14,14,39,False
10325,17731093916,44,4,4,0,1,32,46,46,39,False
11089,18636055184,6,7,4,0,3,9,21,21,39,False
3398,19970957519,30,20,4,0,2,23,29,29,39,False
1712,17623708813,7,12,3,0,1,17,16,16,39,False
6327,19852999776,1,9,4,0,2,2,7,7,0,False
8229,15165929133,46,4,4,0,3,44,46,46,19,False
4657,15797725211,36,3,1,0,2,3,11,11,39,False
9839,17527328008,9,0,2,0,2,3,6,6,39,False
4641,15797725211,20,3,1,0,2,16,24,24,24,True
2313,17807329663,7,1,1,0,0,33,9,9,1,False
4183,13670356740,13,4,4,0,2,22,23,23,39,False
1429,15735414945,24,1,4,0,1,24,3,3,9,False
8238,15165929133,5,4,4,0,1,5,11,11,39,False
3902,13130819298,33,1,4,0,1,25,21,21,8,False
8458,15167050060,24,2,3,0,3,37,31,31,20,False
4218,13670356740,48,1,4,0,0,39,36,36,9,False
4641,15797725211,20,8,1,0,3,16,24,24,39,False
14060,19948700293,38,21,4,0,2,23,24,24,24,True
2930,19831701219,13,3,2,0,2,6,18,18,39,False
4253,13670356740,33,1,4,0,2,7,4,4,39,False
3528,19970957519,10,25,4,0,2,2,0,0,0,True
4441,15079495784,20,8,4,0,2,16,0,0,9,False
9728,17331496902,49,2,4,0,3,32,1,1,1,True
845,15260233525,40,6,4,0,3,2,11,11,39,False
12316,18989781863,29,9,2,0,0,17,3,3,1,False
11573,18758415613,39,5,1,0,2,34,41,41,39,False
70,13513580369,20,5,2,0,3,2,3,3,39,False
3764,13130819298,45,2,4,0,0,41,5,5,20,False
10976,18636055184,43,1,3,0,0,10,9,9,20,False
7838,13943039298,6,2,4,0,1,17,15,15,0,False
1935,17623708813,30,34,4,0,2,3,23,23,39,False
3595,13130819298,27,0,1,0,0,46,47,47,19,False
3864,13130819298,45,21,4,0,1,12,0,0,9,False
9199,16726368276,21,3,3,0,2,31,30,30,24,False
3418,19970957519,50,95,4,0,2,38,41,41,24,False
11425,18664891854,41,1,4,0,2,13,8,8,0,False
10243,17731093916,12,8,3,0,3,17,5,5,20,False
12749,19550593600,8,7,4,0,2,11,2,2,24,False
8764,16630722126,29,4,2,0,2,10,19,19,39,False
11344,18664891854,10,12,4,0,0,17,2,2,9,False
476,13932780308,25,6,3,0,2,18,20,20,24,False
1429,15735414945,24,5,4,0,3,31,3,3,24,False
9021,16630722126,44,3,4,0,2,27,34,34,39,False
2007,17713196465,1,1,2,0,0,44,1,1,13,False
6077,19852999776,1,6,2,0,2,2,0,0,24,False
1806,17623708813,1,84,4,0,3,28,9,9,1,False
4130,13670356740,10,12,4,0,3,8,2,2,13,False
10802,18365196069,20,5,4,0,2,18,19,19,39,False
3641,13130819298,22,3,2,0,2,2,1,1,39,False
3465,19970957519,47,0,4,0,2,19,24,24,20,False
5248,18053307086,25,11,4,0,0,42,43,43,19,False
7203,13401917913,23,3,3,0,0,44,42,42,0,False
9453,17331496902,25,6,1,0,0,14,1,1,1,True
11427,18664891854,43,2,4,0,0,24,21,21,9,False
6136,19852999776,10,3,3,0,1,19,40,40,20,False
13465,19859608897,25,3,4,0,3,29,21,21,9,False
8369,15167050060,36,1,1,0,0,37,21,21,9,False
4374,15079495784,3,4,3,0,2,24,9,9,24,False
3953,13670356740,34,6,1,0,3,29,38,38,39,False
7655,13943039298,24,3,1,0,3,39,41,41,19,False
1465,15735414945,11,9,4,0,0,20,9,9,9,True
1094,15661502139,38,4,4,0,0,40,0,0,1,False
2543,17807329663,36,1,4,0,0,18,3,3,9,False
11064,18636055184,31,1,4,0,3,37,2,2,9,False
5213,18053307086,40,8,4,0,1,26,19,19,1,False
8029,15165929133,47,13,1,0,2,23,31,31,39,False
1428,15735414945,23,4,4,0,1,11,0,0,9,False
3467,19970957519,49,0,4,0,3,7,25,25,39,False
9804,17527328008,25,20,1,0,2,10,9,9,0,False
4351,15079495784,30,1,2,0,0,25,36,36,24,False
555,15260233525,3,1,1,0,1,3,1,1,0,False
4526,15079495784,5,11,4,0,2,17,24,24,39,False
8497,15167050060,13,6,4,0,3,32,39,39,39,True
3596,13130819298,28,9,1,0,1,36,43,43,39,False
7317,13401917913,37,12,4,0,0,30,21,21,8,False
4503,15079495784,32,22,4,0,3,37,39,39,39,True
7625,13630678332,44,35,4,0,0,10,3,3,0,False
7917,13943039298,35,3,4,0,2,10,48,48,39,False
8013,15165929133,31,9,1,0,1,3,9,9,9,True
906,15661502139,1,12,1,0,1,11,31,31,39,False
4552,15079495784,31,10,4,0,2,30,7,7,0,False
5772,18802233956,47,2,2,0,3,14,9,9,39,False
10148,17731093916,18,0,1,0,2,24,5,5,24,False
5979,18802233956,4,1,4,0,1,39,14,14,9,False
9815,17527328008,36,6,1,0,0,18,12,12,1,False
5409,18702113651,35,3,2,0,0,19,1,1,1,True
6599,19881266563,22,15,4,0,1,19,41,41,39,False
2482,17807329663,25,1,4,0,2,10,32,32,39,False
1065,15661502139,9,6,4,0,2,33,36,36,9,False
4014,13670356740,44,2,2,0,1,37,8,8,9,False
1479,15735414945,25,1,4,0,1,39,21,21,9,False
11741,18758415613,6,10,4,0,2,23,30,30,39,False
4506,15079495784,35,27,4,0,1,24,14,14,9,False
13915,19948700293,9,0,4,0,3,42,39,39,13,False
7585,13630678332,4,10,4,0,0,16,8,8,24,False
3066,19831701219,49,1,4,0,1,13,24,24,15,False
2180,17713196465,24,8,4,0,3,30,31,31,39,False
113,13513580369,13,4,3,0,0,9,23,23,1,False
7911,13943039298,29,2,4,0,1,12,18,18,39,False
7719,13943039298,37,2,2,0,3,22,11,11,39,False
4419,15079495784,48,2,3,0,2,12,39,39,19,False
3765,13130819298,46,41,4,0,3,9,16,16,39,False
655,15260233525,2,28,3,0,1,33,24,24,9,False
4961,15797725211,39,15,4,0,1,15,0,0,9,False
11786,18758415613,1,14,4,0,1,18,9,9,9,True
12772,19550593600,31,22,4,0,3,11,20,20,39,False
1734,17623708813,29,0,3,0,2,23,27,27,39,False
6320,19852999776,44,0,4,0,0,44,17,17,13,False
1796,17623708813,41,227,4,0,1,39,0,0,0,True
7442,13630678332,12,1,1,0,1,27,41,41,0,False
9727,17331496902,48,20,4,0,1,47,40,40,20,False
5241,18053307086,18,3,4,0,2,25,32,32,24,False
7074,13074255915,45,4,4,0,2,37,46,46,39,False
8154,15165929133,21,2,4,0,0,38,40,40,24,False
128,13513580369,28,3,3,0,2,28,45,45,39,False
8996,16630722126,19,24,4,0,1,11,10,10,9,False
209,13513580369,9,10,4,0,0,26,6,6,9,False
14104,19948700293,32,3,4,0,0,39,3,3,9,False
5188,18053307086,15,3,4,0,0,44,41,41,19,False
2793,18991311567,35,3,3,0,3,3,20,20,39,False
10542,18365196069,10,7,2,0,1,9,8,8,1,False
3584,13130819298,16,26,1,0,1,11,20,20,20,True
6637,19881266563,10,32,4,0,1,12,2,2,9,False
5868,18802233956,43,20,4,0,3,5,11,11,39,False
8740,16630722126,5,9,2,0,2,16,14,14,24,False
4676,15797725211,4,0,2,0,3,14,11,11,19,False
8441,15167050060,7,2,3,0,3,7,8,8,39,False
2737,18991311567,29,12,2,0,2,18,20,20,39,False
10643,18365196069,11,0,4,0,0,40,21,21,1,False
8867,16630722126,40,11,3,0,0,22,15,15,0,False
6697,19881266563,19,13,4,0,3,19,2,2,1,False
2309,17807329663,3,4,1,0,0,17,36,36,1,False
12937,19550593600,49,16,4,0,3,21,14,14,19,False
11272,18664891854,38,5,2,0,0,41,34,34,20,False
6594,19881266563,17,7,4,0,1,33,14,14,9,False
6621,19881266563,44,47,4,0,3,9,20,20,39,False
13141,19834840803,2,5,4,0,3,32,46,46,39,False
5293,18053307086,20,1,4,0,3,39,11,11,19,False
11467,18664891854,33,5,4,0,0,48,27,27,20,False
11748,18758415613,13,5,4,0,0,37,23,23,9,False
48,13513580369,49,22,1,0,1,36,16,16,9,False
463,13932780308,12,7,3,0,2,12,46,46,39,False
5153,18053307086,30,11,4,0,0,14,7,7,1,False
9701,17331496902,22,0,4,0,2,27,39,39,9,False
9039,16630722126,12,8,4,0,2,3,41,41,39,False
1172,15661502139,18,18,4,0,0,17,41,41,39,False
11894,18765816132,9,5,1,0,2,23,31,31,39,False
2225,17713196465,19,6,4,0,1,17,24,24,39,False
13702,19948700293,11,4,2,0,1,33,32,32,9,False
6408,19881266563,32,1,1,0,3,2,10,10,39,False
8074,15165929133,41,8,2,0,3,46,48,48,19,False
8806,16630722126,21,2,3,0,0,41,32,32,20,False
885,15260233525,30,6,4,0,2,12,47,47,39,False
4128,13670356740,8,8,4,0,2,28,43,43,39,False
13854,19948700293,48,4,3,0,1,38,21,21,0,False
12057,18765816132,21,3,4,0,3,18,48,48,39,False
2220,17713196465,14,13,4,0,2,11,32,32,39,False
1954,17623708813,49,30,4,0,0,18,9,9,9,True
6256,19852999776,30,14,4,0,3,29,16,16,39,False
7253,13401917913,23,43,4,0,0,16,13,13,19,False
1517,15735414945,13,2,4,0,3,0,23,23,39,False
6803,13074255915,24,0,2,0,1,1,45,45,9,False
4589,15079495784,18,19,4,0,2,31,3,3,9,False
8652,15167050060,18,14,4,0,0,16,15,15,9,False
2549,17807329663,42,8,4,0,1,11,17,17,0,False
5385,18702113651,11,2,2,0,3,45,47,47,20,False
10351,17731093916,20,7,4,0,0,37,1,1,0,False
9588,17331496902,9,12,4,0,1,26,45,45,15,False
12979,19834840803,41,1,1,0,1,33,26,26,9,False
10435,17731093916,4,8,4,0,3,33,39,39,39,True
5888,18802233956,13,4,4,0,1,26,10,10,1,False
4251,13670356740,31,6,4,0,1,6,14,14,9,False
9786,17527328008,7,4,1,0,0,46,20,20,20,True
964,15661502139,8,14,2,0,1,33,38,38,9,False
8560,15167050060,26,3,4,0,2,22,28,28,39,False
3497,19970957519,29,6,4,0,2,39,38,38,8,False
11594,18758415613,9,4,2,0,0,11,6,6,8,False
4916,15797725211,44,19,4,0,0,22,14,14,0,False
1796,17623708813,41,264,4,0,1,15,0,0,9,False
7798,13943039298,16,6,4,0,1,41,40,40,24,False
1383,15735414945,28,5,3,0,0,42,44,44,13,False
4515,15079495784,44,5,4,0,0,15,9,9,9,True
1944,17623708813,39,6,4,0,1,6,0,0,0,True
10941,18636055184,8,1,3,0,0,9,29,29,1,False
2836,18991311567,28,3,4,0,0,31,14,14,9,False
6246,19852999776,20,17,4,0,1,26,10,10,1,False
1219,15661502139,15,6,4,0,0,19,36,36,9,False
11341,18664891854,7,16,4,0,3,33,48,48,39,False
8873,16630722126,46,3,3,0,0,23,14,14,0,False
6604,19881266563,27,8,4,0,2,19,25,25,39,False
9372,16726368276,44,16,4,0,0,11,20,20,39,False
7969,13943039298,37,9,4,0,3,9,47,47,39,False
4832,15797725211,10,0,4,0,1,39,0,0,8,False
14109,19948700293,37,8,4,0,2,10,23,23,39,False
2640,17807329663,33,4,4,0,2,3,46,46,39,False
11469,18664891854,35,12,4,0,0,38,19,19,19,True
9395,16726368276,17,2,4,0,0,45,33,33,20,False
3319,19970957519,1,9,3,0,1,17,31,31,39,False
425,13932780308,24,13,2,0,0,25,0,0,9,False
12475,18989781863,38,11,4,0,0,27,20,20,0,False
5865,18802233956,40,23,4,0,3,15,16,16,19,False
5190,18053307086,17,5,4,0,1,19,33,33,39,False
13690,19948700293,50,3,1,0,2,25,41,41,19,False
11402,18664891854,18,14,4,0,0,11,4,4,9,False
7308,13401917913,28,4,4,0,0,24,17,17,8,False
5489,18702113651,15,12,4,0,3,3,4,4,39,False
11294,18664891854,10,1,3,0,3,40,27,27,20,False
8840,16630722126,13,4,3,0,0,9,10,10,1,False
13068,19834840803,29,7,3,0,0,31,24,24,9,False
5934,18802233956,9,3,4,0,3,37,12,12,13,False
8511,15167050060,27,26,4,0,1,10,14,14,0,False
11292,18664891854,8,0,3,0,1,26,45,45,39,False
6702,19881266563,24,14,4,0,2,29,24,24,24,True
7448,13630678332,18,12,1,0,2,34,39,39,39,True
5453,18702113651,29,6,3,0,1,27,5,5,0,False
13468,19859608897,28,4,4,0,0,32,20,20,20,True
2185,17713196465,29,22,4,0,1,26,25,25,1,False
5621,18702113651,47,9,4,0,2,12,19,19,39,False
9236,16726368276,8,30,4,0,3,26,11,11,24,False
2270,17713196465,14,5,4,0,1,40,28,28,1,False
11029,18636055184,46,3,4,0,3,31,47,47,39,False
3107,19831701219,40,7,4,0,3,23,18,18,19,False
4576,15079495784,5,1,4,0,2,11,15,15,15,True
4263,13670356740,43,13,4,0,1,13,25,25,39,False
1764,17623708813,9,3,4,0,3,40,48,48,39,False
3357,19970957519,39,0,3,0,0,38,12,12,9,False
4579,15079495784,8,16,4,0,0,33,11,11,9,False
5672,18702113651,48,3,4,0,3,8,34,34,39,False
3075,19831701219,8,7,4,0,0,31,24,24,9,False
9451,17331496902,23,7,1,0,2,24,22,22,24,False
5456,18702113651,32,1,3,0,3,14,19,19,39,False
663,15260233525,10,17,3,0,3,10,20,20,20,True
10312,17731093916,31,2,4,0,1,48,34,34,20,False
13090,19834840803,1,19,4,0,3,32,39,39,39,True
8023,15165929133,41,1,1,0,2,11,3,3,39,False
11547,18758415613,13,8,1,0,2,16,30,30,19,False
3114,19831701219,47,15,4,0,1,31,24,24,9,False
5598,18702113651,24,6,4,0,0,19,2,2,9,False
9522,17331496902,43,13,2,0,3,32,41,41,39,False
11049,18636055184,16,12,4,0,2,10,46,46,39,False
14003,19948700293,14,14,4,0,0,23,8,8,8,True
4719,15797725211,47,3,2,0,0,12,5,5,9,False
6962,13074255915,33,0,4,0,0,26,15,15,8,False
13503,19859608897,13,7,4,0,2,25,41,41,39,False
6656,19881266563,29,8,4,0,3,25,38,38,24,False
4625,15797725211,4,22,1,0,0,15,24,24,39,False
3207,19831701219,40,17,4,0,2,25,34,34,39,False
5013,18053307086,41,4,1,0,2,2,9,9,39,False
13230,19834840803,41,2,4,0,3,36,40,40,13,False
2565,17807329663,8,3,4,0,2,0,10,10,39,False
3206,19831701219,39,11,4,0,3,25,28,28,24,False
7537,13630678332,6,11,3,0,1,22,1,1,1,True
9095,16726368276,18,1,1,0,0,27,12,12,0,False
7264,13401917913,34,6,4,0,2,40,48,48,39,False
13707,19948700293,16,12,2,0,2,2,1,1,24,False
1447,15735414945,42,11,4,0,1,11,16,16,9,False
586,15260233525,34,6,1,0,0,33,19,19,13,False
5115,18053307086,42,3,3,0,3,32,23,23,10,False
13187,19834840803,48,21,4,0,0,10,9,9,8,False
11718,18758415613,33,3,4,0,2,0,39,39,39,True
185,13513580369,35,14,4,0,0,11,47,47,39,False
3414,19970957519,46,25,4,0,1,36,21,21,9,False
4684,15797725211,12,24,2,0,0,41,19,19,20,False
2756,18991311567,48,6,2,0,2,8,7,7,0,False
4015,13670356740,45,6,2,0,0,29,8,8,19,False
10475,17731093916,44,5,4,0,1,33,5,5,9,False
11638,18758415613,3,1,3,0,1,41,48,48,39,False
1243,15661502139,39,6,4,0,2,2,0,0,15,False
5729,18802233956,4,19,2,0,3,33,34,34,39,False
14023,19948700293,1,17,4,0,2,24,16,16,24,False
1104,15661502139,48,6,4,0,2,41,48,48,9,False
9445,17331496902,17,2,1,0,1,47,33,33,13,False
4909,15797725211,37,3,4,0,1,31,16,16,8,False
12397,18989781863,10,0,4,0,1,40,2,2,1,False
1028,15661502139,22,3,3,0,1,36,43,43,43,True
6613,19881266563,36,4,4,0,0,26,13,13,9,False
8531,15167050060,47,16,4,0,2,15,4,4,24,False
3628,13130819298,9,0,2,0,2,0,44,44,24,False
11229,18664891854,46,2,1,0,0,38,40,40,24,False
1221,15661502139,17,11,4,0,3,10,46,46,39,False
11728,18758415613,43,2,4,0,3,17,39,39,39,True
1901,17623708813,46,3,4,0,1,18,3,3,9,False
416,13932780308,15,2,2,0,3,14,35,35,9,False
11363,18664891854,29,15,4,0,3,15,16,16,39,False
12448,18989781863,11,2,4,0,1,40,47,47,39,False
10350,17731093916,19,7,4,0,0,46,10,10,20,False
2817,18991311567,9,15,4,0,1,37,29,29,9,False
13285,19834840803,46,1,4,0,3,38,39,39,39,True
5988,18802233956,13,5,4,0,3,16,39,39,39,True
5423,18702113651,49,5,2,0,1,19,26,26,20,False
12470,18989781863,33,1,4,0,3,39,26,26,19,False
5954,18802233956,29,4,4,0,2,9,16,16,39,False
12886,19550593600,48,11,4,0,2,33,48,48,39,False
13060,19834840803,21,4,3,0,2,15,29,29,39,False
5083,18053307086,10,2,3,0,2,7,1,1,39,False
4875,15797725211,3,16,4,0,0,26,12,12,9,False
1944,17623708813,39,19,4,0,0,14,0,0,1,False
5859,18802233956,34,49,4,0,1,25,24,24,24,True
2615,17807329663,8,7,4,0,3,18,11,11,9,False
2479,17807329663,22,16,4,0,3,35,38,38,39,False
7446,13630678332,16,12,1,0,3,32,39,39,39,True
4159,13670356740,39,19,4,0,1,37,28,28,9,False
13488,19859608897,48,7,4,0,3,31,40,40,39,False
1511,15735414945,7,8,4,0,1,18,9,9,9,True
1530,15735414945,26,9,4,0,1,30,32,32,39,False
11221,18664891854,38,5,1,0,3,33,39,39,39,True
4472,15079495784,1,8,4,0,3,38,25,25,19,False
5226,18053307086,3,13,4,0,0,19,12,12,1,False
989,15661502139,33,0,2,0,1,3,20,20,39,False
9321,16726368276,43,6,4,0,2,4,9,9,15,False
11082,18636055184,49,0,4,0,2,15,36,36,39,False
1312,15735414945,7,6,2,0,2,31,7,7,24,False
6266,19852999776,40,8,4,0,3,32,39,39,39,True
10694,18365196069,12,5,4,0,3,39,34,34,19,False
14073,19948700293,1,3,4,0,3,2,17,17,39,False
2395,17807329663,38,7,2,0,1,11,10,10,0,False
13170,19834840803,31,2,4,0,2,27,34,34,39,False
5132,18053307086,9,10,4,0,2,24,0,0,9,False
1851,17623708813,18,2,4,0,2,16,14,14,24,False
10831,18365196069,49,18,4,0,3,31,39,39,39,True
9935,17527328008,5,9,4,0,1,24,8,8,24,False
6068,19852999776,43,12,1,0,2,16,2,2,24,False
5401,18702113651,27,3,2,0,2,37,43,43,39,False
2493,17807329663,36,10,4,0,3,16,47,47,39,False
5922,18802233956,47,21,4,0,3,42,45,45,19,False
2556,17807329663,49,10,4,0,1,9,14,14,1,False
6719,19881266563,41,20,4,0,1,46,29,29,8,False
1765,17623708813,10,102,4,0,2,38,13,13,24,False
8275,15165929133,42,14,4,0,3,4,12,12,39,False
4704,15797725211,32,7,2,0,1,10,1,1,8,False
4885,15797725211,13,0,4,0,0,47,10,10,13,False
11445,18664891854,11,2,4,0,2,31,30,30,9,False
1545,15735414945,41,6,4,0,3,10,34,34,39,False
3419,19970957519,1,1,4,0,1,17,38,38,39,False
313,13513580369,13,13,4,0,3,25,24,24,24,True
2292,17713196465,36,5,4,0,3,8,16,16,39,False
7168,13401917913,38,8,2,0,0,30,34,34,39,False
6661,19881266563,34,17,4,0,1,30,20,20,8,False
3506,19970957519,38,14,4,0,2,9,16,16,39,False
6043,19852999776,18,2,1,0,0,15,4,4,24,False
10810,18365196069,28,6,4,0,3,22,23,23,39,False
13978,19948700293,22,5,4,0,0,44,38,38,20,False
3906,13130819298,37,2,4,0,2,13,46,46,39,False
13239,19834840803,50,1,4,0,0,39,33,33,19,False
7839,13943039298,7,2,4,0,2,19,15,15,20,False
11863,18758415613,28,13,4,0,3,4,12,12,39,False
2627,17807329663,20,22,4,0,0,29,2,2,19,False
7827,13943039298,45,27,4,0,1,26,39,39,39,True
12457,18989781863,20,1,4,0,2,20,41,41,15,False
1895,17623708813,40,9,4,0,2,5,27,27,47,False
3176,19831701219,9,3,4,0,2,17,44,44,39,False
13643,19948700293,3,3,1,0,1,45,37,37,20,False
11310,18664891854,26,2,3,0,3,17,47,47,39,False
1857,17623708813,2,16,4,0,3,25,15,15,9,False
4083,13670356740,13,22,4,0,0,31,17,17,1,False
9929,17527328008,49,5,3,0,1,15,8,8,0,False
13862,19948700293,6,34,4,0,1,16,14,14,24,False
3488,19970957519,20,42,4,0,0,36,9,9,9,True
3085,19831701219,18,20,4,0,1,24,8,8,9,False
219,13513580369,19,13,4,0,1,32,17,17,1,False
4101,13670356740,31,8,4,0,0,45,16,16,20,False
2887,19831701219,21,0,1,0,0,45,30,30,20,False
499,13932780308,48,14,3,0,0,29,8,8,9,False
6264,19852999776,38,13,4,0,1,30,38,38,39,False
9285,16726368276,7,11,4,0,1,31,16,16,9,False
3024,19831701219,7,24,4,0,0,28,14,14,9,False
1327,15735414945,22,2,2,0,1,37,35,35,0,False
2367,17807329663,10,4,2,0,2,38,45,45,39,False
13205,19834840803,16,11,4,0,1,26,48,48,40,False
6372,19852999776,46,21,4,0,3,9,16,16,39,False
13799,19948700293,8,9,4,0,0,17,3,3,0,False
9402,16726368276,24,4,4,0,3,38,39,39,39,True
6995,13074255915,16,0,4,0,0,24,5,5,9,False
10811,18365196069,29,1,4,0,3,46,27,27,20,False
5944,18802233956,19,19,4,0,1,12,14,14,9,False
860,15260233525,5,2,4,0,0,33,2,2,1,False
1033,15661502139,27,0,3,0,2,12,32,32,39,False
13109,19834840803,20,3,4,0,1,16,7,7,0,False
11938,18765816132,2,3,2,0,2,4,16,16,24,False
10564,18365196069,32,2,2,0,3,28,0,0,24,False
6641,19881266563,14,10,4,0,3,24,2,2,24,False
3187,19831701219,20,36,4,0,2,9,23,23,39,False
4309,15079495784,39,7,1,0,0,30,16,16,8,False
9045,16630722126,18,0,4,0,2,1,22,22,9,False
9946,17527328008,16,15,4,0,3,40,25,25,39,False
2092,17713196465,36,16,3,0,3,10,24,24,39,False
7321,13401917913,41,15,4,0,2,26,34,34,24,False
5566,18702113651,42,9,4,0,2,39,37,37,24,False
11278,18664891854,44,2,2,0,0,12,17,17,20,False
8330,15165929133,47,27,4,0,1,11,10,10,9,False
2048,17713196465,42,3,2,0,0,19,5,5,9,False
11826,18758415613,41,9,4,0,1,40,48,48,39,False
3856,13130819298,37,13,4,0,2,40,47,47,39,False
11681,18758415613,46,3,3,0,0,30,25,25,39,False
8292,15165929133,9,5,4,0,3,2,32,32,39,False
9268,16726368276,40,5,4,0,1,35,30,30,19,False
5890,18802233956,15,8,4,0,1,24,2,2,9,False
1895,17623708813,40,24,4,0,3,30,27,27,39,False
8629,15167050060,45,6,4,0,3,38,33,33,39,False
11473,18664891854,39,8,4,0,2,8,24,24,39,False
6205,19852999776,29,9,4,0,3,25,26,26,39,False
2441,17807329663,34,5,3,0,0,29,0,0,13,False
1559,15735414945,5,6,4,0,1,24,7,7,9,False
6359,19852999776,33,2,4,0,1,37,2,2,9,False
6702,19881266563,24,8,4,0,2,16,24,24,24,True
13114,19834840803,25,10,4,0,3,17,6,6,12,False
9379,16726368276,1,9,4,0,0,11,20,20,39,False
2158,17713196465,2,7,4,0,1,18,11,11,9,False
6118,19852999776,42,3,2,0,3,18,11,11,9,False
6190,19852999776,14,16,4,0,0,45,38,38,20,False
13695,19948700293,4,3,2,0,1,15,14,14,0,False
11813,18758415613,28,7,4,0,3,4,5,5,39,False
4805,15797725211,33,24,4,0,1,20,2,2,9,False
11047,18636055184,14,3,4,0,1,32,46,46,39,False
2365,17807329663,8,9,2,0,2,12,45,45,39,False
1693,17623708813,38,10,2,0,3,35,39,39,19,False
6547,19881266563,20,16,4,0,2,23,33,33,39,False
3553,19970957519,35,7,4,0,1,44,14,14,9,False
2770,18991311567,12,10,3,0,0,10,9,9,0,False
3430,19970957519,12,0,4,0,3,5,12,12,47,False
1455,15735414945,1,16,4,0,2,1,7,7,9,False
6722,19881266563,44,27,4,0,3,36,25,25,19,False
14094,19948700293,22,3,4,0,1,26,17,17,9,False
14105,19948700293,33,12,4,0,2,34,39,39,24,False
13344,19859608897,4,0,2,0,2,24,26,26,24,False
12024,18765816132,38,4,3,0,3,16,8,8,24,False
7822,13943039298,40,6,4,0,3,30,24,24,39,False
2811,18991311567,3,6,4,0,1,26,3,3,1,False
6315,19852999776,39,1,4,0,1,16,1,1,24,False
2629,17807329663,22,2,4,0,2,6,26,26,39,False
13917,19948700293,11,0,4,0,2,41,48,48,8,False
4448,15079495784,27,1,4,0,1,19,31,31,20,False
4306,15079495784,36,3,1,0,0,18,19,19,9,False
4665,15797725211,44,7,1,0,2,28,44,44,39,False
3624,13130819298,5,12,2,0,2,23,46,46,39,False
12260,18989781863,24,9,1,0,0,20,13,13,9,False
11942,18765816132,6,2,2,0,3,33,46,46,39,False
3660,13130819298,41,1,2,0,2,2,7,7,39,False
1880,17623708813,25,8,4,0,1,2,0,0,0,True
667,15260233525,14,2,3,0,3,25,29,29,24,False
13934,19948700293,28,0,4,0,0,24,3,3,8,False
2257,17713196465,1,2,4,0,2,39,30,30,9,False
11347,18664891854,13,3,4,0,3,8,10,10,39,False
1312,15735414945,7,14,2,0,0,22,7,7,1,False
11120,18636055184,37,11,4,0,1,18,17,17,9,False
3115,19831701219,48,4,4,0,2,25,32,32,24,False
3851,13130819298,32,1,4,0,2,3,25,25,39,False
3754,13130819298,35,2,4,0,1,46,44,44,8,False
3320,19970957519,2,6,3,0,2,35,42,42,9,False
5427,18702113651,3,4,3,0,3,18,16,16,9,False
1773,17623708813,18,19,4,0,1,30,33,33,39,False
9783,17527328008,4,31,1,0,2,20,34,34,39,False
4263,13670356740,43,3,4,0,0,22,25,25,20,False
9548,17331496902,19,7,3,0,0,22,14,14,1,False
5216,18053307086,43,2,4,0,2,24,8,8,9,False
2851,18991311567,43,16,4,0,1,11,18,18,39,False
6635,19881266563,8,8,4,0,2,29,43,43,24,False
8676,15167050060,42,0,4,0,2,20,39,39,15,False
12127,18765816132,41,4,4,0,0,29,0,0,9,False
8089,15165929133,6,1,3,0,0,29,8,8,9,False
13669,19948700293,29,3,1,0,0,32,20,20,20,True
4848,15797725211,26,27,4,0,0,35,13,13,19,False
12863,19550593600,25,11,4,0,3,23,24,24,19,False
175,13513580369,25,2,4,0,3,16,7,7,24,False
13938,19948700293,32,11,4,0,0,23,3,3,20,False
3712,13130819298,43,3,3,0,2,15,23,23,39,False
2678,18991311567,21,11,1,0,3,8,9,9,1,False
11532,18664891854,48,20,4,0,3,32,48,48,39,False
1079,15661502139,23,16,4,0,2,11,24,24,39,False
1146,15661502139,40,13,4,0,3,5,33,33,39,False
1409,15735414945,4,5,4,0,1,26,5,5,13,False
2933,19831701219,16,21,2,0,1,40,46,46,39,False
13306,19859608897,17,11,1,0,1,38,29,29,0,False
5208,18053307086,35,21,4,0,2,12,41,41,39,False
3908,13130819298,39,6,4,0,2,15,40,40,39,False
11582,18758415613,48,0,1,0,1,45,42,42,20,False
12419,18989781863,32,27,4,0,0,46,39,39,19,False
12692,19550593600,4,11,3,0,2,32,39,39,10,False
6845,13074255915,16,3,3,0,2,39,31,31,24,False
11076,18636055184,43,0,4,0,2,25,45,45,39,False
11106,18636055184,23,8,4,0,0,37,30,30,20,False
7094,13401917913,15,7,1,0,2,7,20,20,39,False
1700,17623708813,45,3,2,0,2,22,31,31,39,False
111,13513580369,11,3,3,0,1,2,1,1,39,False
2772,18991311567,14,5,3,0,2,20,19,19,9,False
7387,13401917913,7,3,4,0,3,39,11,11,24,False
1689,17623708813,34,3,2,0,2,12,40,40,39,False
14050,19948700293,28,4,4,0,1,23,22,22,8,False
13247,19834840803,8,15,4,0,1,41,40,40,24,False
2059,17713196465,3,4,3,0,0,7,0,0,9,False
11317,18664891854,33,2,3,0,2,35,42,42,9,False
5268,18053307086,45,15,4,0,2,18,27,27,39,False
3742,13130819298,23,2,4,0,1,30,21,21,8,False
12696,19550593600,8,2,3,0,2,16,40,40,39,False
14058,19948700293,36,16,4,0,1,10,9,9,0,False
2327,17807329663,21,13,1,0,3,37,31,31,19,False
8536,15167050060,2,20,4,0,1,16,2,2,24,False
11867,18758415613,32,8,4,0,3,25,19,19,39,False
6170,19852999776,44,9,3,0,2,18,20,20,24,False
9424,16726368276,46,3,4,0,0,32,26,26,20,False
2175,17713196465,19,36,4,0,3,10,39,39,39,True
3758,13130819298,39,18,4,0,2,24,21,21,9,False
8648,15167050060,14,4,4,0,1,26,23,23,9,False
8954,16630722126,27,22,4,0,2,13,20,20,39,False
1091,15661502139,35,21,4,0,2,19,39,39,39,True
12726,19550593600,38,7,3,0,2,12,19,19,39,False
7859,13943039298,27,10,4,0,2,33,40,40,39,False
4282,15079495784,12,8,1,0,2,41,39,39,0,False
12543,18989781863,6,1,4,0,1,32,30,30,0,False
1566,15735414945,12,14,4,0,0,26,17,17,8,False
5824,18802233956,49,9,3,0,3,11,6,6,24,False
2563,17807329663,6,5,4,0,2,18,15,15,9,False
3790,13130819298,21,1,4,0,0,33,2,2,1,False
1852,17623708813,19,12,4,0,2,25,32,32,39,False
5449,18702113651,25,6,3,0,3,25,27,27,19,False
7837,13943039298,5,0,4,0,0,40,31,31,1,False
4182,13670356740,12,13,4,0,1,4,7,7,15,False
1631,17623708813,27,0,1,0,1,27,3,3,0,False
1723,17623708813,18,6,3,0,2,24,22,22,24,False
11153,18636055184,20,29,4,0,0,7,1,1,1,True
2839,18991311567,31,11,4,0,1,31,15,15,9,False
4045,13670356740,25,0,3,0,0,17,1,1,1,True
3877,13130819298,8,4,4,0,2,15,23,23,19,False
13334,19859608897,45,2,1,0,1,5,9,9,43,False
12016,18765816132,30,3,3,0,2,10,6,6,39,False
548,13932780308,47,11,4,0,2,26,32,32,9,False
1511,15735414945,7,6,4,0,1,25,9,9,9,True
4101,13670356740,31,5,4,0,0,39,16,16,9,False
3624,13130819298,5,5,2,0,1,6,46,46,39,False
8768,16630722126,33,0,2,0,0,46,8,8,8,True
11016,18636055184,33,7,4,0,2,17,25,25,39,False
10075,17527328008,45,3,4,0,3,32,40,40,39,False
4789,15797725211,17,9,4,0,3,10,25,25,39,False
12803,19550593600,15,8,4,0,3,5,19,19,39,False
7816,13943039298,34,3,4,0,2,13,20,20,39,False
1879,17623708813,24,0,4,0,2,40,19,19,1,False
6180,19852999776,4,9,4,0,3,23,19,19,19,True
6432,19881266563,5,9,2,0,3,18,13,13,9,False
12625,19550593600,38,8,1,0,2,16,8,8,24,False
9701,17331496902,22,11,4,0,3,33,39,39,39,True
4531,15079495784,10,12,4,0,3,35,46,46,39,False
3902,13130819298,33,15,4,0,1,36,21,21,9,False
5966,18802233956,41,0,4,0,1,19,14,14,20,False
12606,19550593600,19,11,1,0,1,3,8,8,9,False
10655,18365196069,23,9,4,0,3,11,13,13,8,False
7832,13943039298,50,11,4,0,3,4,12,12,39,False
6000,18802233956,25,48,4,0,1,26,17,17,9,False
6487,19881266563,10,1,3,0,0,44,45,45,20,False
9008,16630722126,31,9,4,0,2,38,46,46,24,False
6147,19852999776,21,0,3,0,3,36,17,17,13,False
4875,15797725211,3,19,4,0,0,18,12,12,9,False
10246,17731093916,15,2,3,0,1,38,0,0,0,True
8271,15165929133,38,5,4,0,2,38,45,45,39,False
12792,19550593600,4,1,4,0,2,9,12,12,39,False
4784,15797725211,12,0,4,0,0,30,9,9,9,True
1737,17623708813,32,2,3,0,1,10,18,18,20,False
2231,17713196465,25,20,4,0,1,45,29,29,20,False
6267,19852999776,41,7,4,0,1,17,30,30,39,False
2574,17807329663,17,11,4,0,2,30,33,33,39,False
12937,19550593600,49,17,4,0,0,22,14,14,1,False
12844,19550593600,6,16,4,0,1,4,17,17,39,False
903,15260233525,48,8,4,0,3,31,32,32,39,False
3572,13130819298,4,14,1,0,0,19,3,3,1,False
6432,19881266563,5,4,2,0,3,31,13,13,19,False
10356,17731093916,25,1,4,0,0,29,2,2,19,False
6507,19881266563,30,14,3,0,1,29,24,24,24,True
5530,18702113651,6,68,4,0,0,29,3,3,13,False
669,15260233525,16,9,3,0,0,17,9,9,1,False
10029,17527328008,49,100,4,0,1,18,1,1,9,False
3243,19970957519,26,2,1,0,1,13,25,25,39,False
6527,19881266563,50,2,3,0,1,33,22,22,1,False
11119,18636055184,36,2,4,0,1,22,1,1,0,False
2786,18991311567,28,1,3,0,2,18,39,39,39,True
1293,15735414945,39,4,1,0,2,18,24,24,9,False
5673,18702113651,49,9,4,0,1,3,9,9,9,True
4039,13670356740,19,1,3,0,0,44,14,14,13,False
4796,15797725211,24,26,4,0,2,22,10,10,1,False
13354,19859608897,14,10,2,0,3,17,25,25,20,False
11389,18664891854,5,1,4,0,0,44,42,42,0,False
1233,15661502139,29,17,4,0,0,17,18,18,39,False
10144,17731093916,14,3,1,0,0,44,16,16,20,False
7970,13943039298,38,7,4,0,3,33,20,20,13,False
12527,18989781863,40,23,4,0,1,17,9,9,0,False
1123,15661502139,17,51,4,0,0,9,2,2,1,False
8504,15167050060,20,1,4,0,3,37,32,32,39,False
9285,16726368276,7,0,4,0,3,39,16,16,8,False
1659,17623708813,4,3,2,0,1,19,22,22,13,False
7070,13074255915,41,14,4,0,0,14,1,1,1,True
1776,17623708813,21,1,4,0,2,10,14,14,20,False
13763,19948700293,22,2,3,0,3,22,25,25,39,False
1098,15661502139,42,65,4,0,0,42,41,41,19,False
4203,13670356740,33,6,4,0,0,28,9,9,19,False
2574,17807329663,17,4,4,0,1,17,33,33,39,False
9923,17527328008,43,9,3,0,0,30,21,21,8,False
7998,15165929133,16,5,1,0,2,23,39,39,39,True
11483,18664891854,49,0,4,0,3,1,16,16,9,False
13150,19834840803,11,0,4,0,1,12,9,9,9,True
508,13932780308,7,7,4,0,2,10,16,16,39,False
9470,17331496902,42,1,1,0,1,26,41,41,47,False
7184,13401917913,4,54,3,0,2,3,24,24,39,False
7590,13630678332,9,13,4,0,1,2,1,1,0,False
6617,19881266563,40,11,4,0,2,5,34,34,39,False
9311,16726368276,33,26,4,0,3,26,17,17,1,False
9176,16726368276,48,0,2,0,1,38,47,47,39,False
6902,13074255915,23,4,4,0,3,3,12,12,39,False
14008,19948700293,19,12,4,0,3,25,19,19,39,False
7900,13943039298,18,12,4,0,1,16,9,9,9,True
12773,19550593600,32,13,4,0,2,26,40,40,39,False
9058,16630722126,31,8,4,0,1,18,10,10,9,False
2842,18991311567,34,20,4,0,0,18,2,2,9,False
7962,13943039298,30,13,4,0,2,29,36,36,39,False
4273,15079495784,3,2,1,0,1,2,1,1,39,False
6313,19852999776,37,10,4,0,2,33,47,47,39,False
2174,17713196465,18,33,4,0,0,38,6,6,19,False
9113,16726368276,36,1,1,0,0,9,12,12,20,False
12854,19550593600,16,13,4,0,2,23,46,46,39,False
4292,15079495784,22,18,1,0,2,12,39,39,39,True
6410,19881266563,34,4,1,0,1,29,14,14,9,False
1143,15661502139,37,14,4,0,0,28,21,21,9,False
11639,18758415613,4,7,3,0,0,28,8,8,1,False
4596,15079495784,25,7,4,0,1,27,6,6,9,False
1840,17623708813,7,3,4,0,1,36,9,9,9,True
7282,13401917913,2,17,4,0,2,18,31,31,39,False
1898,17623708813,43,5,4,0,0,21,18,18,19,False
12076,18765816132,40,6,4,0,3,4,12,12,24,False
2480,17807329663,23,16,4,0,3,28,9,9,1,False
6369,19852999776,43,2,4,0,3,8,39,39,39,True
1208,15661502139,4,6,4,0,3,10,19,19,39,False
12933,19550593600,45,9,4,0,3,17,44,44,39,False
2614,17807329663,7,18,4,0,1,37,15,15,9,False
14022,19948700293,33,17,4,0,1,2,8,8,0,False
12885,19550593600,47,11,4,0,0,10,8,8,8,True
3528,19970957519,10,26,4,0,1,9,0,0,1,False
2811,18991311567,3,11,4,0,1,12,3,3,9,False
1657,17623708813,2,5,2,0,1,36,22,22,9,False
7322,13401917913,42,10,4,0,3,17,10,10,1,False
1602,15735414945,48,65,4,0,0,28,7,7,9,False
5808,18802233956,33,0,3,0,2,18,24,24,9,False
7362,13401917913,32,0,4,0,0,41,20,20,8,False
8083,15165929133,50,2,2,0,3,2,26,26,39,False
12146,18765816132,10,9,4,0,2,25,41,41,47,False
890,15260233525,35,2,4,0,3,38,46,46,39,False
2082,17713196465,26,0,3,0,2,18,37,37,39,False
11532,18664891854,48,18,4,0,3,31,48,48,39,False
10254,17731093916,23,0,3,0,0,41,8,8,8,True
12318,18989781863,31,3,2,0,3,25,13,13,19,False
7588,13630678332,7,11,4,0,0,10,2,2,8,False
920,15661502139,15,6,1,0,3,16,46,46,39,False
10974,18636055184,41,0,3,0,1,48,40,40,1,False
6698,19881266563,20,4,4,0,2,10,46,46,39,False
5141,18053307086,18,8,4,0,0,45,43,43,20,False
8218,15165929133,35,11,4,0,2,18,19,19,39,False
9352,16726368276,24,3,4,0,0,10,19,19,20,False
8934,16630722126,7,23,4,0,0,10,1,1,8,False
11311,18664891854,27,19,3,0,1,41,40,40,0,False
7928,13943039298,46,9,4,0,2,23,31,31,39,False
4147,13670356740,27,3,4,0,0,37,8,8,9,False
5829,18802233956,4,8,4,0,0,33,25,25,1,False
5188,18053307086,15,10,4,0,3,47,41,41,20,False
1054,15661502139,48,1,3,0,1,4,24,24,24,True
6593,19881266563,16,6,4,0,2,11,26,26,39,False
11518,18664891854,34,8,4,0,0,12,14,14,20,False
9239,16726368276,11,10,4,0,2,40,48,48,39,False
4620,15079495784,49,6,4,0,1,24,17,17,24,False
9764,17331496902,35,35,4,0,0,23,2,2,1,False
6602,19881266563,25,6,4,0,0,33,17,17,1,False
3133,19831701219,16,5,4,0,2,22,23,23,39,False
9267,16726368276,39,1,4,0,0,41,17,17,8,False
8481,15167050060,47,15,3,0,1,30,29,29,0,False
7907,13943039298,25,17,4,0,1,16,7,7,8,False
1864,17623708813,9,25,4,0,2,2,1,1,24,False
4515,15079495784,44,3,4,0,1,22,9,9,20,False
6036,19852999776,11,14,1,0,3,10,31,31,39,False
3732,13130819298,13,2,4,0,0,38,2,2,9,False
6010,18802233956,35,8,4,0,2,16,27,27,39,False
5095,18053307086,22,7,3,0,1,30,33,33,39,False
4599,15079495784,28,3,4,0,3,37,41,41,19,False
8647,15167050060,13,9,4,0,0,31,15,15,9,False
3760,13130819298,41,1,4,0,0,38,25,25,1,False
7678,13943039298,47,2,1,0,0,23,11,11,24,False
880,15260233525,25,15,4,0,1,9,1,1,1,True
7888,13943039298,6,25,4,0,2,18,24,24,39,False
7734,13943039298,2,4,3,0,0,11,4,4,8,False
5602,18702113651,28,5,4,0,3,10,11,11,39,False
10170,17731093916,40,3,1,0,0,23,15,15,0,False
7312,13401917913,32,14,4,0,0,32,3,3,1,False
2226,17713196465,20,12,4,0,0,33,10,10,9,False
13511,19859608897,21,8,4,0,2,5,12,12,39,False
12073,18765816132,37,5,4,0,0,25,18,18,9,False
13650,19948700293,10,0,1,0,3,29,0,0,13,False
3747,13130819298,28,5,4,0,0,18,10,10,9,False
10803,18365196069,21,5,4,0,0,44,38,38,20,False
1980,17713196465,25,2,1,0,2,23,36,36,39,False
11798,18758415613,13,32,4,0,0,20,19,19,9,False
10292,17731093916,11,3,4,0,0,9,26,26,39,False
6395,19881266563,19,67,1,0,1,15,17,17,39,False
6229,19852999776,3,17,4,0,2,20,30,30,9,False
8937,16630722126,10,21,4,0,3,17,5,5,1,False
14054,19948700293,32,8,4,0,3,19,23,23,20,False
3790,13130819298,21,4,4,0,0,25,2,2,9,False
7984,15165929133,2,1,1,0,0,17,2,2,1,False
7393,13401917913,13,11,4,0,1,2,22,22,8,False
10727,18365196069,45,1,4,0,1,44,42,42,0,False
11233,18664891854,50,1,1,0,3,30,12,12,20,False
2363,17807329663,6,17,2,0,2,18,45,45,39,False
823,15260233525,18,7,4,0,0,10,9,9,8,False
5239,18053307086,16,12,4,0,1,31,36,36,9,False
10184,17731093916,3,14,2,0,3,32,46,46,40,False
1135,15661502139,29,16,4,0,1,37,15,15,9,False
4496,15079495784,25,0,4,0,3,29,46,46,19,False
1922,17623708813,17,2,4,0,3,22,19,19,39,False
6783,13074255915,4,3,2,0,0,44,16,16,20,False
708,15260233525,3,1,4,0,3,39,25,25,19,False
6264,19852999776,38,19,4,0,3,37,38,38,39,False
3181,19831701219,14,7,4,0,0,24,2,2,9,False
2626,17807329663,19,50,4,0,1,38,2,2,9,False
5415,18702113651,41,1,2,0,2,10,33,33,39,False
2640,17807329663,33,22,4,0,2,38,46,46,39,False
9320,16726368276,42,17,4,0,0,30,23,23,9,False
752,15260233525,47,3,4,0,3,25,32,32,24,False
6697,19881266563,19,15,4,0,0,12,2,2,9,False
4966,15797725211,44,93,4,0,0,30,41,41,39,False
11467,18664891854,33,7,4,0,1,48,27,27,20,False
6728,19881266563,50,35,4,0,0,28,0,0,9,False
7627,13630678332,46,23,4,0,0,7,1,1,9,False
10585,18365196069,3,11,3,0,3,30,24,24,1,False
10676,18365196069,44,19,4,0,3,29,7,7,9,False
8851,16630722126,24,5,3,0,3,40,31,31,39,False
9675,17331496902,46,0,4,0,3,14,4,4,39,False
7029,13074255915,50,5,4,0,1,31,9,9,9,True
10728,18365196069,46,2,4,0,0,39,31,31,0,False
3630,13130819298,11,5,2,0,1,11,8,8,0,False
12424,18989781863,37,1,4,0,3,38,46,46,39,False
3349,19970957519,31,6,3,0,0,31,16,16,9,False
13236,19834840803,47,2,4,0,2,22,28,28,39,False
11861,18758415613,26,35,4,0,1,41,39,39,8,False
9610,17331496902,31,4,4,0,1,5,11,11,39,False
9472,17331496902,44,7,1,0,1,27,15,15,0,False
3,13513580369,4,14,1,0,0,8,0,0,0,True
13078,19834840803,39,4,3,0,2,33,46,46,39,False
7051,13074255915,22,31,4,0,1,46,45,45,39,False
2850,18991311567,42,8,4,0,0,32,16,16,1,False
5581,18702113651,7,4,4,0,0,22,2,2,13,False
5031,18053307086,8,2,2,0,3,39,47,47,24,False
3650,13130819298,31,4,2,0,3,18,11,11,9,False
5826,18802233956,1,97,4,0,1,32,16,16,1,False
9919,17527328008,39,2,3,0,0,32,26,26,13,False
4435,15079495784,14,14,4,0,2,8,40,40,39,False
5689,18802233956,15,0,1,0,0,40,5,5,20,False
4735,15797725211,13,3,3,0,3,10,20,20,20,True
1885,17623708813,30,6,4,0,2,15,20,20,39,False
5293,18053307086,20,7,4,0,3,24,11,11,9,False
4945,15797725211,23,49,4,0,2,30,32,32,1,False
5865,18802233956,40,16,4,0,0,37,16,16,9,False
9119,16726368276,42,9,1,0,0,31,24,24,9,False
11758,18758415613,23,10,4,0,1,40,45,45,39,False
2409,17807329663,2,6,3,0,3,31,9,9,24,False
1888,17623708813,33,6,4,0,0,33,19,19,9,False
7389,13401917913,9,14,4,0,2,32,47,47,39,False
9802,17527328008,23,8,1,0,2,3,10,10,39,False
11194,18664891854,11,1,1,0,1,37,42,42,0,False
10266,17731093916,35,0,3,0,0,19,29,29,20,False
12874,19550593600,36,8,4,0,3,5,20,20,39,False
7296,13401917913,16,4,4,0,3,19,22,22,20,False
3745,13130819298,26,5,4,0,1,24,2,2,9,False
8523,15167050060,39,7,4,0,1,12,2,2,20,False
4920,15797725211,48,38,4,0,3,29,30,30,19,False
2741,18991311567,33,3,2,0,2,24,16,16,24,False
1128,15661502139,22,0,4,0,3,21,16,16,39,False
13839,19948700293,33,9,3,0,3,28,24,24,24,True
6647,19881266563,20,3,4,0,2,25,23,23,8,False
3196,19831701219,29,13,4,0,2,39,38,38,24,False
5124,18053307086,1,39,4,0,1,22,21,21,9,False
8769,16630722126,34,9,2,0,2,11,8,8,39,False
7393,13401917913,13,1,4,0,2,7,22,22,39,False
2637,17807329663,30,15,4,0,1,8,7,7,9,False
1477,15735414945,23,6,4,0,3,23,33,33,39,False
8569,15167050060,35,11,4,0,3,18,33,33,39,False
9627,17331496902,48,1,4,0,3,22,12,12,39,False
4662,15797725211,41,1,1,0,3,43,22,22,1,False
9557,17331496902,28,5,3,0,3,25,20,20,20,True
1250,15661502139,46,3,4,0,1,19,32,32,39,False
2243,17713196465,37,18,4,0,2,25,17,17,8,False
2225,17713196465,19,2,4,0,2,10,24,24,39,False
5168,18053307086,45,28,4,0,1,9,33,33,39,False
11827,18758415613,42,10,4,0,0,14,7,7,1,False
4840,15797725211,18,7,4,0,0,19,8,8,1,False
10029,17527328008,49,14,4,0,3,24,1,1,9,False
576,15260233525,24,6,1,0,2,33,39,39,39,True
5297,18053307086,24,12,4,0,2,18,0,0,9,False
13130,19834840803,41,28,4,0,2,39,48,48,39,False
8158,15165929133,25,6,4,0,1,16,7,7,8,False
9934,17527328008,4,13,4,0,1,16,2,2,9,False
1910,17623708813,5,10,4,0,1,12,0,0,9,False
8343,15167050060,10,3,1,0,0,32,10,10,10,True
3343,19970957519,25,1,3,0,2,18,24,24,9,False
6539,19881266563,12,9,4,0,1,18,13,13,19,False
9927,17527328008,47,3,3,0,3,29,7,7,19,False
13752,19948700293,11,3,3,0,0,38,39,39,39,True
8717,16630722126,33,13,1,0,2,39,48,48,39,False
4476,15079495784,5,2,4,0,1,26,0,0,9,False
11865,18758415613,30,10,4,0,0,32,18,18,9,False
8183,15165929133,50,6,4,0,3,33,39,39,39,True
5883,18802233956,8,11,4,0,3,32,25,25,10,False
6573,19881266563,46,14,4,0,3,30,27,27,39,False
4501,15079495784,30,19,4,0,3,29,23,23,39,False
181,13513580369,31,9,4,0,0,35,29,29,9,False
7784,13943039298,2,7,4,0,1,16,8,8,9,False
5253,18053307086,30,18,4,0,2,16,28,28,24,False
4799,15797725211,27,12,4,0,2,35,36,36,39,False
5984,18802233956,9,9,4,0,0,14,0,0,1,False
972,15661502139,16,0,2,0,1,17,1,1,1,True
6989,13074255915,10,2,4,0,1,27,41,41,0,False
8321,15165929133,38,21,4,0,3,24,2,2,9,False
3882,13130819298,13,10,4,0,3,35,44,44,39,False
4048,13670356740,28,6,3,0,1,38,37,37,24,False
4077,13670356740,7,7,4,0,0,26,13,13,13,True
9613,17331496902,34,6,4,0,2,25,40,40,24,False
4442,15079495784,21,9,4,0,0,25,31,31,24,False
3809,13130819298,40,11,4,0,2,11,18,18,39,False
9534,17331496902,5,19,3,0,1,37,28,28,0,False
7799,13943039298,17,3,4,0,0,12,11,11,8,False
12086,18765816132,50,8,4,0,1,3,9,9,9,True
1200,15661502139,46,20,4,0,3,32,13,13,1,False
355,13932780308,5,0,1,0,1,46,43,43,8,False
4116,13670356740,46,17,4,0,0,36,7,7,1,False
11072,18636055184,39,6,4,0,1,34,5,5,9,False
9959,17527328008,29,8,4,0,3,16,24,24,39,False
12536,18989781863,49,7,4,0,0,14,1,1,1,True
251,13513580369,1,7,4,0,3,5,39,39,39,True
3278,19970957519,10,4,2,0,0,9,12,12,20,False
3048,19831701219,31,0,4,0,0,46,19,19,19,True
6914,13074255915,35,4,4,0,2,11,9,9,8,False
3864,13130819298,45,1,4,0,1,39,0,0,9,False
13881,19948700293,25,3,4,0,2,4,11,11,39,False
8681,15167050060,47,15,4,0,0,10,9,9,8,False
1765,17623708813,10,98,4,0,0,24,13,13,9,False
8633,15167050060,49,6,4,0,0,32,1,1,1,True
11996,18765816132,10,2,3,0,2,20,15,15,15,True
7810,13943039298,28,3,4,0,0,47,26,26,20,False
11559,18758415613,25,9,1,0,1,3,9,9,9,True
6611,19881266563,34,5,4,0,3,15,23,23,39,False
3735,13130819298,16,5,4,0,3,24,16,16,9,False
4792,15797725211,20,38,4,0,1,30,20,20,24,False
6395,19881266563,19,59,1,0,0,29,17,17,19,False
627,15260233525,24,3,2,0,0,33,11,11,1,False
6725,19881266563,47,35,4,0,3,15,16,16,19,False
10384,17731093916,3,3,4,0,0,14,2,2,1,False
6384,19881266563,8,2,1,0,2,7,2,2,39,False
14004,19948700293,15,9,4,0,2,31,46,46,39,False
2613,17807329663,6,6,4,0,2,26,29,29,24,False
9196,16726368276,18,12,3,0,2,2,8,8,39,False
10173,17731093916,43,4,1,0,3,17,19,19,20,False
9560,17331496902,31,1,3,0,2,7,30,30,39,False
1954,17623708813,49,8,4,0,0,24,9,9,9,True
9027,16630722126,50,3,4,0,1,39,32,32,24,False
6595,19881266563,18,26,4,0,2,13,20,20,39,False
4841,15797725211,19,7,4,0,0,37,16,16,9,False
3099,19831701219,32,8,4,0,2,29,46,46,24,False
3111,19831701219,44,13,4,0,3,25,0,0,9,False
6590,19881266563,13,14,4,0,3,19,39,39,39,True
11604,18758415613,19,4,2,0,3,4,19,19,39,False
12344,18989781863,7,2,3,0,3,40,2,2,1,False
337,13513580369,37,1,4,0,1,33,22,22,0,False
4135,13670356740,15,6,4,0,2,3,10,10,39,False
2995,19831701219,28,2,3,0,3,29,45,45,39,False
8243,15165929133,10,1,4,0,1,8,15,15,39,False
1408,15735414945,3,45,4,0,0,28,9,9,19,False
5236,18053307086,13,8,4,0,2,1,6,6,9,False
6617,19881266563,40,1,4,0,0,15,34,34,39,False
7389,13401917913,9,3,4,0,2,9,47,47,39,False
224,13513580369,24,8,4,0,2,28,36,36,39,False
5213,18053307086,40,0,4,0,0,44,19,19,13,False
5750,18802233956,25,4,2,0,1,19,40,40,20,False
5830,18802233956,5,19,4,0,1,23,15,15,8,False
8531,15167050060,47,17,4,0,3,22,4,4,1,False
7126,13401917913,47,3,1,0,1,26,33,33,43,False
10498,18365196069,17,6,1,0,3,0,1,1,24,False
1866,17623708813,11,2,4,0,1,33,30,30,9,False
184,13513580369,34,12,4,0,3,10,11,11,39,False
11708,18758415613,23,11,4,0,3,11,12,12,8,False
7745,13943039298,13,6,3,0,0,22,8,8,0,False
10029,17527328008,49,27,4,0,3,28,1,1,1,True
3135,19831701219,18,8,4,0,0,19,9,9,1,False
855,15260233525,50,17,4,0,3,25,46,46,39,False
7770,13943039298,38,3,3,0,1,23,15,15,24,False
138,13513580369,38,4,3,0,1,15,7,7,0,False
5483,18702113651,9,29,4,0,1,22,8,8,1,False
5842,18802233956,17,5,4,0,0,16,14,14,24,False
268,13513580369,18,2,4,0,3,25,32,32,24,False
2839,18991311567,31,39,4,0,1,30,15,15,0,False
10931,18636055184,48,0,2,0,0,30,19,19,20,False
342,13513580369,42,6,4,0,3,37,39,39,39,True
3341,19970957519,23,2,3,0,2,16,36,36,24,False
9534,17331496902,5,4,3,0,1,27,28,28,0,False
4441,15079495784,20,1,4,0,1,12,0,0,9,False
5732,18802233956,7,3,2,0,1,17,43,43,39,False
13786,19948700293,45,1,3,0,2,4,2,2,24,False
5066,18053307086,43,5,2,0,2,18,20,20,9,False
8554,15167050060,20,7,4,0,0,23,11,11,24,False
11967,18765816132,31,4,2,0,1,33,25,25,9,False
9051,16630722126,24,2,4,0,2,41,48,48,39,False
874,15260233525,19,1,4,0,0,9,19,19,39,False
5147,18053307086,24,10,4,0,3,16,7,7,8,False
7123,13401917913,44,2,1,0,0,30,22,22,0,False
404,13932780308,3,3,2,0,0,31,13,13,13,True
10380,17731093916,49,9,4,0,2,41,47,47,39,False
1949,17623708813,44,7,4,0,0,10,9,9,8,False
1301,15735414945,47,14,1,0,1,15,21,21,9,False
10957,18636055184,24,3,3,0,1,5,8,8,43,False
12262,18989781863,26,7,1,0,2,16,22,22,15,False
4056,13670356740,36,2,3,0,2,15,38,38,39,False
12432,18989781863,45,10,4,0,2,13,40,40,39,False
3067,19831701219,50,9,4,0,0,23,41,41,39,False
6461,19881266563,34,0,2,0,2,14,28,28,39,False
3831,13130819298,12,9,4,0,3,18,5,5,9,False
9015,16630722126,38,2,4,0,0,39,25,25,8,False
6710,19881266563,32,25,4,0,0,17,0,0,0,True
790,15260233525,35,4,4,0,0,31,17,17,9,False
4583,15079495784,12,35,4,0,2,17,46,46,39,False
6401,19881266563,25,4,1,0,0,29,0,0,13,False
4051,13670356740,31,4,3,0,0,10,14,14,0,False
5663,18702113651,39,8,4,0,0,14,0,0,1,False
7323,13401917913,43,2,4,0,0,45,40,40,20,False
11941,18765816132,5,0,2,0,3,0,16,16,24,False
4778,15797725211,6,27,4,0,3,18,16,16,9,False
2053,17713196465,47,3,2,0,2,22,31,31,39,False
3842,13130819298,23,6,4,0,2,13,27,27,39,False
2121,17713196465,15,17,4,0,3,24,25,25,9,False
12048,18765816132,12,6,4,0,3,33,48,48,39,False
12499,18989781863,12,1,4,0,3,9,33,33,39,False
4906,15797725211,34,18,4,0,1,12,11,11,0,False
6176,19852999776,50,12,3,0,2,12,40,40,39,False
12283,18989781863,47,7,1,0,1,9,8,8,1,False
1043,15661502139,37,2,3,0,0,19,1,1,1,True
1238,15661502139,34,5,4,0,1,33,24,24,9,False
533,13932780308,32,16,4,0,1,22,14,14,1,False
2200,17713196465,44,26,4,0,0,15,17,17,19,False
13648,19948700293,8,3,1,0,1,3,4,4,39,False
2461,17807329663,4,3,4,0,0,19,2,2,9,False
9007,16630722126,30,8,4,0,0,18,11,11,1,False
6570,19881266563,43,31,4,0,1,18,14,14,9,False
3812,13130819298,43,16,4,0,2,17,25,25,24,False
3878,13130819298,9,3,4,0,2,39,45,45,9,False
321,13513580369,21,0,4,0,2,1,19,19,9,False
4541,15079495784,20,2,4,0,3,26,13,13,13,True
6332,19852999776,6,7,4,0,3,23,24,24,8,False
4037,13670356740,17,7,3,0,0,17,24,24,1,False
3098,19831701219,31,16,4,0,1,19,18,18,39,False
3470,19970957519,2,4,4,0,3,28,2,2,1,False
13637,19859608897,47,0,4,0,1,40,21,21,1,False
9772,17331496902,43,6,4,0,2,16,23,23,9,False
2030,17713196465,24,4,2,0,1,29,35,35,9,False
8786,16630722126,1,4,3,0,2,16,14,14,24,False
9415,16726368276,37,2,4,0,1,39,21,21,8,False
11842,18758415613,7,22,4,0,1,38,48,48,24,False
3908,13130819298,39,23,4,0,1,19,40,40,39,False
9267,16726368276,39,7,4,0,1,26,17,17,1,False
5935,18802233956,10,8,4,0,1,32,21,21,0,False
3057,19831701219,40,24,4,0,3,10,34,34,39,False
3137,19831701219,20,1,4,0,0,41,22,22,8,False
2389,17807329663,32,2,2,0,0,44,42,42,1,False
901,15260233525,46,5,4,0,2,38,34,34,24,False
4583,15079495784,12,55,4,0,1,40,46,46,39,False
12865,19550593600,27,34,4,0,0,15,9,9,9,True
2823,18991311567,15,1,4,0,1,40,16,16,1,False
754,15260233525,49,9,4,0,3,12,34,34,39,False
11405,18664891854,21,34,4,0,3,31,39,39,39,True
8914,16630722126,37,60,4,0,3,46,34,34,20,False
12995,19834840803,6,2,2,0,3,2,17,17,39,False
3888,13130819298,19,18,4,0,3,15,16,16,19,False
5704,18802233956,30,2,1,0,2,38,39,39,24,False
1573,15735414945,19,40,4,0,3,28,16,16,39,False
3764,13130819298,45,3,4,0,0,34,5,5,8,False
8204,15165929133,21,0,4,0,1,45,31,31,20,False
12315,18989781863,28,6,2,0,2,11,3,3,39,False
6151,19852999776,25,1,3,0,3,8,32,32,39,False
10306,17731093916,25,15,4,0,1,23,8,8,8,True
5698,18802233956,24,13,1,0,0,19,16,16,9,False
3486,19970957519,18,11,4,0,0,33,11,11,1,False
7579,13630678332,48,12,3,0,2,11,2,2,14,False
10280,17731093916,49,0,3,0,3,26,12,12,13,False
2756,18991311567,48,0,2,0,1,12,7,7,9,False
1215,15661502139,11,23,4,0,0,46,39,39,20,False
3289,19970957519,21,1,2,0,1,17,0,0,0,True
512,13932780308,11,5,4,0,3,12,20,20,39,False
12633,19550593600,46,4,1,0,3,22,28,28,39,False
772,15260233525,17,2,4,0,2,9,27,27,39,False
2790,18991311567,32,15,3,0,3,28,23,23,39,False
8123,15165929133,40,10,3,0,1,23,1,1,24,False
9404,16726368276,26,6,4,0,1,29,36,36,39,False
5180,18053307086,7,15,4,0,2,11,39,39,39,True
907,15661502139,2,20,1,0,2,26,31,31,39,False
4783,15797725211,11,17,4,0,3,8,16,16,9,False
4456,15079495784,35,0,4,0,2,26,24,24,8,False
7472,13630678332,42,2,1,0,2,16,8,8,24,False
6212,19852999776,36,37,4,0,0,10,2,2,0,False
6618,19881266563,41,14,4,0,3,10,27,27,39,False
3369,19970957519,1,4,4,0,2,15,16,16,39,False
10735,18365196069,3,3,4,0,1,34,13,13,9,False
12344,18989781863,7,7,3,0,0,25,2,2,1,False
6891,13074255915,12,4,4,0,3,40,26,26,11,False
6615,19881266563,38,0,4,0,1,6,31,31,39,False
8320,15165929133,37,3,4,0,2,27,40,40,0,False
7788,13943039298,6,12,4,0,0,16,10,10,1,False
3445,19970957519,27,17,4,0,2,17,26,26,39,False
14097,19948700293,25,2,4,0,1,10,9,9,8,False
5136,18053307086,13,0,4,0,3,43,17,17,9,False
11534,18664891854,50,3,4,0,3,23,4,4,24,False
13401,19859608897,11,1,3,0,1,13,8,8,0,False
12451,18989781863,14,6,4,0,3,9,40,40,39,False
4945,15797725211,23,58,4,0,0,17,32,32,39,False
514,13932780308,13,21,4,0,3,36,32,32,39,False
3418,19970957519,50,66,4,0,2,9,41,41,39,False
5822,18802233956,47,16,3,0,1,17,16,16,8,False
9289,16726368276,11,8,4,0,3,8,6,6,12,False
12108,18765816132,22,12,4,0,0,39,4,4,19,False
7186,13401917913,6,9,3,0,0,23,31,31,39,False
1242,15661502139,38,11,4,0,0,25,3,3,0,False
6952,13074255915,23,6,4,0,1,11,8,8,9,False
6381,19881266563,5,2,1,0,1,38,43,43,8,False
1872,17623708813,17,11,4,0,2,19,20,20,20,True
3924,13670356740,5,11,1,0,3,11,31,31,39,False
8755,16630722126,20,1,2,0,3,31,1,1,24,False
8012,15165929133,30,6,1,0,2,35,42,42,9,False
8270,15165929133,37,1,4,0,0,19,20,20,20,True
3219,19970957519,2,2,1,0,1,29,36,36,39,False
6244,19852999776,18,19,4,0,1,5,1,1,9,False
10306,17731093916,25,5,4,0,0,12,8,8,20,False
4468,15079495784,47,47,4,0,2,12,25,25,39,False
4896,15797725211,24,0,4,0,0,40,19,19,1,False
9269,16726368276,41,2,4,0,1,34,15,15,0,False
5035,18053307086,12,11,2,0,1,10,15,15,15,True
4706,15797725211,34,2,2,0,1,38,1,1,1,True
1103,15661502139,47,13,4,0,2,11,8,8,9,False
4111,13670356740,41,7,4,0,0,10,0,0,8,False
9115,16726368276,38,1,1,0,1,26,41,41,47,False
7603,13630678332,22,0,4,0,3,27,41,41,9,False
6661,19881266563,34,18,4,0,2,29,20,20,19,False
2956,19831701219,39,0,2,0,0,9,17,17,1,False
9970,17527328008,40,11,4,0,2,23,31,31,39,False
11152,18636055184,19,26,4,0,2,11,10,10,0,False
9759,17331496902,30,7,4,0,2,5,12,12,39,False
4263,13670356740,43,4,4,0,0,15,25,25,39,False
10270,17731093916,39,1,3,0,1,1,2,2,9,False
2576,17807329663,19,1,4,0,1,25,17,17,8,False
7560,13630678332,29,9,3,0,0,27,13,13,0,False
2968,19831701219,1,8,3,0,0,23,31,31,39,False
5480,18702113651,6,14,4,0,0,17,24,24,1,False
8958,16630722126,31,22,4,0,2,34,39,39,39,True
6024,18802233956,49,1,4,0,1,27,0,0,0,True
3358,19970957519,40,6,3,0,1,26,3,3,1,False
6912,13074255915,33,37,4,0,2,38,39,39,24,False
12745,19550593600,4,1,4,0,0,20,10,10,15,False
479,13932780308,28,7,3,0,0,14,0,0,1,False
3359,19970957519,41,14,3,0,3,25,47,47,24,False
12988,19834840803,50,5,1,0,0,32,18,18,1,False
5621,18702113651,47,8,4,0,3,11,19,19,39,False
9263,16726368276,35,16,4,0,0,15,1,1,9,False
2307,17807329663,1,20,1,0,0,15,36,36,39,False
14059,19948700293,37,10,4,0,2,18,25,25,39,False
9529,17331496902,50,9,2,0,1,30,28,28,1,False
11405,18664891854,21,6,4,0,3,19,39,39,20,False
2853,18991311567,45,5,4,0,2,2,7,7,24,False
3669,13130819298,50,3,2,0,0,19,3,3,1,False
1595,15735414945,41,12,4,0,3,31,8,8,9,False
2382,17807329663,25,0,2,0,0,46,13,13,19,False
9067,16630722126,40,8,4,0,1,27,47,47,9,False
7998,15165929133,16,52,1,0,1,18,39,39,39,True
9040,16630722126,13,2,4,0,2,7,22,22,39,False
11849,18758415613,14,0,4,0,2,3,4,4,39,False
1593,15735414945,39,22,4,0,1,30,40,40,39,False
8903,16630722126,26,5,4,0,2,23,36,36,39,False
1375,15735414945,20,16,3,0,1,30,24,24,1,False
9530,17331496902,1,8,3,0,1,3,9,9,9,True
9776,17331496902,47,3,4,0,2,7,31,31,39,False
1687,17623708813,32,2,2,0,2,16,40,40,39,False
5055,18053307086,32,7,2,0,2,28,46,46,39,False
5983,18802233956,8,19,4,0,0,10,14,14,15,False
2300,17713196465,44,10,4,0,1,27,13,13,9,False
1931,17623708813,26,6,4,0,0,25,13,13,19,False
6586,19881266563,9,12,4,0,1,15,0,0,9,False
3606,13130819298,38,5,1,0,1,15,7,7,0,False
10339,17731093916,8,1,4,0,3,9,26,26,39,False
6214,19852999776,38,4,4,0,3,19,27,27,39,False
11982,18765816132,46,11,2,0,0,32,13,13,13,True
8462,15167050060,28,11,3,0,2,37,39,39,39,True
8679,15167050060,45,9,4,0,2,3,44,44,39,False
9178,16726368276,50,2,2,0,1,32,47,47,20,False
6212,19852999776,36,14,4,0,1,31,2,2,24,False
4144,13670356740,24,3,4,0,0,38,18,18,9,False
5994,18802233956,19,17,4,0,0,37,29,29,9,False
2090,17713196465,34,0,3,0,2,24,6,6,24,False
3450,19970957519,32,17,4,0,3,17,46,46,39,False
9630,17331496902,1,2,4,0,3,35,40,40,19,False
1215,15661502139,11,20,4,0,3,38,39,39,24,False
12438,18989781863,1,8,4,0,0,10,9,9,8,False
81,13513580369,31,26,2,0,1,32,24,24,0,False
689,15260233525,36,22,3,0,3,16,20,20,24,False
4740,15797725211,18,4,3,0,0,19,20,20,20,True
10018,17527328008,38,4,4,0,0,48,13,13,19,False
9354,16726368276,26,8,4,0,3,8,2,2,10,False
1771,17623708813,16,13,4,0,1,15,0,0,0,True
5488,18702113651,14,12,4,0,1,12,1,1,9,False
9603,17331496902,24,0,4,0,1,47,31,31,20,False
11262,18664891854,28,6,2,0,1,36,22,22,1,False
8988,16630722126,11,9,4,0,0,40,3,3,1,False
6774,13074255915,46,2,1,0,1,37,42,42,0,False
5797,18802233956,22,8,3,0,2,40,41,41,39,False
306,13513580369,6,6,4,0,3,28,9,9,19,False
1501,15735414945,47,15,4,0,3,32,16,16,1,False
7079,13074255915,50,4,4,0,3,40,25,25,8,False
13096,19834840803,7,23,4,0,1,15,14,14,9,False
12417,18989781863,30,2,4,0,2,15,12,12,19,False
2507,17807329663,50,12,4,0,1,5,1,1,9,False
11572,18758415613,38,3,1,0,3,32,41,41,39,False
10962,18636055184,29,7,3,0,1,3,8,8,9,False
13344,19859608897,4,3,2,0,3,33,26,26,13,False
8592,15167050060,8,19,4,0,0,16,9,9,1,False
8976,16630722126,49,0,4,0,0,17,8,8,9,False
11047,18636055184,14,2,4,0,2,32,46,46,39,False
9804,17527328008,25,35,1,0,2,7,9,9,39,False
1806,17623708813,1,46,4,0,3,32,9,9,1,False
11376,18664891854,42,1,4,0,1,47,40,40,13,False
9751,17331496902,22,2,4,0,1,17,1,1,14,False
5225,18053307086,2,9,4,0,1,27,6,6,9,False
7301,13401917913,21,1,4,0,0,22,2,2,1,False
13893,19948700293,37,0,4,0,3,3,0,0,39,False
4922,15797725211,50,18,4,0,2,10,19,19,39,False
540,13932780308,39,27,4,0,3,10,38,38,39,False
13914,19948700293,8,9,4,0,0,9,10,10,1,False
4415,15079495784,44,2,3,0,1,37,35,35,0,False
5204,18053307086,31,10,4,0,1,12,0,0,9,False
11822,18758415613,37,8,4,0,0,30,20,20,24,False
11466,18664891854,32,14,4,0,2,11,20,20,39,False
5488,18702113651,14,20,4,0,1,9,1,1,1,True
12753,19550593600,12,7,4,0,3,29,8,8,13,False
10744,18365196069,12,12,4,0,3,15,6,6,9,False
1940,17623708813,35,24,4,0,0,22,14,14,9,False
4852,15797725211,30,84,4,0,3,2,23,23,39,False
2918,19831701219,1,0,2,0,1,3,1,1,39,False
6272,19852999776,46,15,4,0,2,37,43,43,39,False
8511,15167050060,27,6,4,0,2,31,14,14,24,False
2736,18991311567,28,4,2,0,2,12,20,20,19,False
9307,16726368276,29,3,4,0,3,10,19,19,39,False
4753,15797725211,31,2,3,0,2,15,23,23,39,False
9573,17331496902,44,4,3,0,3,39,33,33,19,False
12096,18765816132,10,19,4,0,0,25,19,19,19,True
5985,18802233956,10,6,4,0,3,18,16,16,9,False
3410,19970957519,42,0,4,0,1,18,24,24,39,False
9389,16726368276,11,6,4,0,3,32,41,41,39,False
6195,19852999776,19,9,4,0,3,25,40,40,39,False
8921,16630722126,44,3,4,0,2,10,19,19,39,False
1694,17623708813,39,9,2,0,0,46,39,39,20,False
2642,17807329663,35,4,4,0,3,25,36,36,24,False
10891,18636055184,8,3,2,0,2,7,16,16,39,False
940,15661502139,35,4,1,0,0,30,17,17,8,False
5656,18702113651,32,18,4,0,1,40,39,39,39,True
7806,13943039298,24,11,4,0,0,36,9,9,9,True
9841,17527328008,11,1,2,0,0,46,33,33,9,False
11809,18758415613,24,2,4,0,0,18,19,19,19,True
9527,17331496902,48,0,2,0,1,1,28,28,9,False
3189,19831701219,22,11,4,0,3,30,25,25,39,False
3556,19970957519,38,0,4,0,2,7,3,3,39,False
10740,18365196069,8,16,4,0,0,14,8,8,1,False
3176,19831701219,9,4,4,0,1,17,44,44,39,False
1161,15661502139,7,17,4,0,3,22,32,32,20,False
3976,13670356740,6,3,2,0,1,32,1,1,1,True
9910,17527328008,30,0,3,0,1,33,13,13,13,True
128,13513580369,28,7,3,0,2,38,45,45,39,False
4916,15797725211,44,14,4,0,0,35,14,14,0,False
4913,15797725211,41,9,4,0,2,29,47,47,39,False
6510,19881266563,33,2,3,0,2,22,23,23,39,False
3817,13130819298,48,3,4,0,2,10,32,32,39,False
12471,18989781863,34,8,4,0,3,18,12,12,39,False
1529,15735414945,25,20,4,0,1,30,28,28,0,False
2709,18991311567,1,1,2,0,1,38,42,42,1,False
1858,17623708813,3,33,4,0,2,6,12,12,39,False
11666,18758415613,31,6,3,0,3,28,1,1,1,True
13333,19859608897,44,3,1,0,1,5,9,9,43,False
5203,18053307086,30,7,4,0,3,16,31,31,39,False
11848,18758415613,13,7,4,0,0,9,41,41,39,False
5302,18053307086,29,47,4,0,2,2,0,0,15,False
13952,19948700293,46,5,4,0,3,46,47,47,19,False
13464,19859608897,24,3,4,0,1,18,17,17,9,False
5263,18053307086,40,4,4,0,0,45,21,21,20,False
1948,17623708813,43,2,4,0,2,23,46,46,39,False
6578,19881266563,1,3,4,0,1,26,10,10,1,False
5233,18053307086,10,33,4,0,0,22,21,21,8,False
9144,16726368276,16,13,2,0,1,20,19,19,9,False
6606,19881266563,29,19,4,0,2,26,33,33,39,False
4626,15797725211,5,6,1,0,3,11,24,24,39,False
12295,18989781863,8,0,2,0,2,3,47,47,39,False
14088,19948700293,16,8,4,0,0,30,24,24,20,False
12383,18989781863,46,3,3,0,0,22,14,14,0,False
14098,19948700293,26,19,4,0,1,16,9,9,24,False
9647,17331496902,18,5,4,0,3,44,39,39,39,True
2413,17807329663,6,15,3,0,1,11,16,16,0,False
10788,18365196069,6,15,4,0,3,11,19,19,39,False
7270,13401917913,40,1,4,0,1,8,45,45,39,False
4470,15079495784,49,54,4,0,0,31,29,29,9,False
6475,19881266563,48,2,2,0,3,32,5,5,13,False
12945,19834840803,7,5,1,0,0,30,23,23,1,False
9893,17527328008,13,7,3,0,0,43,42,42,1,False
4056,13670356740,36,4,3,0,3,29,38,38,39,False
4902,15797725211,30,6,4,0,2,22,20,20,39,False
11892,18765816132,7,8,1,0,2,30,31,31,39,False
4887,15797725211,15,7,4,0,3,24,2,2,9,False
10964,18636055184,31,4,3,0,2,25,45,45,24,False
1140,15661502139,34,14,4,0,2,29,37,37,24,False
1966,17713196465,11,3,1,0,2,38,39,39,24,False
11084,18636055184,1,0,4,0,2,13,24,24,15,False
2215,17713196465,9,15,4,0,3,10,25,25,39,False
3764,13130819298,45,16,4,0,3,12,5,5,9,False
5231,18053307086,8,16,4,0,2,28,45,45,39,False
3422,19970957519,4,21,4,0,2,12,39,39,39,True
2036,17713196465,30,5,2,0,2,26,16,16,24,False
4800,15797725211,28,5,4,0,3,23,46,46,39,False
4531,15079495784,10,8,4,0,2,29,46,46,24,False
5327,18702113651,4,10,1,0,3,35,32,32,19,False
12712,19550593600,24,10,3,0,0,18,12,12,1,False
6965,13074255915,36,13,4,0,3,16,9,9,24,False
2012,17713196465,6,2,2,0,3,28,22,22,9,False
4670,15797725211,49,4,1,0,2,2,7,7,39,False
7514,13630678332,33,0,2,0,1,17,24,24,39,False
10631,18365196069,49,2,3,0,3,17,19,19,39,False
4147,13670356740,27,1,4,0,2,31,8,8,9,False
10893,18636055184,10,1,2,0,0,12,16,16,9,False
6231,19852999776,5,1,4,0,1,18,9,9,9,True
14114,19948700293,42,11,4,0,2,37,39,39,24,False
9767,17331496902,38,8,4,0,1,8,1,1,1,True
5179,18053307086,6,22,4,0,1,38,15,15,0,False
4536,15079495784,15,9,4,0,1,10,8,8,8,True
3156,19831701219,39,16,4,0,1,17,0,0,8,False
4123,13670356740,3,20,4,0,3,35,24,24,39,False
1886,17623708813,31,4,4,0,3,24,9,9,24,False
2364,17807329663,7,12,2,0,1,19,45,45,0,False
11633,18758415613,48,4,2,0,3,33,47,47,39,False
5948,18802233956,23,17,4,0,1,19,39,39,39,True
10340,17731093916,9,1,4,0,3,28,15,15,39,False
12504,18989781863,17,3,4,0,1,12,27,27,39,False
10908,18636055184,25,0,2,0,3,39,11,11,24,False
3110,19831701219,43,10,4,0,3,17,25,25,24,False
311,13513580369,11,2,4,0,1,3,14,14,39,False
8767,16630722126,32,2,2,0,0,30,8,8,1,False
5124,18053307086,1,19,4,0,2,37,21,21,9,False
11440,18664891854,6,2,4,0,2,31,30,30,9,False
2235,17713196465,29,6,4,0,2,22,43,43,39,False
8083,15165929133,50,3,2,0,2,3,26,26,39,False
5926,18802233956,1,6,4,0,2,8,39,39,39,True
8700,16630722126,16,1,1,0,1,40,38,38,0,False
2358,17807329663,1,11,2,0,0,22,9,9,20,False
4511,15079495784,40,0,4,0,1,20,17,17,15,False
2050,17713196465,44,1,2,0,2,7,5,5,39,False
6310,19852999776,34,6,4,0,0,33,18,18,1,False
11735,18758415613,50,3,4,0,0,25,18,18,9,False
5548,18702113651,24,2,4,0,3,8,25,25,39,False
2178,17713196465,22,1,4,0,3,30,18,18,20,False
12215,18765816132,29,8,4,0,2,7,8,8,39,False
7810,13943039298,28,20,4,0,3,25,26,26,20,False
11344,18664891854,10,9,4,0,1,16,2,2,9,False
8154,15165929133,21,0,4,0,2,31,40,40,19,False
4951,15797725211,29,17,4,0,2,12,18,18,24,False
9074,16630722126,47,1,4,0,0,24,20,20,9,False
9789,17527328008,10,31,1,0,2,8,28,28,0,False
6716,19881266563,38,11,4,0,2,7,33,33,39,False
1521,15735414945,17,7,4,0,1,32,9,9,1,False
1690,17623708813,35,15,2,0,3,25,40,40,24,False
5124,18053307086,1,4,4,0,2,25,21,21,9,False
2725,18991311567,17,12,2,0,3,32,39,39,0,False
1861,17623708813,6,7,4,0,2,26,43,43,24,False
344,13513580369,44,6,4,0,3,18,12,12,9,False
2279,17713196465,23,17,4,0,3,31,33,33,39,False
11218,18664891854,35,5,1,0,3,26,13,13,11,False
4738,15797725211,16,5,3,0,0,27,6,6,1,False
11937,18765816132,1,5,2,0,1,8,16,16,39,False
2107,17713196465,1,7,4,0,1,8,7,7,0,False
3305,19970957519,37,24,2,0,2,24,17,17,24,False
11275,18664891854,41,3,2,0,0,32,17,17,10,False
6545,19881266563,18,22,4,0,2,12,39,39,39,True
2722,18991311567,14,2,2,0,0,37,23,23,9,False
4486,15079495784,15,28,4,0,1,19,18,18,39,False
6831,13074255915,2,13,3,0,2,31,2,2,24,False
6658,19881266563,31,17,4,0,0,25,13,13,19,False
9023,16630722126,46,5,4,0,2,30,43,43,39,False
9898,17527328008,18,11,3,0,0,14,8,8,1,False
6719,19881266563,41,21,4,0,0,45,29,29,20,False
9374,16726368276,46,2,4,0,3,39,11,11,24,False
9110,16726368276,33,4,1,0,2,16,14,14,9,False
1460,15735414945,6,23,4,0,1,19,24,24,39,False
8978,16630722126,1,23,4,0,2,18,24,24,39,False
6184,19852999776,8,9,4,0,1,15,0,0,9,False
1575,15735414945,21,7,4,0,0,24,11,11,8,False
1781,17623708813,26,16,4,0,3,5,37,37,39,False
12842,19550593600,4,2,4,0,1,15,1,1,9,False
11941,18765816132,5,5,2,0,1,9,16,16,1,False
11507,18664891854,23,6,4,0,0,16,8,8,9,False
3521,19970957519,3,16,4,0,3,15,23,23,19,False
2502,17807329663,45,26,4,0,2,11,25,25,39,False
6633,19881266563,6,18,4,0,0,24,21,21,24,False
4761,15797725211,39,18,3,0,0,19,13,13,13,True
8301,15165929133,18,5,4,0,3,46,47,47,19,False
7949,13943039298,17,0,4,0,1,17,9,9,9,True
12768,19550593600,27,0,4,0,0,38,8,8,9,False
3024,19831701219,7,10,4,0,1,32,14,14,1,False
10467,17731093916,36,6,4,0,1,15,1,1,9,False
4868,15797725211,46,13,4,0,1,12,7,7,9,False
537,13932780308,36,2,4,0,2,15,24,24,39,False
13792,19948700293,1,18,4,0,3,26,20,20,19,False
5163,18053307086,40,4,4,0,2,29,46,46,39,False
7413,13401917913,33,4,4,0,0,40,33,33,12,False
12830,19550593600,42,5,4,0,2,17,24,24,24,True
4223,13670356740,3,2,4,0,0,34,17,17,9,False
11088,18636055184,5,16,4,0,2,16,7,7,24,False
5621,18702113651,47,0,4,0,2,7,19,19,39,False
4148,13670356740,28,13,4,0,2,3,16,16,39,False
558,15260233525,6,4,1,0,1,15,7,7,0,False
8278,15165929133,45,3,4,0,1,5,3,3,9,False
6217,19852999776,41,3,4,0,0,38,39,39,24,False
3774,13130819298,5,10,4,0,2,28,36,36,39,False
6896,13074255915,17,12,4,0,0,19,10,10,20,False
4563,15079495784,42,7,4,0,3,12,25,25,24,False
3181,19831701219,14,6,4,0,0,31,2,2,9,False
9266,16726368276,38,3,4,0,2,26,33,33,15,False
6707,19881266563,29,4,4,0,0,26,14,14,0,False
10826,18365196069,44,7,4,0,0,9,16,16,8,False
9300,16726368276,22,10,4,0,1,40,39,39,39,True
3953,13670356740,34,5,1,0,2,22,38,38,39,False
8366,15167050060,33,5,1,0,0,23,17,17,39,False
13020,19834840803,31,4,2,0,2,25,40,40,19,False
12606,19550593600,19,12,1,0,1,2,8,8,39,False
5475,18702113651,1,23,4,0,0,19,39,39,20,False
3114,19831701219,47,19,4,0,0,37,24,24,9,False
610,15260233525,7,2,2,0,3,5,47,47,20,False
14098,19948700293,26,16,4,0,1,16,9,9,24,False
3410,19970957519,42,3,4,0,0,19,24,24,39,False
7289,13401917913,9,9,4,0,2,4,10,10,24,False
6596,19881266563,19,91,4,0,3,28,29,29,39,False
13953,19948700293,47,20,4,0,1,17,9,9,0,False
5132,18053307086,9,7,4,0,0,31,0,0,9,False
3474,19970957519,6,5,4,0,3,15,23,23,39,False
4162,13670356740,42,2,4,0,0,18,23,23,9,False
12569,18989781863,32,4,4,0,0,32,20,20,20,True
578,15260233525,26,4,1,0,1,19,18,18,20,False
1897,17623708813,42,38,4,0,2,3,16,16,39,False
5194,18053307086,21,7,4,0,1,22,21,21,8,False
10997,18636055184,14,6,4,0,3,14,46,46,39,False
4912,15797725211,40,9,4,0,3,26,27,27,39,False
6456,19881266563,29,1,2,0,1,17,36,36,39,False
4434,15079495784,13,24,4,0,2,18,29,29,9,False
10085,17527328008,5,0,4,0,0,43,44,44,9,False
1251,15661502139,47,5,4,0,1,31,30,30,9,False
5106,18053307086,33,4,3,0,1,19,27,27,20,False
4881,15797725211,9,19,4,0,1,2,1,1,24,False
9660,17331496902,31,5,4,0,1,34,32,32,0,False
10273,17731093916,42,0,3,0,3,21,31,31,19,False
8641,15167050060,7,17,4,0,2,31,45,45,24,False
7149,13401917913,19,1,2,0,2,7,21,21,39,False
10516,18365196069,35,4,1,0,2,37,31,31,20,False
7232,13401917913,2,2,4,0,2,31,39,39,39,True
688,15260233525,35,27,3,0,1,15,0,0,0,True
4718,15797725211,46,9,2,0,1,6,5,5,0,False
6884,13074255915,5,1,4,0,1,37,8,8,9,False
13589,19859608897,49,0,4,0,1,38,1,1,9,False
4023,13670356740,3,6,3,0,0,31,15,15,9,False
5875,18802233956,50,11,4,0,1,18,0,0,9,False
500,13932780308,49,11,3,0,1,26,13,13,13,True
9313,16726368276,35,4,4,0,1,26,34,34,9,False
3411,19970957519,43,23,4,0,3,39,40,40,19,False
7418,13401917913,38,15,4,0,1,2,7,7,0,False
10060,17527328008,30,1,4,0,2,37,45,45,39,False
8291,15165929133,8,35,4,0,3,17,8,8,0,False
6502,19881266563,25,24,3,0,3,36,20,20,19,False
3416,19970957519,48,17,4,0,3,5,6,6,39,False
6912,13074255915,33,29,4,0,1,27,39,39,15,False
367,13932780308,17,4,1,0,2,31,7,7,24,False
11416,18664891854,32,7,4,0,2,4,8,8,24,False
5428,18702113651,4,2,3,0,3,37,9,9,9,True
4052,13670356740,32,0,3,0,3,35,18,18,19,False
4758,15797725211,36,3,3,0,2,3,17,17,39,False
14019,19948700293,30,6,4,0,3,3,17,17,39,False
4496,15079495784,25,17,4,0,2,18,46,46,39,False
4664,15797725211,43,9,1,0,2,28,44,44,39,False
4487,15079495784,16,31,4,0,0,31,24,24,9,False
11651,18758415613,16,7,3,0,0,30,31,31,20,False
10809,18365196069,27,10,4,0,3,8,5,5,12,False
7960,13943039298,28,1,4,0,3,12,20,20,39,False
4216,13670356740,46,11,4,0,0,22,14,14,0,False
3154,19831701219,37,14,4,0,3,29,16,16,39,False
3093,19831701219,26,3,4,0,3,18,32,32,9,False
8013,15165929133,31,3,1,0,1,18,9,9,9,True
3278,19970957519,10,7,2,0,3,10,12,12,39,False
3682,13130819298,13,18,3,0,1,13,24,24,39,False
10984,18636055184,1,1,4,0,3,9,12,12,24,False
1160,15661502139,6,22,4,0,1,12,3,3,9,False
5178,18053307086,5,20,4,0,2,11,24,24,39,False
2280,17713196465,24,23,4,0,3,31,25,25,9,False
11665,18758415613,30,8,3,0,2,5,13,13,20,False
11570,18758415613,36,8,1,0,0,11,12,12,8,False
106,13513580369,6,15,3,0,3,10,24,24,39,False
1420,15735414945,15,17,4,0,3,19,34,34,39,False
1487,15735414945,33,4,4,0,0,28,2,2,19,False
1902,17623708813,47,17,4,0,3,44,45,45,39,False
12574,18989781863,37,6,4,0,0,25,13,13,20,False
1442,15735414945,37,6,4,0,2,25,38,38,24,False
4785,15797725211,13,25,4,0,2,15,16,16,39,False
8610,15167050060,26,1,4,0,1,41,14,14,8,False
11413,18664891854,29,16,4,0,2,18,24,24,39,False
7139,13401917913,9,5,2,0,2,18,32,32,39,False
8623,15167050060,39,7,4,0,0,29,31,31,39,False
13215,19834840803,26,6,4,0,3,16,1,1,24,False
3715,13130819298,46,0,3,0,2,7,8,8,39,False
82,13513580369,32,0,2,0,2,1,24,24,9,False
12831,19550593600,43,7,4,0,1,48,40,40,20,False
8794,16630722126,9,2,3,0,3,14,21,21,39,False
11139,18636055184,6,6,4,0,3,2,18,18,39,False
1339,15735414945,34,2,2,0,0,15,12,12,19,False
11678,18758415613,43,7,3,0,0,35,21,21,9,False
6568,19881266563,41,4,4,0,2,2,9,9,9,True
1252,15661502139,48,34,4,0,3,30,33,33,39,False
5853,18802233956,28,0,4,0,3,37,25,25,19,False
8995,16630722126,18,5,4,0,3,7,10,10,39,False
11667,18758415613,32,3,3,0,3,14,22,22,39,False
4374,15079495784,3,35,3,0,2,2,9,9,39,False
13290,19859608897,1,11,1,0,1,26,34,34,43,False
10472,17731093916,41,1,4,0,0,15,11,11,19,False
12298,18989781863,11,4,2,0,1,34,33,33,0,False
11626,18758415613,41,33,2,0,2,23,24,24,24,True
1596,15735414945,42,3,4,0,0,21,41,41,24,False
4746,15797725211,24,4,3,0,0,19,24,24,13,False
6987,13074255915,8,8,4,0,0,30,14,14,8,False
8580,15167050060,46,17,4,0,1,3,1,1,0,False
6053,19852999776,28,1,1,0,3,8,3,3,19,False
2511,17807329663,4,17,4,0,2,19,47,47,39,False
13563,19859608897,23,2,4,0,1,23,8,8,8,True
5476,18702113651,2,10,4,0,1,18,32,32,9,False
7449,13630678332,19,9,1,0,0,30,24,24,20,False
5245,18053307086,22,8,4,0,2,20,6,6,9,False
8598,15167050060,14,6,4,0,0,39,34,34,19,False
722,15260233525,17,5,4,0,2,8,7,7,0,False
10741,18365196069,9,20,4,0,0,31,32,32,16,False
4610,15079495784,39,4,4,0,0,31,21,21,8,False
14031,19948700293,9,5,4,0,1,5,8,8,15,False
6655,19881266563,28,7,4,0,3,22,16,16,39,False
5168,18053307086,45,27,4,0,2,2,33,33,39,False
3110,19831701219,43,2,4,0,2,15,25,25,39,False
5909,18802233956,34,10,4,0,3,8,11,11,39,False
5893,18802233956,18,9,4,0,1,11,10,10,0,False
4939,15797725211,17,7,4,0,3,16,46,46,39,False
5205,18053307086,32,39,4,0,1,10,1,1,0,False
5304,18053307086,31,21,4,0,2,18,39,39,39,True
10359,17731093916,28,11,4,0,3,4,20,20,39,False
5873,18802233956,48,13,4,0,0,27,17,17,0,False
4587,15079495784,16,31,4,0,1,28,38,38,39,False
1488,15735414945,34,5,4,0,1,31,21,21,9,False
3616,13130819298,48,4,1,0,0,9,4,4,1,False
6629,19881266563,2,26,4,0,0,18,2,2,9,False
3346,19970957519,28,8,3,0,3,37,45,45,39,False
4596,15079495784,25,13,4,0,3,12,6,6,9,False
11743,18758415613,8,15,4,0,0,29,0,0,19,False
6640,19881266563,13,9,4,0,0,20,30,30,9,False
12386,18989781863,49,6,3,0,3,2,40,40,39,False
3914,13130819298,45,9,4,0,0,22,2,2,13,False
13721,19948700293,30,6,2,0,0,27,19,19,0,False
7657,13943039298,26,5,1,0,0,37,22,22,1,False
6906,13074255915,27,5,4,0,3,44,46,46,19,False
5950,18802233956,25,6,4,0,1,30,43,43,39,False
12197,18765816132,11,1,4,0,2,22,29,29,39,False
10533,18365196069,1,4,2,0,3,32,41,41,39,False
4007,13670356740,37,15,2,0,3,18,13,13,9,False
8822,16630722126,37,1,3,0,1,45,38,38,20,False
10700,18365196069,18,15,4,0,0,31,23,23,9,False
3545,19970957519,27,3,4,0,3,19,42,42,9,False
10883,18636055184,51,2,1,0,2,23,29,29,39,False
7903,13943039298,21,10,4,0,3,4,13,13,39,False
2249,17713196465,43,3,4,0,1,11,31,31,15,False
9989,17527328008,9,8,4,0,3,31,47,47,39,False
2231,17713196465,25,19,4,0,1,46,29,29,8,False
9475,17331496902,47,3,1,0,2,7,8,8,39,False
3801,13130819298,32,9,4,0,1,17,46,46,39,False
6876,13074255915,47,0,3,0,1,29,7,7,13,False
12620,19550593600,33,0,1,0,0,43,42,42,9,False
12506,18989781863,19,10,4,0,2,7,37,37,39,False
1641,17623708813,37,7,1,0,1,13,18,18,39,False
3053,19831701219,36,2,4,0,1,31,21,21,9,False
13824,19948700293,18,4,3,0,2,13,34,34,39,False
13537,19859608897,47,4,4,0,3,21,36,36,39,False
11399,18664891854,15,1,4,0,1,44,43,43,20,False
10333,17731093916,2,13,4,0,3,26,27,27,39,False
2648,17807329663,41,9,4,0,2,5,12,12,39,False
4540,15079495784,19,1,4,0,3,17,18,18,39,False
5166,18053307086,43,23,4,0,3,30,24,24,39,False
5615,18702113651,41,12,4,0,3,25,20,20,39,False
894,15260233525,39,21,4,0,1,3,9,9,9,True
3259,19970957519,42,5,1,0,2,37,44,44,39,False
5101,18053307086,28,16,3,0,3,25,32,32,24,False
4612,15079495784,41,4,4,0,2,0,12,12,39,False
6914,13074255915,35,7,4,0,0,16,9,9,9,True
701,15260233525,48,3,3,0,2,23,39,39,39,True
235,13513580369,35,14,4,0,2,18,41,41,39,False
4619,15079495784,48,70,4,0,3,35,24,24,24,True
11817,18758415613,32,9,4,0,3,30,31,31,39,False
11506,18664891854,22,14,4,0,0,11,4,4,9,False
1834,17623708813,1,18,4,0,2,30,33,33,39,False
4428,15079495784,7,7,4,0,3,23,26,26,39,False
9758,17331496902,29,0,4,0,1,26,24,24,8,False
3317,19970957519,49,1,2,0,0,40,5,5,20,False
11050,18636055184,17,18,4,0,2,25,33,33,24,False
2497,17807329663,40,10,4,0,2,18,10,10,9,False
12528,18989781863,41,4,4,0,2,15,36,36,39,False
1854,17623708813,21,3,4,0,0,16,14,14,24,False
5258,18053307086,35,22,4,0,3,10,25,25,39,False
741,15260233525,36,22,4,0,3,25,24,24,8,False
12267,18989781863,31,2,1,0,1,33,20,20,9,False
13651,19948700293,11,9,1,0,1,8,0,0,0,True
3787,13130819298,18,23,4,0,0,36,8,8,9,False
11532,18664891854,48,0,4,0,3,10,48,48,39,False
12172,18765816132,36,7,4,0,1,22,21,21,9,False
439,13932780308,38,2,2,0,3,8,11,11,10,False
1557,15735414945,3,17,4,0,0,33,23,23,0,False
3492,19970957519,24,13,4,0,1,37,36,36,9,False
4408,15079495784,37,3,3,0,3,8,10,10,10,True
681,15260233525,28,1,3,0,0,23,32,32,39,False
12466,18989781863,29,4,4,0,2,15,17,17,39,False
8385,15167050060,1,8,2,0,3,18,12,12,24,False
5530,18702113651,6,122,4,0,1,29,3,3,19,False
734,15260233525,29,11,4,0,3,39,47,47,39,False
8455,15167050060,21,1,3,0,2,12,40,40,39,False
9881,17527328008,1,0,3,0,1,1,30,30,9,False
4560,15079495784,39,15,4,0,0,43,42,42,1,False
9501,17331496902,22,6,2,0,0,14,1,1,1,True
5219,18053307086,46,4,4,0,0,46,43,43,8,False
6719,19881266563,41,19,4,0,2,39,29,29,24,False
4626,15797725211,5,10,1,0,2,18,24,24,9,False
10409,17731093916,28,15,4,0,1,20,19,19,9,False
4488,15079495784,17,11,4,0,3,0,19,19,39,False
2600,17807329663,43,4,4,0,1,31,8,8,9,False
240,13513580369,40,0,4,0,3,44,19,19,13,False
12454,18989781863,17,3,4,0,3,16,9,9,9,True
5460,18702113651,36,3,3,0,2,12,20,20,19,False
4298,15079495784,28,13,1,0,0,27,20,20,0,False
4868,15797725211,46,12,4,0,0,19,7,7,0,False
8638,15167050060,4,20,4,0,0,39,45,45,24,False
1575,15735414945,21,12,4,0,0,32,11,11,10,False
6207,19852999776,31,6,4,0,1,31,8,8,9,False
4488,15079495784,17,7,4,0,3,0,19,19,39,False
11947,18765816132,11,7,2,0,1,47,40,40,13,False
8962,16630722126,35,19,4,0,1,11,8,8,9,False
11290,18664891854,6,2,3,0,1,26,45,45,39,False
8215,15165929133,32,6,4,0,3,7,8,8,39,False
7940,13943039298,8,5,4,0,0,23,1,1,8,False
14024,19948700293,2,2,4,0,3,19,29,29,20,False
9789,17527328008,10,65,1,0,2,15,28,28,39,False
6665,19881266563,38,18,4,0,3,18,6,6,9,False
2834,18991311567,26,53,4,0,3,28,16,16,39,False
8058,15165929133,25,3,2,0,2,10,33,33,39,False
11084,18636055184,1,20,4,0,2,25,24,24,39,False
12642,19550593600,4,0,2,0,1,9,15,15,1,False
7361,13401917913,31,4,4,0,3,39,32,32,24,False
12083,18765816132,47,1,4,0,3,37,39,39,39,True
1236,15661502139,32,1,4,0,3,10,18,18,39,False
6267,19852999776,41,18,4,0,2,16,30,30,24,False
9676,17331496902,47,0,4,0,3,21,28,28,39,False
6668,19881266563,41,23,4,0,0,17,34,34,39,False
2067,17713196465,11,5,3,0,0,29,22,22,19,False
7662,13943039298,31,9,1,0,2,32,48,48,9,False
1385,15735414945,30,20,3,0,0,19,16,16,9,False
5124,18053307086,1,32,4,0,0,36,21,21,9,False
4910,15797725211,38,22,4,0,3,30,41,41,39,False
1290,15735414945,36,0,1,0,2,23,21,21,24,False
1944,17623708813,39,13,4,0,1,8,0,0,0,True
8424,15167050060,40,1,2,0,1,17,7,7,0,False
11039,18636055184,6,3,4,0,1,31,17,17,9,False
1811,17623708813,6,6,4,0,3,22,23,23,39,False
1486,15735414945,32,15,4,0,2,17,31,31,24,False
6062,19852999776,37,3,1,0,1,15,0,0,0,True
1239,15661502139,35,11,4,0,1,10,21,21,0,False
566,15260233525,14,7,1,0,0,22,15,15,20,False
9245,16726368276,17,5,4,0,0,16,1,1,8,False
5412,18702113651,38,8,2,0,3,18,17,17,9,False
3798,13130819298,29,20,4,0,3,45,39,39,20,False
3124,19831701219,7,8,4,0,0,45,38,38,20,False
3201,19831701219,34,3,4,0,1,11,20,20,39,False
1766,17623708813,11,7,4,0,2,1,19,19,9,False
10680,18365196069,48,6,4,0,1,5,9,9,9,True
8267,15165929133,34,2,4,0,2,34,40,40,39,False
9391,16726368276,13,12,4,0,2,2,8,8,9,False
9300,16726368276,22,5,4,0,2,32,39,39,39,True
3714,13130819298,45,1,3,0,1,30,36,36,8,False
11479,18664891854,45,14,4,0,1,41,40,40,39,False
6292,19852999776,16,17,4,0,1,30,14,14,0,False
1788,17623708813,33,22,4,0,3,23,24,24,39,False
11083,18636055184,50,5,4,0,0,23,4,4,19,False
6700,19881266563,22,12,4,0,3,12,5,5,9,False
11343,18664891854,9,1,4,0,2,19,18,18,39,False
12476,18989781863,39,10,4,0,3,0,1,1,1,True
8914,16630722126,37,31,4,0,0,27,34,34,0,False
2823,18991311567,15,16,4,0,2,18,16,16,9,False
5779,18802233956,4,3,3,0,1,32,22,22,1,False
12233,18765816132,47,6,4,0,3,25,48,48,39,False
4153,13670356740,33,5,4,0,0,38,39,39,24,False
3191,19831701219,24,15,4,0,0,25,18,18,8,False
7110,13401917913,31,1,1,0,0,7,5,5,39,False
4715,15797725211,43,10,2,0,0,29,2,2,13,False
1237,15661502139,33,4,4,0,0,23,8,8,8,True
6439,19881266563,12,5,2,0,1,32,35,35,0,False
5670,18702113651,46,0,4,0,2,39,7,7,8,False
5300,18053307086,27,7,4,0,0,37,22,22,0,False
13319,19859608897,30,6,1,0,3,33,34,34,39,False
8163,15165929133,30,15,4,0,2,39,47,47,39,False
796,15260233525,41,9,4,0,2,35,36,36,39,False
6410,19881266563,34,7,1,0,0,22,14,14,0,False
6282,19852999776,6,3,4,0,1,18,3,3,9,False
10044,17527328008,14,5,4,0,0,32,13,13,13,True
12257,18989781863,21,6,1,0,2,30,19,19,8,False
2388,17807329663,31,2,2,0,2,37,42,42,0,False
6463,19881266563,36,0,2,0,2,0,11,11,24,False
9463,17331496902,35,2,1,0,0,20,12,12,9,False
7037,13074255915,8,3,4,0,3,29,1,1,19,False
2416,17807329663,9,0,3,0,0,25,23,23,8,False
7247,13401917913,17,2,4,0,0,13,3,3,8,False
13176,19834840803,37,3,4,0,1,4,10,10,24,False
8012,15165929133,30,3,1,0,0,44,42,42,0,False
10771,18365196069,39,3,4,0,3,1,10,10,39,False
1713,17623708813,8,3,3,0,0,33,6,6,13,False
1524,15735414945,20,28,4,0,3,22,9,9,13,False
3458,19970957519,40,5,4,0,3,30,18,18,20,False
5005,18053307086,33,4,1,0,2,18,46,46,39,False
3638,13130819298,19,13,2,0,1,19,39,39,0,False
9312,16726368276,34,8,4,0,2,21,29,29,39,False
7600,13630678332,19,7,4,0,3,14,24,24,39,False
3984,13670356740,14,7,2,0,2,28,37,37,39,False
5530,18702113651,6,38,4,0,3,8,3,3,11,False
7120,13401917913,41,1,1,0,3,36,40,40,20,False
2800,18991311567,42,9,3,0,2,8,0,0,9,False
12946,19834840803,8,2,1,0,2,31,23,23,24,False
6022,18802233956,47,0,4,0,3,39,3,3,9,False
8988,16630722126,11,6,4,0,0,39,3,3,9,False
9744,17331496902,15,3,4,0,3,45,39,39,19,False
2190,17713196465,34,23,4,0,1,25,6,6,24,False
2957,19831701219,40,6,2,0,3,28,17,17,39,False
13960,19948700293,4,5,4,0,1,32,45,45,39,False
9870,17527328008,40,1,2,0,0,14,1,1,1,True
4479,15079495784,8,26,4,0,3,45,47,47,19,False
4495,15079495784,24,22,4,0,2,12,5,5,9,False
4902,15797725211,30,24,4,0,1,12,20,20,39,False
13631,19859608897,41,3,4,0,2,18,34,34,39,False
1401,15735414945,46,28,3,0,1,23,24,24,24,True
2933,19831701219,16,11,2,0,3,11,46,46,39,False
7928,13943039298,46,1,4,0,2,1,31,31,39,False
2229,17713196465,23,11,4,0,2,30,4,4,13,False
11743,18758415613,8,10,4,0,0,36,0,0,9,False
13329,19859608897,40,6,1,0,2,24,15,15,24,False
12305,18989781863,18,4,2,0,3,17,6,6,20,False
6624,19881266563,47,18,4,0,1,11,3,3,9,False
13489,19859608897,49,6,4,0,3,25,19,19,39,False
179,13513580369,29,4,4,0,0,37,16,16,9,False
3120,19831701219,3,13,4,0,1,32,30,30,9,False
7497,13630678332,16,9,2,0,1,40,39,39,1,False
3824,13130819298,5,14,4,0,2,32,36,36,0,False
2561,17807329663,4,6,4,0,1,18,3,3,9,False
10665,18365196069,33,12,4,0,0,31,24,24,9,False
7274,13401917913,44,3,4,0,2,3,12,12,39,False
1548,15735414945,44,7,4,0,1,15,7,7,0,False
6795,13074255915,16,4,2,0,0,23,19,19,24,False
8810,16630722126,25,0,3,0,3,8,25,25,39,False
173,13513580369,23,14,4,0,2,19,25,25,39,False
3130,19831701219,13,4,4,0,1,17,25,25,39,False
11984,18765816132,48,4,2,0,0,32,13,13,13,True
5606,18702113651,32,1,4,0,2,17,38,38,39,False
11342,18664891854,8,5,4,0,0,27,19,19,0,False
7170,13401917913,40,0,2,0,1,27,34,34,0,False
3349,19970957519,31,20,3,0,0,27,16,16,0,False
4383,15079495784,12,6,3,0,0,30,23,23,8,False
5227,18053307086,4,6,4,0,0,10,7,7,8,False
1350,15735414945,45,1,2,0,0,31,23,23,9,False
8868,16630722126,41,3,3,0,1,9,39,39,39,True
3488,19970957519,20,43,4,0,1,36,9,9,9,True
12763,19550593600,22,11,4,0,3,16,2,2,9,False
1140,15661502139,34,55,4,0,2,26,37,37,24,False
9119,16726368276,42,4,1,0,3,40,24,24,1,False
11183,18636055184,50,4,4,0,1,47,32,32,20,False
12173,18765816132,37,10,4,0,3,14,48,48,39,False
13130,19834840803,41,29,4,0,3,46,48,48,19,False
2593,17807329663,36,7,4,0,3,32,12,12,2,False
5916,18802233956,41,2,4,0,3,5,47,47,39,False
8405,15167050060,21,14,2,0,1,3,9,9,9,True
7141,13401917913,11,3,2,0,3,37,33,33,20,False
6034,19852999776,9,3,1,0,1,11,1,1,0,False
13769,19948700293,28,2,3,0,2,39,38,38,24,False
9159,16726368276,31,6,2,0,0,44,38,38,20,False
9319,16726368276,41,5,4,0,3,22,36,36,39,False
8747,16630722126,12,0,2,0,3,45,32,32,20,False
7827,13943039298,45,23,4,0,3,31,39,39,39,True
4796,15797725211,24,19,4,0,0,7,10,10,39,False
12133,18765816132,47,15,4,0,1,3,8,8,9,False
10746,18365196069,14,17,4,0,2,34,41,41,39,False
3521,19970957519,3,23,4,0,2,3,23,23,39,False
1120,15661502139,14,15,4,0,1,24,1,1,9,False
8362,15167050060,29,12,1,0,0,37,24,24,13,False
7830,13943039298,48,4,4,0,2,16,14,14,9,False
5835,18802233956,10,9,4,0,0,30,39,39,39,True
11499,18664891854,15,5,4,0,1,45,8,8,20,False
7629,13630678332,48,8,4,0,3,16,24,24,39,False
9905,17527328008,25,4,3,0,0,18,4,4,1,False
10553,18365196069,21,0,2,0,0,44,43,43,20,False
6228,19852999776,2,6,4,0,3,40,15,15,1,False
6555,19881266563,28,6,4,0,2,18,21,21,9,False
13544,19859608897,4,1,4,0,3,31,27,27,19,False
13707,19948700293,16,7,2,0,3,16,1,1,24,False
6630,19881266563,3,34,4,0,3,11,24,24,39,False
5036,18053307086,13,3,2,0,2,2,15,15,24,False
10320,17731093916,39,0,4,0,1,48,31,31,8,False
6374,19852999776,48,3,4,0,0,15,23,23,39,False
988,15661502139,32,7,2,0,1,17,20,20,20,True
12146,18765816132,10,3,4,0,0,27,41,41,0,False
7712,13943039298,30,2,2,0,3,17,19,19,39,False
4941,15797725211,19,6,4,0,0,27,6,6,0,False
6160,19852999776,34,11,3,0,3,12,13,13,9,False
191,13513580369,41,2,4,0,3,14,23,23,39,False
7019,13074255915,40,8,4,0,2,35,42,42,24,False
7272,13401917913,42,0,4,0,1,18,24,24,39,False
1024,15661502139,18,0,3,0,3,14,34,34,39,False
1055,15661502139,49,4,3,0,3,29,36,36,39,False
4168,13670356740,48,1,4,0,2,43,25,25,9,False
7016,13074255915,37,26,4,0,1,38,48,48,24,False
4655,15797725211,34,1,1,0,2,3,11,11,39,False
4292,15079495784,22,16,1,0,3,10,39,39,39,True
7540,13630678332,9,7,3,0,3,25,27,27,39,False
9359,16726368276,31,3,4,0,2,39,47,47,39,False
2647,17807329663,40,8,4,0,2,1,0,0,9,False
13636,19859608897,46,5,4,0,0,44,43,43,9,False
7602,13630678332,21,10,4,0,2,38,39,39,39,True
9954,17527328008,24,22,4,0,0,12,26,26,19,False
2729,18991311567,21,12,2,0,1,6,5,5,9,False
8978,16630722126,1,9,4,0,0,44,24,24,13,False
5495,18702113651,21,15,4,0,2,11,34,34,39,False
5131,18053307086,8,7,4,0,1,46,37,37,8,False
12460,18989781863,23,5,4,0,3,26,27,27,39,False
1398,15735414945,43,0,3,0,3,14,19,19,39,False
11103,18636055184,20,4,4,0,1,23,21,21,8,False
8717,16630722126,33,4,1,0,3,26,48,48,39,False
13453,19859608897,13,5,4,0,2,23,45,45,39,False
5904,18802233956,29,4,4,0,2,31,29,29,9,False
4604,15079495784,33,2,4,0,2,3,46,46,39,False
8997,16630722126,20,16,4,0,1,18,1,1,9,False
242,13513580369,42,14,4,0,0,25,1,1,0,False
4148,13670356740,28,10,4,0,3,9,16,16,39,False
2314,17807329663,8,0,1,0,0,40,9,9,1,False
973,15661502139,17,4,2,0,1,9,1,1,1,True
4170,13670356740,50,8,4,0,2,11,18,18,39,False
3772,13130819298,3,3,4,0,0,23,34,34,39,False
13631,19859608897,41,0,4,0,1,5,34,34,40,False
2309,17807329663,3,1,1,0,0,30,36,36,8,False
13208,19834840803,19,6,4,0,3,10,34,34,39,False
6491,19881266563,14,8,3,0,3,18,10,10,9,False
8398,15167050060,14,1,2,0,1,39,22,22,24,False
2559,17807329663,2,6,4,0,0,20,13,13,9,False
3057,19831701219,40,9,4,0,3,14,34,34,39,False
11351,18664891854,17,9,4,0,2,40,42,42,39,False
4803,15797725211,31,10,4,0,1,31,15,15,9,False
13360,19859608897,20,0,2,0,1,36,21,21,9,False
13606,19859608897,16,2,4,0,1,26,15,15,9,False
2449,17807329663,42,8,3,0,1,36,21,21,9,False
618,15260233525,15,2,2,0,0,19,2,2,1,False
6190,19852999776,14,5,4,0,3,11,38,38,20,False
3637,13130819298,18,11,2,0,2,12,39,39,39,True
9196,16726368276,18,6,3,0,1,18,8,8,9,False
6924,13074255915,45,4,4,0,0,14,1,1,1,True
8097,15165929133,14,8,3,0,1,40,39,39,1,False
2903,19831701219,37,6,1,0,0,37,9,9,9,True
5907,18802233956,32,20,4,0,3,22,2,2,13,False
5038,18053307086,15,1,2,0,2,18,15,15,9,False
12307,18989781863,20,0,2,0,2,3,6,6,39,False
1592,15735414945,38,8,4,0,3,32,18,18,2,False
7673,13943039298,42,1,1,0,2,20,33,33,15,False
3916,13130819298,47,1,4,0,2,11,31,31,39,False
3866,13130819298,47,17,4,0,1,10,9,9,8,False
12932,19550593600,44,10,4,0,1,39,25,25,24,False
11379,18664891854,45,0,4,0,2,8,44,44,39,False
5317,18053307086,44,13,4,0,0,23,16,16,19,False
11839,18758415613,4,17,4,0,3,29,15,15,9,False
3134,19831701219,17,16,4,0,2,18,46,46,39,False
438,13932780308,37,2,2,0,3,32,11,11,10,False
8997,16630722126,20,24,4,0,1,2,1,1,0,False
10994,18636055184,11,29,4,0,0,15,0,0,9,False
11833,18758415613,48,0,4,0,0,39,18,18,9,False
4910,15797725211,38,5,4,0,3,15,41,41,39,False
1416,15735414945,11,10,4,0,3,29,33,33,39,False
10679,18365196069,47,7,4,0,3,44,46,46,39,False
12737,19550593600,49,3,3,0,3,14,24,24,39,False
5933,18802233956,8,24,4,0,0,38,45,45,24,False
159,13513580369,9,10,4,0,3,19,26,26,20,False
14004,19948700293,15,2,4,0,2,10,46,46,39,False
6685,19881266563,7,30,4,0,2,8,7,7,39,False
6983,13074255915,4,1,4,0,3,39,26,26,19,False
5241,18053307086,18,5,4,0,3,25,32,32,24,False
2127,17713196465,21,8,4,0,2,18,16,16,9,False
5458,18702113651,34,3,3,0,2,3,38,38,39,False
876,15260233525,21,17,4,0,3,16,25,25,24,False
3839,13130819298,20,8,4,0,1,29,0,0,9,False
263,13513580369,13,8,4,0,3,4,6,6,39,False
3682,13130819298,13,2,3,0,1,17,24,24,39,False
12205,18765816132,19,8,4,0,3,46,48,48,19,False
1894,17623708813,39,2,4,0,0,27,10,10,0,False
674,15260233525,21,2,3,0,2,10,16,16,39,False
13168,19834840803,29,11,4,0,1,27,48,48,9,False
3367,19970957519,49,2,3,0,1,17,9,9,0,False
3855,13130819298,36,40,4,0,0,23,16,16,19,False
1889,17623708813,34,12,4,0,0,8,11,11,1,False
4917,15797725211,45,16,4,0,0,15,8,8,9,False
11466,18664891854,32,12,4,0,0,11,20,20,39,False
5060,18053307086,37,5,2,0,3,23,32,32,39,False
1694,17623708813,39,3,2,0,2,26,39,39,39,True
5300,18053307086,27,1,4,0,0,39,22,22,9,False
8801,16630722126,16,2,3,0,2,0,2,2,39,False
4602,15079495784,31,13,4,0,3,18,15,15,9,False
3888,13130819298,19,19,4,0,0,15,16,16,39,False
13038,19834840803,49,0,2,0,1,40,3,3,1,False
5173,18053307086,50,21,4,0,3,12,6,6,9,False
177,13513580369,27,3,4,0,3,25,38,38,24,False
10087,17527328008,7,6,4,0,3,35,32,32,19,False
6538,19881266563,11,7,4,0,2,5,20,20,47,False
7925,13943039298,43,2,4,0,0,16,12,12,12,True
8800,16630722126,15,1,3,0,1,5,2,2,30,False
7669,13943039298,38,0,1,0,3,33,47,47,39,False
9984,17527328008,4,5,4,0,0,45,32,32,20,False
4558,15079495784,37,23,4,0,3,10,23,23,39,False
1696,17623708813,41,13,2,0,3,37,31,31,19,False
13715,19948700293,24,0,2,0,0,44,42,42,1,False
1762,17623708813,7,14,4,0,2,22,41,41,39,False
1159,15661502139,5,3,4,0,3,39,3,3,24,False
3012,19831701219,45,3,3,0,3,25,37,37,24,False
8808,16630722126,23,13,3,0,2,30,31,31,1,False
5232,18053307086,9,6,4,0,0,33,12,12,2,False
919,15661502139,14,13,1,0,1,33,46,46,39,False
2363,17807329663,6,14,2,0,3,11,45,45,39,False
4957,15797725211,35,8,4,0,0,29,21,21,9,False
8544,15167050060,10,0,4,0,3,22,43,43,39,False
8627,15167050060,43,3,4,0,2,9,27,27,39,False
6772,13074255915,44,2,1,0,0,7,1,1,1,True
9736,17331496902,7,6,4,0,0,25,17,17,8,False
4859,15797725211,37,0,4,0,1,17,36,36,39,False
1342,15735414945,37,9,2,0,2,35,36,36,39,False
8914,16630722126,37,11,4,0,2,33,34,34,9,False
1600,15735414945,46,10,4,0,2,38,39,39,24,False
5470,18702113651,46,0,3,0,2,8,46,46,39,False
3700,13130819298,31,15,3,0,2,14,21,21,39,False
2612,17807329663,5,2,4,0,1,11,15,15,15,True
1796,17623708813,41,246,4,0,2,23,0,0,8,False
11080,18636055184,47,0,4,0,0,43,8,8,9,False
5722,18802233956,48,0,1,0,2,7,1,1,39,False
210,13513580369,10,2,4,0,0,33,11,11,1,False
11068,18636055184,35,9,4,0,3,18,19,19,39,False
4186,13670356740,16,16,4,0,1,19,18,18,39,False
4611,15079495784,40,6,4,0,2,23,0,0,8,False
5495,18702113651,21,21,4,0,0,19,34,34,20,False
9183,16726368276,5,3,3,0,2,7,28,28,9,False
7257,13401917913,27,10,4,0,0,36,15,15,9,False
2556,17807329663,49,8,4,0,1,3,14,14,9,False
3771,13130819298,2,9,4,0,1,18,24,24,9,False
3338,19970957519,20,1,3,0,3,14,25,25,39,False
210,13513580369,10,6,4,0,3,18,11,11,9,False
4140,13670356740,20,15,4,0,2,9,23,23,24,False
7976,13943039298,44,9,4,0,1,17,3,3,0,False
3590,13130819298,22,6,1,0,3,32,15,15,1,False
12052,18765816132,16,17,4,0,1,23,22,22,8,False
75,13513580369,25,9,2,0,2,37,43,43,39,False
6953,13074255915,24,0,4,0,1,15,4,4,19,False
1742,17623708813,37,3,3,0,0,25,22,22,9,False
4461,15079495784,40,4,4,0,2,21,44,44,39,False
2474,17807329663,17,46,4,0,1,39,38,38,9,False
4578,15079495784,7,6,4,0,1,33,15,15,9,False
10599,18365196069,17,14,3,0,0,27,13,13,0,False
2801,18991311567,43,2,3,0,1,13,27,27,39,False
4182,13670356740,12,1,4,0,1,18,7,7,9,False
1825,17623708813,20,27,4,0,3,24,9,9,9,True
4563,15079495784,42,2,4,0,3,17,25,25,39,False
1449,15735414945,44,20,4,0,3,37,40,40,19,False
4607,15079495784,36,15,4,0,2,18,37,37,39,False
4156,13670356740,36,9,4,0,2,33,39,39,39,True
13281,19834840803,42,5,4,0,2,39,10,10,24,False
11283,18664891854,49,5,2,0,2,17,32,32,39,False
1854,17623708813,21,12,4,0,1,29,14,14,9,False
13865,19948700293,9,10,4,0,0,30,8,8,13,False
13223,19834840803,34,5,4,0,2,39,32,32,24,False
12403,18989781863,16,15,4,0,2,32,41,41,39,False
7061,13074255915,32,3,4,0,3,39,0,0,24,False
9091,16726368276,14,8,1,0,2,16,30,30,19,False
11870,18758415613,35,10,4,0,1,3,2,2,9,False
4051,13670356740,31,2,3,0,3,16,14,14,24,False
2593,17807329663,36,9,4,0,0,26,12,12,1,False
4369,15079495784,48,5,2,0,0,27,5,5,0,False
1501,15735414945,47,48,4,0,2,31,16,16,9,False
12421,18989781863,34,8,4,0,3,15,48,48,39,False
6248,19852999776,22,22,4,0,3,2,19,19,39,False
3772,13130819298,3,18,4,0,3,33,34,34,39,False
3684,13130819298,15,5,3,0,1,30,43,43,39,False
6180,19852999776,4,21,4,0,2,12,19,19,39,False
13141,19834840803,2,1,4,0,2,38,46,46,24,False
9289,16726368276,11,11,4,0,3,3,6,6,39,False
12568,18989781863,31,1,4,0,3,45,32,32,20,False
1077,15661502139,21,15,4,0,2,2,9,9,9,True
1878,17623708813,23,2,4,0,2,26,46,46,39,False
10133,17731093916,3,2,1,0,1,5,2,2,20,False
6823,13074255915,44,11,2,0,0,31,24,24,9,False
2769,18991311567,11,18,3,0,1,1,0,0,9,False
9118,16726368276,41,9,1,0,1,32,24,24,0,False
9004,16630722126,27,1,4,0,2,4,3,3,24,False
10665,18365196069,33,8,4,0,2,18,24,24,39,False
11368,18664891854,34,5,4,0,0,23,7,7,8,False
11469,18664891854,35,7,4,0,2,28,19,19,19,True
7328,13401917913,48,1,4,0,1,40,4,4,1,False
8151,15165929133,18,3,4,0,2,2,1,1,24,False
831,15260233525,26,5,4,0,2,16,15,15,9,False
9255,16726368276,27,6,4,0,1,17,9,9,0,False
529,13932780308,28,21,4,0,1,28,21,21,8,False
1420,15735414945,15,24,4,0,3,26,34,34,39,False
7358,13401917913,28,32,4,0,1,16,2,2,9,False
11799,18758415613,14,0,4,0,2,25,22,22,8,False
10008,17527328008,28,6,4,0,0,23,19,19,19,True
7884,13943039298,2,2,4,0,3,9,44,44,39,False
9394,16726368276,16,6,4,0,1,18,22,22,9,False
14084,19948700293,12,2,4,0,3,23,24,24,24,True
1279,15735414945,25,1,1,0,0,23,25,25,39,False
4544,15079495784,23,18,4,0,3,31,18,18,9,False
13621,19859608897,31,4,4,0,2,39,46,46,39,False
13174,19834840803,35,23,4,0,1,10,0,0,0,True
9377,16726368276,49,5,4,0,0,7,1,1,9,False
12679,19550593600,36,9,2,0,2,34,39,39,15,False
2200,17713196465,44,25,4,0,3,15,17,17,19,False
4207,13670356740,37,2,4,0,1,6,5,5,9,False
2870,19831701219,4,14,1,0,3,22,16,16,39,False
1812,17623708813,7,29,4,0,0,37,9,9,9,True
2230,17713196465,24,0,4,0,2,10,36,36,39,False
422,13932780308,21,7,2,0,0,22,0,0,1,False
4522,15079495784,1,30,4,0,2,37,43,43,0,False
10410,17731093916,29,9,4,0,2,10,25,25,39,False
1774,17623708813,19,49,4,0,0,20,6,6,9,False
8926,16630722126,49,3,4,0,0,40,48,48,39,False
1508,15735414945,4,10,4,0,0,30,47,47,39,False
13050,19834840803,11,3,3,0,1,38,45,45,24,False
6657,19881266563,30,7,4,0,3,45,12,12,46,False
2277,17713196465,21,4,4,0,2,26,42,42,24,False
9668,17331496902,39,2,4,0,1,9,24,24,39,False
1095,15661502139,39,15,4,0,1,25,36,36,24,False
1486,15735414945,32,5,4,0,2,22,31,31,39,False
3755,13130819298,36,8,4,0,0,30,23,23,20,False
11458,18664891854,24,2,4,0,0,19,8,8,20,False
693,15260233525,40,0,3,0,3,10,46,46,39,False
7482,13630678332,1,9,2,0,3,22,16,16,39,False
3383,19970957519,15,22,4,0,3,25,39,39,24,False
4764,15797725211,42,8,3,0,1,3,14,14,9,False
5839,18802233956,14,9,4,0,3,28,21,21,39,False
1437,15735414945,32,6,4,0,2,21,46,46,19,False
10829,18365196069,47,20,4,0,2,17,29,29,0,False
116,13513580369,16,0,3,0,3,5,33,33,47,False
7637,13943039298,6,4,1,0,2,4,9,9,24,False
7602,13630678332,21,20,4,0,3,32,39,39,39,True
4746,15797725211,24,35,3,0,1,32,24,24,0,False
6247,19852999776,21,22,4,0,0,29,15,15,19,False
3468,19970957519,50,20,4,0,0,28,23,23,39,False
9312,16726368276,34,4,4,0,3,14,29,29,39,False
4137,13670356740,17,11,4,0,2,15,38,38,39,False
3465,19970957519,47,6,4,0,2,26,24,24,24,True
12062,18765816132,26,1,4,0,1,13,9,9,0,False
6028,19852999776,3,0,1,0,0,38,41,41,39,False
9531,17331496902,2,4,3,0,2,25,41,41,19,False
4787,15797725211,15,10,4,0,0,17,32,32,39,False
8273,15165929133,40,1,4,0,1,1,30,30,9,False
1127,15661502139,21,11,4,0,2,10,19,19,39,False
2365,17807329663,8,13,2,0,2,26,45,45,39,False
6262,19852999776,36,3,4,0,3,39,19,19,19,True
6690,19881266563,12,4,4,0,1,25,36,36,24,False
8107,15165929133,24,3,3,0,0,22,15,15,0,False
9909,17527328008,29,5,3,0,1,34,33,33,0,False
11848,18758415613,13,16,4,0,3,26,41,41,39,False
12750,19550593600,9,5,4,0,0,9,18,18,39,False
3949,13670356740,30,5,1,0,0,38,17,17,9,False
7998,15165929133,16,33,1,0,2,30,39,39,39,True
7184,13401917913,4,51,3,0,3,8,24,24,20,False
5948,18802233956,23,10,4,0,0,17,39,39,39,True
2151,17713196465,45,3,4,0,0,17,0,0,0,True
6658,19881266563,31,10,4,0,1,20,13,13,9,False
10689,18365196069,7,10,4,0,1,33,17,17,9,False
4967,15797725211,45,7,4,0,3,14,3,3,39,False
6485,19881266563,8,1,3,0,0,15,11,11,19,False
2668,18991311567,11,14,1,0,3,29,23,23,47,False
1220,15661502139,16,10,4,0,0,30,23,23,20,False
9982,17527328008,2,3,4,0,2,39,48,48,19,False
2525,17807329663,18,10,4,0,0,32,11,11,10,False
3013,19831701219,46,4,3,0,1,38,17,17,1,False
3358,19970957519,40,9,3,0,0,19,3,3,1,False
1095,15661502139,39,26,4,0,3,11,36,36,39,False
3901,13130819298,32,7,4,0,2,12,19,19,19,True
1077,15661502139,21,1,4,0,0,25,9,9,8,False
5230,18053307086,7,5,4,0,2,16,47,47,39,False
13325,19859608897,36,0,1,0,1,47,38,38,13,False
5498,18702113651,24,37,4,0,0,7,0,0,9,False
11443,18664891854,9,0,4,0,2,10,0,0,20,False
6501,19881266563,24,1,3,0,1,25,1,1,9,False
6595,19881266563,18,34,4,0,0,17,20,20,39,False
10975,18636055184,42,1,3,0,3,29,14,14,19,False
4265,13670356740,45,14,4,0,3,31,32,32,39,False
11241,18664891854,7,5,2,0,2,34,47,47,39,False
5480,18702113651,6,9,4,0,3,23,24,24,19,False
8637,15167050060,3,9,4,0,2,31,39,39,39,True
13855,19948700293,49,0,3,0,1,45,38,38,20,False
11427,18664891854,43,15,4,0,3,28,21,21,1,False
4125,13670356740,5,15,4,0,0,22,15,15,8,False
2379,17807329663,22,6,2,0,1,27,13,13,0,False
1253,15661502139,49,29,4,0,0,37,14,14,9,False
5167,18053307086,44,11,4,0,0,20,13,13,9,False
83,13513580369,33,9,2,0,3,10,24,24,39,False
9018,16630722126,41,19,4,0,3,32,34,34,39,False
4300,15079495784,30,2,1,0,2,18,20,20,24,False
3184,19831701219,17,11,4,0,3,23,38,38,39,False
6550,19881266563,23,6,4,0,1,1,0,0,9,False
5136,18053307086,13,13,4,0,0,33,17,17,9,False
7981,13943039298,49,3,4,0,3,39,24,24,24,True
9074,16630722126,47,8,4,0,0,27,20,20,0,False
7360,13401917913,30,9,4,0,1,18,3,3,9,False
7897,13943039298,15,2,4,0,1,9,43,43,39,False
13219,19834840803,30,4,4,0,2,4,3,3,24,False
10587,18365196069,5,3,3,0,2,7,29,29,39,False
871,15260233525,16,15,4,0,0,29,7,7,9,False
14056,19948700293,34,9,4,0,2,5,19,19,39,False
5842,18802233956,17,21,4,0,0,29,14,14,9,False
8747,16630722126,12,5,2,0,1,34,32,32,0,False
2019,17713196465,13,7,2,0,3,35,36,36,39,False
9472,17331496902,44,14,1,0,0,22,15,15,0,False
5125,18053307086,2,4,4,0,1,17,21,21,39,False
2519,17807329663,12,7,4,0,1,18,7,7,9,False
4906,15797725211,34,3,4,0,2,7,11,11,39,False
8011,15165929133,29,2,1,0,1,45,42,42,20,False
7711,13943039298,29,1,2,0,0,9,19,19,20,False
3791,13130819298,22,4,4,0,2,22,24,24,39,False
2365,17807329663,8,18,2,0,2,39,45,45,24,False
7827,13943039298,45,0,4,0,3,23,39,39,39,True
12295,18989781863,8,11,2,0,2,34,47,47,39,False
12179,18765816132,43,5,4,0,3,14,43,43,39,False
4978,18053307086,6,28,1,0,0,19,17,17,9,False
10892,18636055184,9,7,2,0,0,25,16,16,9,False
773,15260233525,18,1,4,0,2,4,26,26,39,False
8463,15167050060,29,6,3,0,1,40,48,48,39,False
109,13513580369,9,8,3,0,2,6,20,20,39,False
12839,19550593600,1,28,4,0,1,23,14,14,8,False
11515,18664891854,31,5,4,0,0,16,2,2,8,False
8487,15167050060,3,2,4,0,3,28,21,21,39,False
10946,18636055184,13,7,3,0,2,30,39,39,39,True
4358,15079495784,37,5,2,0,1,40,37,37,39,False
2360,17807329663,3,16,2,0,2,2,9,9,39,False
5833,18802233956,8,7,4,0,1,15,23,23,39,False
9934,17527328008,4,1,4,0,0,29,2,2,13,False
786,15260233525,31,17,4,0,1,11,17,17,0,False
13985,19948700293,29,9,4,0,1,38,8,8,0,False
3799,13130819298,30,14,4,0,3,18,3,3,9,False
11149,18636055184,16,19,4,0,1,16,15,15,9,False
10819,18365196069,37,5,4,0,2,23,36,36,39,False
6473,19881266563,46,8,2,0,2,3,5,5,39,False
2933,19831701219,16,14,2,0,2,18,46,46,39,False
6853,13074255915,24,3,3,0,0,11,12,12,9,False
4309,15079495784,39,2,1,0,1,37,16,16,9,False
1815,17623708813,10,10,4,0,0,18,10,10,9,False
9615,17331496902,36,1,4,0,2,9,26,26,39,False
3048,19831701219,31,1,4,0,0,39,19,19,19,True
10516,18365196069,35,1,1,0,1,46,31,31,9,False
199,13513580369,49,4,4,0,0,18,23,23,9,False
11110,18636055184,27,5,4,0,3,38,32,32,1,False
10329,17731093916,48,10,4,0,3,24,10,10,24,False
4739,15797725211,17,9,3,0,2,35,43,43,39,False
5936,18802233956,11,15,4,0,0,18,17,17,9,False
1409,15735414945,4,16,4,0,3,4,5,5,39,False
7006,13074255915,27,37,4,0,3,39,40,40,19,False
2173,17713196465,17,10,4,0,1,12,10,10,9,False
6237,19852999776,11,1,4,0,3,30,32,32,39,False
3626,13130819298,7,8,2,0,2,37,44,44,39,False
3039,19831701219,22,8,4,0,1,46,36,36,8,False
12113,18765816132,27,4,4,0,0,16,9,9,9,True
3893,13130819298,24,0,4,0,3,15,33,33,39,False
3899,13130819298,30,0,4,0,3,43,19,19,13,False
7942,13943039298,10,6,4,0,1,33,13,13,9,False
7171,13401917913,41,0,2,0,3,39,30,30,24,False
4167,13670356740,47,8,4,0,0,38,19,19,19,True
1323,15735414945,18,8,2,0,3,16,17,17,24,False
12260,18989781863,24,5,1,0,0,32,13,13,13,True
2499,17807329663,42,4,4,0,2,19,20,20,20,True
1149,15661502139,43,23,4,0,1,11,22,22,9,False
1506,15735414945,2,13,4,0,1,32,2,2,1,False
471,13932780308,20,13,3,0,1,32,31,31,0,False
2524,17807329663,17,18,4,0,1,26,9,9,1,False
1311,15735414945,6,2,2,0,0,33,7,7,1,False
1723,17623708813,18,4,3,0,1,32,22,22,1,False
4605,15079495784,34,10,4,0,1,46,8,8,8,True
5757,18802233956,32,0,2,0,0,7,1,1,39,False
5251,18053307086,28,13,4,0,3,35,43,43,19,False
6594,19881266563,17,8,4,0,1,32,14,14,1,False
4734,15797725211,12,2,3,0,2,37,43,43,0,False
9050,16630722126,23,0,4,0,0,40,30,30,1,False
10132,17731093916,2,4,1,0,2,11,2,2,14,False
13051,19834840803,12,11,3,0,1,15,7,7,0,False
6037,19852999776,12,16,1,0,3,2,31,31,39,False
12515,18989781863,28,36,4,0,3,14,15,15,39,False
11246,18664891854,12,1,2,0,0,9,18,18,39,False
12828,19550593600,40,9,4,0,2,8,16,16,39,False
1796,17623708813,41,180,4,0,2,19,0,0,0,True
4081,13670356740,11,6,4,0,1,25,2,2,9,False
9103,16726368276,26,9,1,0,0,10,9,9,8,False
2358,17807329663,1,0,2,0,0,25,9,9,9,True
1152,15661502139,46,28,4,0,1,25,24,24,24,True
3092,19831701219,25,13,4,0,3,9,10,10,1,False
3989,13670356740,19,3,2,0,0,25,18,18,19,False
5483,18702113651,9,24,4,0,2,16,8,8,24,False
4351,15079495784,30,9,2,0,2,39,36,36,24,False
4538,15079495784,17,6,4,0,3,9,12,12,12,True
8182,15165929133,49,2,4,0,2,15,11,11,39,False
10302,17731093916,21,2,4,0,0,46,34,34,20,False
1550,15735414945,46,37,4,0,1,9,14,14,1,False
3142,19831701219,25,14,4,0,1,38,10,10,9,False
3883,13130819298,14,6,4,0,2,15,25,25,39,False
3174,19831701219,7,12,4,0,1,20,16,16,9,False
10457,17731093916,26,10,4,0,3,21,28,28,39,False
7199,13401917913,19,4,3,0,0,23,1,1,0,False
8287,15165929133,4,10,4,0,2,33,40,40,39,False
7854,13943039298,22,0,4,0,0,12,18,18,39,False
5522,18702113651,48,12,4,0,0,25,8,8,8,True
13134,19834840803,45,1,4,0,3,30,31,31,20,False
14003,19948700293,14,7,4,0,1,36,8,8,9,False
6038,19852999776,13,1,1,0,0,25,31,31,24,False
3088,19831701219,21,16,4,0,2,24,2,2,24,False
3111,19831701219,44,25,4,0,1,31,0,0,9,False
12709,19550593600,21,3,3,0,1,40,13,13,1,False
3863,13130819298,44,24,4,0,2,25,17,17,24,False
4924,15797725211,2,3,4,0,2,19,40,40,39,False
12867,19550593600,29,1,4,0,3,24,20,20,9,False
1561,15735414945,7,3,4,0,0,24,14,14,9,False
1154,15661502139,48,0,4,0,0,7,11,11,39,False
6999,13074255915,20,4,4,0,2,39,47,47,39,False
1746,17623708813,41,13,3,0,3,37,46,46,39,False
5870,18802233956,45,3,4,0,2,18,44,44,39,False
4919,15797725211,47,5,4,0,3,22,45,45,39,False
13285,19834840803,46,10,4,0,1,40,39,39,1,False
1333,15735414945,28,5,2,0,1,32,42,42,0,False
12234,18765816132,48,1,4,0,3,11,12,12,19,False
1184,15661502139,30,6,4,0,1,26,25,25,1,False
7247,13401917913,17,10,4,0,0,17,3,3,0,False
6522,19881266563,45,11,3,0,1,36,30,30,9,False
3482,19970957519,14,6,4,0,3,32,25,25,9,False
5877,18802233956,2,23,4,0,2,31,15,15,9,False
5215,18053307086,42,7,4,0,1,31,1,1,9,False
4868,15797725211,46,8,4,0,0,25,7,7,9,False
9402,16726368276,24,1,4,0,2,32,39,39,39,True
258,13513580369,8,6,4,0,3,11,45,45,39,False
2922,19831701219,5,8,2,0,2,2,1,1,39,False
8385,15167050060,1,9,2,0,0,18,12,12,1,False
4788,15797725211,16,19,4,0,1,9,0,0,1,False
1023,15661502139,17,2,3,0,3,37,41,41,20,False
6575,19881266563,48,10,4,0,3,26,19,19,9,False
4626,15797725211,5,5,1,0,3,10,24,24,39,False
4119,13670356740,49,19,4,0,1,46,38,38,9,False
4481,15079495784,10,22,4,0,1,8,0,0,0,True
8734,16630722126,50,2,1,0,3,32,41,41,39,False
13540,19859608897,50,2,4,0,3,28,15,15,9,False
3047,19831701219,30,3,4,0,1,33,29,29,0,False
7825,13943039298,43,5,4,0,0,8,1,1,1,True
10318,17731093916,37,4,4,0,2,11,10,10,39,False
9503,17331496902,24,6,2,0,1,33,1,1,0,False
3412,19970957519,44,3,4,0,0,24,18,18,9,False
1828,17623708813,23,5,4,0,2,15,33,33,39,False
2770,18991311567,12,5,3,0,2,10,9,9,20,False
3393,19970957519,25,6,4,0,2,33,38,38,9,False
6753,13074255915,25,11,1,0,3,7,9,9,9,True
491,13932780308,40,10,3,0,0,25,17,17,8,False
10877,18636055184,45,2,1,0,1,5,18,18,40,False
6584,19881266563,7,7,4,0,1,46,38,38,8,False
1735,17623708813,30,4,3,0,1,30,36,36,1,False
12128,18765816132,42,10,4,0,2,39,47,47,39,False
3917,13130819298,48,12,4,0,1,31,7,7,0,False
13805,19948700293,14,9,4,0,2,23,48,48,39,False
886,15260233525,31,16,4,0,3,32,39,39,39,True
9641,17331496902,12,1,4,0,2,20,33,33,15,False
5837,18802233956,12,8,4,0,0,23,41,41,39,False
1297,15735414945,43,10,1,0,0,10,7,7,0,False
226,13513580369,26,4,4,0,0,9,19,19,39,False
1412,15735414945,7,1,4,0,1,17,43,43,39,False
6272,19852999776,46,5,4,0,1,30,43,43,39,False
7999,15165929133,17,11,1,0,2,11,39,39,39,True
6468,19881266563,41,4,2,0,0,9,12,12,20,False
11020,18636055184,37,3,4,0,3,39,40,40,19,False
9061,16630722126,34,0,4,0,3,34,47,47,39,False
10419,17731093916,38,13,4,0,2,6,13,13,39,False
9561,17331496902,32,11,3,0,0,32,3,3,1,False
6034,19852999776,9,0,1,0,3,18,1,1,9,False
3718,13130819298,49,2,3,0,3,12,20,20,19,False
9960,17527328008,30,10,4,0,0,25,20,20,20,True
9360,16726368276,32,13,4,0,2,15,31,31,39,False
3916,13130819298,47,11,4,0,2,23,31,31,39,False
1788,17623708813,33,32,4,0,1,19,24,24,39,False
5055,18053307086,32,2,2,0,0,21,46,46,19,False
7317,13401917913,37,0,4,0,1,40,21,21,1,False
9792,17527328008,13,9,1,0,2,25,30,30,24,False
2577,17807329663,20,14,4,0,3,30,32,32,39,False
9227,16726368276,49,5,3,0,0,10,8,8,8,True
2698,18991311567,41,8,1,0,0,25,19,19,19,True
1899,17623708813,44,9,4,0,1,18,14,14,9,False
2255,17713196465,49,4,4,0,3,10,45,45,39,False
686,15260233525,33,4,3,0,3,31,1,1,24,False
10273,17731093916,42,5,3,0,0,38,31,31,1,False
3628,13130819298,9,21,2,0,2,37,44,44,39,False
997,15661502139,41,10,2,0,2,31,9,9,24,False
8362,15167050060,29,17,1,0,3,37,24,24,12,False
3479,19970957519,11,8,4,0,1,32,39,39,39,True
13563,19859608897,23,3,4,0,0,22,8,8,0,False
11541,18758415613,7,0,1,0,1,34,20,20,0,False
7919,13943039298,37,17,4,0,1,27,33,33,9,False
9016,16630722126,39,0,4,0,0,40,7,7,1,False
6952,13074255915,23,2,4,0,0,12,8,8,9,False
8210,15165929133,27,20,4,0,0,10,9,9,8,False
2180,17713196465,24,3,4,0,2,8,31,31,39,False
4094,13670356740,24,2,4,0,2,10,7,7,20,False
11378,18664891854,44,1,4,0,2,8,40,40,20,False
1522,15735414945,18,17,4,0,1,20,11,11,9,False
11853,18758415613,18,9,4,0,0,7,1,1,9,False
1602,15735414945,48,0,4,0,0,33,7,7,9,False
6515,19881266563,38,2,3,0,2,26,31,31,39,False
13915,19948700293,9,1,4,0,0,42,39,39,13,False
1171,15661502139,17,2,4,0,2,24,6,6,24,False
7759,13943039298,27,12,3,0,2,26,41,41,9,False
1074,15661502139,18,2,4,0,2,12,26,26,39,False
11769,18758415613,34,6,4,0,1,33,32,32,0,False
5446,18702113651,22,4,3,0,2,24,21,21,24,False
999,15661502139,43,2,2,0,0,19,9,9,1,False
1434,15735414945,29,1,4,0,2,10,36,36,39,False
7278,13401917913,48,16,4,0,0,22,8,8,1,False
1628,17623708813,24,5,1,0,1,3,15,15,9,False
10521,18365196069,40,5,1,0,1,40,47,47,39,False
8478,15167050060,44,8,3,0,3,36,8,8,10,False
13080,19834840803,41,5,3,0,3,8,39,39,39,True
731,15260233525,26,2,4,0,1,32,22,22,0,False
11933,18765816132,48,15,1,0,3,47,48,48,13,False
11763,18758415613,28,0,4,0,0,31,2,2,8,False
2626,17807329663,19,44,4,0,1,40,2,2,1,False
11050,18636055184,17,13,4,0,2,20,33,33,39,False
9745,17331496902,16,6,4,0,1,23,8,8,8,True
3596,13130819298,28,5,1,0,1,29,43,43,39,False
5111,18053307086,38,6,3,0,0,33,25,25,13,False
1781,17623708813,26,35,4,0,1,32,37,37,0,False
1646,17623708813,42,3,1,0,1,38,21,21,0,False
10649,18365196069,17,10,4,0,3,37,33,33,20,False
6255,19852999776,29,21,4,0,2,37,43,43,39,False
9664,17331496902,35,9,4,0,0,27,19,19,0,False
11117,18636055184,34,4,4,0,1,32,47,47,39,False
2126,17713196465,20,14,4,0,2,10,17,17,39,False
2399,17807329663,42,14,2,0,1,17,27,27,39,False
11200,18664891854,17,7,1,0,3,37,24,24,12,False
1673,17623708813,18,6,2,0,1,36,1,1,9,False
3861,13130819298,42,10,4,0,3,3,4,4,39,False
1187,15661502139,33,12,4,0,3,10,33,33,39,False
9144,16726368276,16,5,2,0,0,18,19,19,39,False
13866,19948700293,10,10,4,0,1,33,11,11,9,False
10030,17527328008,50,1,4,0,1,18,14,14,9,False
7357,13401917913,27,5,4,0,2,33,41,41,39,False
292,13513580369,42,7,4,0,0,17,18,18,24,False
12584,18989781863,47,3,4,0,2,23,28,28,39,False
13944,19948700293,38,6,4,0,0,27,20,20,9,False
2873,19831701219,7,9,1,0,0,20,13,13,9,False
6566,19881266563,39,19,4,0,2,28,38,38,39,False
13136,19834840803,47,1,4,0,0,41,20,20,20,True
10591,18365196069,9,1,3,0,1,34,9,9,0,False
11360,18664891854,26,0,4,0,3,23,25,25,39,False
1928,17623708813,23,14,4,0,0,18,16,16,9,False
4569,15079495784,48,5,4,0,3,10,32,32,39,False
10576,18365196069,44,7,2,0,1,18,2,2,9,False
3326,19970957519,8,10,3,0,2,26,33,33,39,False
9721,17331496902,42,0,4,0,3,25,23,23,8,False
3179,19831701219,12,24,4,0,1,19,41,41,39,False
7709,13943039298,27,3,2,0,3,17,19,19,20,False
11901,18765816132,16,2,1,0,3,40,27,27,20,False
4556,15079495784,35,4,4,0,0,25,16,16,9,False
7159,13401917913,29,5,2,0,2,11,16,16,39,False
363,13932780308,13,2,1,0,2,15,17,17,39,False
3161,19831701219,44,10,4,0,2,17,41,41,39,False
11477,18664891854,43,11,4,0,3,44,47,47,19,False
3224,19970957519,7,7,1,0,0,27,13,13,0,False
7121,13401917913,42,7,1,0,2,34,40,40,39,False
12201,18765816132,15,23,4,0,0,10,9,9,8,False
5936,18802233956,11,5,4,0,2,24,17,17,9,False
7308,13401917913,28,11,4,0,3,16,17,17,39,False
377,13932780308,27,1,1,0,1,36,0,0,9,False
7345,13401917913,15,14,4,0,1,15,8,8,9,False
7536,13630678332,5,10,3,0,3,29,1,1,9,False
8666,15167050060,32,8,4,0,0,41,3,3,8,False
12825,19550593600,37,3,4,0,2,19,24,24,39,False
6706,19881266563,28,5,4,0,3,9,19,19,39,False
7496,13630678332,15,4,2,0,3,17,40,40,39,False
4174,13670356740,4,14,4,0,1,41,47,47,39,False
1036,15661502139,30,6,3,0,1,37,21,21,9,False
3847,13130819298,28,6,4,0,2,39,30,30,9,False
1140,15661502139,34,36,4,0,0,17,37,37,39,False
1138,15661502139,32,22,4,0,0,29,8,8,19,False
6230,19852999776,4,16,4,0,3,25,27,27,39,False
4250,13670356740,30,15,4,0,3,38,39,39,24,False
5271,18053307086,48,2,4,0,0,21,46,46,24,False
2728,18991311567,20,17,2,0,2,38,39,39,24,False
6538,19881266563,11,20,4,0,2,30,20,20,24,False
5888,18802233956,13,24,4,0,3,25,10,10,8,False
2369,17807329663,12,0,2,0,2,24,0,0,24,False
12357,18989781863,20,4,3,0,2,11,9,9,39,False
9789,17527328008,10,26,1,0,3,7,28,28,39,False
12840,19550593600,2,4,4,0,1,45,30,30,20,False
10798,18365196069,16,5,4,0,1,24,9,9,9,True
1438,15735414945,33,16,4,0,2,37,42,42,0,False
12143,18765816132,7,17,4,0,1,17,15,15,0,False
8000,15165929133,18,1,1,0,1,11,39,39,39,True
2588,17807329663,31,9,4,0,2,31,0,0,9,False
11064,18636055184,31,27,4,0,3,16,2,2,9,False
1127,15661502139,21,2,4,0,0,22,19,19,20,False
3323,19970957519,5,11,3,0,0,27,20,20,0,False
1944,17623708813,39,12,4,0,1,9,0,0,0,True
11572,18758415613,38,0,1,0,1,27,41,41,0,False
530,13932780308,29,9,4,0,2,35,47,47,39,False
12524,18989781863,37,5,4,0,3,2,48,48,39,False
7072,13074255915,43,11,4,0,1,45,17,17,20,False
11345,18664891854,11,1,4,0,3,37,31,31,39,False
5222,18053307086,49,11,4,0,2,12,33,33,39,False
3677,13130819298,8,13,3,0,1,19,39,39,39,True
9204,16726368276,26,0,3,0,1,40,29,29,1,False
7385,13401917913,5,26,4,0,1,8,7,7,0,False
5483,18702113651,9,12,4,0,3,18,8,8,9,False
7787,13943039298,5,11,4,0,3,33,41,41,39,False
5317,18053307086,44,3,4,0,3,8,16,16,39,False
9764,17331496902,35,14,4,0,0,14,2,2,1,False
9851,17527328008,21,0,2,0,2,25,45,45,24,False
8331,15165929133,48,12,4,0,1,23,15,15,8,False
536,13932780308,35,16,4,0,3,12,5,5,9,False
2043,17713196465,37,4,2,0,3,26,6,6,13,False
7953,13943039298,21,7,4,0,3,30,24,24,39,False
10689,18365196069,7,4,4,0,3,39,17,17,24,False
908,15661502139,3,0,1,0,1,11,31,31,39,False
3939,13670356740,20,2,1,0,3,37,39,39,20,False
4244,13670356740,24,7,4,0,2,3,17,17,39,False
10825,18365196069,43,10,4,0,0,41,33,33,8,False
2974,19831701219,7,23,3,0,0,28,14,14,24,False
3201,19831701219,34,12,4,0,0,11,20,20,39,False
1128,15661502139,22,19,4,0,1,4,16,16,24,False
12904,19550593600,16,26,4,0,3,37,24,24,39,False
12367,18989781863,30,3,3,0,2,3,20,20,39,False
2414,17807329663,7,3,3,0,1,11,37,37,39,False
12078,18765816132,42,3,4,0,2,22,36,36,39,False
292,13513580369,42,6,4,0,3,16,18,18,39,False
1810,17623708813,5,60,4,0,3,23,33,33,39,False
1429,15735414945,24,8,4,0,0,32,3,3,9,False
4511,15079495784,40,5,4,0,1,18,17,17,9,False
8212,15165929133,29,28,4,0,2,41,20,20,8,False
828,15260233525,23,6,4,0,2,26,32,32,24,False
256,13513580369,6,9,4,0,0,37,30,30,9,False
8439,15167050060,5,3,3,0,1,38,23,23,0,False
2127,17713196465,21,26,4,0,0,35,16,16,19,False
5707,18802233956,33,14,1,0,1,32,37,37,0,False
3645,13130819298,26,6,2,0,1,26,18,18,1,False
2966,19831701219,49,20,2,0,3,4,5,5,39,False
12926,19550593600,38,1,4,0,2,10,20,20,20,True
1394,15735414945,39,3,3,0,0,38,39,39,24,False
8106,15165929133,23,12,3,0,3,0,1,1,24,False
8809,16630722126,24,0,3,0,2,24,11,11,24,False
10321,17731093916,40,10,4,0,0,32,27,27,20,False
1037,15661502139,31,5,3,0,3,10,38,38,39,False
7526,13630678332,45,1,2,0,0,30,12,12,20,False
12424,18989781863,37,0,4,0,2,38,46,46,39,False
7468,13630678332,38,1,1,0,2,39,2,2,24,False
311,13513580369,11,0,4,0,1,11,14,14,39,False
228,13513580369,28,3,4,0,3,23,45,45,39,False
6298,19852999776,22,1,4,0,0,10,8,8,20,False
8095,15165929133,12,5,3,0,2,10,40,40,39,False
8299,15165929133,16,5,4,0,0,45,31,31,20,False
11767,18758415613,32,5,4,0,3,39,20,20,24,False
12204,18765816132,18,5,4,0,2,27,33,33,0,False
5877,18802233956,2,16,4,0,1,33,15,15,9,False
562,15260233525,10,3,1,0,2,18,39,39,39,True
7626,13630678332,45,20,4,0,1,18,16,16,9,False
13037,19834840803,48,5,2,0,0,25,3,3,9,False
2567,17807329663,10,5,4,0,0,25,11,11,8,False
10710,18365196069,28,1,4,0,1,16,14,14,8,False
3745,13130819298,26,0,4,0,0,45,2,2,13,False
3385,19970957519,17,9,4,0,1,13,11,11,0,False
757,15260233525,2,0,4,0,3,14,11,11,39,False
2984,19831701219,17,0,3,0,2,18,37,37,39,False
12206,18765816132,20,6,4,0,0,16,14,14,24,False
3768,13130819298,49,3,4,0,2,22,39,39,39,True
9008,16630722126,31,6,4,0,2,31,46,46,24,False
10184,17731093916,3,10,2,0,1,32,46,46,39,False
11355,18664891854,21,4,4,0,1,8,0,0,0,True
7967,13943039298,35,2,4,0,1,47,38,38,13,False
6316,19852999776,40,1,4,0,3,15,17,17,39,False
12173,18765816132,37,25,4,0,0,44,48,48,20,False
9388,16726368276,10,6,4,0,1,15,12,12,19,False
5281,18053307086,8,7,4,0,3,29,23,23,39,False
273,13513580369,23,8,4,0,1,29,39,39,24,False
7535,13630678332,4,0,3,0,1,1,23,23,9,False
7728,13943039298,46,3,2,0,3,33,47,47,39,False
6347,19852999776,21,5,4,0,3,8,11,11,1,False
1810,17623708813,5,39,4,0,3,15,33,33,39,False
2266,17713196465,10,9,4,0,0,25,23,23,8,False
11831,18758415613,46,1,4,0,1,39,11,11,24,False
5420,18702113651,46,5,2,0,0,17,26,26,20,False
11470,18664891854,36,8,4,0,3,21,28,28,39,False
2261,17713196465,5,3,4,0,3,39,3,3,24,False
11361,18664891854,27,17,4,0,2,26,34,34,39,False
1246,15661502139,42,7,4,0,3,18,12,12,9,False
733,15260233525,28,15,4,0,0,15,21,21,9,False
5860,18802233956,35,10,4,0,2,18,46,46,39,False
5723,18802233956,49,2,1,0,0,45,11,11,20,False
1103,15661502139,47,25,4,0,1,29,8,8,9,False
1089,15661502139,33,35,4,0,2,2,9,9,9,True
7520,13630678332,39,0,2,0,3,21,43,43,19,False
7002,13074255915,23,5,4,0,2,31,30,30,9,False
6755,13074255915,27,8,1,0,1,3,9,9,9,True
13972,19948700293,16,30,4,0,0,28,22,22,9,False
7973,13943039298,41,14,4,0,1,3,1,1,0,False
11457,18664891854,23,2,4,0,2,37,45,45,39,False
5303,18053307086,30,8,4,0,3,25,47,47,39,False
458,13932780308,7,2,3,0,1,37,23,23,9,False
11120,18636055184,37,5,4,0,0,12,17,17,20,False
5495,18702113651,21,65,4,0,1,13,34,34,39,False
4813,15797725211,41,33,4,0,0,36,16,16,9,False
8786,16630722126,1,0,3,0,1,26,14,14,0,False
4946,15797725211,24,41,4,0,0,23,9,9,24,False
6344,19852999776,18,22,4,0,3,15,10,10,19,False
8016,15165929133,34,2,1,0,0,29,31,31,24,False
4258,13670356740,38,13,4,0,2,9,17,17,1,False
7863,13943039298,31,3,4,0,1,12,15,15,15,True
11358,18664891854,24,5,4,0,2,3,19,19,39,False
307,13513580369,7,12,4,0,0,19,9,9,1,False
9046,16630722126,19,12,4,0,0,45,32,32,20,False
6351,19852999776,25,18,4,0,1,15,21,21,9,False
6969,13074255915,40,0,4,0,1,1,15,15,9,False
7869,13943039298,37,13,4,0,3,23,48,48,39,False
11064,18636055184,31,7,4,0,2,24,2,2,9,False
13276,19834840803,37,10,4,0,2,30,36,36,39,False
4960,15797725211,38,10,4,0,0,25,3,3,0,False
802,15260233525,47,4,4,0,0,40,44,44,39,False
953,15661502139,48,5,1,0,0,19,16,16,9,False
660,15260233525,7,15,3,0,2,33,41,41,39,False
11929,18765816132,44,4,1,0,2,4,11,11,39,False
1197,15661502139,43,10,4,0,1,29,43,43,24,False
9539,17331496902,10,9,3,0,0,27,19,19,0,False
4129,13670356740,9,3,4,0,2,8,44,44,39,False
8172,15165929133,39,5,4,0,3,2,38,38,39,False
986,15661502139,30,13,2,0,2,18,37,37,39,False
1572,15735414945,18,0,4,0,1,10,8,8,39,False
9014,16630722126,37,2,4,0,0,32,9,9,1,False
9130,16726368276,2,2,2,0,2,7,16,16,39,False
5617,18702113651,43,5,4,0,3,37,32,32,12,False
5125,18053307086,2,6,4,0,2,16,21,21,14,False
8660,15167050060,26,15,4,0,0,23,9,9,8,False
12033,18765816132,47,5,3,0,0,30,1,1,1,True
11528,18664891854,44,1,4,0,2,9,17,17,39,False
11519,18664891854,35,6,4,0,2,10,19,19,39,False
11011,18636055184,28,10,4,0,2,10,11,11,39,False
3285,19970957519,17,9,2,0,3,36,46,46,20,False
10321,17731093916,40,5,4,0,0,33,27,27,19,False
7387,13401917913,7,4,4,0,3,40,11,11,11,True
11395,18664891854,11,12,4,0,0,38,46,46,39,False
4573,15079495784,2,7,4,0,0,19,11,11,9,False
12191,18765816132,5,6,4,0,0,30,25,25,39,False
3103,19831701219,36,1,4,0,2,25,37,37,39,False
7835,13943039298,3,9,4,0,3,22,48,48,39,False
2163,17713196465,7,12,4,0,2,26,22,22,24,False
5227,18053307086,4,7,4,0,1,3,7,7,9,False
4920,15797725211,48,27,4,0,2,37,30,30,9,False
9301,16726368276,23,8,4,0,3,7,8,8,19,False
532,13932780308,31,5,4,0,0,27,12,12,1,False
8122,15165929133,39,1,3,0,2,31,30,30,24,False
13834,19948700293,28,1,3,0,1,32,39,39,39,True
7703,13943039298,21,0,2,0,0,43,42,42,9,False
42,13513580369,43,12,1,0,2,32,39,39,0,False
8217,15165929133,34,9,4,0,1,4,14,14,15,False
6255,19852999776,29,0,4,0,2,9,43,43,24,False
12272,18989781863,36,1,1,0,2,0,21,21,39,False
5653,18702113651,29,16,4,0,0,29,15,15,9,False
6239,19852999776,13,4,4,0,3,11,18,18,39,False
4798,15797725211,26,33,4,0,3,18,10,10,9,False
4391,15079495784,20,5,3,0,2,1,10,10,9,False
2664,18991311567,7,10,1,0,0,19,13,13,13,True
4978,18053307086,6,19,1,0,2,38,17,17,9,False
9897,17527328008,17,1,3,0,1,41,47,47,39,False
5349,18702113651,26,8,1,0,0,38,31,31,9,False
1062,15661502139,6,31,4,0,3,25,39,39,24,False
8365,15167050060,32,0,1,0,1,46,17,17,20,False
14044,19948700293,22,46,4,0,0,15,9,9,9,True
1885,17623708813,30,27,4,0,2,13,20,20,39,False
12201,18765816132,15,10,4,0,2,39,9,9,24,False
7793,13943039298,11,6,4,0,0,44,29,29,13,False
4744,15797725211,22,3,3,0,0,33,11,11,13,False
4599,15079495784,28,6,4,0,3,45,41,41,19,False
4807,15797725211,35,22,4,0,1,26,2,2,9,False
7788,13943039298,6,9,4,0,0,37,10,10,9,False
6542,19881266563,15,3,4,0,3,39,10,10,24,False
5229,18053307086,6,1,4,0,0,39,30,30,8,False
13452,19859608897,12,2,4,0,1,32,24,24,9,False
3256,19970957519,39,6,1,0,0,15,9,9,1,False
1112,15661502139,6,5,4,0,2,33,29,29,9,False
1817,17623708813,12,15,4,0,0,10,7,7,8,False
6965,13074255915,36,2,4,0,1,39,9,9,8,False
1522,15735414945,18,18,4,0,2,20,11,11,9,False
6227,19852999776,1,3,4,0,2,26,44,44,24,False
13257,19834840803,18,8,4,0,0,16,0,0,8,False
5474,18702113651,50,11,3,0,0,13,6,6,1,False
275,13513580369,25,18,4,0,2,35,43,43,39,False
5907,18802233956,32,17,4,0,0,28,2,2,16,False
5927,18802233956,2,6,4,0,0,20,6,6,9,False
13866,19948700293,10,2,4,0,3,40,11,11,11,True
12063,18765816132,27,7,4,0,0,32,13,13,1,False
5549,18702113651,25,2,4,0,0,15,25,25,39,False
8772,16630722126,37,3,2,0,0,23,11,11,19,False
3855,13130819298,36,0,4,0,2,20,16,16,15,False
2247,17713196465,41,10,4,0,1,37,30,30,9,False
3062,19831701219,45,4,4,0,3,29,39,39,39,True
7267,13401917913,37,32,4,0,3,33,34,34,39,False
8594,15167050060,10,29,4,0,3,22,16,16,39,False
14006,19948700293,17,9,4,0,3,40,34,34,1,False
4740,15797725211,18,39,3,0,1,13,20,20,39,False
4333,15079495784,12,22,2,0,0,10,2,2,0,False
5805,18802233956,30,2,3,0,0,30,24,24,8,False
13128,19834840803,39,2,4,0,0,45,38,38,20,False
2992,19831701219,25,26,3,0,3,35,24,24,19,False
1380,15735414945,25,1,3,0,1,38,21,21,0,False
2834,18991311567,26,61,4,0,1,9,16,16,39,False
2251,17713196465,45,19,4,0,3,25,39,39,24,False
4076,13670356740,6,19,4,0,1,11,23,23,9,False
7333,13401917913,3,3,4,0,2,15,16,16,39,False
6702,19881266563,24,2,4,0,1,11,24,24,39,False
8144,15165929133,11,16,4,0,1,36,0,0,9,False
8574,15167050060,40,7,4,0,2,32,46,46,39,False
317,13513580369,17,4,4,0,0,40,18,18,8,False
11381,18664891854,47,6,4,0,2,33,47,47,39,False
957,15661502139,1,8,2,0,2,24,25,25,24,False
1802,17623708813,47,81,4,0,2,20,6,6,9,False
3207,19831701219,40,20,4,0,3,33,34,34,39,False
8737,16630722126,2,6,2,0,0,22,14,14,0,False
2217,17713196465,11,10,4,0,3,11,32,32,39,False
5005,18053307086,33,5,1,0,3,25,46,46,24,False
10844,18636055184,12,5,1,0,3,4,5,5,24,False
3839,13130819298,20,3,4,0,0,23,0,0,8,False
9406,16726368276,28,2,4,0,0,25,17,17,8,False
10910,18636055184,27,4,2,0,2,3,31,31,39,False
6019,18802233956,44,2,4,0,3,8,20,20,39,False
4915,15797725211,43,1,4,0,0,21,18,18,19,False
4134,13670356740,14,12,4,0,3,8,2,2,13,False
3561,19970957519,43,5,4,0,2,28,46,46,39,False
486,13932780308,35,4,3,0,3,29,45,45,39,False
5754,18802233956,29,8,2,0,0,10,0,0,8,False
4634,15797725211,13,6,1,0,0,19,33,33,39,False
5850,18802233956,25,0,4,0,2,19,33,33,20,False
13741,19948700293,50,10,2,0,3,37,47,47,20,False
3788,13130819298,19,18,4,0,1,19,18,18,39,False
1710,17623708813,5,7,3,0,3,37,45,45,39,False
1221,15661502139,17,7,4,0,3,16,46,46,39,False
12853,19550593600,15,25,4,0,0,35,8,8,9,False
9240,16726368276,12,8,4,0,3,44,39,39,19,False
14115,19948700293,43,0,4,0,2,31,45,45,40,False
6346,19852999776,20,4,4,0,3,14,5,5,39,False
12207,18765816132,21,3,4,0,3,17,47,47,39,False
1429,15735414945,24,52,4,0,0,10,3,3,8,False
1930,17623708813,25,26,4,0,2,38,46,46,39,False
8452,15167050060,18,0,3,0,3,45,26,26,20,False
5933,18802233956,8,16,4,0,0,42,45,45,19,False
5823,18802233956,48,3,3,0,1,19,43,43,20,False
5820,18802233956,45,18,3,0,1,15,14,14,0,False
6324,19852999776,48,0,4,0,3,14,34,34,39,False
3523,19970957519,5,20,4,0,1,1,0,0,9,False
3442,19970957519,24,18,4,0,3,12,13,13,9,False
4146,13670356740,26,5,4,0,0,9,17,17,39,False
13685,19948700293,45,2,1,0,2,13,27,27,39,False
1810,17623708813,5,31,4,0,0,10,33,33,39,False
2487,17807329663,30,1,4,0,3,9,25,25,39,False
439,13932780308,38,1,2,0,0,15,11,11,19,False
496,13932780308,45,14,3,0,0,29,30,30,19,False
13585,19859608897,45,1,4,0,3,16,26,26,39,False
10428,17731093916,47,1,4,0,2,15,39,39,39,True
2987,19831701219,20,3,3,0,2,22,25,25,39,False
4767,15797725211,45,16,3,0,1,1,0,0,9,False
2534,17807329663,27,7,4,0,0,37,2,2,9,False
10636,18365196069,4,1,4,0,0,12,11,11,24,False
14105,19948700293,33,0,4,0,2,23,39,39,39,True
12247,18989781863,11,3,1,0,1,18,10,10,9,False
12556,18989781863,19,14,4,0,1,27,34,34,9,False
13830,19948700293,24,3,3,0,3,17,4,4,20,False
7572,13630678332,41,0,3,0,1,40,31,31,1,False
1725,17623708813,20,5,3,0,0,30,31,31,8,False
11702,18758415613,17,43,4,0,3,7,10,10,39,False
3094,19831701219,27,3,4,0,3,22,26,26,39,False
11759,18758415613,24,0,4,0,1,19,8,8,20,False
3333,19970957519,15,1,3,0,0,38,17,17,9,False
3029,19831701219,12,26,4,0,3,25,32,32,24,False
1088,15661502139,32,13,4,0,0,22,8,8,8,True
1929,17623708813,24,5,4,0,2,7,5,5,39,False
5618,18702113651,44,3,4,0,2,22,39,39,39,True
1381,15735414945,26,7,3,0,2,18,40,40,39,False
8853,16630722126,26,5,3,0,2,25,24,24,24,True
12539,18989781863,2,13,4,0,0,32,20,20,20,True
6890,13074255915,11,5,4,0,0,37,13,13,20,False
11444,18664891854,10,12,4,0,1,40,47,47,39,False
13782,19948700293,41,9,3,0,2,3,16,16,39,False
5538,18702113651,14,11,4,0,0,25,28,28,24,False
9673,17331496902,44,1,4,0,3,34,40,40,39,False
3064,19831701219,47,1,4,0,0,10,7,7,20,False
8363,15167050060,30,6,1,0,0,44,24,24,20,False
12369,18989781863,32,7,3,0,1,37,36,36,39,False
12665,19550593600,22,1,2,0,3,40,32,32,39,False
5467,18702113651,43,15,3,0,2,31,17,17,9,False
987,15661502139,31,18,2,0,3,23,20,20,24,False
13138,19834840803,49,2,4,0,1,40,48,48,39,False
741,15260233525,36,29,4,0,1,32,24,24,1,False
9266,16726368276,38,5,4,0,2,27,33,33,39,False
8744,16630722126,9,6,2,0,1,33,27,27,9,False
8407,15167050060,23,11,2,0,0,17,9,9,1,False
6666,19881266563,39,21,4,0,1,36,28,28,9,False
5977,18802233956,2,6,4,0,3,2,46,46,39,False
6244,19852999776,18,11,4,0,0,25,1,1,8,False
11434,18664891854,50,26,4,0,1,13,19,19,0,False
13956,19948700293,50,9,4,0,2,18,24,24,39,False
8517,15167050060,33,10,4,0,0,37,23,23,9,False
4483,15079495784,12,19,4,0,0,35,1,1,9,False
3106,19831701219,39,3,4,0,0,21,33,33,24,False
4946,15797725211,24,27,4,0,1,17,9,9,8,False
9536,17331496902,7,11,3,0,1,13,19,19,0,False
13263,19834840803,24,4,4,0,1,11,3,3,24,False
6373,19852999776,47,4,4,0,0,36,16,16,9,False
7934,13943039298,2,75,4,0,1,8,14,14,0,False
4452,15079495784,31,32,4,0,3,29,18,18,19,False
3035,19831701219,18,17,4,0,3,32,17,17,1,False
3230,19970957519,13,7,1,0,1,12,1,1,9,False
3153,19831701219,36,11,4,0,2,30,15,15,0,False
8798,16630722126,13,7,3,0,1,15,8,8,0,False
8432,15167050060,48,7,2,0,2,23,45,45,39,False
13244,19834840803,5,6,4,0,1,22,21,21,0,False
5598,18702113651,24,4,4,0,0,25,2,2,0,False
13909,19948700293,3,11,4,0,2,13,39,39,39,True
10009,17527328008,29,5,4,0,2,15,25,25,39,False
4933,15797725211,11,16,4,0,2,18,39,39,39,True
1027,15661502139,21,15,3,0,2,12,41,41,39,False
5377,18702113651,3,2,2,0,2,10,9,9,20,False
899,15260233525,44,0,4,0,2,7,16,16,39,False
3785,13130819298,16,7,4,0,3,30,32,32,39,False
12857,19550593600,19,3,4,0,3,9,11,11,39,False
7379,13401917913,49,6,4,0,2,15,16,16,9,False
14109,19948700293,37,3,4,0,2,9,23,23,1,False
7617,13630678332,36,1,4,0,0,48,41,41,20,False
8008,15165929133,26,3,1,0,3,33,34,34,39,False
9826,17527328008,47,1,1,0,0,44,42,42,0,False
13396,19859608897,6,4,3,0,1,33,45,45,39,False
6643,19881266563,16,12,4,0,1,9,15,15,1,False
2895,19831701219,29,1,1,0,0,40,28,28,1,False
6149,19852999776,23,18,3,0,0,31,18,18,9,False
8631,15167050060,47,22,4,0,1,40,39,39,0,False
6791,13074255915,12,3,2,0,1,34,33,33,0,False
1765,17623708813,10,11,4,0,1,20,13,13,9,False
1095,15661502139,39,5,4,0,1,13,36,36,39,False
642,15260233525,39,1,2,0,1,19,37,37,20,False
8212,15165929133,29,74,4,0,3,4,20,20,39,False
4731,15797725211,9,10,3,0,0,15,7,7,0,False
1734,17623708813,29,6,3,0,3,11,27,27,20,False
3515,19970957519,47,4,4,0,1,13,32,32,39,False
5991,18802233956,16,1,4,0,1,5,26,26,40,False
4355,15079495784,34,7,2,0,0,10,3,3,8,False
1059,15661502139,3,2,4,0,2,25,42,42,24,False
5,13513580369,6,8,1,0,0,22,0,0,1,False
5964,18802233956,39,14,4,0,1,29,45,45,24,False
6341,19852999776,15,13,4,0,3,19,27,27,39,False
13286,19834840803,47,5,4,0,1,5,29,29,39,False
6753,13074255915,25,6,1,0,2,16,9,9,24,False
9344,16726368276,16,11,4,0,1,26,40,40,40,True
4808,15797725211,36,5,4,0,2,19,25,25,39,False
10574,18365196069,42,0,2,0,3,36,2,2,9,False
2834,18991311567,26,31,4,0,1,25,16,16,9,False
2470,17807329663,13,10,4,0,3,10,25,25,39,False
236,13513580369,36,18,4,0,0,19,12,12,1,False
7738,13943039298,6,11,3,0,2,2,9,9,39,False
2018,17713196465,12,8,2,0,0,45,36,36,20,False
12403,18989781863,16,19,4,0,2,34,41,41,39,False
9035,16630722126,8,9,4,0,1,34,4,4,9,False
1834,17623708813,1,2,4,0,3,9,33,33,39,False
81,13513580369,31,24,2,0,2,26,24,24,24,True
7460,13630678332,30,3,1,0,3,29,8,8,19,False
301,13513580369,1,7,4,0,0,19,3,3,9,False
13178,19834840803,39,14,4,0,2,31,39,39,39,True
857,15260233525,2,9,4,0,1,5,1,1,9,False
990,15661502139,34,12,2,0,1,4,20,20,24,False
3451,19970957519,33,9,4,0,1,22,7,7,8,False
12291,18989781863,4,7,2,0,0,38,31,31,1,False
12499,18989781863,12,19,4,0,3,31,33,33,39,False
13382,19859608897,42,0,2,0,2,15,9,9,9,True
6728,19881266563,50,15,4,0,1,25,0,0,9,False
3826,13130819298,7,19,4,0,0,29,7,7,9,False
10167,17731093916,37,1,1,0,3,7,10,10,39,False
12007,18765816132,21,4,3,0,1,23,15,15,24,False
11778,18758415613,43,12,4,0,2,34,47,47,39,False
3382,19970957519,14,22,4,0,1,31,14,14,9,False
7608,13630678332,27,11,4,0,3,4,20,20,39,False
1168,15661502139,14,21,4,0,3,14,28,28,9,False
2047,17713196465,41,19,2,0,1,6,5,5,0,False
9984,17527328008,4,3,4,0,2,39,32,32,24,False
3629,13130819298,10,9,2,0,3,35,44,44,39,False
13933,19948700293,27,10,4,0,2,18,24,24,39,False
10828,18365196069,46,13,4,0,1,41,39,39,8,False
4322,15079495784,1,1,2,0,0,40,9,9,1,False
11149,18636055184,16,2,4,0,2,13,15,15,39,False
1602,15735414945,48,59,4,0,1,45,7,7,20,False
5615,18702113651,41,11,4,0,2,18,20,20,39,False
2095,17713196465,39,14,3,0,1,3,0,0,9,False
8020,15165929133,38,4,1,0,2,7,30,30,39,False
13901,19948700293,45,20,4,0,2,39,46,46,39,False
4080,13670356740,10,21,4,0,3,30,25,25,39,False
4530,15079495784,9,6,4,0,1,38,28,28,8,False
3166,19831701219,49,5,4,0,0,24,14,14,9,False
5264,18053307086,41,14,4,0,1,31,14,14,9,False
1843,17623708813,10,21,4,0,0,9,16,16,1,False
9184,16726368276,6,4,3,0,3,31,8,8,24,False
5670,18702113651,46,6,4,0,0,35,7,7,9,False
5314,18053307086,41,3,4,0,3,22,46,46,39,False
11123,18636055184,40,16,4,0,1,41,47,47,39,False
2215,17713196465,9,5,4,0,3,28,25,25,39,False
6563,19881266563,36,58,4,0,2,11,24,24,39,False
7531,13630678332,50,7,2,0,0,22,7,7,0,False
10029,17527328008,49,86,4,0,3,36,1,1,1,True
8056,15165929133,23,1,2,0,1,27,33,33,0,False
3385,19970957519,17,5,4,0,3,4,11,11,39,False
10680,18365196069,48,7,4,0,1,4,9,9,0,False
8435,15167050060,1,7,3,0,1,3,9,9,9,True
2205,17713196465,49,6,4,0,1,13,26,26,39,False
5205,18053307086,32,36,4,0,0,19,1,1,1,True
2791,18991311567,33,5,3,0,1,30,45,45,1,False
4727,15797725211,5,21,3,0,0,27,6,6,1,False
6925,13074255915,46,4,4,0,0,1,10,10,9,False
10426,17731093916,45,2,4,0,0,38,33,33,39,False
12107,18765816132,21,4,4,0,0,30,31,31,20,False
7742,13943039298,10,10,3,0,0,15,8,8,0,False
5086,18053307086,13,8,3,0,3,31,32,32,19,False
10480,17731093916,49,1,4,0,1,37,43,43,39,False
6955,13074255915,26,38,4,0,0,32,26,26,20,False
7114,13401917913,35,5,1,0,2,23,46,46,39,False
7031,13074255915,2,16,4,0,0,16,14,14,9,False
1253,15661502139,49,42,4,0,0,26,14,14,1,False
8832,16630722126,5,0,3,0,0,19,10,10,20,False
8618,15167050060,34,4,4,0,2,31,23,23,9,False
7314,13401917913,34,14,4,0,0,18,13,13,19,False
2505,17807329663,48,15,4,0,1,37,22,22,0,False
7407,13401917913,27,3,4,0,2,23,32,32,39,False
4966,15797725211,44,36,4,0,2,0,41,41,39,False
6960,13074255915,31,0,4,0,0,8,21,21,39,False
1449,15735414945,44,11,4,0,1,23,40,40,39,False
6439,19881266563,12,6,2,0,2,31,35,35,9,False
5178,18053307086,5,12,4,0,3,30,24,24,39,False
1195,15661502139,41,8,4,0,2,10,25,25,39,False
6390,19881266563,14,7,1,0,3,16,17,17,24,False
4600,15079495784,29,15,4,0,0,26,18,18,9,False
2834,18991311567,26,28,4,0,1,27,16,16,0,False
11556,18758415613,22,4,1,0,2,3,10,10,39,False
1156,15661502139,2,29,4,0,0,29,15,15,9,False
13854,19948700293,48,11,3,0,1,23,21,21,0,False
13090,19834840803,1,8,4,0,2,32,39,39,39,True
516,13932780308,15,11,4,0,0,32,10,10,1,False
8805,16630722126,20,13,3,0,1,18,1,1,9,False
1837,17623708813,4,12,4,0,1,29,37,37,39,False
5321,18053307086,48,13,4,0,2,18,32,32,24,False
3344,19970957519,26,5,3,0,0,21,43,43,39,False
9736,17331496902,7,5,4,0,1,25,17,17,8,False
4869,15797725211,47,2,4,0,0,18,0,0,9,False
10350,17731093916,19,26,4,0,0,17,10,10,0,False
12035,18765816132,49,0,3,0,2,2,28,28,39,False
3069,19831701219,2,3,4,0,1,32,24,24,0,False
6345,19852999776,19,3,4,0,1,46,21,21,8,False
4364,15079495784,43,2,2,0,1,37,30,30,9,False
10991,18636055184,8,2,4,0,1,34,20,20,9,False
13896,19948700293,40,3,4,0,3,28,1,1,1,True
4625,15797725211,4,21,1,0,2,8,24,24,39,False
5291,18053307086,18,4,4,0,0,40,9,9,1,False
13386,19859608897,46,6,2,0,2,10,19,19,20,False
8867,16630722126,40,4,3,0,1,5,15,15,20,False
4317,15079495784,47,1,1,0,3,14,1,1,1,True
3044,19831701219,27,14,4,0,0,26,17,17,1,False
8890,16630722126,13,0,4,0,2,29,24,24,19,False
5834,18802233956,9,18,4,0,2,12,19,19,39,False
1767,17623708813,12,28,4,0,2,6,27,27,39,False
10822,18365196069,40,7,4,0,2,34,40,40,24,False
14033,19948700293,11,4,4,0,3,7,3,3,39,False
6156,19852999776,30,2,3,0,3,8,19,19,39,False
6903,13074255915,24,8,4,0,2,10,26,26,39,False
1248,15661502139,44,20,4,0,2,18,41,41,39,False
11128,18636055184,45,16,4,0,2,12,19,19,9,False
5433,18702113651,9,2,3,0,1,37,22,22,9,False
3169,19831701219,2,1,4,0,0,37,2,2,9,False
5261,18053307086,38,12,4,0,1,8,0,0,9,False
4434,15079495784,13,21,4,0,0,25,29,29,9,False
11687,18758415613,2,9,4,0,2,10,21,21,39,False
8209,15165929133,26,14,4,0,3,47,48,48,19,False
12592,19550593600,5,6,1,0,0,11,12,12,8,False
13842,19948700293,36,3,3,0,0,23,14,14,0,False
13913,19948700293,7,0,4,0,3,43,45,45,9,False
13940,19948700293,34,11,4,0,0,11,20,20,39,False
2395,17807329663,38,4,2,0,3,18,10,10,9,False
3380,19970957519,12,0,4,0,3,1,32,32,9,False
12331,18989781863,44,6,2,0,3,22,18,18,39,False
1838,17623708813,5,21,4,0,0,36,9,9,9,True
1584,15735414945,30,12,4,0,1,26,19,19,1,False
5602,18702113651,28,1,4,0,3,8,11,11,39,False
10602,18365196069,20,2,3,0,3,33,40,40,20,False
2259,17713196465,3,8,4,0,1,27,13,13,9,False
3111,19831701219,44,1,4,0,0,39,0,0,9,False
10394,17731093916,13,7,4,0,3,39,40,40,19,False
7259,13401917913,29,1,4,0,2,17,19,19,39,False
3407,19970957519,39,3,4,0,0,9,32,32,1,False
10950,18636055184,17,4,3,0,0,40,10,10,11,False
9111,16726368276,34,8,1,0,3,4,12,12,24,False
8473,15167050060,39,1,3,0,2,11,9,9,39,False
4417,15079495784,46,5,3,0,1,39,44,44,24,False
1078,15661502139,22,20,4,0,3,2,23,23,39,False
5805,18802233956,30,11,3,0,3,25,24,24,24,True
13807,19948700293,1,9,3,0,1,38,39,39,24,False
12624,19550593600,37,1,1,0,0,18,8,8,9,False
7949,13943039298,17,9,4,0,3,7,9,9,19,False
2548,17807329663,41,17,4,0,1,19,34,34,20,False
216,13513580369,16,14,4,0,1,19,18,18,39,False
8212,15165929133,29,48,4,0,3,33,20,20,19,False
6212,19852999776,36,25,4,0,1,27,2,2,0,False
6222,19852999776,46,1,4,0,3,25,28,28,8,False
1568,15735414945,14,6,4,0,3,22,25,25,39,False
3940,13670356740,21,5,1,0,0,46,39,39,20,False
1793,17623708813,38,2,4,0,2,15,34,34,39,False
10793,18365196069,11,11,4,0,0,23,24,24,39,False
1071,15661502139,15,6,4,0,0,8,0,0,0,True
4870,15797725211,48,20,4,0,3,19,34,34,39,False
4157,13670356740,37,2,4,0,3,11,46,46,39,False
13071,19834840803,32,0,3,0,0,30,32,32,39,False
10295,17731093916,14,3,4,0,3,25,19,19,39,False
4495,15079495784,24,49,4,0,0,12,5,5,9,False
4788,15797725211,16,6,4,0,0,26,0,0,1,False
1739,17623708813,34,10,3,0,0,38,31,31,9,False
2432,17807329663,25,7,3,0,3,16,37,37,39,False
2304,17713196465,48,7,4,0,1,18,10,10,9,False
1079,15661502139,23,6,4,0,3,23,24,24,39,False
3923,13670356740,4,24,1,0,2,16,31,31,39,False
8038,15165929133,5,11,2,0,0,37,32,32,20,False
6613,19881266563,36,13,4,0,1,26,13,13,9,False
8212,15165929133,29,43,4,0,1,24,20,20,9,False
3726,13130819298,7,8,4,0,2,23,7,7,8,False
9258,16726368276,30,1,4,0,3,16,15,15,15,True
7377,13401917913,47,2,4,0,2,23,28,28,39,False
8679,15167050060,45,2,4,0,2,8,44,44,39,False
12206,18765816132,20,10,4,0,0,21,14,14,19,False
2478,17807329663,21,12,4,0,1,12,23,23,9,False
7889,13943039298,7,6,4,0,3,32,33,33,39,False
12558,18989781863,21,7,4,0,0,23,8,8,8,True
10162,17731093916,32,4,1,0,1,9,1,1,1,True
11497,18664891854,13,3,4,0,0,14,1,1,1,True
5040,18053307086,17,2,2,0,0,9,10,10,1,False
4802,15797725211,30,4,4,0,2,4,18,18,39,False
2971,19831701219,4,15,3,0,2,26,36,36,39,False
1390,15735414945,35,6,3,0,0,30,23,23,8,False
9640,17331496902,11,0,4,0,2,24,30,30,14,False
5852,18802233956,27,17,4,0,0,35,9,9,13,False
646,15260233525,43,7,2,0,1,38,30,30,0,False
7947,13943039298,15,6,4,0,1,24,8,8,9,False
12916,19550593600,28,26,4,0,2,11,3,3,24,False
12830,19550593600,42,1,4,0,0,30,24,24,39,False
3881,13130819298,12,4,4,0,0,31,17,17,9,False
11953,18765816132,17,0,2,0,0,31,9,9,9,True
1644,17623708813,40,8,1,0,1,37,21,21,0,False
7067,13074255915,38,4,4,0,1,34,20,20,9,False
1389,15735414945,34,10,3,0,0,2,4,4,39,False
6594,19881266563,17,19,4,0,1,36,14,14,9,False
7913,13943039298,31,17,4,0,2,18,24,24,39,False
3893,13130819298,24,1,4,0,2,15,33,33,39,False
7242,13401917913,12,0,4,0,1,8,29,29,39,False
2181,17713196465,25,21,4,0,1,37,30,30,9,False
7973,13943039298,41,21,4,0,3,0,1,1,1,True
11467,18664891854,33,15,4,0,2,30,27,27,20,False
3758,13130819298,39,24,4,0,1,36,21,21,9,False
2812,18991311567,4,9,4,0,0,8,3,3,1,False
9492,17331496902,13,9,2,0,3,40,13,13,20,False
5935,18802233956,10,17,4,0,1,37,21,21,0,False
8453,15167050060,19,1,3,0,1,46,38,38,31,False
8567,15167050060,33,2,4,0,2,4,8,8,15,False
5505,18702113651,31,12,4,0,0,45,38,38,20,False
11355,18664891854,21,5,4,0,0,7,0,0,9,False
8507,15167050060,23,3,4,0,0,33,20,20,9,False
3678,13130819298,9,4,3,0,2,3,11,11,39,False
8641,15167050060,7,12,4,0,2,33,45,45,39,False
7408,13401917913,28,32,4,0,1,36,17,17,9,False
3155,19831701219,38,16,4,0,3,25,3,3,1,False
4775,15797725211,3,8,4,0,1,19,37,37,39,False
3087,19831701219,20,10,4,0,0,27,2,2,0,False
2149,17713196465,43,0,4,0,1,41,21,21,8,False
9652,17331496902,23,3,4,0,3,44,45,45,19,False
3174,19831701219,7,7,4,0,2,25,16,16,24,False
6000,18802233956,25,23,4,0,2,18,17,17,9,False
9716,17331496902,37,11,4,0,3,47,48,48,19,False
4307,15079495784,37,18,1,0,1,9,16,16,1,False
7552,13630678332,21,6,3,0,2,15,23,23,39,False
7248,13401917913,18,2,4,0,2,1,40,40,9,False
9058,16630722126,31,9,4,0,0,17,10,10,0,False
6513,19881266563,36,4,3,0,1,38,21,21,0,False
12801,19550593600,13,5,4,0,1,46,7,7,8,False
411,13932780308,10,5,2,0,2,10,17,17,39,False
10606,18365196069,24,7,3,0,3,17,26,26,20,False
470,13932780308,19,16,3,0,3,28,21,21,9,False
4689,15797725211,17,4,2,0,1,36,16,16,9,False
9792,17527328008,13,10,1,0,1,32,30,30,9,False
13365,19859608897,25,0,2,0,3,22,29,29,39,False
3762,13130819298,43,25,4,0,2,40,47,47,39,False
6552,19881266563,25,3,4,0,3,24,18,18,9,False
6629,19881266563,2,2,4,0,2,36,2,2,2,True
3638,13130819298,19,7,2,0,2,3,39,39,39,True
10139,17731093916,9,5,1,0,2,23,40,40,39,False
2586,17807329663,29,2,4,0,3,37,2,2,9,False
4945,15797725211,23,48,4,0,3,30,32,32,39,False
4514,15079495784,43,3,4,0,2,29,46,46,24,False
4479,15079495784,8,28,4,0,0,39,47,47,39,False
2721,18991311567,13,14,2,0,3,28,23,23,39,False
6152,19852999776,26,2,3,0,2,37,44,44,39,False
8308,15165929133,25,7,4,0,3,15,30,30,39,False
13529,19859608897,39,3,4,0,3,14,23,23,39,False
13430,19859608897,40,6,3,0,2,39,48,48,19,False
8135,15165929133,2,28,4,0,2,37,45,45,39,False
8695,16630722126,11,2,1,0,3,35,0,0,9,False
8805,16630722126,20,16,3,0,0,17,1,1,1,True
1904,17623708813,49,15,4,0,1,19,39,39,39,True
523,13932780308,22,27,4,0,1,20,18,18,9,False
3613,13130819298,45,2,1,0,2,2,0,0,39,False
5499,18702113651,25,19,4,0,1,15,14,14,8,False
4202,13670356740,32,7,4,0,1,15,37,37,39,False
852,15260233525,47,1,4,0,2,31,30,30,9,False
7010,13074255915,31,4,4,0,1,4,15,15,15,True
7946,13943039298,14,20,4,0,3,31,40,40,39,False
11088,18636055184,5,19,4,0,0,21,7,7,8,False
4567,15079495784,46,16,4,0,3,12,32,32,24,False
1200,15661502139,46,15,4,0,2,20,13,13,9,False
4946,15797725211,24,51,4,0,0,29,9,9,9,True
8567,15167050060,33,14,4,0,0,22,8,8,1,False
4642,15797725211,21,20,1,0,1,13,24,24,39,False
9667,17331496902,38,2,4,0,3,7,40,40,39,False
3160,19831701219,43,12,4,0,1,11,3,3,1,False
2355,17807329663,49,7,1,0,0,29,16,16,19,False
12623,19550593600,36,2,1,0,1,46,11,11,20,False
5531,18702113651,7,18,4,0,3,22,32,32,20,False
3409,19970957519,41,9,4,0,3,23,31,31,39,False
2738,18991311567,30,8,2,0,1,13,20,20,39,False
12142,18765816132,6,0,4,0,2,11,15,15,39,False
5523,18702113651,49,14,4,0,2,24,23,23,9,False
2083,17713196465,27,2,3,0,2,8,26,26,20,False
741,15260233525,36,30,4,0,0,31,24,24,9,False
12423,18989781863,36,3,4,0,2,9,46,46,24,False
4485,15079495784,14,1,4,0,0,31,3,3,9,False
2071,17713196465,15,0,3,0,2,14,36,36,39,False
1168,15661502139,14,17,4,0,2,14,28,28,39,False
2197,17713196465,41,13,4,0,3,3,19,19,39,False
12032,18765816132,46,2,3,0,1,5,18,18,40,False
4901,15797725211,29,9,4,0,1,19,29,29,13,False
3687,13130819298,18,1,3,0,2,18,0,0,9,False
1358,15735414945,3,18,3,0,3,35,31,31,19,False
6538,19881266563,11,28,4,0,3,37,20,20,19,False
6735,13074255915,7,8,1,0,2,6,20,20,39,False
1214,15661502139,10,6,4,0,1,38,30,30,8,False
10062,17527328008,32,4,4,0,0,18,20,20,39,False
8934,16630722126,7,19,4,0,2,11,1,1,24,False
6811,13074255915,32,1,2,0,0,44,38,38,20,False
1098,15661502139,42,39,4,0,1,18,41,41,39,False
11164,18636055184,31,5,4,0,2,38,46,46,24,False
5657,18702113651,33,2,4,0,3,5,25,25,39,False
2396,17807329663,39,7,2,0,3,2,10,10,39,False
10593,18365196069,11,0,3,0,1,9,22,22,1,False
5205,18053307086,32,34,4,0,0,18,1,1,9,False
10798,18365196069,16,12,4,0,1,31,9,9,24,False
5493,18702113651,19,12,4,0,1,13,20,20,39,False
12561,18989781863,24,1,4,0,1,12,8,8,9,False
1253,15661502139,49,26,4,0,3,43,14,14,1,False
5830,18802233956,5,3,4,0,2,25,15,15,9,False
12717,19550593600,29,19,3,0,2,6,13,13,39,False
13645,19948700293,5,8,1,0,0,14,9,9,1,False
5272,18053307086,49,10,4,0,2,10,17,17,39,False
11763,18758415613,28,3,4,0,3,24,2,2,9,False
5317,18053307086,44,0,4,0,2,7,16,16,39,False
2732,18991311567,24,6,2,0,0,13,5,5,1,False
2092,17713196465,36,57,3,0,2,10,24,24,39,False
6657,19881266563,30,25,4,0,1,26,12,12,9,False
5382,18702113651,8,7,2,0,0,30,41,41,39,False
3404,19970957519,36,14,4,0,3,28,21,21,39,False
2312,17807329663,6,2,1,0,3,10,18,18,39,False
2894,19831701219,28,6,1,0,2,24,28,28,24,False
1019,15661502139,13,19,3,0,1,17,16,16,39,False
2735,18991311567,27,4,2,0,3,11,20,20,20,True
8385,15167050060,1,2,2,0,3,23,12,12,19,False
13563,19859608897,23,1,4,0,2,16,8,8,9,False
13195,19834840803,6,5,4,0,2,17,30,30,0,False
8642,15167050060,8,0,4,0,2,1,10,10,9,False
3720,13130819298,1,15,4,0,2,16,23,23,24,False
7043,13074255915,14,13,4,0,0,9,40,40,39,False
9727,17331496902,48,8,4,0,2,29,40,40,24,False
6018,18802233956,43,0,4,0,2,23,31,31,39,False
1806,17623708813,1,13,4,0,3,39,9,9,8,False
6348,19852999776,22,14,4,0,2,38,25,25,24,False
6506,19881266563,29,18,3,0,1,32,24,24,0,False
5399,18702113651,25,18,2,0,1,11,10,10,0,False
5207,18053307086,34,3,4,0,3,10,19,19,39,False
5320,18053307086,47,9,4,0,0,22,30,30,39,False
11395,18664891854,11,10,4,0,2,38,46,46,39,False
7996,15165929133,14,10,1,0,2,16,23,23,9,False
14044,19948700293,22,20,4,0,1,11,9,9,39,False
4317,15079495784,47,2,1,0,0,15,1,1,1,True
2476,17807329663,19,0,4,0,1,11,8,8,39,False
12900,19550593600,12,2,4,0,3,21,24,24,19,False
201,13513580369,1,3,4,0,1,16,15,15,14,False
9389,16726368276,11,7,4,0,3,33,41,41,39,False
3028,19831701219,11,3,4,0,0,9,10,10,1,False
6542,19881266563,15,40,4,0,2,3,10,10,39,False
9789,17527328008,10,10,1,0,3,21,28,28,39,False
11386,18664891854,2,28,4,0,1,22,14,14,0,False
10477,17731093916,46,9,4,0,1,33,39,39,39,True
10705,18365196069,23,8,4,0,3,16,2,2,24,False
6220,19852999776,44,10,4,0,1,15,14,14,9,False
2964,19831701219,47,10,2,0,3,18,5,5,9,False
6475,19881266563,48,7,2,0,0,19,5,5,9,False
12605,19550593600,18,0,1,0,3,16,9,9,24,False
6002,18802233956,27,4,4,0,1,5,25,25,39,False
1735,17623708813,30,5,3,0,1,29,36,36,24,False
7728,13943039298,46,5,2,0,2,41,47,47,39,False
1375,15735414945,20,24,3,0,3,11,24,24,39,False
1801,17623708813,46,2,4,0,2,21,32,32,24,False
13712,19948700293,21,1,2,0,1,36,42,42,9,False
1542,15735414945,38,14,4,0,3,9,16,16,39,False
4702,15797725211,30,9,2,0,3,14,44,44,39,False
4909,15797725211,37,30,4,0,1,17,16,16,39,False
10229,17731093916,48,2,2,0,3,39,13,13,19,False
1765,17623708813,10,148,4,0,2,17,13,13,39,False
3164,19831701219,47,10,4,0,0,35,30,30,19,False
13039,19834840803,50,8,2,0,0,17,3,3,1,False
13284,19834840803,45,0,4,0,2,1,30,30,9,False
2550,17807329663,43,6,4,0,1,26,10,10,1,False
519,13932780308,18,17,4,0,3,38,39,39,24,False
5104,18053307086,31,9,3,0,0,33,25,25,13,False
8550,15167050060,16,0,4,0,3,29,31,31,19,False
394,13932780308,44,3,1,0,0,33,25,25,13,False
2858,18991311567,50,9,4,0,3,12,20,20,39,False
9311,16726368276,33,29,4,0,0,20,17,17,9,False
9343,16726368276,15,5,4,0,1,15,14,14,9,False
5391,18702113651,17,1,2,0,3,25,35,35,24,False
6719,19881266563,41,22,4,0,1,38,29,29,8,False
6809,13074255915,30,6,2,0,0,37,29,29,9,False
3175,19831701219,8,9,4,0,2,29,43,43,24,False
5905,18802233956,30,25,4,0,3,26,20,20,19,False
7405,13401917913,25,9,4,0,3,18,34,34,39,False
1073,15661502139,17,17,4,0,1,18,32,32,9,False
1257,15735414945,3,0,1,0,2,6,0,0,0,True
10721,18365196069,39,1,4,0,1,3,9,9,39,False
5125,18053307086,2,9,4,0,1,30,21,21,0,False
9935,17527328008,5,12,4,0,2,24,8,8,24,False
6281,19852999776,5,9,4,0,1,17,36,36,39,False
5477,18702113651,3,17,4,0,2,19,20,20,20,True
8913,16630722126,36,30,4,0,0,14,8,8,1,False
5294,18053307086,21,1,4,0,3,10,25,25,39,False
3554,19970957519,36,11,4,0,0,15,2,2,19,False
10829,18365196069,47,9,4,0,2,19,29,29,20,False
5875,18802233956,50,22,4,0,1,31,0,0,0,True
11575,18758415613,41,7,1,0,2,23,24,24,39,False
13774,19948700293,33,5,3,0,0,14,19,19,39,False
5159,18053307086,36,8,4,0,1,12,16,16,9,False
10743,18365196069,11,10,4,0,2,22,44,44,39,False
13307,19859608897,18,5,1,0,1,30,29,29,1,False
3126,19831701219,9,9,4,0,0,27,20,20,9,False
891,15260233525,36,4,4,0,3,36,25,25,19,False
8902,16630722126,25,25,4,0,0,11,6,6,8,False
10210,17731093916,29,4,2,0,0,30,21,21,0,False
7700,13943039298,18,7,2,0,0,14,1,1,1,True
10074,17527328008,44,12,4,0,2,24,23,23,9,False
991,15661502139,35,20,2,0,1,4,20,20,24,False
7843,13943039298,11,3,4,0,0,23,24,24,24,True
5382,18702113651,8,28,2,0,3,35,41,41,19,False
11362,18664891854,28,6,4,0,0,40,10,10,1,False
10678,18365196069,46,9,4,0,2,18,24,24,39,False
42,13513580369,43,2,1,0,3,4,39,39,24,False
13836,19948700293,30,0,3,0,1,15,1,1,9,False
6955,13074255915,26,17,4,0,0,40,26,26,13,False
4200,13670356740,30,14,4,0,3,32,26,26,2,False
4412,15079495784,41,5,3,0,1,27,13,13,0,False
10308,17731093916,27,2,4,0,3,11,19,19,39,False
2826,18991311567,18,3,4,0,2,5,46,46,39,False
2446,17807329663,39,4,3,0,3,8,6,6,12,False
12515,18989781863,28,31,4,0,2,9,15,15,1,False
797,15260233525,42,15,4,0,0,22,15,15,9,False
6895,13074255915,16,33,4,0,0,32,25,25,20,False
9397,16726368276,19,3,4,0,1,8,24,24,39,False
11152,18636055184,19,2,4,0,0,39,10,10,8,False
4778,15797725211,6,15,4,0,3,31,16,16,24,False
11110,18636055184,27,4,4,0,3,37,32,32,39,False
9241,16726368276,13,8,4,0,3,33,45,45,39,False
10778,18365196069,46,18,4,0,1,16,1,1,9,False
7234,13401917913,4,19,4,0,3,46,47,47,19,False
1965,17713196465,10,6,1,0,2,33,39,39,39,True
6585,19881266563,8,12,4,0,3,18,14,14,9,False
4539,15079495784,18,0,4,0,0,44,12,12,13,False
1064,15661502139,8,2,4,0,3,37,46,46,39,False
6335,19852999776,9,7,4,0,0,37,9,9,9,True
5773,18802233956,48,14,2,0,0,29,9,9,13,False
2343,17807329663,37,2,1,0,2,10,8,8,20,False
7025,13074255915,46,7,4,0,0,44,2,2,13,False
1222,15661502139,18,2,4,0,1,26,9,9,9,True
5286,18053307086,13,10,4,0,2,24,15,15,9,False
7446,13630678332,16,15,1,0,3,32,39,39,39,True
4343,15079495784,22,6,2,0,3,1,11,11,9,False
8551,15167050060,17,2,4,0,3,21,12,12,24,False
10650,18365196069,18,14,4,0,2,36,43,43,39,False
4777,15797725211,5,9,4,0,0,24,17,17,9,False
10308,17731093916,27,5,4,0,2,5,19,19,39,False
5217,18053307086,44,0,4,0,3,38,41,41,39,False
12403,18989781863,16,14,4,0,2,32,41,41,39,False
8634,15167050060,50,19,4,0,1,38,14,14,0,False
13957,19948700293,1,9,4,0,3,18,20,20,39,False
1083,15661502139,27,22,4,0,2,37,44,44,39,False
10551,18365196069,19,5,2,0,2,15,48,48,39,False
10176,17731093916,46,1,1,0,2,15,16,16,39,False
3870,13130819298,1,14,4,0,1,29,21,21,9,False
525,13932780308,24,28,4,0,0,22,8,8,9,False
11342,18664891854,8,4,4,0,3,26,19,19,39,False
11823,18758415613,38,1,4,0,1,8,1,1,0,False
5419,18702113651,45,5,2,0,3,25,33,33,24,False
2834,18991311567,26,15,4,0,1,25,16,16,24,False
7138,13401917913,8,3,2,0,0,41,32,32,20,False
8268,15165929133,35,10,4,0,1,18,2,2,9,False
11415,18664891854,31,3,4,0,2,26,40,40,39,False
3096,19831701219,29,1,4,0,2,7,39,39,39,True
13014,19834840803,25,0,2,0,1,15,12,12,24,False
5844,18802233956,19,5,4,0,2,38,39,39,24,False
5240,18053307086,17,6,4,0,2,16,8,8,24,False
2743,18991311567,35,8,2,0,1,32,16,16,1,False
5374,18702113651,51,3,1,0,3,26,20,20,19,False
4422,15079495784,1,18,4,0,2,26,33,33,39,False
13227,19834840803,38,0,4,0,2,1,40,40,9,False
11144,18636055184,11,25,4,0,0,18,3,3,9,False
4790,15797725211,18,8,4,0,3,17,46,46,39,False
6596,19881266563,19,56,4,0,0,25,29,29,9,False
11138,18636055184,5,0,4,0,3,40,33,33,1,False
4640,15797725211,19,11,1,0,2,12,24,24,24,True
12386,18989781863,49,15,3,0,1,41,40,40,0,False
122,13513580369,22,9,3,0,1,26,0,0,1,False
3674,13130819298,5,6,3,0,2,28,36,36,39,False
3810,13130819298,41,13,4,0,0,22,15,15,9,False
2540,17807329663,33,28,4,0,1,12,9,9,9,True
8388,15167050060,4,5,2,0,0,11,12,12,8,False
12530,18989781863,43,19,4,0,0,14,9,9,1,False
6976,13074255915,47,0,4,0,2,5,41,41,40,False
10169,17731093916,39,3,1,0,3,8,10,10,13,False
5100,18053307086,27,28,3,0,1,33,31,31,9,False
7372,13401917913,42,2,4,0,3,9,32,32,39,False
10554,18365196069,22,7,2,0,3,22,43,43,39,False
10341,17731093916,10,8,4,0,1,5,2,2,20,False
8638,15167050060,4,21,4,0,2,39,45,45,24,False
4563,15079495784,42,1,4,0,2,17,25,25,39,False
12421,18989781863,34,26,4,0,2,40,48,48,39,False
7113,13401917913,34,7,1,0,2,25,46,46,39,False
4566,15079495784,45,4,4,0,3,22,17,17,39,False
504,13932780308,3,5,4,0,1,26,25,25,1,False
9348,16726368276,20,10,4,0,1,17,30,30,0,False
11279,18664891854,45,2,2,0,1,12,17,17,9,False
8277,15165929133,44,4,4,0,3,18,12,12,19,False
12457,18989781863,20,9,4,0,2,33,41,41,39,False
5156,18053307086,33,21,4,0,2,19,26,26,39,False
4360,15079495784,39,10,2,0,1,38,37,37,1,False
11409,18664891854,25,0,4,0,1,41,13,13,8,False
5547,18702113651,23,9,4,0,3,36,33,33,19,False
1925,17623708813,20,27,4,0,1,31,16,16,9,False
3852,13130819298,33,11,4,0,3,28,21,21,16,False
1451,15735414945,46,4,4,0,2,25,15,15,9,False
6640,19881266563,13,39,4,0,0,44,30,30,13,False
1270,15735414945,16,3,1,0,1,30,22,22,1,False
1387,15735414945,32,5,3,0,1,17,31,31,39,False
10296,17731093916,15,6,4,0,1,12,18,18,39,False
7527,13630678332,46,0,2,0,3,16,7,7,24,False
12293,18989781863,6,0,2,0,1,38,47,47,39,False
1885,17623708813,30,31,4,0,2,19,20,20,39,False
9348,16726368276,20,6,4,0,1,4,30,30,15,False
3786,13130819298,17,6,4,0,3,36,29,29,9,False
3830,13130819298,11,10,4,0,0,19,1,1,0,False
10590,18365196069,8,8,3,0,3,25,27,27,20,False
8345,15167050060,12,3,1,0,0,25,10,10,9,False
5174,18053307086,1,12,4,0,1,30,15,15,0,False
3698,13130819298,29,2,3,0,0,40,6,6,20,False
12813,19550593600,25,9,4,0,2,15,23,23,39,False
3381,19970957519,13,15,4,0,3,10,18,18,39,False
4233,13670356740,13,10,4,0,1,6,0,0,0,True
4691,15797725211,19,4,2,0,3,2,16,16,39,False
1238,15661502139,34,6,4,0,1,32,24,24,9,False
7593,13630678332,12,0,4,0,2,20,45,45,15,False
138,13513580369,38,0,3,0,1,3,7,7,39,False
9387,16726368276,9,5,4,0,1,18,10,10,9,False
10554,18365196069,22,1,2,0,2,0,43,43,39,False
5284,18053307086,11,9,4,0,2,10,16,16,39,False
2267,17713196465,11,10,4,0,2,8,7,7,9,False
8949,16630722126,22,3,4,0,1,39,15,15,9,False
13281,19834840803,42,14,4,0,3,16,10,10,24,False
1137,15661502139,31,5,4,0,2,10,46,46,39,False
4437,15079495784,16,14,4,0,3,25,39,39,24,False
11453,18664891854,19,8,4,0,2,3,34,34,39,False
6004,18802233956,29,7,4,0,3,16,33,33,39,False
5195,18053307086,22,3,4,0,2,10,1,1,20,False
225,13513580369,25,8,4,0,1,36,15,15,9,False
2369,17807329663,12,13,2,0,1,9,0,0,1,False
4250,13670356740,30,10,4,0,1,29,39,39,39,True
4778,15797725211,6,3,4,0,0,31,16,16,8,False
13403,19859608897,13,7,3,0,0,17,9,9,0,False
2485,17807329663,28,20,4,0,3,30,32,32,39,False
10063,17527328008,33,4,4,0,2,3,12,12,39,False
9822,17527328008,43,1,1,0,1,8,1,1,1,True
9904,17527328008,24,4,3,0,3,4,12,12,24,False
11588,18758415613,3,1,2,0,0,12,16,16,9,False
7066,13074255915,37,6,4,0,1,1,47,47,9,False
8818,16630722126,33,6,3,0,3,17,19,19,20,False
8914,16630722126,37,39,4,0,3,19,34,34,20,False
8634,15167050060,50,16,4,0,2,24,14,14,9,False
2718,18991311567,10,10,2,0,3,18,10,10,9,False
7255,13401917913,25,12,4,0,3,30,24,24,39,False
1204,15661502139,50,2,4,0,1,12,5,5,9,False
8805,16630722126,20,7,3,0,0,20,1,1,8,False
8977,16630722126,50,6,4,0,1,31,2,2,24,False
1149,15661502139,43,9,4,0,1,18,22,22,9,False
6211,19852999776,35,6,4,0,3,22,37,37,39,False
5606,18702113651,32,12,4,0,2,39,38,38,9,False
7749,13943039298,17,5,3,0,1,22,21,21,0,False
3401,19970957519,33,5,4,0,0,19,15,15,9,False
228,13513580369,28,1,4,0,3,23,45,45,39,False
8478,15167050060,44,5,3,0,1,29,8,8,13,False
6525,19881266563,48,1,3,0,1,27,8,8,0,False
3872,13130819298,3,23,4,0,3,9,23,23,39,False
3171,19831701219,4,10,4,0,3,18,10,10,9,False
7843,13943039298,11,4,4,0,3,16,24,24,39,False
9376,16726368276,48,5,4,0,3,39,18,18,24,False
12188,18765816132,2,4,4,0,3,16,24,24,39,False
6572,19881266563,45,8,4,0,0,13,5,5,8,False
13353,19859608897,13,2,2,0,0,32,25,25,10,False
13390,19859608897,50,10,2,0,0,11,19,19,39,False
8797,16630722126,12,7,3,0,1,32,28,28,9,False
6050,19852999776,25,4,1,0,1,37,29,29,9,False
2517,17807329663,10,10,4,0,1,18,10,10,9,False
864,15260233525,9,9,4,0,1,37,30,30,9,False
14103,19948700293,31,0,4,0,1,10,0,0,20,False
4021,13670356740,1,6,3,0,2,10,17,17,39,False
2837,18991311567,29,6,4,0,2,24,7,7,9,False
10430,17731093916,49,8,4,0,3,31,1,1,24,False
13365,19859608897,25,2,2,0,1,30,29,29,0,False
1231,15661502139,27,11,4,0,0,24,18,18,8,False
7195,13401917913,15,3,3,0,0,7,0,0,9,False
1897,17623708813,42,39,4,0,2,10,16,16,39,False
6468,19881266563,41,5,2,0,3,2,12,12,39,False
13797,19948700293,6,5,4,0,1,31,10,10,24,False
9447,17331496902,19,3,1,0,0,38,40,40,39,False
1929,17623708813,24,11,4,0,3,2,5,5,39,False
5230,18053307086,7,0,4,0,2,10,47,47,39,False
5965,18802233956,40,0,4,0,0,39,21,21,8,False
10950,18636055184,17,5,3,0,3,40,10,10,1,False
164,13513580369,14,17,4,0,1,26,25,25,1,False
6116,19852999776,40,5,2,0,2,28,42,42,39,False
425,13932780308,24,23,2,0,1,30,0,0,1,False
3768,13130819298,49,14,4,0,2,16,39,39,24,False
3638,13130819298,19,23,2,0,3,45,39,39,20,False
10575,18365196069,43,1,2,0,2,4,2,2,24,False
11690,18758415613,5,8,4,0,0,30,8,8,13,False
9787,17527328008,8,0,1,0,1,34,20,20,0,False
4718,15797725211,46,4,2,0,0,25,5,5,19,False
1840,17623708813,7,1,4,0,1,37,9,9,9,True
12204,18765816132,18,1,4,0,2,20,33,33,15,False
634,15260233525,31,0,2,0,0,46,3,3,20,False
5682,18802233956,8,10,1,0,1,17,16,16,39,False
6595,19881266563,18,52,4,0,0,30,20,20,24,False
4464,15079495784,43,2,4,0,0,44,2,2,13,False
12297,18989781863,10,2,2,0,1,40,47,47,39,False
2861,18991311567,3,11,4,0,3,29,16,16,39,False
7033,13074255915,4,3,4,0,0,9,32,32,39,False
11550,18758415613,16,1,1,0,0,27,12,12,0,False
8703,16630722126,19,1,1,0,1,46,37,37,24,False
486,13932780308,35,10,3,0,3,10,45,45,39,False
11337,18664891854,3,9,4,0,2,4,3,3,24,False
12839,19550593600,1,8,4,0,1,33,14,14,0,False
6908,13074255915,29,6,4,0,3,37,24,24,39,False
4730,15797725211,8,9,3,0,2,28,39,39,39,True
11465,18664891854,31,2,4,0,0,46,32,32,20,False
4101,13670356740,31,18,4,0,0,36,16,16,9,False
2077,17713196465,21,1,3,0,3,39,3,3,24,False
10717,18365196069,35,9,4,0,0,10,2,2,0,False
1619,17623708813,15,22,1,0,1,29,32,32,24,False
12814,19550593600,26,12,4,0,3,28,21,21,39,False
1737,17623708813,32,3,3,0,2,10,18,18,19,False
11714,18758415613,29,13,4,0,2,25,24,24,24,True
4660,15797725211,39,0,1,0,2,16,40,40,19,False
1285,15735414945,31,12,1,0,3,16,39,39,39,True
6821,13074255915,42,4,2,0,2,16,24,24,24,True
1496,15735414945,42,19,4,0,3,11,19,19,39,False
12704,19550593600,16,7,3,0,2,30,32,32,39,False
425,13932780308,24,4,2,0,1,32,0,0,1,False
6664,19881266563,37,12,4,0,3,45,46,46,19,False
12912,19550593600,24,0,4,0,3,9,12,12,39,False
7267,13401917913,37,7,4,0,3,22,34,34,39,False
5983,18802233956,8,16,4,0,0,12,14,14,9,False
2464,17807329663,7,23,4,0,1,18,17,17,9,False
10667,18365196069,35,7,4,0,0,32,27,27,20,False
1498,15735414945,44,7,4,0,0,36,29,29,9,False
3446,19970957519,28,21,4,0,2,26,32,32,39,False
3061,19831701219,44,16,4,0,3,31,18,18,9,False
12601,19550593600,14,3,1,0,3,46,48,48,19,False
2850,18991311567,42,12,4,0,0,24,16,16,9,False
3923,13670356740,4,20,1,0,3,2,31,31,39,False
224,13513580369,24,2,4,0,1,23,36,36,39,False
2849,18991311567,41,12,4,0,0,33,19,19,13,False
3418,19970957519,50,87,4,0,1,30,41,41,39,False
4595,15079495784,24,10,4,0,2,15,16,16,24,False
3081,19831701219,14,1,4,0,3,15,10,10,19,False
2431,17807329663,24,1,3,0,2,3,1,1,0,False
10278,17731093916,47,9,3,0,0,9,1,1,1,True
1451,15735414945,46,26,4,0,0,22,15,15,9,False
12070,18765816132,34,7,4,0,0,18,13,13,19,False
12650,19550593600,7,7,2,0,3,25,47,47,39,False
8804,16630722126,19,2,3,0,0,10,9,9,0,False
4689,15797725211,17,0,2,0,2,24,16,16,24,False
11820,18758415613,35,2,4,0,2,11,40,40,39,False
5224,18053307086,1,27,4,0,3,38,39,39,24,False
1749,17623708813,44,0,3,0,2,14,41,41,39,False
4470,15079495784,49,66,4,0,3,18,29,29,9,False
9039,16630722126,12,12,4,0,2,18,41,41,39,False
8535,15167050060,1,2,4,0,2,18,19,19,39,False
13938,19948700293,32,0,4,0,1,47,3,3,13,False
9296,16726368276,18,3,4,0,1,34,26,26,9,False
2372,17807329663,15,15,2,0,1,15,0,0,0,True
4558,15079495784,37,47,4,0,0,36,23,23,9,False
11792,18758415613,7,0,4,0,1,39,42,42,15,False
1742,17623708813,37,18,3,0,1,36,22,22,1,False
5108,18053307086,35,1,3,0,1,29,36,36,39,False
11602,18758415613,17,3,2,0,0,18,19,19,39,False
11417,18664891854,33,5,4,0,1,37,43,43,39,False
8473,15167050060,39,10,3,0,2,2,9,9,39,False
5530,18702113651,6,130,4,0,2,0,3,3,39,False
12192,18765816132,6,2,4,0,0,47,26,26,20,False
7959,13943039298,27,7,4,0,3,32,47,47,39,False
11220,18664891854,37,10,1,0,0,46,39,39,20,False
2814,18991311567,6,17,4,0,0,23,46,46,39,False
7256,13401917913,26,3,4,0,3,38,40,40,24,False
2035,17713196465,29,19,2,0,0,9,16,16,1,False
8904,16630722126,27,19,4,0,1,16,15,15,9,False
3734,13130819298,15,2,4,0,1,32,29,29,9,False
2588,17807329663,31,11,4,0,1,37,0,0,0,True
1138,15661502139,32,19,4,0,0,35,8,8,9,False
4104,13670356740,34,8,4,0,3,8,23,23,39,False
13114,19834840803,25,4,4,0,2,15,6,6,9,False
2609,17807329663,2,11,4,0,0,25,11,11,8,False
13488,19859608897,48,10,4,0,2,34,40,40,39,False
3863,13130819298,44,54,4,0,3,9,17,17,39,False
704,15260233525,1,26,4,0,0,29,21,21,8,False
769,15260233525,14,6,4,0,0,38,1,1,0,False
2474,17807329663,17,32,4,0,0,17,38,38,39,False
4446,15079495784,25,3,4,0,0,26,13,13,9,False
136,13513580369,36,32,3,0,0,31,24,24,9,False
5854,18802233956,29,19,4,0,2,12,33,33,39,False
12109,18765816132,23,18,4,0,0,14,8,8,1,False
1073,15661502139,17,15,4,0,1,18,32,32,39,False
6859,13074255915,30,10,3,0,0,20,13,13,8,False
4146,13670356740,26,1,4,0,0,15,17,17,39,False
1476,15735414945,22,7,4,0,0,32,25,25,10,False
10876,18636055184,44,4,1,0,2,11,18,18,39,False
13899,19948700293,43,5,4,0,1,37,42,42,8,False
1275,15735414945,21,0,1,0,1,5,47,47,47,True
13279,19834840803,40,8,4,0,1,27,40,40,9,False
5865,18802233956,40,17,4,0,1,37,16,16,9,False
13108,19834840803,19,19,4,0,1,16,7,7,9,False
2055,17713196465,49,13,2,0,2,18,31,31,24,False
11363,18664891854,29,19,4,0,0,23,16,16,24,False
5646,18702113651,22,8,4,0,2,2,8,8,15,False
3395,19970957519,27,9,4,0,3,24,17,17,24,False
1254,15661502139,50,30,4,0,3,32,46,46,39,False
12801,19550593600,13,29,4,0,1,8,7,7,0,False
1198,15661502139,44,17,4,0,0,19,13,13,13,True
234,13513580369,34,10,4,0,1,13,19,19,39,False
7907,13943039298,25,22,4,0,0,10,7,7,0,False
5238,18053307086,15,6,4,0,1,32,43,43,9,False
3374,19970957519,6,35,4,0,0,45,9,9,20,False
10489,18365196069,8,7,1,0,1,41,39,39,0,False
8996,16630722126,19,2,4,0,0,39,10,10,8,False
11261,18664891854,27,4,2,0,2,15,22,22,39,False
7219,13401917913,39,6,3,0,3,31,40,40,39,False
5480,18702113651,6,2,4,0,2,8,24,24,39,False
2490,17807329663,33,15,4,0,2,28,36,36,39,False
5199,18053307086,26,4,4,0,2,9,19,19,39,False
3097,19831701219,30,14,4,0,0,46,3,3,20,False
1105,15661502139,49,7,4,0,0,25,16,16,24,False
6650,19881266563,23,2,4,0,0,38,47,47,39,False
13458,19859608897,18,0,4,0,2,24,25,25,9,False
2208,17713196465,2,7,4,0,1,37,15,15,0,False
11787,18758415613,2,2,4,0,2,32,41,41,39,False
1638,17623708813,34,4,1,0,0,15,16,16,24,False
9102,16726368276,25,8,1,0,0,17,9,9,0,False
8585,15167050060,1,5,4,0,3,8,32,32,39,False
7028,13074255915,49,9,4,0,0,16,2,2,9,False
11134,18636055184,1,20,4,0,0,31,24,24,9,False
10324,17731093916,43,9,4,0,3,29,1,1,9,False
8251,15165929133,18,9,4,0,0,14,1,1,1,True
8725,16630722126,41,6,1,0,1,27,33,33,0,False
11943,18765816132,7,9,2,0,3,37,46,46,39,False
6229,19852999776,3,7,4,0,2,25,30,30,9,False
12549,18989781863,12,8,4,0,3,12,33,33,20,False
5586,18702113651,12,9,4,0,2,2,8,8,15,False
7638,13943039298,7,5,1,0,0,11,4,4,8,False
908,15661502139,3,8,1,0,3,16,31,31,39,False
5508,18702113651,34,3,4,0,1,37,9,9,9,True
1320,15735414945,15,6,2,0,0,9,3,3,1,False
1742,17623708813,37,5,3,0,2,18,22,22,9,False
876,15260233525,21,21,4,0,3,11,25,25,39,False
2830,18991311567,22,0,4,0,3,23,7,7,8,False
1485,15735414945,31,4,4,0,2,3,18,18,39,False
13133,19834840803,44,3,4,0,2,10,19,19,39,False
10673,18365196069,41,4,4,0,2,4,9,9,24,False
1758,17623708813,3,5,4,0,2,19,0,0,1,False
12701,19550593600,13,4,3,0,0,22,14,14,1,False
2134,17713196465,28,6,4,0,2,12,40,40,39,False
13129,19834840803,40,0,4,0,0,40,13,13,1,False
6993,13074255915,14,4,4,0,1,19,18,18,39,False
6035,19852999776,10,5,1,0,1,17,31,31,39,False
3431,19970957519,13,1,4,0,0,16,9,9,9,True
10019,17527328008,39,4,4,0,3,37,31,31,39,False
4071,13670356740,1,12,4,0,1,38,21,21,0,False
4384,15079495784,13,12,3,0,0,12,17,17,9,False
8122,15165929133,39,2,3,0,1,38,30,30,0,False
4526,15079495784,5,23,4,0,0,42,24,24,19,False
2543,17807329663,36,0,4,0,1,18,3,3,9,False
9397,16726368276,19,9,4,0,3,22,24,24,39,False
1167,15661502139,13,9,4,0,2,23,8,8,8,True
2611,17807329663,4,7,4,0,1,6,5,5,9,False
5146,18053307086,23,26,4,0,0,22,2,2,13,False
6096,19852999776,20,3,2,0,2,22,28,28,39,False
1754,17623708813,49,8,3,0,2,28,39,39,39,True
9814,17527328008,35,0,1,0,3,8,12,12,20,False
2308,17807329663,2,9,1,0,2,18,36,36,39,False
11506,18664891854,22,11,4,0,0,25,4,4,8,False
74,13513580369,24,4,2,0,2,28,43,43,39,False
1529,15735414945,25,65,4,0,1,29,28,28,9,False
1174,15661502139,20,10,4,0,3,25,27,27,39,False
2362,17807329663,5,8,2,0,1,3,9,9,9,True
4857,15797725211,35,23,4,0,0,29,14,14,19,False
1101,15661502139,45,39,4,0,3,25,31,31,24,False
4390,15079495784,19,3,3,0,1,4,17,17,39,False
4750,15797725211,28,4,3,0,3,8,10,10,10,True
11476,18664891854,42,14,4,0,2,22,32,32,39,False
1433,15735414945,28,1,4,0,1,45,8,8,20,False
9492,17331496902,13,0,2,0,3,33,13,13,13,True
9240,16726368276,12,11,4,0,0,46,39,39,20,False
1791,17623708813,36,33,4,0,1,33,2,2,1,False
6174,19852999776,48,18,3,0,2,38,46,46,24,False
10709,18365196069,27,12,4,0,3,10,12,12,39,False
5951,18802233956,26,34,4,0,2,29,37,37,24,False
1123,15661502139,17,14,4,0,1,31,2,2,9,False
8831,16630722126,4,10,3,0,3,33,39,39,39,True
11152,18636055184,19,18,4,0,1,24,10,10,9,False
10067,17527328008,37,3,4,0,1,30,40,40,39,False
3964,13670356740,45,6,1,0,1,13,20,20,39,False
13876,19948700293,20,21,4,0,1,15,14,14,9,False
10798,18365196069,16,10,4,0,3,24,9,9,24,False
2854,18991311567,46,7,4,0,0,30,31,31,39,False
492,13932780308,41,8,3,0,3,30,31,31,1,False
5242,18053307086,19,0,4,0,2,12,14,14,15,False
13260,19834840803,21,5,4,0,0,44,38,38,20,False
61,13513580369,11,5,2,0,0,29,1,1,9,False
13990,19948700293,1,18,4,0,1,16,14,14,8,False
11903,18765816132,18,8,1,0,3,25,27,27,20,False
4850,15797725211,28,2,4,0,2,25,32,32,24,False
6324,19852999776,48,5,4,0,0,15,34,34,39,False
8352,15167050060,19,1,1,0,2,3,4,4,39,False
12348,18989781863,11,11,3,0,2,12,19,19,39,False
6269,19852999776,43,9,4,0,1,32,31,31,9,False
12162,18765816132,26,15,4,0,3,18,5,5,1,False
9743,17331496902,14,4,4,0,3,14,36,36,39,False
13475,19859608897,35,10,4,0,1,23,21,21,14,False
7466,13630678332,36,2,1,0,2,5,12,12,39,False
6956,13074255915,27,1,4,0,1,46,38,38,8,False
8162,15165929133,29,2,4,0,0,24,17,17,9,False
10001,17527328008,21,0,4,0,1,40,25,25,1,False
10048,17527328008,18,6,4,0,2,23,31,31,39,False
10039,17527328008,9,6,4,0,2,16,29,29,9,False
7198,13401917913,18,0,3,0,3,46,33,33,19,False
1298,15735414945,44,2,1,0,0,17,7,7,0,False
6685,19881266563,7,22,4,0,0,10,7,7,8,False
1027,15661502139,21,5,3,0,0,30,41,41,39,False
1501,15735414945,47,54,4,0,0,35,16,16,19,False
2809,18991311567,1,7,4,0,3,8,46,46,39,False
5454,18702113651,30,4,3,0,2,3,32,32,39,False
13389,19859608897,49,4,2,0,3,11,19,19,39,False
5536,18702113651,12,15,4,0,0,19,13,13,19,False
1746,17623708813,41,2,3,0,2,8,46,46,39,False
11026,18636055184,43,4,4,0,1,18,9,9,9,True
10874,18636055184,42,4,1,0,0,14,0,0,1,False
7759,13943039298,27,8,3,0,2,18,41,41,39,False
3142,19831701219,25,3,4,0,0,44,10,10,13,False
6324,19852999776,48,12,4,0,3,10,34,34,39,False
1831,17623708813,26,23,4,0,1,30,32,32,39,False
2826,18991311567,18,12,4,0,2,25,46,46,39,False
1230,15661502139,26,30,4,0,2,24,15,15,9,False
8646,15167050060,12,9,4,0,1,25,24,24,39,False
2163,17713196465,7,6,4,0,0,25,22,22,8,False
206,13513580369,6,6,4,0,0,19,15,15,9,False
13501,19859608897,11,9,4,0,0,31,24,24,8,False
12117,18765816132,31,3,4,0,0,23,2,2,8,False
7358,13401917913,28,42,4,0,1,15,2,2,9,False
11067,18636055184,34,16,4,0,1,17,14,14,0,False
3266,19970957519,49,0,1,0,0,44,39,39,20,False
1372,15735414945,17,13,3,0,3,39,40,40,19,False
12641,19550593600,3,14,2,0,1,8,15,15,39,False
4972,15797725211,50,6,4,0,3,22,46,46,39,False
11285,18664891854,1,3,3,0,3,5,20,20,20,True
1800,17623708813,45,8,4,0,1,30,38,38,39,False
12430,18989781863,43,4,4,0,2,14,22,22,39,False
11420,18664891854,36,29,4,0,3,33,47,47,39,False
811,15260233525,6,8,4,0,1,19,17,17,0,False
8605,15167050060,21,15,4,0,3,37,25,25,20,False
13899,19948700293,43,7,4,0,2,35,42,42,24,False
9061,16630722126,34,9,4,0,3,38,47,47,39,False
8962,16630722126,35,20,4,0,0,11,8,8,0,False
12492,18989781863,5,2,4,0,1,32,40,40,39,False
7654,13943039298,23,3,1,0,3,39,41,41,19,False
2944,19831701219,27,3,2,0,1,36,8,8,9,False
14001,19948700293,12,1,4,0,0,22,1,1,1,True
7263,13401917913,33,12,4,0,0,19,34,34,20,False
2774,18991311567,16,0,3,0,0,30,31,31,8,False
4342,15079495784,21,4,2,0,3,8,11,11,10,False
9596,17331496902,17,4,4,0,2,22,30,30,39,False
3400,19970957519,32,4,4,0,1,25,16,16,9,False
5840,18802233956,15,2,4,0,1,26,21,21,9,False
3413,19970957519,45,22,4,0,1,25,39,39,24,False
2584,17807329663,27,12,4,0,2,11,19,19,39,False
6984,13074255915,5,9,4,0,3,30,31,31,20,False
11507,18664891854,23,2,4,0,3,30,8,8,13,False
4777,15797725211,5,36,4,0,3,18,17,17,9,False
4379,15079495784,8,1,3,0,3,25,14,14,9,False
2257,17713196465,1,7,4,0,0,37,30,30,9,False
8938,16630722126,11,20,4,0,2,24,8,8,9,False
8709,16630722126,25,2,1,0,1,46,22,22,24,False
8350,15167050060,17,1,1,0,2,34,40,40,39,False
2907,19831701219,41,1,1,0,1,29,44,44,24,False
8464,15167050060,30,14,3,0,3,32,39,39,20,False
7939,13943039298,7,4,4,0,3,39,5,5,24,False
9316,16726368276,38,13,4,0,3,23,31,31,39,False
6601,19881266563,24,7,4,0,1,23,15,15,8,False
9726,17331496902,47,1,4,0,1,4,15,15,39,False
4791,15797725211,19,5,4,0,2,17,24,24,39,False
2734,18991311567,26,0,2,0,2,16,20,20,19,False
8291,15165929133,8,13,4,0,1,31,8,8,9,False
2111,17713196465,5,15,4,0,0,36,30,30,9,False
6831,13074255915,2,16,3,0,0,30,2,2,1,False
781,15260233525,26,16,4,0,0,14,7,7,1,False
4435,15079495784,14,31,4,0,1,13,40,40,39,False
4451,15079495784,30,3,4,0,3,16,39,39,39,True
5055,18053307086,32,8,2,0,3,35,46,46,39,False
1022,15661502139,16,5,3,0,3,29,44,44,39,False
2646,17807329663,39,5,4,0,0,36,21,21,9,False
4726,15797725211,4,0,3,0,1,12,21,21,15,False
2164,17713196465,8,8,4,0,2,8,21,21,39,False
1930,17623708813,25,24,4,0,1,32,46,46,39,False
2638,17807329663,31,29,4,0,1,37,15,15,0,False
6972,13074255915,43,3,4,0,2,15,29,29,39,False
9971,17527328008,41,15,4,0,3,17,24,24,39,False
6007,18802233956,32,10,4,0,3,18,12,12,9,False
6686,19881266563,8,1,4,0,2,15,39,39,39,True
6368,19852999776,42,7,4,0,2,3,19,19,39,False
10429,17731093916,48,13,4,0,1,34,25,25,9,False
5946,18802233956,21,5,4,0,3,4,19,19,39,False
3042,19831701219,25,5,4,0,2,26,38,38,39,False
11730,18758415613,45,2,4,0,0,14,1,1,20,False
10364,17731093916,33,3,4,0,3,39,40,40,19,False
3618,13130819298,50,1,1,0,1,13,40,40,39,False
1098,15661502139,42,18,4,0,0,19,41,41,39,False
11544,18758415613,10,6,1,0,3,21,28,28,39,False
6925,13074255915,46,6,4,0,2,0,10,10,39,False
5382,18702113651,8,24,2,0,2,23,41,41,39,False
3026,19831701219,9,3,4,0,3,39,9,9,24,False
2254,17713196465,48,0,4,0,2,38,39,39,39,True
6539,19881266563,12,30,4,0,0,31,13,13,9,False
12805,19550593600,17,2,4,0,1,1,24,24,9,False
8727,16630722126,43,3,1,0,2,20,27,27,39,False
8825,16630722126,40,11,3,0,1,18,24,24,9,False
7016,13074255915,37,22,4,0,1,32,48,48,39,False
12915,19550593600,27,8,4,0,1,25,24,24,39,False
13255,19834840803,16,11,4,0,2,4,9,9,24,False
1924,17623708813,19,43,4,0,1,18,16,16,9,False
11053,18636055184,20,9,4,0,2,18,19,19,39,False
12480,18989781863,43,5,4,0,0,37,17,17,20,False
2308,17807329663,2,8,1,0,1,19,36,36,9,False
5386,18702113651,12,5,2,0,1,17,47,47,39,False
11467,18664891854,33,32,4,0,3,26,27,27,39,False
7618,13630678332,37,1,4,0,3,3,5,5,39,False
4458,15079495784,37,10,4,0,2,8,39,39,39,True
2107,17713196465,1,6,4,0,1,9,7,7,0,False
3197,19831701219,30,18,4,0,0,18,12,12,9,False
1357,15735414945,2,11,3,0,1,1,0,0,9,False
7201,13401917913,21,0,3,0,1,29,24,24,13,False
1793,17623708813,38,24,4,0,2,19,34,34,20,False
12423,18989781863,36,21,4,0,2,37,46,46,39,False
10819,18365196069,37,6,4,0,2,30,36,36,39,False
6917,13074255915,38,8,4,0,2,16,1,1,24,False
8425,15167050060,41,3,2,0,3,33,27,27,20,False
3717,13130819298,48,7,3,0,0,9,31,31,39,False
9981,17527328008,1,19,4,0,3,31,32,32,39,False
9492,17331496902,13,7,2,0,0,46,13,13,20,False
8969,16630722126,42,16,4,0,2,23,28,28,39,False
7468,13630678332,38,15,1,0,0,3,2,2,9,False
4502,15079495784,31,28,4,0,1,30,32,32,8,False
11335,18664891854,1,4,4,0,3,30,31,31,20,False
8362,15167050060,29,6,1,0,3,45,24,24,20,False
4102,13670356740,32,5,4,0,2,19,20,20,20,True
10,13513580369,11,2,1,0,0,13,5,5,8,False
2562,17807329663,5,27,4,0,3,17,24,24,39,False
2960,19831701219,43,6,2,0,0,29,21,21,13,False
11433,18664891854,49,17,4,0,3,32,41,41,39,False
10250,17731093916,19,0,3,0,1,40,3,3,1,False
123,13513580369,23,0,3,0,2,22,44,44,39,False
6810,13074255915,31,2,2,0,0,46,38,38,8,False
6613,19881266563,36,17,4,0,3,12,13,13,13,True
966,15661502139,10,7,2,0,3,4,38,38,24,False
7794,13943039298,12,12,4,0,3,0,1,1,1,True
9634,17331496902,5,0,4,0,2,1,22,22,9,False
9179,16726368276,1,2,3,0,3,7,30,30,39,False
1774,17623708813,19,115,4,0,2,26,6,6,13,False
4966,15797725211,44,96,4,0,0,30,41,41,39,False
6326,19852999776,50,12,4,0,2,29,36,36,39,False
4083,13670356740,13,40,4,0,0,39,17,17,24,False
3088,19831701219,21,11,4,0,2,24,2,2,9,False
3450,19970957519,32,9,4,0,3,29,46,46,39,False
1784,17623708813,29,60,4,0,0,32,19,19,1,False
6279,19852999776,3,2,4,0,0,40,13,13,11,False
2602,17807329663,45,22,4,0,0,28,21,21,9,False
2696,18991311567,39,5,1,0,0,29,15,15,19,False
6396,19881266563,20,0,1,0,2,20,17,17,15,False
6011,18802233956,36,2,4,0,3,47,13,13,13,True
6741,13074255915,13,0,1,0,2,12,30,30,39,False
11420,18664891854,36,1,4,0,2,9,47,47,24,False
3021,19831701219,4,3,4,0,0,16,15,15,24,False
811,15260233525,6,16,4,0,1,11,17,17,9,False
9758,17331496902,29,4,4,0,0,31,24,24,9,False
12551,18989781863,14,4,4,0,2,4,11,11,39,False
5925,18802233956,50,12,4,0,2,5,19,19,39,False
374,13932780308,24,9,1,0,1,19,26,26,20,False
13219,19834840803,30,2,4,0,1,5,3,3,40,False
1039,15661502139,33,7,3,0,1,19,32,32,9,False
7039,13074255915,10,13,4,0,0,11,13,13,8,False
1467,15735414945,13,9,4,0,1,17,16,16,39,False
11322,18664891854,38,5,3,0,2,38,47,47,39,False
10994,18636055184,11,23,4,0,2,16,0,0,24,False
6593,19881266563,16,9,4,0,2,19,26,26,39,False
5616,18702113651,42,5,4,0,0,35,29,29,9,False
7241,13401917913,11,10,4,0,3,47,48,48,19,False
789,15260233525,34,4,4,0,0,9,3,3,1,False
5536,18702113651,12,16,4,0,3,12,13,13,9,False
2850,18991311567,42,41,4,0,2,3,16,16,39,False
11821,18758415613,36,2,4,0,1,32,40,40,39,False
1898,17623708813,43,15,4,0,2,4,18,18,39,False
8660,15167050060,26,19,4,0,0,17,9,9,9,True
1566,15735414945,12,19,4,0,1,12,17,17,9,False
8630,15167050060,46,11,4,0,2,34,39,39,24,False
13526,19859608897,36,3,4,0,0,35,7,7,0,False
13754,19948700293,13,3,3,0,0,23,8,8,0,False
1206,15661502139,2,0,4,0,2,11,40,40,39,False
10901,18636055184,18,0,2,0,3,7,10,10,39,False
4843,15797725211,21,7,4,0,0,14,0,0,1,False
7012,13074255915,33,5,4,0,0,17,10,10,0,False
2861,18991311567,3,12,4,0,3,30,16,16,20,False
7838,13943039298,6,6,4,0,1,23,15,15,8,False
1899,17623708813,44,6,4,0,0,26,14,14,1,False
6556,19881266563,29,13,4,0,3,36,47,47,19,False
499,13932780308,48,1,3,0,1,27,8,8,0,False
13809,19948700293,3,4,3,0,3,26,20,20,20,True
3273,19970957519,5,2,2,0,2,18,1,1,9,False
5459,18702113651,35,17,3,0,0,32,13,13,1,False
13368,19859608897,28,1,2,0,3,22,18,18,39,False
1627,17623708813,23,16,1,0,0,29,15,15,9,False
4444,15079495784,23,6,4,0,2,33,39,39,39,True
3906,13130819298,37,16,4,0,2,39,46,46,24,False
447,13932780308,46,2,2,0,0,15,5,5,24,False
5230,18053307086,7,43,4,0,3,45,47,47,19,False
2557,17807329663,50,0,4,0,1,19,24,24,20,False
1624,17623708813,20,12,1,0,2,37,43,43,39,False
4492,15079495784,21,10,4,0,1,17,0,0,0,True
5874,18802233956,49,1,4,0,2,0,23,23,24,False
7270,13401917913,40,9,4,0,2,23,45,45,39,False
4575,15079495784,4,15,4,0,1,32,5,5,13,False
6189,19852999776,13,21,4,0,2,31,7,7,24,False
7038,13074255915,9,7,4,0,2,11,18,18,39,False
13188,19834840803,49,9,4,0,3,32,39,39,39,True
1247,15661502139,43,13,4,0,0,10,3,3,8,False
5221,18053307086,48,13,4,0,0,30,31,31,39,False
11240,18664891854,6,0,2,0,3,8,47,47,39,False
10016,17527328008,36,10,4,0,2,38,39,39,39,True
4791,15797725211,19,20,4,0,3,10,24,24,39,False
6253,19852999776,27,1,4,0,0,31,8,8,8,True
13321,19859608897,32,0,1,0,3,8,4,4,19,False
790,15260233525,35,3,4,0,0,38,17,17,9,False
5957,18802233956,32,15,4,0,2,2,9,9,9,True
11878,18758415613,43,4,4,0,3,40,31,31,1,False
7888,13943039298,6,4,4,0,2,19,24,24,20,False
1294,15735414945,40,3,1,0,3,8,10,10,10,True
9716,17331496902,37,6,4,0,2,30,48,48,39,False
5436,18702113651,12,17,3,0,1,3,2,2,9,False
11875,18758415613,40,13,4,0,3,8,30,30,39,False
8212,15165929133,29,54,4,0,0,34,20,20,8,False
4911,15797725211,39,6,4,0,2,24,10,10,9,False
5301,18053307086,28,2,4,0,2,16,43,43,24,False
12814,19550593600,26,3,4,0,1,24,21,21,9,False
4450,15079495784,29,47,4,0,3,29,18,18,19,False
3210,19831701219,43,18,4,0,0,29,22,22,19,False
1875,17623708813,20,6,4,0,0,22,16,16,39,False
4395,15079495784,24,7,3,0,0,17,46,46,39,False
2273,17713196465,17,4,4,0,3,32,6,6,10,False
12148,18765816132,12,3,4,0,0,39,2,2,9,False
10039,17527328008,9,2,4,0,2,4,29,29,39,False
8744,16630722126,9,1,2,0,0,46,27,27,20,False
4485,15079495784,14,3,4,0,3,24,3,3,9,False
7847,13943039298,15,30,4,0,1,26,39,39,9,False
6050,19852999776,25,8,1,0,0,35,29,29,39,False
12490,18989781863,3,9,4,0,2,20,40,40,9,False
12185,18765816132,49,10,4,0,0,16,2,2,9,False
1508,15735414945,4,3,4,0,2,8,47,47,39,False
7845,13943039298,13,8,4,0,1,3,9,9,9,True
10767,18365196069,35,21,4,0,3,32,33,33,39,False
7755,13943039298,23,4,3,0,3,14,31,31,39,False
2270,17713196465,14,0,4,0,1,25,28,28,8,False
6424,19881266563,48,0,1,0,1,30,24,24,8,False
6581,19881266563,4,3,4,0,0,40,14,14,1,False
13862,19948700293,6,17,4,0,1,18,14,14,9,False
5483,18702113651,9,18,4,0,1,17,8,8,8,True
6840,13074255915,11,13,3,0,0,37,29,29,9,False
1573,15735414945,19,50,4,0,3,2,16,16,39,False
6573,19881266563,46,27,4,0,3,12,27,27,39,False
6627,19881266563,50,3,4,0,2,20,13,13,9,False
5175,18053307086,2,3,4,0,2,24,13,13,9,False
6719,19881266563,41,26,4,0,1,36,29,29,9,False
1743,17623708813,38,5,3,0,3,8,4,4,1,False
10143,17731093916,13,5,1,0,0,30,16,16,1,False
8384,15167050060,51,1,1,0,0,41,31,31,20,False
5530,18702113651,6,74,4,0,2,15,3,3,39,False
8184,15165929133,1,12,4,0,0,22,14,14,0,False
8749,16630722126,14,0,2,0,3,40,32,32,1,False
604,15260233525,1,14,2,0,1,18,9,9,9,True
1141,15661502139,35,0,4,0,1,10,18,18,39,False
9409,16726368276,31,7,4,0,1,36,14,14,9,False
1259,15735414945,5,9,1,0,3,25,27,27,19,False
9326,16726368276,48,10,4,0,3,32,40,40,39,False
2169,17713196465,13,9,4,0,1,37,16,16,9,False
2289,17713196465,33,15,4,0,2,18,33,33,39,False
6668,19881266563,41,4,4,0,3,14,34,34,39,False
6909,13074255915,30,10,4,0,0,47,20,20,19,False
9702,17331496902,23,6,4,0,3,7,8,8,19,False
6703,19881266563,25,23,4,0,0,17,46,46,39,False
6468,19881266563,41,8,2,0,3,11,12,12,39,False
214,13513580369,14,15,4,0,2,8,15,15,39,False
2581,17807329663,24,3,4,0,2,16,36,36,24,False
12329,18989781863,42,4,2,0,1,33,18,18,9,False
10208,17731093916,27,6,2,0,1,17,21,21,0,False
7602,13630678332,21,2,4,0,3,14,39,39,39,True
1797,17623708813,42,195,4,0,1,46,10,10,8,False
9856,17527328008,26,2,2,0,3,21,29,29,39,False
503,13932780308,2,4,4,0,1,33,44,44,15,False
532,13932780308,31,25,4,0,0,32,12,12,10,False
193,13513580369,43,2,4,0,0,20,5,5,15,False
9691,17331496902,12,14,4,0,1,26,33,33,9,False
9577,17331496902,48,2,3,0,2,10,5,5,39,False
5934,18802233956,9,17,4,0,0,33,12,12,10,False
12112,18765816132,26,9,4,0,2,40,48,48,39,False
5530,18702113651,6,45,4,0,2,8,3,3,1,False
10029,17527328008,49,124,4,0,3,12,1,1,0,False
3849,13130819298,30,0,4,0,2,25,36,36,8,False
8125,15165929133,42,9,3,0,2,28,36,36,39,False
2356,17807329663,50,15,1,0,1,17,16,16,39,False
14075,19948700293,3,19,4,0,3,33,39,39,39,True
3063,19831701219,46,2,4,0,1,10,21,21,39,False
7080,13401917913,1,9,1,0,3,39,48,48,19,False
4810,15797725211,38,18,4,0,3,10,19,19,39,False
14076,19948700293,4,9,4,0,3,44,45,45,39,False
3092,19831701219,25,9,4,0,0,22,10,10,20,False
1801,17623708813,46,9,4,0,3,29,32,32,39,False
5529,18702113651,5,11,4,0,3,32,3,3,2,False
12954,19834840803,16,1,1,0,2,23,39,39,39,True
10676,18365196069,44,5,4,0,0,31,7,7,24,False
4918,15797725211,46,2,4,0,1,18,3,3,9,False
11123,18636055184,40,14,4,0,2,34,47,47,39,False
13205,19834840803,16,13,4,0,3,32,48,48,39,False
1416,15735414945,11,29,4,0,2,19,33,33,39,False
4807,15797725211,35,26,4,0,1,18,2,2,9,False
11868,18758415613,33,6,4,0,3,32,41,41,39,False
1942,17623708813,37,3,4,0,2,23,36,36,39,False
2279,17713196465,23,13,4,0,3,36,33,33,19,False
11750,18758415613,15,5,4,0,1,23,8,8,8,True
3577,13130819298,9,9,1,0,3,31,25,25,39,False
206,13513580369,6,8,4,0,1,12,15,15,9,False
3800,13130819298,31,6,4,0,0,38,18,18,9,False
1160,15661502139,6,14,4,0,0,33,3,3,9,False
4169,13670356740,49,2,4,0,1,29,7,7,9,False
13904,19948700293,48,8,4,0,3,7,8,8,19,False
4352,15079495784,31,3,2,0,0,40,3,3,11,False
11793,18758415613,8,9,4,0,3,22,31,31,39,False
2873,19831701219,7,4,1,0,3,31,13,13,19,False
1834,17623708813,1,14,4,0,0,30,33,33,39,False
6548,19881266563,21,14,4,0,2,26,33,33,39,False
986,15661502139,30,14,2,0,1,25,37,37,24,False
12864,19550593600,26,5,4,0,3,33,48,48,39,False
8573,15167050060,39,0,4,0,3,8,10,10,19,False
4544,15079495784,23,0,4,0,2,9,18,18,39,False
7959,13943039298,27,1,4,0,2,17,47,47,39,False
4139,13670356740,19,7,4,0,1,12,16,16,9,False
8622,15167050060,38,22,4,0,0,18,13,13,19,False
12358,18989781863,21,11,3,0,3,32,39,39,39,True
1504,15735414945,50,11,4,0,2,23,39,39,39,True
8864,16630722126,37,11,3,0,0,10,2,2,0,False
2844,18991311567,36,30,4,0,2,26,41,41,39,False
2320,17807329663,14,1,1,0,0,40,17,17,1,False
1427,15735414945,22,2,4,0,3,15,46,46,39,False
3124,19831701219,7,1,4,0,1,48,38,38,17,False
2981,19831701219,14,0,3,0,2,10,43,43,39,False
7971,13943039298,39,4,4,0,2,2,1,1,24,False
592,15260233525,40,4,1,0,2,3,10,10,39,False
4373,15079495784,2,0,3,0,2,15,24,24,39,False
1408,15735414945,3,29,4,0,0,20,9,9,9,True
1161,15661502139,7,38,4,0,1,19,32,32,39,False
3345,19970957519,27,2,3,0,3,25,16,16,24,False
12970,19834840803,32,0,1,0,2,0,36,36,24,False
12312,18989781863,25,2,2,0,0,32,27,27,20,False
6314,19852999776,38,0,4,0,0,32,1,1,1,True
12810,19550593600,22,9,4,0,0,39,8,8,9,False
6158,19852999776,32,4,3,0,3,3,18,18,39,False
3521,19970957519,3,6,4,0,0,37,23,23,9,False
12296,18989781863,9,2,2,0,3,2,47,47,39,False
7214,13401917913,34,6,3,0,0,18,12,12,1,False
1756,17623708813,1,24,4,0,1,8,15,15,39,False
11958,18765816132,22,0,2,0,2,12,30,30,39,False
4036,13670356740,16,21,3,0,3,39,47,47,24,False
8425,15167050060,41,0,2,0,2,24,27,27,24,False
13375,19859608897,35,2,2,0,1,45,38,38,20,False
2243,17713196465,37,24,4,0,0,24,17,17,9,False
5228,18053307086,5,2,4,0,0,14,10,10,9,False
4099,13670356740,29,0,4,0,1,11,8,8,39,False
8523,15167050060,39,22,4,0,0,22,2,2,1,False
4275,15079495784,5,5,1,0,2,1,7,7,9,False
1128,15661502139,22,13,4,0,3,8,16,16,39,False
13551,19859608897,11,1,4,0,3,7,6,6,39,False
5170,18053307086,47,1,4,0,2,17,31,31,39,False
9941,17527328008,11,9,4,0,3,39,13,13,19,False
505,13932780308,4,6,4,0,0,30,33,33,39,False
8038,15165929133,5,17,2,0,3,14,32,32,39,False
3296,19970957519,28,0,2,0,2,10,8,8,20,False
1301,15735414945,47,13,1,0,0,22,21,21,0,False
13253,19834840803,14,25,4,0,2,39,47,47,39,False
13576,19859608897,36,1,4,0,0,46,34,34,19,False
4051,13670356740,31,5,3,0,1,3,14,14,9,False
25,13513580369,26,5,1,0,0,35,23,23,13,False
3179,19831701219,12,17,4,0,3,10,41,41,39,False
7615,13630678332,34,15,4,0,2,5,19,19,39,False
5567,18702113651,43,6,4,0,3,35,43,43,39,False
6643,19881266563,16,6,4,0,0,17,15,15,0,False
5684,18802233956,10,5,1,0,2,2,14,14,39,False
5264,18053307086,41,15,4,0,0,31,14,14,9,False
1086,15661502139,30,2,4,0,1,4,32,32,24,False
6181,19852999776,5,40,4,0,2,18,17,17,9,False
11029,18636055184,46,4,4,0,2,32,47,47,39,False
4897,15797725211,25,3,4,0,1,3,0,0,0,True
12229,18765816132,43,0,4,0,3,24,5,5,9,False
13870,19948700293,14,6,4,0,0,31,30,30,9,False
7273,13401917913,43,16,4,0,1,45,25,25,20,False
7036,13074255915,7,2,4,0,3,40,5,5,1,False
488,13932780308,37,8,3,0,3,36,44,44,39,False
5477,18702113651,3,4,4,0,0,19,20,20,20,True
562,15260233525,10,8,1,0,2,33,39,39,39,True
12950,19834840803,12,12,1,0,2,34,41,41,39,False
13900,19948700293,44,14,4,0,3,7,8,8,19,False
7396,13401917913,16,0,4,0,1,48,41,41,8,False
1043,15661502139,37,1,3,0,3,18,1,1,9,False
11207,18664891854,24,14,1,0,1,38,39,39,24,False
1883,17623708813,28,21,4,0,1,33,39,39,39,True
8367,15167050060,34,9,1,0,3,29,21,21,19,False
546,13932780308,45,7,4,0,3,19,5,5,9,False
12545,18989781863,8,6,4,0,2,31,0,0,24,False
1839,17623708813,6,3,4,0,0,11,5,5,19,False
3088,19831701219,21,22,4,0,0,33,2,2,9,False
11330,18664891854,46,7,3,0,3,25,27,27,39,False
8829,16630722126,2,9,3,0,3,25,20,20,20,True
3262,19970957519,45,2,1,0,1,15,0,0,0,True
8157,15165929133,24,35,4,0,1,8,28,28,39,False
3768,13130819298,49,16,4,0,2,23,39,39,24,False
8157,15165929133,24,46,4,0,2,23,28,28,39,False
11426,18664891854,42,12,4,0,1,32,0,0,1,False
12062,18765816132,26,20,4,0,3,16,9,9,9,True
3765,13130819298,46,29,4,0,0,22,16,16,20,False
8965,16630722126,38,7,4,0,3,25,20,20,20,True
8479,15167050060,45,0,3,0,1,41,47,47,15,False
7516,13630678332,35,6,2,0,1,27,24,24,0,False
6563,19881266563,36,20,4,0,1,25,24,24,24,True
6490,19881266563,13,2,3,0,0,31,10,10,9,False
3457,19970957519,39,14,4,0,0,23,33,33,39,False
11793,18758415613,8,1,4,0,3,9,31,31,39,False
2321,17807329663,15,9,1,0,2,10,17,17,39,False
99,13513580369,49,6,2,0,1,26,25,25,1,False
1098,15661502139,42,66,4,0,3,35,41,41,19,False
5277,18053307086,4,3,4,0,0,40,17,17,1,False
5271,18053307086,48,14,4,0,3,16,46,46,39,False
1504,15735414945,50,6,4,0,2,10,39,39,39,True
1293,15735414945,39,2,1,0,2,12,24,24,9,False
5504,18702113651,30,8,4,0,2,25,24,24,24,True
12650,19550593600,7,3,2,0,2,3,47,47,39,False
5998,18802233956,23,0,4,0,3,3,40,40,39,False
2127,17713196465,21,27,4,0,0,28,16,16,19,False
9416,16726368276,38,7,4,0,1,23,8,8,8,True
1847,17623708813,14,12,4,0,0,18,17,17,9,False
13924,19948700293,18,12,4,0,0,22,15,15,0,False
3627,13130819298,8,18,2,0,2,31,44,44,9,False
6364,19852999776,38,4,4,0,2,4,26,26,39,False
5689,18802233956,15,2,1,0,1,26,5,5,13,False
12646,19550593600,3,7,2,0,3,37,38,38,20,False
9489,17331496902,10,6,2,0,2,30,32,32,20,False
4253,13670356740,33,4,4,0,3,8,4,4,1,False
4649,15797725211,28,8,1,0,3,18,10,10,9,False
12058,18765816132,22,13,4,0,3,37,24,24,39,False
11809,18758415613,24,0,4,0,3,16,19,19,19,True
4698,15797725211,26,19,2,0,1,33,44,44,0,False
5256,18053307086,33,16,4,0,3,32,47,47,39,False
12016,18765816132,30,8,3,0,3,5,6,6,20,False
6912,13074255915,33,26,4,0,3,25,39,39,24,False
6020,18802233956,45,15,4,0,0,13,22,22,0,False
718,15260233525,13,0,4,0,2,8,32,32,39,False
250,13513580369,50,9,4,0,1,38,23,23,0,False
6824,13074255915,45,14,2,0,0,31,24,24,9,False
4194,13670356740,24,13,4,0,1,37,36,36,0,False
24,13513580369,25,20,1,0,0,30,23,23,8,False
6313,19852999776,37,5,4,0,1,19,47,47,20,False
10572,18365196069,40,3,2,0,3,16,18,18,24,False
3624,13130819298,5,8,2,0,2,3,46,46,39,False
8904,16630722126,27,18,4,0,1,17,15,15,14,False
13125,19834840803,36,7,4,0,0,37,8,8,8,True
2537,17807329663,30,11,4,0,2,11,26,26,39,False
4060,13670356740,40,1,3,0,2,8,31,31,39,False
8299,15165929133,16,15,4,0,1,33,31,31,0,False
8250,15165929133,17,0,4,0,2,15,16,16,39,False
3047,19831701219,30,8,4,0,0,24,29,29,9,False
11751,18758415613,16,10,4,0,1,26,48,48,40,False
6632,19881266563,5,13,4,0,0,22,15,15,8,False
3364,19970957519,46,13,3,0,2,10,17,17,39,False
12970,19834840803,32,7,1,0,1,37,36,36,39,False
10784,18365196069,2,21,4,0,2,31,30,30,9,False
180,13513580369,30,0,4,0,3,14,32,32,39,False
2273,17713196465,17,0,4,0,3,24,6,6,9,False
3509,19970957519,41,6,4,0,3,16,34,34,39,False
9703,17331496902,24,2,4,0,3,40,26,26,1,False
3510,19970957519,42,1,4,0,0,26,17,17,8,False
2841,18991311567,33,2,4,0,3,44,25,25,19,False
13521,19859608897,31,1,4,0,1,45,43,43,20,False
11720,18758415613,35,19,4,0,2,2,9,9,24,False
10519,18365196069,38,6,1,0,1,23,15,15,24,False
12679,19550593600,36,3,2,0,1,32,39,39,39,True
2422,17807329663,15,1,3,0,1,30,36,36,1,False
2057,17713196465,1,17,3,0,3,5,12,12,20,False
2697,18991311567,40,8,1,0,3,26,19,19,10,False
2113,17713196465,7,12,4,0,3,30,17,17,20,False
3166,19831701219,49,7,4,0,2,31,14,14,9,False
1845,17623708813,12,13,4,0,3,17,18,18,39,False
7267,13401917913,37,1,4,0,2,7,34,34,39,False
12439,18989781863,2,7,4,0,1,5,14,14,15,False
1791,17623708813,36,6,4,0,1,24,2,2,9,False
3635,13130819298,16,7,2,0,0,17,39,39,39,True
4233,13670356740,13,2,4,0,1,27,0,0,0,True
1924,17623708813,19,21,4,0,0,43,16,16,9,False
12657,19550593600,14,1,2,0,3,17,12,12,20,False
5568,18702113651,44,10,4,0,0,26,13,13,9,False
6679,19881266563,1,3,4,0,1,38,7,7,0,False
3485,19970957519,17,29,4,0,0,40,9,9,1,False
5426,18702113651,2,11,3,0,0,15,2,2,1,False
11875,18758415613,40,4,4,0,3,7,30,30,39,False
2661,18991311567,4,9,1,0,1,33,1,1,0,False
4189,13670356740,19,10,4,0,0,25,18,18,8,False
7193,13401917913,13,6,3,0,0,25,18,18,19,False
6518,19881266563,41,2,3,0,3,2,31,31,39,False
3108,19831701219,41,0,4,0,0,39,15,15,8,False
3584,13130819298,16,37,1,0,3,26,20,20,19,False
1466,15735414945,12,3,4,0,1,34,46,46,15,False
11374,18664891854,40,15,4,0,1,41,40,40,24,False
2855,18991311567,47,12,4,0,2,12,32,32,39,False
558,15260233525,6,0,1,0,1,3,7,7,39,False
528,13932780308,27,1,4,0,0,20,5,5,9,False
3155,19831701219,38,23,4,0,1,20,3,3,9,False
1118,15661502139,12,47,4,0,2,39,46,46,39,False
6532,19881266563,5,7,4,0,2,29,43,43,39,False
11817,18758415613,32,14,4,0,2,30,31,31,39,False
2351,17807329663,45,2,1,0,2,3,25,25,39,False
13204,19834840803,15,2,4,0,1,4,8,8,39,False
5498,18702113651,24,18,4,0,1,18,0,0,9,False
2099,17713196465,43,7,3,0,2,28,25,25,19,False
1616,17623708813,12,7,1,0,1,38,36,36,0,False
3547,19970957519,29,5,4,0,2,20,15,15,9,False
7080,13401917913,1,18,1,0,2,31,48,48,9,False
2575,17807329663,18,5,4,0,3,29,23,23,39,False
2955,19831701219,38,0,2,0,0,40,17,17,1,False
6244,19852999776,18,28,4,0,1,23,1,1,8,False
13784,19948700293,43,2,3,0,0,41,15,15,8,False
5911,18802233956,36,15,4,0,3,22,18,18,39,False
11841,18758415613,6,4,4,0,1,8,40,40,39,False
970,15661502139,14,3,2,0,1,37,8,8,9,False
5068,18053307086,45,0,2,0,2,12,20,20,39,False
1866,17623708813,11,9,4,0,0,36,30,30,9,False
2681,18991311567,24,0,1,0,3,8,19,19,39,False
8329,15165929133,46,15,4,0,1,11,1,1,9,False
9190,16726368276,12,4,3,0,2,34,47,47,39,False
3508,19970957519,40,7,4,0,2,10,18,18,39,False
4374,15079495784,3,17,3,0,1,46,9,9,24,False
2802,18991311567,44,6,3,0,0,17,0,0,0,True
5268,18053307086,45,11,4,0,3,19,27,27,39,False
12039,18765816132,3,3,4,0,1,8,0,0,0,True
352,13932780308,2,0,1,0,3,43,8,8,9,False
5720,18802233956,46,3,1,0,3,14,1,1,39,False
5916,18802233956,41,12,4,0,2,40,47,47,39,False
991,15661502139,35,18,2,0,1,6,20,20,0,False
5281,18053307086,8,6,4,0,2,22,23,23,39,False
12849,19550593600,11,1,4,0,1,19,16,16,20,False
338,13513580369,38,3,4,0,2,10,16,16,39,False
13225,19834840803,36,2,4,0,2,14,28,28,39,False
12399,18989781863,12,16,4,0,2,16,23,23,9,False
1721,17623708813,16,0,3,0,1,17,43,43,39,False
1991,17713196465,36,8,1,0,3,8,19,19,39,False
9800,17527328008,21,0,1,0,1,47,40,40,13,False
2983,19831701219,16,5,3,0,3,28,29,29,39,False
3164,19831701219,47,11,4,0,3,28,30,30,39,False
5100,18053307086,27,27,3,0,2,26,31,31,39,False
1493,15735414945,39,15,4,0,0,8,1,1,1,True
5504,18702113651,30,16,4,0,1,12,24,24,9,False
11026,18636055184,43,7,4,0,1,16,9,9,9,True
4330,15079495784,9,19,2,0,3,39,47,47,19,False
12892,19550593600,4,0,4,0,3,42,45,45,13,False
6632,19881266563,5,8,4,0,0,23,15,15,8,False
253,13513580369,3,4,4,0,3,31,12,12,9,False
5530,18702113651,6,197,4,0,0,10,3,3,8,False
1317,15735414945,12,15,2,0,1,6,3,3,1,False
6795,13074255915,16,7,2,0,0,18,19,19,39,False
11806,18758415613,21,4,4,0,3,3,12,12,39,False
10853,18636055184,21,0,1,0,2,10,20,20,39,False
13104,19834840803,15,1,4,0,0,30,32,32,39,False
5107,18053307086,34,19,3,0,1,30,15,15,1,False
1001,15661502139,45,7,2,0,1,12,9,9,9,True
6795,13074255915,16,10,2,0,2,5,19,19,39,False
6639,19881266563,12,16,4,0,2,16,41,41,39,False
570,15260233525,18,7,1,0,1,15,21,21,14,False
4207,13670356740,37,0,4,0,3,12,5,5,19,False
2584,17807329663,27,3,4,0,0,30,19,19,19,True
12121,18765816132,35,5,4,0,3,2,19,19,39,False
4945,15797725211,23,42,4,0,3,17,32,32,39,False
67,13513580369,17,0,2,0,1,40,3,3,1,False
12340,18989781863,3,4,3,0,2,15,24,24,39,False
156,13513580369,6,9,4,0,1,3,15,15,9,False
5131,18053307086,8,3,4,0,2,26,37,37,24,False
1486,15735414945,32,12,4,0,0,30,31,31,39,False
11620,18758415613,35,9,2,0,2,31,38,38,9,False
2372,17807329663,15,7,2,0,2,16,0,0,24,False
12748,19550593600,7,9,4,0,1,32,24,24,9,False
6276,19852999776,50,4,4,0,0,9,17,17,1,False
2998,19831701219,31,20,3,0,0,9,16,16,1,False
9073,16630722126,46,4,4,0,3,38,39,39,24,False
6754,13074255915,26,12,1,0,0,17,9,9,1,False
12020,18765816132,34,1,3,0,3,2,5,5,39,False
6095,19852999776,19,9,2,0,0,35,28,28,9,False
3443,19970957519,25,10,4,0,0,32,10,10,1,False
9104,16726368276,27,6,1,0,0,10,9,9,0,False
5081,18053307086,8,8,3,0,0,15,8,8,0,False
8630,15167050060,46,5,4,0,3,38,39,39,39,True
13288,19834840803,49,15,4,0,1,40,39,39,1,False
4966,15797725211,44,52,4,0,2,7,41,41,39,False
1822,17623708813,17,5,4,0,3,39,9,9,24,False
7759,13943039298,27,6,3,0,2,10,41,41,39,False
8414,15167050060,30,3,2,0,1,46,42,42,24,False
1039,15661502139,33,5,3,0,3,11,32,32,39,False
3850,13130819298,31,5,4,0,0,23,26,26,19,False
13833,19948700293,27,8,3,0,3,4,6,6,39,False
1319,15735414945,14,9,2,0,1,11,3,3,1,False
7628,13630678332,47,5,4,0,3,10,20,20,39,False
6965,13074255915,36,9,4,0,0,30,9,9,8,False
3134,19831701219,17,25,4,0,0,47,46,46,20,False
5079,18053307086,6,10,3,0,2,18,26,26,39,False
1765,17623708813,10,129,4,0,2,17,13,13,19,False
7844,13943039298,12,14,4,0,0,24,2,2,9,False
4346,15079495784,25,4,2,0,3,8,11,11,20,False
10601,18365196069,19,1,3,0,1,47,38,38,13,False
1072,15661502139,16,7,4,0,3,12,27,27,39,False
5690,18802233956,16,2,1,0,3,32,6,6,13,False
8143,15165929133,10,7,4,0,0,46,33,33,19,False
6156,19852999776,30,7,3,0,3,11,19,19,39,False
6563,19881266563,36,57,4,0,1,12,24,24,39,False
3909,13130819298,40,9,4,0,3,40,41,41,39,False
12570,18989781863,33,6,4,0,1,47,27,27,13,False
8080,15165929133,47,2,2,0,0,32,26,26,20,False
5257,18053307086,34,1,4,0,0,26,19,19,9,False
6776,13074255915,48,2,1,0,1,37,42,42,0,False
14100,19948700293,28,3,4,0,2,24,3,3,24,False
11794,18758415613,9,5,4,0,3,9,36,36,39,False
12059,18765816132,23,12,4,0,3,21,31,31,39,False
7625,13630678332,44,11,4,0,1,17,3,3,8,False
6479,19881266563,2,22,3,0,2,18,43,43,39,False
8641,15167050060,7,1,4,0,3,36,45,45,39,False
13186,19834840803,47,11,4,0,2,26,40,40,15,False
13349,19859608897,9,8,2,0,3,32,40,40,20,False
9134,16726368276,6,0,2,0,3,14,6,6,19,False
671,15260233525,18,4,3,0,0,30,25,25,8,False
13135,19834840803,46,14,4,0,2,22,24,24,24,True
13439,19859608897,49,3,3,0,1,34,26,26,0,False
3899,13130819298,30,9,4,0,3,26,19,19,1,False
8180,15165929133,47,4,4,0,2,3,11,11,39,False
10685,18365196069,3,1,4,0,1,2,0,0,39,False
1766,17623708813,11,1,4,0,2,21,19,19,19,True
2564,17807329663,7,3,4,0,2,16,39,39,24,False
2083,17713196465,27,3,3,0,2,15,26,26,39,False
1917,17623708813,12,8,4,0,1,2,1,1,24,False
1576,15735414945,22,36,4,0,3,37,31,31,12,False
8948,16630722126,21,6,4,0,0,38,31,31,1,False
5493,18702113651,19,19,4,0,3,19,20,20,20,True
8758,16630722126,23,0,2,0,2,39,42,42,24,False
6927,13074255915,48,13,4,0,3,22,36,36,39,False
12431,18989781863,44,3,4,0,1,9,15,15,1,False
11591,18758415613,6,13,2,0,3,4,6,6,39,False
532,13932780308,31,9,4,0,2,20,12,12,9,False
9625,17331496902,46,8,4,0,1,9,8,8,1,False
5911,18802233956,36,5,4,0,2,4,18,18,39,False
725,15260233525,20,3,4,0,2,22,33,33,39,False
3225,19970957519,8,5,1,0,0,33,13,13,13,True
1398,15735414945,43,7,3,0,3,3,19,19,39,False
8678,15167050060,44,1,4,0,0,39,25,25,8,False
2859,18991311567,1,22,4,0,1,26,17,17,1,False
9429,17331496902,1,0,1,0,0,31,30,30,19,False
12764,19550593600,23,0,4,0,2,1,3,3,9,False
928,15661502139,23,15,1,0,3,2,16,16,39,False
7318,13401917913,38,11,4,0,1,16,8,8,8,True
11000,18636055184,17,24,4,0,3,17,27,27,39,False
13188,19834840803,49,13,4,0,1,32,39,39,39,True
3016,19831701219,49,6,3,0,1,30,9,9,1,False
4305,15079495784,35,0,1,0,0,33,19,19,20,False
2509,17807329663,2,14,4,0,0,32,2,2,1,False
5946,18802233956,21,6,4,0,2,5,19,19,39,False
8854,16630722126,27,0,3,0,1,1,23,23,9,False
12224,18765816132,38,2,4,0,1,25,24,24,9,False
5997,18802233956,22,26,4,0,1,19,41,41,39,False
6270,19852999776,44,1,4,0,0,26,5,5,9,False
2027,17713196465,21,1,2,0,0,44,35,35,9,False
7245,13401917913,15,6,4,0,1,16,9,9,9,True
12676,19550593600,33,1,2,0,2,7,28,28,39,False
8203,15165929133,20,13,4,0,3,11,19,19,39,False
10537,18365196069,5,6,2,0,2,23,41,41,39,False
4528,15079495784,7,15,4,0,3,4,18,18,39,False
7107,13401917913,28,6,1,0,2,39,46,46,24,False
4877,15797725211,5,9,4,0,3,30,37,37,39,False
8218,15165929133,35,1,4,0,3,8,19,19,39,False
3791,13130819298,22,43,4,0,3,30,24,24,24,True
12921,19550593600,33,11,4,0,2,34,39,39,24,False
4507,15079495784,36,29,4,0,3,1,2,2,9,False
2844,18991311567,36,5,4,0,2,7,41,41,39,False
9480,17331496902,1,3,2,0,2,7,15,15,9,False
9910,17527328008,30,6,3,0,2,5,13,13,20,False
10144,17731093916,14,2,1,0,1,45,16,16,20,False
9113,16726368276,36,4,1,0,2,10,12,12,39,False
8253,15165929133,20,1,4,0,1,36,42,42,9,False
6629,19881266563,2,6,4,0,1,28,2,2,1,False
10762,18365196069,30,8,4,0,1,47,40,40,20,False
12404,18989781863,17,10,4,0,3,25,48,48,39,False
3184,19831701219,17,22,4,0,0,42,38,38,19,False
13808,19948700293,2,1,3,0,3,36,44,44,39,False
7810,13943039298,28,13,4,0,0,40,26,26,13,False
216,13513580369,16,11,4,0,2,6,18,18,39,False
636,15260233525,33,2,2,0,1,12,3,3,9,False
14044,19948700293,22,5,4,0,3,24,9,9,24,False
14080,19948700293,8,8,4,0,0,9,10,10,1,False
1745,17623708813,40,0,3,0,2,0,12,12,24,False
6140,19852999776,14,7,3,0,0,25,11,11,8,False
8993,16630722126,16,16,4,0,2,16,15,15,9,False
1602,15735414945,48,45,4,0,1,45,7,7,20,False
7793,13943039298,11,4,4,0,1,45,29,29,20,False
12679,19550593600,36,0,2,0,1,27,39,39,0,False
6290,19852999776,14,15,4,0,3,25,45,45,24,False
4487,15079495784,16,11,4,0,3,30,24,24,20,False
2173,17713196465,17,9,4,0,0,19,10,10,9,False
2924,19831701219,7,0,2,0,2,0,12,12,24,False
12539,18989781863,2,10,4,0,0,34,20,20,9,False
2833,18991311567,25,21,4,0,1,31,30,30,9,False
4244,13670356740,24,9,4,0,2,11,17,17,39,False
11718,18758415613,33,15,4,0,1,17,39,39,39,True
4553,15079495784,32,4,4,0,1,25,0,0,9,False
2846,18991311567,38,25,4,0,0,19,17,17,9,False
13340,19859608897,51,2,1,0,3,17,4,4,20,False
7351,13401917913,21,10,4,0,1,9,8,8,1,False
8256,15165929133,23,7,4,0,2,15,21,21,39,False
10128,17527328008,48,0,4,0,3,10,48,48,39,False
7890,13943039298,8,6,4,0,2,4,16,16,24,False
11129,18636055184,46,11,4,0,3,32,39,39,39,True
9725,17331496902,46,4,4,0,2,16,15,15,15,True
8681,15167050060,47,1,4,0,2,5,9,9,9,True
11341,18664891854,7,24,4,0,3,47,48,48,19,False
4852,15797725211,30,67,4,0,2,31,23,23,9,False
1260,15735414945,6,6,1,0,1,19,27,27,0,False
2089,17713196465,33,1,3,0,1,11,15,15,15,True
10381,17731093916,50,6,4,0,0,41,32,32,8,False
2570,17807329663,13,1,4,0,0,33,13,13,13,True
9486,17331496902,7,2,2,0,0,38,32,32,1,False
12138,18765816132,2,13,4,0,0,7,1,1,1,True
6191,19852999776,15,3,4,0,1,38,23,23,0,False
11943,18765816132,7,1,2,0,1,9,46,46,1,False
5437,18702113651,13,20,3,0,2,2,1,1,39,False
11943,18765816132,7,8,2,0,2,30,46,46,39,False
9096,16726368276,19,5,1,0,3,39,40,40,19,False
13864,19948700293,8,1,4,0,3,17,39,39,39,True
4651,15797725211,30,4,1,0,0,25,10,10,9,False
2348,17807329663,42,9,1,0,1,30,24,24,1,False
6030,19852999776,5,3,1,0,2,37,44,44,39,False
1922,17623708813,17,16,4,0,3,11,19,19,39,False
5291,18053307086,18,36,4,0,2,10,9,9,8,False
8983,16630722126,6,0,4,0,3,8,18,18,39,False
4962,15797725211,40,2,4,0,3,0,11,11,39,False
4088,13670356740,18,1,4,0,1,48,43,43,43,True
8902,16630722126,25,22,4,0,0,18,6,6,1,False
8721,16630722126,37,5,1,0,3,44,47,47,19,False
2850,18991311567,42,35,4,0,0,15,16,16,19,False
4435,15079495784,14,2,4,0,0,12,40,40,19,False
7800,13943039298,18,3,4,0,2,8,15,15,39,False
8457,15167050060,23,8,3,0,2,30,36,36,39,False
5060,18053307086,37,8,2,0,0,23,32,32,39,False
4506,15079495784,35,68,4,0,0,26,14,14,9,False
2279,17713196465,23,9,4,0,2,29,33,33,24,False
728,15260233525,23,1,4,0,1,3,0,0,39,False
12162,18765816132,26,12,4,0,3,10,5,5,39,False
11153,18636055184,20,3,4,0,2,24,1,1,8,False
8126,15165929133,43,7,3,0,2,18,27,27,39,False
11028,18636055184,45,3,4,0,3,40,11,11,1,False
6725,19881266563,47,39,4,0,3,9,16,16,39,False
1252,15661502139,48,14,4,0,2,13,33,33,39,False
7909,13943039298,27,0,4,0,1,47,31,31,20,False
7938,13943039298,6,7,4,0,3,17,26,26,39,False
11890,18765816132,5,3,1,0,2,30,31,31,1,False
3628,13130819298,9,6,2,0,0,30,44,44,39,False
545,13932780308,44,30,4,0,3,5,6,6,20,False
10025,17527328008,45,3,4,0,0,38,33,33,39,False
12924,19550593600,36,3,4,0,0,38,47,47,39,False
9104,16726368276,27,7,1,0,1,3,9,9,9,True
13199,19834840803,10,4,4,0,3,33,47,47,39,False
3134,19831701219,17,1,4,0,3,30,46,46,20,False
6209,19852999776,33,13,4,0,1,38,37,37,8,False
12057,18765816132,21,18,4,0,3,46,48,48,19,False
7447,13630678332,17,7,1,0,3,17,39,39,39,True
5299,18053307086,26,26,4,0,1,37,30,30,9,False
3026,19831701219,9,38,4,0,2,2,9,9,9,True
4193,13670356740,23,6,4,0,2,9,33,33,39,False
6110,19852999776,34,2,2,0,2,22,32,32,39,False
5517,18702113651,43,0,4,0,1,3,31,31,39,False
7817,13943039298,35,6,4,0,2,2,15,15,9,False
6785,13074255915,6,17,2,0,3,17,6,6,20,False
13369,19859608897,29,3,2,0,0,25,18,18,9,False
4767,15797725211,45,9,3,0,1,36,0,0,9,False
5979,18802233956,4,15,4,0,1,15,14,14,9,False
3091,19831701219,24,6,4,0,0,20,13,13,9,False
5371,18702113651,48,0,1,0,0,44,23,23,20,False
3026,19831701219,9,17,4,0,2,32,9,9,1,False
13204,19834840803,15,14,4,0,1,15,8,8,9,False
6232,19852999776,6,14,4,0,0,17,19,19,19,True
10712,18365196069,30,14,4,0,2,5,12,12,39,False
3684,13130819298,15,3,3,0,2,22,43,43,39,False
6678,19881266563,1,50,4,0,2,8,31,31,39,False
12115,18765816132,29,8,4,0,1,34,20,20,9,False
4745,15797725211,23,2,3,0,0,17,0,0,0,True
4208,13670356740,38,16,4,0,1,17,16,16,39,False
12115,18765816132,29,1,4,0,0,24,20,20,9,False
5923,18802233956,48,14,4,0,3,29,30,30,39,False
5977,18802233956,2,25,4,0,2,39,46,46,39,False
4764,15797725211,42,12,3,0,1,15,14,14,0,False
13411,19859608897,21,0,3,0,0,46,31,31,20,False
1465,15735414945,11,54,4,0,0,29,9,9,19,False
10002,17527328008,22,1,4,0,2,9,12,12,24,False
12543,18989781863,6,4,4,0,1,24,30,30,9,False
1767,17623708813,12,37,4,0,3,25,27,27,39,False
1667,17623708813,12,1,2,0,0,22,21,21,20,False
7305,13401917913,25,4,4,0,2,32,33,33,39,False
9597,17331496902,18,1,4,0,2,7,16,16,39,False
11683,18758415613,48,6,3,0,3,4,12,12,24,False
4136,13670356740,16,8,4,0,1,2,15,15,0,False
7486,13630678332,5,7,2,0,3,2,16,16,39,False
8539,15167050060,5,19,4,0,0,7,0,0,9,False
10029,17527328008,49,153,4,0,2,8,1,1,1,True
7901,13943039298,19,3,4,0,2,39,2,2,24,False
6313,19852999776,37,3,4,0,2,19,47,47,39,False
8871,16630722126,44,7,3,0,0,25,4,4,13,False
1372,15735414945,17,6,3,0,2,28,40,40,39,False
1212,15661502139,8,16,4,0,1,37,16,16,9,False
3073,19831701219,6,5,4,0,2,40,36,36,0,False
3321,19970957519,3,2,3,0,2,8,16,16,39,False
8321,15165929133,38,14,4,0,1,34,2,2,0,False
12143,18765816132,7,14,4,0,1,11,15,15,39,False
8679,15167050060,45,20,4,0,3,36,44,44,9,False
3863,13130819298,44,50,4,0,0,22,17,17,20,False
6542,19881266563,15,39,4,0,3,2,10,10,39,False
6456,19881266563,29,2,2,0,2,16,36,36,24,False
3448,19970957519,30,18,4,0,0,19,3,3,1,False
13197,19834840803,8,22,4,0,3,29,0,0,9,False
14098,19948700293,26,5,4,0,1,24,9,9,9,True
2626,17807329663,19,4,4,0,0,31,2,2,9,False
7410,13401917913,30,1,4,0,2,20,15,15,15,True
106,13513580369,6,8,3,0,1,30,24,24,1,False
12148,18765816132,12,12,4,0,0,16,2,2,8,False
8165,15165929133,32,7,4,0,0,16,18,18,24,False
9769,17331496902,40,0,4,0,1,46,43,43,8,False
1809,17623708813,4,11,4,0,3,30,47,47,39,False
1844,17623708813,11,22,4,0,3,36,26,26,19,False
4620,15079495784,49,11,4,0,1,31,17,17,9,False
9465,17331496902,37,4,1,0,0,41,20,20,20,True
3835,13130819298,16,1,4,0,1,34,14,14,8,False
993,15661502139,37,8,2,0,3,28,0,0,24,False
11866,18758415613,31,2,4,0,1,45,43,43,20,False
7071,13074255915,42,15,4,0,2,31,44,44,9,False
5623,18702113651,49,1,4,0,1,19,32,32,39,False
5495,18702113651,21,24,4,0,1,13,34,34,39,False
3056,19831701219,39,2,4,0,2,9,32,32,39,False
3024,19831701219,7,6,4,0,3,25,14,14,8,False
2156,17713196465,50,16,4,0,2,17,33,33,39,False
11460,18664891854,26,3,4,0,1,15,1,1,9,False
1772,17623708813,17,2,4,0,3,10,20,20,20,True
1430,15735414945,25,12,4,0,1,19,25,25,39,False
13069,19834840803,30,7,3,0,2,4,8,8,24,False
10910,18636055184,27,6,2,0,3,17,31,31,39,False
3495,19970957519,27,12,4,0,3,15,2,2,19,False
9239,16726368276,11,0,4,0,3,24,48,48,9,False
12777,19550593600,36,16,4,0,2,33,27,27,13,False
11754,18758415613,19,12,4,0,2,30,34,34,39,False
13388,19859608897,48,5,2,0,3,4,19,19,39,False
4967,15797725211,45,1,4,0,0,7,3,3,19,False
7405,13401917913,25,12,4,0,2,26,34,34,39,False
12257,18989781863,21,19,1,0,1,33,19,19,9,False
7775,13943039298,43,4,3,0,1,37,15,15,1,False
3786,13130819298,17,11,4,0,3,28,29,29,39,False
10227,17731093916,46,3,2,0,1,41,13,13,1,False
13948,19948700293,42,4,4,0,2,25,39,39,24,False
4033,13670356740,13,3,3,0,3,31,2,2,24,False
4391,15079495784,20,1,3,0,3,14,10,10,1,False
13559,19859608897,19,3,4,0,2,15,37,37,39,False
7482,13630678332,1,10,2,0,0,23,16,16,24,False
5841,18802233956,16,4,4,0,2,19,26,26,39,False
3888,13130819298,19,15,4,0,3,28,16,16,19,False
12763,19550593600,22,12,4,0,0,17,2,2,9,False
11786,18758415613,1,12,4,0,1,11,9,9,9,True
1261,15735414945,7,58,1,0,1,27,19,19,0,False
11301,18664891854,17,15,3,0,2,39,48,48,39,False
8634,15167050060,50,13,4,0,0,31,14,14,9,False
1845,17623708813,12,5,4,0,0,15,18,18,19,False
2550,17807329663,43,5,4,0,0,26,10,10,1,False
6839,13074255915,10,10,3,0,0,23,5,5,19,False
4795,15797725211,23,19,4,0,0,42,46,46,19,False
8412,15167050060,28,2,2,0,1,37,42,42,0,False
11425,18664891854,41,19,4,0,1,15,8,8,9,False
1797,17623708813,42,210,4,0,0,33,10,10,9,False
3467,19970957519,49,10,4,0,0,23,25,25,39,False
9973,17527328008,43,12,4,0,2,33,39,39,39,True
10653,18365196069,21,8,4,0,0,18,1,1,9,False
8716,16630722126,32,4,1,0,3,8,48,48,39,False
12337,18989781863,50,9,2,0,3,46,48,48,20,False
6710,19881266563,32,7,4,0,1,30,0,0,1,False
5280,18053307086,7,9,4,0,2,16,15,15,24,False
1581,15735414945,27,0,4,0,2,3,7,7,39,False
14075,19948700293,3,1,4,0,2,12,39,39,39,True
9157,16726368276,29,1,2,0,0,19,29,29,20,False
1983,17713196465,28,3,1,0,0,25,2,2,9,False
4928,15797725211,6,12,4,0,0,30,17,17,20,False
13511,19859608897,21,2,4,0,0,23,12,12,19,False
6081,19852999776,5,22,2,0,0,7,0,0,9,False
5400,18702113651,26,8,2,0,1,44,43,43,9,False
8531,15167050060,47,11,4,0,2,0,4,4,39,False
7773,13943039298,41,5,3,0,2,15,16,16,39,False
7459,13630678332,29,5,1,0,1,23,8,8,0,False
8856,16630722126,29,1,3,0,3,39,24,24,24,True
2484,17807329663,27,26,4,0,2,10,17,17,39,False
3241,19970957519,24,5,1,0,0,8,1,1,1,True
1463,15735414945,9,9,4,0,0,32,9,9,1,False
13217,19834840803,28,15,4,0,0,29,2,2,19,False
6090,19852999776,14,0,2,0,3,37,17,17,13,False
11666,18758415613,31,17,3,0,3,0,1,1,24,False
4619,15079495784,48,25,4,0,2,17,24,24,24,True
5674,18702113651,50,2,4,0,0,44,41,41,19,False
7771,13943039298,39,1,3,0,1,8,34,34,39,False
1143,15661502139,37,1,4,0,0,39,21,21,9,False
13239,19834840803,50,3,4,0,0,40,33,33,12,False
9465,17331496902,37,1,1,0,0,46,20,20,20,True
1281,15735414945,27,4,1,0,3,11,25,25,39,False
3805,13130819298,36,5,4,0,1,25,37,37,39,False
1763,17623708813,8,12,4,0,2,14,21,21,39,False
3910,13130819298,41,14,4,0,1,25,8,8,24,False
3096,19831701219,29,18,4,0,3,17,39,39,39,True
1233,15661502139,29,11,4,0,1,11,18,18,39,False
10283,17731093916,2,2,4,0,2,3,20,20,39,False
11835,18758415613,50,1,4,0,0,39,23,23,8,False
1898,17623708813,43,14,4,0,3,3,18,18,39,False
7271,13401917913,41,0,4,0,2,13,40,40,39,False
8485,15167050060,1,17,4,0,1,41,40,40,24,False
3750,13130819298,31,3,4,0,3,9,12,12,12,True
813,15260233525,8,9,4,0,1,11,16,16,9,False
5862,18802233956,37,6,4,0,3,18,19,19,9,False
2580,17807329663,23,7,4,0,0,13,5,5,8,False
655,15260233525,2,6,3,0,1,17,24,24,1,False
6048,19852999776,23,7,1,0,1,29,36,36,39,False
13103,19834840803,14,9,4,0,0,16,1,1,8,False
11393,18664891854,9,11,4,0,3,30,11,11,1,False
11593,18758415613,8,3,2,0,3,17,6,6,20,False
5246,18053307086,23,3,4,0,0,30,39,39,39,True
8515,15167050060,31,4,4,0,2,18,24,24,39,False
2266,17713196465,10,1,4,0,0,46,23,23,8,False
13788,19948700293,47,2,3,0,3,7,8,8,39,False
10613,18365196069,31,3,3,0,0,18,12,12,1,False
7970,13943039298,38,8,4,0,0,34,20,20,9,False
6253,19852999776,27,9,4,0,3,32,8,8,1,False
12140,18765816132,4,17,4,0,3,47,26,26,13,False
4966,15797725211,44,65,4,0,0,14,41,41,39,False
3251,19970957519,34,1,1,0,2,8,36,36,39,False
197,13513580369,47,6,4,0,1,38,1,1,0,False
4506,15079495784,35,2,4,0,3,39,14,14,9,False
9269,16726368276,41,15,4,0,3,36,15,15,9,False
8631,15167050060,47,17,4,0,3,31,39,39,9,False
2473,17807329663,16,25,4,0,1,25,39,39,24,False
12458,18989781863,21,6,4,0,0,31,24,24,9,False
13909,19948700293,3,20,4,0,1,32,39,39,39,True
5694,18802233956,20,6,1,0,3,2,18,18,39,False
6136,19852999776,10,2,3,0,2,12,40,40,39,False
8212,15165929133,29,66,4,0,0,33,20,20,9,False
11966,18765816132,30,5,2,0,1,41,47,47,39,False
2089,17713196465,33,0,3,0,1,12,15,15,9,False
11121,18636055184,38,0,4,0,0,43,7,7,9,False
4263,13670356740,43,0,4,0,0,28,25,25,39,False
13948,19948700293,42,11,4,0,1,40,39,39,1,False
7043,13074255915,14,23,4,0,1,26,40,40,39,False
1140,15661502139,34,18,4,0,3,23,37,37,39,False
3289,19970957519,21,7,2,0,1,9,0,0,1,False
11356,18664891854,22,9,4,0,0,44,31,31,20,False
12502,18989781863,15,7,4,0,1,32,41,41,39,False
10928,18636055184,45,4,2,0,0,32,27,27,20,False
10550,18365196069,18,10,2,0,3,33,48,48,39,False
4211,13670356740,41,14,4,0,3,37,34,34,19,False
13610,19859608897,20,9,4,0,1,9,1,1,1,True
9477,17331496902,49,0,1,0,0,43,45,45,13,False
9445,17331496902,17,5,1,0,3,40,33,33,20,False
314,13513580369,14,6,4,0,3,28,10,10,19,False
9138,16726368276,10,4,2,0,2,10,6,6,39,False
2640,17807329663,33,20,4,0,3,36,46,46,39,False
2511,17807329663,4,3,4,0,3,9,47,47,24,False
4922,15797725211,50,8,4,0,0,9,19,19,39,False
3799,13130819298,30,6,4,0,0,32,3,3,1,False
11388,18664891854,4,0,4,0,3,10,5,5,39,False
3125,19831701219,8,20,4,0,1,38,16,16,9,False
7876,13943039298,44,18,4,0,0,13,6,6,39,False
4634,15797725211,13,3,1,0,3,10,33,33,39,False
6215,19852999776,39,26,4,0,2,26,31,31,24,False
4082,13670356740,12,1,4,0,1,46,42,42,8,False
4594,15079495784,23,2,4,0,3,23,19,19,19,True
12536,18989781863,49,3,4,0,1,23,1,1,0,False
5581,18702113651,7,2,4,0,3,28,2,2,9,False
2223,17713196465,17,0,4,0,2,12,46,46,39,False
4900,15797725211,28,9,4,0,1,25,39,39,24,False
10049,17527328008,19,11,4,0,0,27,20,20,0,False
1110,15661502139,4,1,4,0,0,18,5,5,9,False
9081,16726368276,4,0,1,0,2,5,34,34,47,False
1791,17623708813,36,50,4,0,2,36,2,2,9,False
7322,13401917913,42,15,4,0,2,4,10,10,24,False
2204,17713196465,48,27,4,0,1,40,39,39,39,True
5162,18053307086,39,1,4,0,3,9,26,26,39,False
9859,17527328008,29,4,2,0,2,4,29,29,24,False
5977,18802233956,2,9,4,0,2,5,46,46,39,False
10879,18636055184,47,5,1,0,3,32,39,39,39,True
4251,13670356740,31,8,4,0,1,4,14,14,15,False
3876,13130819298,7,4,4,0,0,24,14,14,9,False
8139,15165929133,6,43,4,0,2,33,39,39,39,True
12055,18765816132,19,1,4,0,2,9,17,17,1,False
3010,19831701219,43,0,3,0,3,43,25,25,13,False
7057,13074255915,28,2,4,0,2,13,20,20,39,False
12956,19834840803,18,1,1,0,3,17,39,39,39,True
2638,17807329663,31,0,4,0,1,41,15,15,8,False
1096,15661502139,40,6,4,0,1,23,8,8,8,True
1983,17713196465,28,4,1,0,1,18,2,2,9,False
6401,19881266563,25,8,1,0,0,7,0,0,9,False
11024,18636055184,41,5,4,0,1,12,8,8,20,False
4650,15797725211,29,3,1,0,3,26,10,10,1,False
6669,19881266563,42,7,4,0,1,32,23,23,0,False
7115,13401917913,36,2,1,0,3,14,46,46,39,False
5166,18053307086,43,1,4,0,0,25,24,24,8,False
161,13513580369,11,3,4,0,1,11,14,14,15,False
9046,16630722126,19,20,4,0,3,31,32,32,39,False
3061,19831701219,44,21,4,0,0,25,18,18,8,False
11636,18758415613,1,1,3,0,2,0,30,30,39,False
1756,17623708813,1,31,4,0,3,9,15,15,8,False
8419,15167050060,35,3,2,0,1,27,33,33,0,False
2412,17807329663,5,5,3,0,2,12,18,18,19,False
7372,13401917913,42,19,4,0,3,38,32,32,1,False
9425,16726368276,47,15,4,0,0,30,27,27,39,False
10477,17731093916,46,5,4,0,0,38,39,39,24,False
1987,17713196465,32,3,1,0,0,25,11,11,8,False
8880,16630722126,3,7,4,0,2,26,40,40,15,False
8661,15167050060,27,1,4,0,2,2,24,24,39,False
8708,16630722126,24,4,1,0,3,40,41,41,20,False
4653,15797725211,32,6,1,0,0,29,7,7,13,False
9398,16726368276,20,11,4,0,3,3,19,19,39,False
1796,17623708813,41,173,4,0,0,17,0,0,0,True
2493,17807329663,36,29,4,0,1,40,47,47,39,False
2812,18991311567,4,11,4,0,2,1,3,3,9,False
9064,16630722126,37,2,4,0,2,19,17,17,20,False
10608,18365196069,26,10,3,0,0,20,19,19,9,False
8491,15167050060,7,3,4,0,2,19,17,17,20,False
10845,18636055184,13,3,1,0,1,34,13,13,1,False
11153,18636055184,20,26,4,0,1,9,1,1,1,True
8461,15167050060,27,4,3,0,2,23,29,29,39,False
821,15260233525,16,5,4,0,3,29,23,23,39,False
13090,19834840803,1,20,4,0,2,33,39,39,39,True
8521,15167050060,37,5,4,0,3,10,11,11,39,False
1214,15661502139,10,14,4,0,2,31,30,30,9,False
5774,18802233956,49,5,2,0,3,16,9,9,24,False
1557,15735414945,3,24,4,0,0,18,23,23,9,False
122,13513580369,22,15,3,0,1,11,0,0,0,True
4225,13670356740,5,6,4,0,0,45,29,29,20,False
8964,16630722126,37,22,4,0,3,16,9,9,9,True
11709,18758415613,24,5,4,0,3,3,26,26,39,False
8530,15167050060,46,4,4,0,2,32,46,46,39,False
8882,16630722126,5,6,4,0,0,18,4,4,1,False
13257,19834840803,18,5,4,0,0,30,0,0,9,False
9823,17527328008,44,2,1,0,0,7,1,1,1,True
1858,17623708813,3,6,4,0,1,24,12,12,9,False
1414,15735414945,9,11,4,0,3,17,24,24,39,False
13032,19834840803,43,8,2,0,0,14,0,0,1,False
8113,15165929133,30,2,3,0,0,7,2,2,9,False
3057,19831701219,40,30,4,0,2,18,34,34,39,False
9876,17527328008,46,4,2,0,2,10,47,47,39,False
2688,18991311567,31,12,1,0,1,9,1,1,1,True
3799,13130819298,30,13,4,0,1,18,3,3,9,False
6307,19852999776,31,15,4,0,3,11,26,26,39,False
3515,19970957519,47,1,4,0,3,4,32,32,39,False
12209,18765816132,23,9,4,0,1,29,15,15,13,False
8373,15167050060,40,3,1,0,2,18,20,20,39,False
6595,19881266563,18,11,4,0,0,13,20,20,39,False
5113,18053307086,40,0,3,0,0,7,10,10,39,False
10478,17731093916,47,6,4,0,0,27,20,20,9,False
10762,18365196069,30,3,4,0,3,46,40,40,19,False
12490,18989781863,3,1,4,0,1,26,40,40,9,False
14108,19948700293,36,1,4,0,2,32,47,47,39,False
10810,18365196069,28,3,4,0,3,14,23,23,39,False
2400,17807329663,43,0,2,0,3,8,27,27,39,False
2485,17807329663,28,0,4,0,1,7,32,32,39,False
6657,19881266563,30,9,4,0,0,46,12,12,20,False
4775,15797725211,3,5,4,0,1,18,37,37,9,False
5236,18053307086,13,16,4,0,3,5,6,6,39,False
13200,19834840803,11,0,4,0,2,24,30,30,14,False
370,13932780308,20,0,1,0,2,20,17,17,15,False
9193,16726368276,15,1,3,0,1,9,45,45,39,False
53,13513580369,3,3,2,0,0,38,17,17,1,False
2222,17713196465,16,2,4,0,0,34,22,22,8,False
8578,15167050060,44,10,4,0,0,30,3,3,8,False
6687,19881266563,9,11,4,0,3,18,11,11,9,False
9459,17331496902,31,9,1,0,2,41,40,40,0,False
621,15260233525,18,1,2,0,3,43,42,42,1,False
10392,17731093916,11,19,4,0,3,45,48,48,19,False
8131,15165929133,48,5,3,0,0,18,4,4,1,False
12564,18989781863,27,0,4,0,0,38,41,41,39,False
4910,15797725211,38,3,4,0,0,21,41,41,24,False
5930,18802233956,5,4,4,0,0,15,10,10,24,False
1600,15735414945,46,2,4,0,2,25,39,39,24,False
7463,13630678332,33,12,1,0,0,38,46,46,24,False
7998,15165929133,16,28,1,0,2,11,39,39,39,True
12452,18989781863,15,8,4,0,1,18,8,8,9,False
10006,17527328008,26,23,4,0,0,23,14,14,8,False
10380,17731093916,49,10,4,0,1,41,47,47,39,False
10666,18365196069,34,5,4,0,1,27,40,40,14,False
1549,15735414945,45,6,4,0,1,18,9,9,9,True
3013,19831701219,46,6,3,0,1,36,17,17,9,False
8476,15167050060,42,5,3,0,2,25,40,40,39,False
2608,17807329663,1,8,4,0,2,16,31,31,24,False
12127,18765816132,41,16,4,0,1,15,0,0,0,True
2227,17713196465,21,0,4,0,1,34,15,15,8,False
3013,19831701219,46,9,3,0,0,29,17,17,19,False
3883,13130819298,14,7,4,0,3,22,25,25,39,False
13475,19859608897,35,0,4,0,2,12,21,21,15,False
6951,13074255915,22,14,4,0,1,15,9,9,9,True
4265,13670356740,45,7,4,0,2,28,32,32,39,False
1297,15735414945,43,0,1,0,0,23,7,7,24,False
5975,18802233956,50,19,4,0,0,30,31,31,39,False
1287,15735414945,33,1,1,0,2,15,39,39,39,True
4492,15079495784,21,1,4,0,1,10,0,0,39,False
12874,19550593600,36,10,4,0,2,13,20,20,39,False
1991,17713196465,36,5,1,0,2,7,19,19,39,False
3197,19831701219,30,9,4,0,0,27,12,12,1,False
1853,17623708813,20,7,4,0,1,39,36,36,0,False
3862,13130819298,43,7,4,0,1,38,14,14,0,False
11973,18765816132,37,8,2,0,3,26,19,19,19,True
4924,15797725211,2,7,4,0,2,25,40,40,39,False
5941,18802233956,16,4,4,0,3,18,36,36,9,False
8990,16630722126,13,1,4,0,0,16,8,8,8,True
5983,18802233956,8,5,4,0,2,20,14,14,9,False
12478,18989781863,41,4,4,0,1,16,1,1,8,False
5818,18802233956,43,7,3,0,0,33,14,14,0,False
6751,13074255915,23,2,1,0,0,9,10,10,1,False
4263,13670356740,43,15,4,0,1,19,25,25,39,False
6737,13074255915,9,1,1,0,1,33,20,20,9,False
8288,15165929133,5,0,4,0,1,36,0,0,9,False
9736,17331496902,7,3,4,0,1,33,17,17,9,False
12582,18989781863,45,5,4,0,3,23,40,40,39,False
11397,18664891854,13,35,4,0,0,10,2,2,8,False
821,15260233525,16,2,4,0,3,14,23,23,39,False
9006,16630722126,29,4,4,0,1,47,41,41,13,False
8412,15167050060,28,4,2,0,2,35,42,42,9,False
12973,19834840803,35,3,1,0,2,4,11,11,24,False
1098,15661502139,42,29,4,0,1,13,41,41,39,False
4755,15797725211,33,4,3,0,2,22,35,35,39,False
12910,19550593600,22,5,4,0,1,5,17,17,39,False
14041,19948700293,19,17,4,0,0,22,15,15,0,False
4081,13670356740,11,2,4,0,0,25,2,2,9,False
3062,19831701219,45,2,4,0,2,22,39,39,39,True
5186,18053307086,13,9,4,0,0,26,13,13,9,False
2100,17713196465,44,14,3,0,3,32,14,14,1,False
1774,17623708813,19,42,4,0,1,24,6,6,24,False
4186,13670356740,16,13,4,0,2,11,18,18,39,False
6046,19852999776,21,5,1,0,1,26,3,3,1,False
1098,15661502139,42,53,4,0,1,17,41,41,39,False
4350,15079495784,29,0,2,0,1,29,36,36,13,False
12763,19550593600,22,7,4,0,1,18,2,2,9,False
7557,13630678332,26,2,3,0,2,30,40,40,8,False
1130,15661502139,24,5,4,0,1,31,15,15,9,False
5262,18053307086,39,35,4,0,2,36,45,45,39,False
4023,13670356740,3,3,3,0,1,34,15,15,0,False
93,13513580369,43,5,2,0,3,29,39,39,39,True
2048,17713196465,42,1,2,0,0,25,5,5,19,False
1105,15661502139,49,2,4,0,0,18,16,16,9,False
12089,18765816132,3,3,4,0,3,1,8,8,24,False
8631,15167050060,47,14,4,0,1,32,39,39,0,False
5345,18702113651,22,0,1,0,0,25,8,8,9,False
2176,17713196465,20,38,4,0,1,38,8,8,0,False
4598,15079495784,27,0,4,0,2,10,25,25,39,False
11983,18765816132,47,3,2,0,1,34,13,13,1,False
13161,19834840803,22,8,4,0,1,25,23,23,0,False
3701,13130819298,32,14,3,0,2,16,27,27,19,False
3098,19831701219,31,13,4,0,2,11,18,18,39,False
5467,18702113651,43,10,3,0,2,18,17,17,9,False
3306,19970957519,38,5,2,0,3,31,17,17,24,False
7867,13943039298,35,1,4,0,1,26,15,15,9,False
1791,17623708813,36,35,4,0,1,31,2,2,9,False
13538,19859608897,48,0,4,0,0,41,27,27,8,False
5335,18702113651,12,2,1,0,2,14,21,21,39,False
4095,13670356740,25,10,4,0,3,21,36,36,39,False
1103,15661502139,47,9,4,0,3,18,8,8,9,False
3956,13670356740,37,0,1,0,0,46,6,6,19,False
2047,17713196465,41,0,2,0,0,40,5,5,20,False
3076,19831701219,9,2,4,0,1,26,19,19,9,False
9018,16630722126,41,9,4,0,1,12,34,34,20,False
11452,18664891854,18,6,4,0,2,21,39,39,39,True
6104,19852999776,28,2,2,0,0,19,9,9,0,False
1765,17623708813,10,116,4,0,0,23,13,13,19,False
9256,16726368276,28,3,4,0,3,10,12,12,39,False
11152,18636055184,19,0,4,0,0,46,10,10,13,False
11117,18636055184,34,15,4,0,1,31,47,47,24,False
9453,17331496902,25,8,1,0,1,8,1,1,10,False
10936,18636055184,3,11,3,0,3,21,14,14,19,False
9517,17331496902,38,6,2,0,0,30,0,0,0,True
8956,16630722126,29,9,4,0,3,32,40,40,39,False
2296,17713196465,40,6,4,0,3,8,10,10,1,False
3156,19831701219,39,5,4,0,2,25,0,0,9,False
4495,15079495784,24,48,4,0,0,19,5,5,9,False
3773,13130819298,4,14,4,0,3,17,39,39,39,True
1213,15661502139,9,3,4,0,2,19,20,20,20,True
1573,15735414945,19,8,4,0,2,32,16,16,1,False
1449,15735414945,44,22,4,0,2,38,40,40,24,False
1812,17623708813,7,6,4,0,1,26,9,9,9,True
7514,13630678332,33,10,2,0,0,31,24,24,9,False
10429,17731093916,48,11,4,0,3,40,25,25,8,False
6654,19881266563,27,11,4,0,0,29,8,8,19,False
1089,15661502139,33,12,4,0,0,32,9,9,1,False
7789,13943039298,7,0,4,0,2,2,12,12,39,False
12765,19550593600,24,1,4,0,2,32,40,40,39,False
6077,19852999776,1,0,2,0,0,23,0,0,8,False
11319,18664891854,35,6,3,0,3,17,38,38,39,False
3568,19970957519,50,8,4,0,3,39,41,41,19,False
3410,19970957519,42,39,4,0,2,26,24,24,24,True
5813,18802233956,38,7,3,0,0,23,32,32,39,False
6669,19881266563,42,14,4,0,1,38,23,23,0,False
13893,19948700293,37,9,4,0,1,8,0,0,0,True
5121,18053307086,48,8,3,0,2,10,17,17,39,False
4583,15079495784,12,1,4,0,2,14,46,46,39,False
7006,13074255915,27,35,4,0,1,47,40,40,20,False
14048,19948700293,26,0,4,0,0,41,26,26,8,False
5208,18053307086,35,19,4,0,2,11,41,41,39,False
5425,18702113651,1,9,3,0,0,29,22,22,19,False
10245,17731093916,14,6,3,0,0,44,42,42,0,False
5235,18053307086,12,7,4,0,2,40,47,47,39,False
5585,18702113651,11,7,4,0,0,25,3,3,9,False
6394,19881266563,18,1,1,0,1,38,7,7,0,False
4044,13670356740,24,5,3,0,2,16,26,26,39,False
8484,15167050060,50,2,3,0,1,22,14,14,0,False
12058,18765816132,22,0,4,0,2,17,24,24,39,False
8415,15167050060,31,5,2,0,3,40,33,33,39,False
3944,13670356740,25,3,1,0,0,35,9,9,13,False
5832,18802233956,7,2,4,0,1,26,12,12,9,False
2763,18991311567,5,5,3,0,2,23,37,37,39,False
876,15260233525,21,24,4,0,2,18,25,25,24,False
57,13513580369,7,3,2,0,0,23,45,45,39,False
9847,17527328008,17,3,2,0,0,18,19,19,39,False
217,13513580369,17,6,4,0,2,19,33,33,39,False
10740,18365196069,8,2,4,0,0,11,8,8,9,False
1810,17623708813,5,70,4,0,1,19,33,33,39,False
7245,13401917913,15,0,4,0,2,4,9,9,24,False
521,13932780308,20,22,4,0,2,18,33,33,39,False
1796,17623708813,41,153,4,0,0,16,0,0,8,False
13386,19859608897,46,5,2,0,0,17,19,19,39,False
6225,19852999776,49,0,4,0,3,17,8,8,9,False
11357,18664891854,23,2,4,0,1,19,22,22,20,False
7931,13943039298,49,19,4,0,3,39,5,5,19,False
4557,15079495784,36,4,4,0,3,12,39,39,39,True
2500,17807329663,43,8,4,0,0,31,17,17,9,False
1865,17623708813,10,3,4,0,0,33,26,26,13,False
3142,19831701219,25,5,4,0,3,37,10,10,9,False
5719,18802233956,45,3,1,0,2,3,44,44,39,False
10262,17731093916,31,4,3,0,1,45,17,17,20,False
3495,19970957519,27,3,4,0,1,37,2,2,9,False
5010,18053307086,38,10,1,0,0,14,7,7,1,False
1856,17623708813,1,19,4,0,1,23,31,31,24,False
4140,13670356740,20,26,4,0,0,9,23,23,39,False
1075,15661502139,19,1,4,0,0,45,29,29,20,False
6905,13074255915,26,0,4,0,1,11,14,14,39,False
1425,15735414945,20,10,4,0,1,19,25,25,39,False
1165,15661502139,11,7,4,0,2,16,7,7,9,False
7979,13943039298,47,0,4,0,3,7,28,28,39,False
12573,18989781863,36,1,4,0,2,7,28,28,39,False
1569,15735414945,15,13,4,0,3,31,3,3,1,False
9869,17527328008,39,3,2,0,0,21,1,1,19,False
9068,16630722126,41,0,4,0,1,15,11,11,39,False
1914,17623708813,9,11,4,0,1,11,10,10,0,False
9484,17331496902,5,6,2,0,0,22,15,15,0,False
2149,17713196465,43,5,4,0,1,31,21,21,9,False
5243,18053307086,20,3,4,0,1,27,5,5,9,False
6261,19852999776,35,5,4,0,1,26,10,10,1,False
10514,18365196069,33,8,1,0,0,30,8,8,1,False
1108,15661502139,2,9,4,0,0,32,11,11,10,False
1947,17623708813,42,7,4,0,2,16,9,9,24,False
10201,17731093916,20,2,2,0,1,32,40,40,20,False
9895,17527328008,15,4,3,0,2,10,45,45,39,False
6531,19881266563,4,18,4,0,1,19,33,33,39,False
10788,18365196069,6,12,4,0,3,17,19,19,39,False
6244,19852999776,18,27,4,0,2,16,1,1,9,False
4848,15797725211,26,38,4,0,3,3,13,13,39,False
6874,13074255915,45,3,3,0,1,4,21,21,24,False
4292,15079495784,22,23,1,0,3,25,39,39,24,False
11448,18664891854,14,4,4,0,1,12,11,11,20,False
14119,19948700293,47,7,4,0,1,17,9,9,0,False
1248,15661502139,44,2,4,0,3,22,41,41,39,False
1776,17623708813,21,15,4,0,1,15,14,14,9,False
10221,17731093916,40,4,2,0,1,27,26,26,0,False
13125,19834840803,36,15,4,0,1,22,8,8,0,False
8348,15167050060,15,1,1,0,2,15,36,36,39,False
3655,13130819298,36,6,2,0,1,19,47,47,9,False
10832,18365196069,50,11,4,0,3,16,8,8,24,False
6937,13074255915,8,3,4,0,2,24,15,15,9,False
4500,15079495784,29,11,4,0,2,31,15,15,9,False
5835,18802233956,10,20,4,0,3,36,39,39,39,True
11270,18664891854,36,2,2,0,2,19,34,34,20,False
1465,15735414945,11,15,4,0,0,25,9,9,9,True
13004,19834840803,15,9,2,0,3,22,28,28,39,False
4347,15079495784,26,4,2,0,2,22,36,36,39,False
8973,16630722126,46,5,4,0,1,18,8,8,9,False
8747,16630722126,12,3,2,0,3,40,32,32,39,False
4234,13670356740,14,21,4,0,1,12,11,11,0,False
7288,13401917913,8,8,4,0,0,34,18,18,0,False
2638,17807329663,31,9,4,0,1,25,15,15,9,False
3088,19831701219,21,23,4,0,0,26,2,2,1,False
8037,15165929133,4,3,2,0,2,3,32,32,39,False
1369,15735414945,14,12,3,0,0,19,2,2,1,False
6858,13074255915,29,6,3,0,0,41,33,33,20,False
9662,17331496902,33,12,4,0,0,32,27,27,20,False
548,13932780308,47,1,4,0,1,19,32,32,20,False
3863,13130819298,44,61,4,0,0,30,17,17,20,False
5149,18053307086,26,0,4,0,2,5,19,19,40,False
3091,19831701219,24,14,4,0,0,19,13,13,13,True
6596,19881266563,19,23,4,0,3,36,29,29,39,False
4630,15797725211,9,7,1,0,1,38,29,29,0,False
5305,18053307086,32,9,4,0,1,31,9,9,9,True
7237,13401917913,7,12,4,0,1,40,47,47,39,False
9783,17527328008,4,5,1,0,1,13,34,34,39,False
8946,16630722126,19,16,4,0,2,17,30,30,39,False
3188,19831701219,21,18,4,0,3,10,18,18,39,False
12193,18765816132,7,7,4,0,2,9,38,38,1,False
1093,15661502139,37,19,4,0,1,1,7,7,9,False
6241,19852999776,15,9,4,0,1,9,0,0,1,False
6189,19852999776,13,9,4,0,0,26,7,7,8,False
2319,17807329663,13,7,1,0,0,19,17,17,1,False
7804,13943039298,22,2,4,0,3,29,31,31,20,False
8321,15165929133,38,44,4,0,0,16,2,2,9,False
12397,18989781863,10,25,4,0,0,23,2,2,24,False
469,13932780308,18,6,3,0,3,25,40,40,24,False
8929,16630722126,2,5,4,0,3,9,22,22,39,False
99,13513580369,49,0,2,0,0,46,25,25,20,False
4883,15797725211,11,4,4,0,1,32,30,30,0,False
815,15260233525,10,3,4,0,2,37,30,30,9,False
7006,13074255915,27,19,4,0,1,33,40,40,15,False
2050,17713196465,44,7,2,0,3,3,5,5,39,False
12054,18765816132,18,5,4,0,1,16,0,0,9,False
8516,15167050060,32,3,4,0,2,41,48,48,39,False
4937,15797725211,15,14,4,0,2,29,36,36,24,False
1253,15661502139,49,46,4,0,0,18,14,14,9,False
4103,13670356740,33,9,4,0,2,19,26,26,39,False
9404,16726368276,26,0,4,0,2,14,36,36,39,False
4088,13670356740,18,4,4,0,1,40,43,43,39,False
5917,18802233956,42,5,4,0,2,9,16,16,39,False
10029,17527328008,49,65,4,0,2,21,1,1,1,True
8447,15167050060,13,6,3,0,2,34,40,40,39,False
11571,18758415613,37,2,1,0,2,25,41,41,19,False
5195,18053307086,22,20,4,0,1,9,1,1,1,True
1974,17713196465,19,5,1,0,3,28,29,29,39,False
10334,17731093916,3,3,4,0,3,17,12,12,19,False
4023,13670356740,3,11,3,0,1,38,15,15,0,False
1084,15661502139,28,0,4,0,1,18,14,14,9,False
11927,18765816132,42,2,1,0,2,18,47,47,39,False
2175,17713196465,19,16,4,0,0,15,39,39,39,True
8851,16630722126,24,4,3,0,3,39,31,31,24,False
1473,15735414945,19,9,4,0,0,35,21,21,9,False
3345,19970957519,27,20,3,0,0,25,16,16,8,False
11740,18758415613,5,0,4,0,2,1,22,22,9,False
4538,15079495784,17,14,4,0,3,4,12,12,24,False
3172,19831701219,5,1,4,0,2,11,15,15,15,True
13117,19834840803,28,5,4,0,0,11,9,9,0,False
7683,13943039298,1,10,2,0,0,29,14,14,13,False
11767,18758415613,32,7,4,0,3,40,20,20,11,False
3972,13670356740,2,6,2,0,1,12,3,3,9,False
10118,17527328008,38,2,4,0,0,23,9,9,1,False
12533,18989781863,46,8,4,0,2,7,15,15,39,False
7827,13943039298,45,20,4,0,2,24,39,39,24,False
83,13513580369,33,5,2,0,0,30,24,24,8,False
1813,17623708813,8,4,4,0,1,16,8,8,8,True
10730,18365196069,48,5,4,0,3,38,45,45,39,False
10955,18636055184,22,2,3,0,3,39,32,32,24,False
4148,13670356740,28,1,4,0,1,9,16,16,24,False
7787,13943039298,5,8,4,0,2,32,41,41,39,False
1088,15661502139,32,1,4,0,1,11,8,8,39,False
2266,17713196465,10,22,4,0,0,20,23,23,9,False
12778,19550593600,37,18,4,0,3,31,46,46,39,False
5242,18053307086,19,3,4,0,0,18,14,14,9,False
1528,15735414945,24,8,4,0,1,33,36,36,9,False
8356,15167050060,23,5,1,0,3,17,5,5,20,False
13984,19948700293,28,1,4,0,0,24,17,17,9,False
6464,19881266563,37,0,2,0,2,24,11,11,24,False
270,13513580369,20,4,4,0,0,26,5,5,9,False
11095,18636055184,12,18,4,0,1,26,41,41,40,False
1496,15735414945,42,5,4,0,2,15,19,19,24,False
1820,17623708813,15,8,4,0,0,13,10,10,0,False
3136,19831701219,19,15,4,0,0,18,6,6,9,False
3440,19970957519,22,11,4,0,3,23,24,24,39,False
4481,15079495784,10,19,4,0,1,3,0,0,0,True
3776,13130819298,7,66,4,0,0,31,24,24,9,False
3673,13130819298,4,0,3,0,3,14,11,11,19,False
11338,18664891854,4,12,4,0,2,10,9,9,8,False
12657,19550593600,14,5,2,0,2,5,12,12,39,False
10295,17731093916,14,1,4,0,2,11,19,19,20,False
2622,17807329663,15,9,4,0,0,35,1,1,9,False
1618,17623708813,14,8,1,0,2,22,32,32,39,False
8835,16630722126,8,3,3,0,1,33,25,25,9,False
13371,19859608897,31,3,2,0,3,45,38,38,20,False
2362,17807329663,5,6,2,0,1,11,9,9,0,False
4620,15079495784,49,33,4,0,3,12,17,17,9,False
2749,18991311567,41,10,2,0,0,10,15,15,39,False
7713,13943039298,31,16,2,0,0,22,8,8,0,False
8664,15167050060,30,8,4,0,1,25,24,24,39,False
6762,13074255915,34,7,1,0,0,18,12,12,1,False
13192,19834840803,3,11,4,0,2,3,16,16,39,False
12570,18989781863,33,9,4,0,3,39,27,27,19,False
9742,17331496902,13,5,4,0,1,18,8,8,9,False
1431,15735414945,26,3,4,0,3,10,12,12,39,False
3365,19970957519,47,7,3,0,3,36,38,38,20,False
1573,15735414945,19,36,4,0,0,36,16,16,9,False
4080,13670356740,10,18,4,0,2,23,25,25,39,False
8724,16630722126,40,4,1,0,1,26,33,33,43,False
13801,19948700293,10,10,4,0,3,37,38,38,39,False
6215,19852999776,39,4,4,0,2,22,31,31,39,False
5225,18053307086,2,11,4,0,1,26,6,6,9,False
3713,13130819298,44,0,3,0,2,15,43,43,39,False
13935,19948700293,29,2,4,0,0,17,1,1,0,False
219,13513580369,19,21,4,0,1,31,17,17,24,False
1855,17623708813,22,14,4,0,1,33,24,24,9,False
2326,17807329663,20,1,1,0,2,15,31,31,39,False
5140,18053307086,17,1,4,0,1,32,21,21,1,False
4470,15079495784,49,48,4,0,0,44,29,29,20,False
3787,13130819298,18,24,4,0,1,36,8,8,9,False
1715,17623708813,10,2,3,0,0,46,39,39,20,False
4454,15079495784,33,9,4,0,3,31,9,9,9,True
3468,19970957519,50,9,4,0,0,31,23,23,9,False
7732,13943039298,50,15,2,0,3,32,47,47,20,False
3732,13130819298,13,17,4,0,1,26,2,2,1,False
8248,15165929133,15,16,4,0,2,39,46,46,39,False
4865,15797725211,43,5,4,0,3,16,46,46,39,False
1807,17623708813,2,0,4,0,0,37,2,2,9,False
12031,18765816132,45,1,3,0,1,34,26,26,0,False
13109,19834840803,20,2,4,0,1,17,7,7,14,False
13795,19948700293,4,8,4,0,3,44,46,46,19,False
14098,19948700293,26,20,4,0,3,16,9,9,24,False
4132,13670356740,12,4,4,0,3,3,41,41,39,False
8757,16630722126,22,1,2,0,0,44,42,42,0,False
689,15260233525,36,20,3,0,0,30,20,20,1,False
8879,16630722126,2,12,4,0,3,30,46,46,39,False
12839,19550593600,1,32,4,0,0,22,14,14,1,False
10735,18365196069,3,9,4,0,3,11,13,13,19,False
13036,19834840803,47,1,2,0,0,46,3,3,8,False
7253,13401917913,23,50,4,0,0,11,13,13,8,False
7569,13630678332,38,2,3,0,3,12,26,26,20,False
4966,15797725211,44,89,4,0,2,22,41,41,39,False
1796,17623708813,41,74,4,0,3,15,0,0,0,True
5504,18702113651,30,43,4,0,2,8,24,24,39,False
10025,17527328008,45,0,4,0,3,30,33,33,39,False
3916,13130819298,47,13,4,0,1,30,31,31,39,False
5560,18702113651,36,3,4,0,3,8,16,16,39,False
1595,15735414945,41,17,4,0,1,24,8,8,9,False
12125,18765816132,39,12,4,0,0,11,5,5,9,False
9909,17527328008,29,3,3,0,3,40,33,33,20,False
1516,15735414945,12,27,4,0,1,15,7,7,9,False
991,15661502139,35,7,2,0,3,23,20,20,19,False
2504,17807329663,47,42,4,0,3,35,24,24,39,False
2283,17713196465,27,2,4,0,1,45,44,44,20,False
2222,17713196465,16,8,4,0,0,18,22,22,9,False
7368,13401917913,38,16,4,0,3,45,40,40,19,False
1858,17623708813,3,13,4,0,0,37,12,12,1,False
24,13513580369,25,10,1,0,1,38,23,23,0,False
8712,16630722126,28,8,1,0,2,5,20,20,20,True
8962,16630722126,35,8,4,0,0,40,8,8,1,False
13843,19948700293,37,0,3,0,1,6,10,10,0,False
4507,15079495784,36,31,4,0,3,8,2,2,39,False
742,15260233525,37,0,4,0,2,39,29,29,8,False
6216,19852999776,40,5,4,0,0,31,11,11,9,False
3773,13130819298,4,16,4,0,0,10,39,39,39,True
5867,18802233956,42,9,4,0,0,17,41,41,39,False
10059,17527328008,29,16,4,0,2,28,45,45,39,False
3591,13130819298,23,0,1,0,1,36,15,15,9,False
2515,17807329663,8,8,4,0,1,23,8,8,8,True
2245,17713196465,39,0,4,0,3,24,10,10,8,False
8891,16630722126,14,31,4,0,0,0,1,1,1,True
13130,19834840803,41,18,4,0,2,32,48,48,39,False
3775,13130819298,6,13,4,0,0,45,36,36,20,False
14008,19948700293,19,13,4,0,0,26,19,19,19,True
10854,18636055184,22,3,1,0,3,37,40,40,19,False
5900,18802233956,25,9,4,0,1,15,0,0,0,True
3822,13130819298,3,14,4,0,3,12,13,13,9,False
6233,19852999776,7,28,4,0,0,18,12,12,9,False
7867,13943039298,35,13,4,0,0,22,15,15,0,False
9027,16630722126,50,2,4,0,0,39,32,32,24,False
1504,15735414945,50,13,4,0,3,30,39,39,39,True
8053,15165929133,20,1,2,0,1,26,34,34,47,False
1537,15735414945,33,31,4,0,1,11,9,9,9,True
3771,13130819298,2,54,4,0,3,21,24,24,39,False
11131,18636055184,48,0,4,0,2,26,40,40,39,False
6272,19852999776,46,6,4,0,2,29,43,43,39,False
13963,19948700293,7,3,4,0,3,39,32,32,24,False
11700,18758415613,15,24,4,0,1,9,15,15,1,False
526,13932780308,25,5,4,0,0,32,18,18,10,False
199,13513580369,49,2,4,0,0,25,23,23,8,False
8566,15167050060,32,3,4,0,0,23,17,17,19,False
11978,18765816132,42,1,2,0,1,38,29,29,0,False
7495,13630678332,14,1,2,0,3,31,40,40,39,False
2173,17713196465,17,0,4,0,0,47,10,10,13,False
12186,18765816132,50,4,4,0,2,24,9,9,24,False
9783,17527328008,4,26,1,0,1,13,34,34,39,False
3254,19970957519,37,7,1,0,1,36,9,9,9,True
4857,15797725211,35,12,4,0,0,24,14,14,9,False
12880,19550593600,42,8,4,0,1,40,47,47,39,False
4998,18053307086,26,7,1,0,0,13,5,5,1,False
22,13513580369,23,3,1,0,0,15,12,12,24,False
8660,15167050060,26,0,4,0,0,33,9,9,9,True
2058,17713196465,2,8,3,0,1,19,20,20,20,True
2255,17713196465,49,22,4,0,1,46,45,45,9,False
1211,15661502139,7,3,4,0,2,32,38,38,0,False
7536,13630678332,5,7,3,0,3,36,1,1,1,True
1133,15661502139,27,14,4,0,3,32,18,18,2,False
13079,19834840803,40,4,3,0,1,5,15,15,20,False
4442,15079495784,21,18,4,0,2,26,31,31,24,False
11095,18636055184,12,22,4,0,2,33,41,41,39,False
564,15260233525,12,7,1,0,1,40,39,39,39,True
7899,13943039298,17,5,4,0,3,26,27,27,39,False
6592,19881266563,15,5,4,0,1,40,44,44,39,False
4247,13670356740,27,2,4,0,0,17,46,46,39,False
12529,18989781863,42,13,4,0,1,17,23,23,0,False
7006,13074255915,27,33,4,0,0,48,40,40,20,False
4547,15079495784,26,0,4,0,2,23,46,46,39,False
4862,15797725211,40,16,4,0,0,19,17,17,9,False
1681,17623708813,26,0,2,0,2,7,19,19,39,False
1561,15735414945,7,13,4,0,3,28,14,14,1,False
3624,13130819298,5,13,2,0,1,30,46,46,39,False
3950,13670356740,31,6,1,0,3,2,17,17,39,False
7287,13401917913,7,4,4,0,3,47,32,32,20,False
7113,13401917913,34,3,1,0,2,3,46,46,39,False
8485,15167050060,1,13,4,0,3,32,40,40,39,False
62,13513580369,12,8,2,0,3,28,1,1,1,True
3535,19970957519,17,2,4,0,0,9,19,19,39,False
3291,19970957519,23,7,2,0,1,26,0,0,1,False
11144,18636055184,11,20,4,0,0,24,3,3,9,False
968,15661502139,12,8,2,0,0,10,8,8,8,True
5157,18053307086,34,2,4,0,3,22,23,23,39,False
2138,17713196465,32,2,4,0,2,25,28,28,15,False
3811,13130819298,42,30,4,0,0,19,11,11,9,False
6250,19852999776,24,1,4,0,1,17,36,36,39,False
11837,18758415613,2,4,4,0,2,19,9,9,20,False
530,13932780308,29,7,4,0,1,29,47,47,39,False
10949,18636055184,16,2,3,0,2,3,19,19,39,False
12459,18989781863,22,7,4,0,3,15,45,45,39,False
12846,19550593600,8,15,4,0,1,17,15,15,0,False
6852,13074255915,23,5,3,0,2,13,41,41,39,False
12212,18765816132,26,0,4,0,1,34,26,26,9,False
10823,18365196069,41,5,4,0,0,18,6,6,1,False
140,13513580369,40,4,3,0,3,31,6,6,13,False
4930,15797725211,8,24,4,0,0,9,16,16,1,False
12920,19550593600,32,1,4,0,1,46,3,3,8,False
3319,19970957519,1,5,3,0,3,29,31,31,39,False
6045,19852999776,20,1,1,0,0,40,3,3,1,False
3811,13130819298,42,23,4,0,3,31,11,11,9,False
8408,15167050060,24,1,2,0,1,17,9,9,1,False
1052,15661502139,46,11,3,0,0,14,0,0,1,False
7023,13074255915,44,4,4,0,3,18,6,6,39,False
1796,17623708813,41,53,4,0,2,23,0,0,8,False
5287,18053307086,14,11,4,0,2,25,17,17,24,False
7097,13401917913,18,0,1,0,2,2,0,0,39,False
3434,19970957519,16,7,4,0,2,26,32,32,24,False
9841,17527328008,11,13,2,0,1,47,33,33,9,False
8194,15165929133,11,7,4,0,2,4,16,16,24,False
13483,19859608897,43,0,4,0,2,13,40,40,39,False
1497,15735414945,43,13,4,0,2,11,39,39,39,True
12978,19834840803,40,3,1,0,3,25,26,26,19,False
8287,15165929133,4,9,4,0,3,32,40,40,39,False
8914,16630722126,37,4,4,0,2,26,34,34,9,False
4963,15797725211,41,5,4,0,1,19,26,26,20,False
7198,13401917913,18,3,3,0,1,47,33,33,9,False
1951,17623708813,46,11,4,0,3,28,7,7,1,False
7421,13401917913,41,8,4,0,2,1,11,11,9,False
9457,17331496902,29,0,1,0,0,31,10,10,19,False
10481,17731093916,50,2,4,0,2,4,8,8,15,False
1460,15735414945,6,22,4,0,2,19,24,24,39,False
12066,18765816132,30,3,4,0,3,22,31,31,39,False
2274,17713196465,18,27,4,0,2,26,41,41,39,False
13003,19834840803,14,1,2,0,1,9,28,28,1,False
4895,15797725211,23,0,4,0,0,25,46,46,39,False
6300,19852999776,24,18,4,0,0,15,23,23,39,False
3402,19970957519,34,13,4,0,1,15,14,14,9,False
6152,19852999776,26,1,3,0,1,38,44,44,39,False
688,15260233525,35,10,3,0,0,8,0,0,0,True
9977,17527328008,47,2,4,0,2,36,43,43,39,False
3067,19831701219,50,12,4,0,2,17,41,41,39,False
12778,19550593600,37,25,4,0,1,40,46,46,39,False
1679,17623708813,24,0,2,0,1,11,8,8,20,False
12709,19550593600,21,0,3,0,3,33,13,13,13,True
8176,15165929133,43,25,4,0,1,10,9,9,0,False
12343,18989781863,6,3,3,0,1,40,47,47,39,False
3634,13130819298,15,18,2,0,0,29,8,8,19,False
9480,17331496902,1,1,2,0,1,9,15,15,1,False
4802,15797725211,30,1,4,0,0,9,18,18,39,False
3400,19970957519,32,35,4,0,3,15,16,16,39,False
5272,18053307086,49,2,4,0,3,15,17,17,19,False
5094,18053307086,21,6,3,0,2,40,41,41,39,False
5144,18053307086,21,21,4,0,0,7,0,0,9,False
3801,13130819298,32,10,4,0,2,16,46,46,39,False
10175,17731093916,45,7,1,0,3,4,19,19,39,False
1944,17623708813,39,1,4,0,0,11,0,0,20,False
5471,18702113651,47,15,3,0,2,25,38,38,24,False
2280,17713196465,24,18,4,0,1,32,25,25,9,False
7534,13630678332,3,2,3,0,1,26,33,33,9,False
149,13513580369,49,1,3,0,0,31,7,7,9,False
5495,18702113651,21,47,4,0,0,17,34,34,39,False
11568,18758415613,34,2,1,0,3,2,12,12,39,False
2714,18991311567,6,3,2,0,0,15,10,10,1,False
6728,19881266563,50,44,4,0,2,1,0,0,9,False
12480,18989781863,43,2,4,0,0,45,17,17,20,False
2418,17807329663,11,15,3,0,2,13,27,27,39,False
9709,17331496902,30,1,4,0,2,31,29,29,9,False
3812,13130819298,43,20,4,0,2,11,25,25,39,False
2820,18991311567,12,8,4,0,2,6,11,11,15,False
4400,15079495784,29,0,3,0,2,20,5,5,15,False
11033,18636055184,50,6,4,0,1,32,39,39,39,True
5310,18053307086,37,11,4,0,3,25,20,20,39,False
11031,18636055184,48,6,4,0,0,39,41,41,19,False
13728,19948700293,37,11,2,0,2,10,11,11,39,False
9532,17331496902,3,7,3,0,2,18,26,26,39,False
11029,18636055184,46,8,4,0,2,34,47,47,39,False
7093,13401917913,14,5,1,0,0,18,20,20,39,False
6218,19852999776,42,20,4,0,1,18,10,10,9,False
2716,18991311567,8,13,2,0,0,18,10,10,9,False
6839,13074255915,10,16,3,0,3,4,5,5,39,False
3139,19831701219,22,1,4,0,3,13,5,5,8,False
11075,18636055184,42,7,4,0,3,31,47,47,39,False
10994,18636055184,11,20,4,0,1,16,0,0,9,False
4746,15797725211,24,18,3,0,2,3,24,24,39,False
10563,18365196069,31,4,2,0,0,32,0,0,1,False
10300,17731093916,19,4,4,0,2,25,34,34,39,False
5891,18802233956,16,2,4,0,1,46,38,38,8,False
2149,17713196465,43,1,4,0,0,41,21,21,8,False
13698,19948700293,7,5,2,0,0,32,27,27,20,False
6601,19881266563,24,9,4,0,0,16,15,15,24,False
3374,19970957519,6,7,4,0,1,32,9,9,9,True
9380,16726368276,2,3,4,0,3,37,31,31,20,False
1856,17623708813,1,1,4,0,0,25,31,31,24,False
2613,17807329663,6,23,4,0,3,28,29,29,39,False
4439,15079495784,18,11,4,0,3,9,16,16,39,False
2178,17713196465,22,0,4,0,3,29,18,18,19,False
9426,16726368276,48,11,4,0,3,25,4,4,8,False
4246,13670356740,26,16,4,0,2,36,32,32,39,False
4007,13670356740,37,10,2,0,2,20,13,13,9,False
2990,19831701219,23,2,3,0,2,16,36,36,24,False
2268,17713196465,12,16,4,0,0,19,13,13,8,False
1918,17623708813,13,15,4,0,2,30,25,25,1,False
1804,17623708813,49,0,4,0,2,33,19,19,20,False
988,15661502139,32,19,2,0,3,33,20,20,13,False
2830,18991311567,22,10,4,0,1,2,7,7,0,False
8153,15165929133,20,19,4,0,1,23,0,0,8,False
13417,19859608897,27,3,3,0,3,5,20,20,20,True
6567,19881266563,40,1,4,0,3,36,39,39,39,True
2818,18991311567,10,7,4,0,0,10,2,2,8,False
11327,18664891854,43,3,3,0,1,5,17,17,20,False
9000,16630722126,23,3,4,0,3,10,12,12,39,False
6960,13074255915,31,4,4,0,3,14,21,21,39,False
2697,18991311567,40,3,1,0,0,31,19,19,19,True
426,13932780308,25,15,2,0,0,22,0,0,1,False
5304,18053307086,31,10,4,0,0,16,39,39,39,True
4292,15079495784,22,4,1,0,2,23,39,39,39,True
9002,16630722126,25,7,4,0,1,16,2,2,9,False
8928,16630722126,1,1,4,0,1,12,8,8,9,False
2021,17713196465,15,7,2,0,2,28,36,36,39,False
9497,17331496902,18,9,2,0,1,33,24,24,9,False
4095,13670356740,25,25,4,0,3,30,36,36,39,False
9653,17331496902,24,6,4,0,0,17,8,8,0,False
3441,19970957519,23,13,4,0,1,8,7,7,0,False
10766,18365196069,34,2,4,0,3,40,20,20,1,False
8806,16630722126,21,1,3,0,3,40,32,32,39,False
10119,17527328008,39,7,4,0,3,26,5,5,13,False
11808,18758415613,23,10,4,0,1,32,31,31,9,False
10809,18365196069,27,12,4,0,0,9,5,5,20,False
10966,18636055184,33,6,3,0,1,33,2,2,0,False
6221,19852999776,45,26,4,0,2,30,24,24,24,True
5530,18702113651,6,110,4,0,2,15,3,3,39,False
3071,19831701219,4,3,4,0,2,21,39,39,39,True
12984,19834840803,46,1,1,0,3,31,25,25,39,False
5951,18802233956,26,15,4,0,2,11,37,37,39,False
8246,15165929133,13,11,4,0,2,18,41,41,39,False
9420,16726368276,42,3,4,0,1,47,10,10,13,False
11718,18758415613,33,14,4,0,2,17,39,39,39,True
9420,16726368276,42,21,4,0,0,12,10,10,9,False
1506,15735414945,2,16,4,0,3,38,2,2,9,False
4701,15797725211,29,7,2,0,1,30,44,44,24,False
13656,19948700293,16,7,1,0,3,37,38,38,20,False
7281,13401917913,1,2,4,0,0,9,20,20,39,False
1233,15661502139,29,9,4,0,3,10,18,18,39,False
1760,17623708813,5,17,4,0,3,37,17,17,19,False
1446,15735414945,41,3,4,0,3,11,18,18,39,False
12768,19550593600,27,2,4,0,0,24,8,8,9,False
4619,15079495784,48,59,4,0,2,16,24,24,24,True
6341,19852999776,15,18,4,0,2,12,27,27,39,False
7236,13401917913,6,7,4,0,0,27,19,19,0,False
7498,13630678332,17,3,2,0,0,38,39,39,39,True
3467,19970957519,49,18,4,0,2,12,25,25,39,False
12223,18765816132,37,32,4,0,2,34,39,39,15,False
1693,17623708813,38,15,2,0,0,46,39,39,20,False
10759,18365196069,27,8,4,0,2,38,45,45,39,False
4205,13670356740,35,10,4,0,3,8,9,9,20,False
10654,18365196069,22,20,4,0,3,4,5,5,39,False
1523,15735414945,19,4,4,0,3,31,18,18,9,False
13222,19834840803,33,6,4,0,0,34,27,27,8,False
6241,19852999776,15,16,4,0,0,14,0,0,1,False
4437,15079495784,16,8,4,0,3,11,39,39,39,True
4292,15079495784,22,5,1,0,2,30,39,39,39,True
1790,17623708813,35,1,4,0,2,39,47,47,19,False
3065,19831701219,48,2,4,0,3,7,6,6,39,False
2266,17713196465,10,41,4,0,3,28,23,23,39,False
7742,13943039298,10,0,3,0,1,45,8,8,13,False
5225,18053307086,2,8,4,0,2,20,6,6,9,False
2228,17713196465,22,18,4,0,2,28,19,19,24,False
1065,15661502139,9,8,4,0,1,39,36,36,0,False
6669,19881266563,42,1,4,0,2,18,23,23,9,False
7594,13630678332,13,16,4,0,3,38,39,39,39,True
11081,18636055184,48,5,4,0,2,32,48,48,39,False
2186,17713196465,30,24,4,0,2,25,24,24,24,True
8828,16630722126,1,7,3,0,1,5,9,9,43,False
10535,18365196069,3,3,2,0,2,25,41,41,19,False
4781,15797725211,9,24,4,0,3,11,25,25,39,False
4101,13670356740,31,22,4,0,3,28,16,16,39,False
3421,19970957519,3,21,4,0,2,27,34,34,39,False
12912,19550593600,24,3,4,0,3,3,12,12,39,False
297,13513580369,47,0,4,0,2,23,15,15,8,False
10473,17731093916,42,4,4,0,1,8,21,21,39,False
13451,19859608897,11,4,4,0,0,30,22,22,8,False
1804,17623708813,49,6,4,0,1,20,19,19,9,False
5037,18053307086,14,1,2,0,2,23,15,15,24,False
8678,15167050060,44,4,4,0,0,40,25,25,1,False
2256,17713196465,50,7,4,0,3,30,17,17,20,False
5501,18702113651,27,12,4,0,3,10,12,12,39,False
2586,17807329663,29,24,4,0,0,10,2,2,8,False
7824,13943039298,42,6,4,0,2,40,2,2,1,False
2799,18991311567,41,20,3,0,0,48,41,41,13,False
7760,13943039298,28,2,3,0,2,39,38,38,24,False
13975,19948700293,19,11,4,0,1,25,24,24,39,False
9656,17331496902,27,6,4,0,3,40,41,41,39,False
1812,17623708813,7,11,4,0,0,18,9,9,9,True
5132,18053307086,9,5,4,0,0,45,0,0,20,False
11445,18664891854,11,4,4,0,0,37,30,30,9,False
11028,18636055184,45,9,4,0,0,25,11,11,8,False
9639,17331496902,10,7,4,0,1,40,47,47,39,False
5595,18702113651,21,12,4,0,1,15,0,0,0,True
13481,19859608897,41,8,4,0,3,16,24,24,39,False
8177,15165929133,44,0,4,0,3,8,12,12,19,False
8962,16630722126,35,25,4,0,1,18,8,8,9,False
5935,18802233956,10,6,4,0,2,26,21,21,24,False
1746,17623708813,41,0,3,0,3,8,46,46,39,False
11050,18636055184,17,2,4,0,2,5,33,33,39,False
9592,17331496902,13,5,4,0,1,44,42,42,0,False
7359,13401917913,29,0,4,0,1,46,17,17,13,False
4746,15797725211,24,10,3,0,2,23,24,24,24,True
5641,18702113651,17,5,4,0,3,4,19,19,39,False
772,15260233525,17,15,4,0,1,19,27,27,20,False
13967,19948700293,11,7,4,0,2,32,41,41,39,False
1796,17623708813,41,21,4,0,3,9,0,0,1,False
12623,19550593600,36,0,1,0,1,40,11,11,20,False
3918,13130819298,49,2,4,0,2,20,10,10,15,False
7682,13943039298,51,6,1,0,2,34,41,41,39,False
12242,18989781863,6,2,1,0,3,39,34,34,19,False
1658,17623708813,3,0,2,0,1,38,22,22,1,False
4365,15079495784,44,9,2,0,3,28,30,30,39,False
1999,17713196465,44,4,1,0,0,30,20,20,20,True
12717,19550593600,29,0,3,0,2,24,13,13,24,False
11993,18765816132,7,0,3,0,2,13,33,33,39,False
6256,19852999776,30,8,4,0,2,9,16,16,39,False
9606,17331496902,27,1,4,0,1,13,2,2,0,False
1765,17623708813,10,104,4,0,0,45,13,13,20,False
5730,18802233956,5,1,2,0,3,8,34,34,39,False
1501,15735414945,47,8,4,0,1,24,16,16,9,False
5649,18702113651,25,2,4,0,3,35,46,46,39,False
3895,13130819298,26,11,4,0,1,12,11,11,9,False
1056,15661502139,50,1,3,0,3,28,14,14,1,False
3622,13130819298,3,19,2,0,3,45,46,46,19,False
13006,19834840803,17,8,2,0,3,28,21,21,9,False
11469,18664891854,35,25,4,0,0,25,19,19,24,False
2827,18991311567,19,9,4,0,0,46,47,47,19,False
944,15661502139,39,2,1,0,0,19,7,7,9,False
709,15260233525,4,0,4,0,3,15,33,33,39,False
13091,19834840803,2,8,4,0,1,8,46,46,39,False
8433,15167050060,49,2,2,0,3,36,45,45,20,False
517,13932780308,16,4,4,0,1,38,37,37,8,False
12386,18989781863,49,14,3,0,2,34,40,40,39,False
152,13513580369,2,7,4,0,0,45,30,30,20,False
4395,15079495784,24,14,3,0,2,25,46,46,24,False
9013,16630722126,36,13,4,0,2,11,24,24,39,False
8499,15167050060,15,3,4,0,3,18,19,19,19,True
1782,17623708813,27,25,4,0,2,10,18,18,39,False
13251,19834840803,12,3,4,0,1,15,9,9,9,True
12153,18765816132,17,28,4,0,1,31,29,29,9,False
9399,16726368276,21,8,4,0,0,9,2,2,1,False
5253,18053307086,30,1,4,0,1,19,28,28,20,False
2626,17807329663,19,58,4,0,0,44,2,2,13,False
11735,18758415613,50,1,4,0,1,27,18,18,0,False
1513,15735414945,9,19,4,0,2,27,41,41,39,False
5172,18053307086,49,3,4,0,2,12,38,38,39,False
1114,15661502139,8,11,4,0,1,12,11,11,9,False
8118,15165929133,35,4,3,0,0,18,19,19,19,True
4942,15797725211,20,3,4,0,1,33,22,22,0,False
5530,18702113651,6,96,4,0,2,8,3,3,39,False
3116,19831701219,49,24,4,0,2,18,25,25,39,False
9586,17331496902,7,1,4,0,0,46,40,40,19,False
13037,19834840803,48,4,2,0,0,32,3,3,1,False
3239,19970957519,22,3,1,0,1,16,1,1,24,False
10501,18365196069,20,6,1,0,1,30,29,29,0,False
6022,18802233956,47,27,4,0,0,25,3,3,8,False
1570,15735414945,16,6,4,0,3,11,12,12,39,False
2763,18991311567,5,10,3,0,3,35,37,37,39,False
5530,18702113651,6,108,4,0,2,1,3,3,9,False
5403,18702113651,29,6,2,0,3,35,43,43,39,False
81,13513580369,31,9,2,0,1,30,24,24,1,False
9412,16726368276,34,13,4,0,0,32,13,13,13,True
2757,18991311567,49,1,2,0,1,12,7,7,9,False
6686,19881266563,8,6,4,0,3,23,39,39,39,True
12450,18989781863,13,5,4,0,3,8,3,3,39,False
7622,13630678332,41,10,4,0,0,17,1,1,1,True
4799,15797725211,27,2,4,0,1,17,36,36,39,False
6122,19852999776,46,10,2,0,1,11,10,10,0,False
8435,15167050060,1,2,3,0,0,16,9,9,24,False
5965,18802233956,40,26,4,0,0,22,21,21,0,False
4614,15079495784,43,26,4,0,3,36,43,43,39,False
8539,15167050060,5,3,4,0,0,28,0,0,9,False
8179,15165929133,46,5,4,0,2,33,47,47,39,False
333,13513580369,33,0,4,0,3,18,15,15,9,False
12753,19550593600,12,5,4,0,1,30,8,8,8,True
9285,16726368276,7,3,4,0,1,34,16,16,0,False
11814,18758415613,29,7,4,0,1,20,19,19,9,False
1913,17623708813,8,37,4,0,2,16,47,47,39,False
5503,18702113651,29,15,4,0,1,24,17,17,9,False
13184,19834840803,45,9,4,0,0,32,13,13,13,True
12027,18765816132,41,3,3,0,3,32,40,40,20,False
9526,17331496902,47,5,2,0,2,22,28,28,39,False
8958,16630722126,31,7,4,0,2,25,39,39,24,False
6359,19852999776,33,11,4,0,0,9,2,2,1,False
12207,18765816132,21,7,4,0,3,32,47,47,39,False
2867,19831701219,1,5,1,0,1,29,36,36,9,False
4949,15797725211,27,7,4,0,3,32,18,18,2,False
7595,13630678332,14,14,4,0,3,33,40,40,39,False
12347,18989781863,10,12,3,0,2,11,3,3,39,False
7612,13630678332,31,16,4,0,2,25,24,24,24,True
9382,16726368276,4,11,4,0,1,38,45,45,39,False
3771,13130819298,2,4,4,0,2,20,24,24,9,False
8218,15165929133,35,14,4,0,3,26,19,19,39,False
11718,18758415613,33,13,4,0,2,10,39,39,39,True
3855,13130819298,36,34,4,0,2,8,16,16,39,False
8712,16630722126,28,4,1,0,0,25,20,20,20,True
5861,18802233956,36,28,4,0,0,25,32,32,24,False
10435,17731093916,4,11,4,0,1,40,39,39,39,True
5895,18802233956,20,19,4,0,0,30,16,16,20,False
3658,13130819298,39,3,2,0,2,12,47,47,39,False
2336,17807329663,30,4,1,0,0,19,11,11,1,False
3390,19970957519,22,7,4,0,2,39,36,36,9,False
1550,15735414945,46,24,4,0,3,29,14,14,9,False
13738,19948700293,47,7,2,0,3,46,47,47,20,False
12636,19550593600,49,10,1,0,2,31,47,47,9,False
5164,18053307086,41,14,4,0,1,9,0,0,1,False
2824,18991311567,16,15,4,0,3,17,32,32,39,False
7003,13074255915,24,0,4,0,2,46,38,38,8,False
10924,18636055184,41,15,2,0,3,25,27,27,39,False
6532,19881266563,5,26,4,0,1,25,43,43,24,False
13371,19859608897,31,1,2,0,1,47,38,38,13,False
12316,18989781863,29,2,2,0,0,32,3,3,10,False
12447,18989781863,10,10,4,0,0,18,13,13,19,False
10148,17731093916,18,1,1,0,3,31,5,5,19,False
415,13932780308,14,3,2,0,1,36,35,35,0,False
6690,19881266563,12,14,4,0,1,46,36,36,8,False
14094,19948700293,22,5,4,0,0,25,17,17,9,False
11188,18664891854,5,8,1,0,3,31,26,26,19,False
4859,15797725211,37,8,4,0,2,28,36,36,39,False
6056,19852999776,31,6,1,0,0,10,9,9,20,False
1925,17623708813,20,31,4,0,1,37,16,16,9,False
2534,17807329663,27,0,4,0,0,43,2,2,9,False
9804,17527328008,25,32,1,0,3,0,9,9,39,False
5855,18802233956,30,28,4,0,2,18,33,33,39,False
13875,19948700293,19,10,4,0,3,18,20,20,39,False
4260,13670356740,40,1,4,0,0,15,12,12,19,False
1699,17623708813,44,1,2,0,1,18,31,31,9,False
3941,13670356740,22,2,1,0,2,8,23,23,39,False
9829,17527328008,50,1,1,0,1,23,14,14,24,False
10038,17527328008,8,1,4,0,1,2,1,1,39,False
2206,17713196465,50,16,4,0,3,28,15,15,16,False
871,15260233525,16,11,4,0,0,23,7,7,8,False
5324,18702113651,1,5,1,0,3,14,28,28,9,False
3374,19970957519,6,0,4,0,1,24,9,9,8,False
2841,18991311567,33,10,4,0,0,31,25,25,9,False
11566,18758415613,32,5,1,0,1,23,14,14,24,False
12386,18989781863,49,2,3,0,2,0,40,40,39,False
3855,13130819298,36,22,4,0,1,36,16,16,9,False
987,15661502139,31,4,2,0,0,13,20,20,39,False
11031,18636055184,48,3,4,0,1,48,41,41,20,False
11097,18636055184,14,1,4,0,1,15,29,29,39,False
6210,19852999776,34,0,4,0,1,16,14,14,8,False
4604,15079495784,33,3,4,0,2,10,46,46,39,False
11290,18664891854,6,1,3,0,1,27,45,45,0,False
12086,18765816132,50,6,4,0,1,10,9,9,1,False
4871,15797725211,49,9,4,0,1,24,9,9,24,False
2282,17713196465,26,10,4,0,1,30,44,44,39,False
10821,18365196069,39,6,4,0,3,18,20,20,39,False
3512,19970957519,44,13,4,0,0,10,7,7,8,False
3576,13130819298,8,9,1,0,2,3,25,25,39,False
11687,18758415613,2,23,4,0,1,38,21,21,0,False
2780,18991311567,22,17,3,0,1,19,32,32,9,False
12339,18989781863,2,1,3,0,1,41,48,48,39,False
3493,19970957519,25,16,4,0,1,36,28,28,9,False
4335,15079495784,14,4,2,0,1,10,2,2,8,False
4877,15797725211,5,13,4,0,2,28,37,37,39,False
7012,13074255915,33,3,4,0,2,11,10,10,39,False
5505,18702113651,31,6,4,0,2,26,38,38,24,False
4538,15079495784,17,15,4,0,3,5,12,12,39,False
11492,18664891854,8,3,4,0,1,23,15,15,8,False
7663,13943039298,32,10,1,0,2,31,48,48,19,False
8079,15165929133,46,2,2,0,1,34,26,26,0,False
2640,17807329663,33,21,4,0,3,37,46,46,39,False
10813,18365196069,31,0,4,0,0,17,8,8,9,False
9265,16726368276,37,12,4,0,2,25,47,47,9,False
894,15260233525,39,6,4,0,2,24,9,9,24,False
10715,18365196069,33,0,4,0,2,20,23,23,15,False
2174,17713196465,18,9,4,0,1,34,6,6,0,False
3446,19970957519,28,6,4,0,0,23,32,32,24,False
4099,13670356740,29,3,4,0,1,3,8,8,9,False
7605,13630678332,24,0,4,0,3,26,34,34,39,False
4461,15079495784,40,17,4,0,2,23,44,44,24,False
1202,15661502139,48,30,4,0,0,25,10,10,9,False
987,15661502139,31,22,2,0,2,28,20,20,24,False
11515,18664891854,31,6,4,0,1,16,2,2,24,False
10803,18365196069,21,4,4,0,1,45,38,38,20,False
5897,18802233956,22,7,4,0,2,5,12,12,39,False
3925,13670356740,6,7,1,0,0,9,31,31,1,False
991,15661502139,35,13,2,0,3,11,20,20,20,True
13218,19834840803,29,8,4,0,0,34,17,17,0,False
1079,15661502139,23,28,4,0,0,31,24,24,9,False
1051,15661502139,45,3,3,0,1,46,45,45,39,False
10918,18636055184,35,4,2,0,1,37,42,42,0,False
7548,13630678332,17,13,3,0,1,3,9,9,9,True
12875,19550593600,37,5,4,0,2,23,28,28,39,False
13143,19834840803,4,8,4,0,3,18,19,19,19,True
3632,13130819298,13,13,2,0,1,9,8,8,1,False
195,13513580369,45,5,4,0,1,25,32,32,24,False
8428,15167050060,44,5,2,0,2,18,27,27,39,False
3713,13130819298,44,8,3,0,1,44,43,43,9,False
833,15260233525,28,1,4,0,1,19,33,33,39,False
6233,19852999776,7,7,4,0,0,26,12,12,1,False
2502,17807329663,45,13,4,0,2,15,25,25,39,False
3035,19831701219,18,46,4,0,0,15,17,17,19,False
10743,18365196069,11,7,4,0,2,14,44,44,39,False
6617,19881266563,40,23,4,0,3,25,34,34,39,False
2976,19831701219,9,2,3,0,1,33,11,11,1,False
1812,17623708813,7,20,4,0,0,31,9,9,9,True
6548,19881266563,21,0,4,0,2,17,33,33,39,False
5169,18053307086,46,2,4,0,0,31,7,7,9,False
12828,19550593600,40,0,4,0,1,2,16,16,39,False
12409,18989781863,22,15,4,0,2,11,9,9,39,False
4975,18053307086,3,4,1,0,0,31,6,6,9,False
5778,18802233956,3,6,3,0,1,32,29,29,0,False
9983,17527328008,3,3,4,0,3,0,2,2,39,False
4609,15079495784,38,4,4,0,2,17,44,44,39,False
8855,16630722126,28,6,3,0,2,4,10,10,39,False
808,15260233525,3,17,4,0,3,28,30,30,19,False
10665,18365196069,33,7,4,0,3,17,24,24,39,False
1314,15735414945,9,3,2,0,1,12,7,7,9,False
5813,18802233956,38,0,3,0,2,0,32,32,24,False
7882,13943039298,50,2,4,0,0,24,9,9,9,True
11932,18765816132,47,9,1,0,3,33,48,48,39,False
7232,13401917913,2,4,4,0,3,38,39,39,24,False
1903,17623708813,48,2,4,0,2,31,30,30,9,False
11188,18664891854,5,7,1,0,2,24,26,26,24,False
2993,19831701219,26,10,3,0,2,37,43,43,39,False
3388,19970957519,20,22,4,0,3,25,24,24,24,True
5037,18053307086,14,0,2,0,2,16,15,15,24,False
4460,15079495784,39,3,4,0,1,36,6,6,19,False
3224,19970957519,7,13,1,0,3,18,13,13,9,False
2566,17807329663,9,11,4,0,2,20,6,6,9,False
8157,15165929133,24,29,4,0,0,9,28,28,1,False
1743,17623708813,38,2,3,0,2,7,4,4,39,False
3002,19831701219,35,0,3,0,1,46,43,43,8,False
7972,13943039298,40,7,4,0,0,29,1,1,19,False
6048,19852999776,23,4,1,0,3,14,36,36,9,False
7338,13401917913,8,22,4,0,1,3,0,0,0,True
11337,18664891854,3,0,4,0,2,5,3,3,40,False
8511,15167050060,27,31,4,0,1,9,14,14,1,False
537,13932780308,36,11,4,0,3,17,24,24,24,True
13832,19948700293,26,0,3,0,1,13,45,45,39,False
3751,13130819298,32,11,4,0,2,17,34,34,39,False
3206,19831701219,39,3,4,0,0,25,28,28,24,False
44,13513580369,45,1,1,0,2,6,39,39,39,True
12121,18765816132,35,10,4,0,3,17,19,19,39,False
2602,17807329663,45,15,4,0,1,43,21,21,1,False
3388,19970957519,20,25,4,0,1,32,24,24,9,False
4155,13670356740,35,0,4,0,0,8,25,25,39,False
2844,18991311567,36,23,4,0,2,12,41,41,39,False
2481,17807329663,24,3,4,0,0,26,3,3,1,False
6992,13074255915,13,11,4,0,0,17,9,9,1,False
11900,18765816132,15,5,1,0,1,18,17,17,9,False
2874,19831701219,8,6,1,0,0,25,13,13,19,False
10375,17731093916,44,7,4,0,3,33,34,34,39,False
6545,19881266563,18,17,4,0,3,17,39,39,39,True
5506,18702113651,32,4,4,0,2,22,41,41,39,False
1904,17623708813,49,18,4,0,3,25,39,39,24,False
13214,19834840803,25,1,4,0,3,3,11,11,39,False
4702,15797725211,30,2,2,0,0,29,44,44,24,False
6117,19852999776,41,0,2,0,3,8,11,11,20,False
11632,18758415613,47,4,2,0,2,39,47,47,39,False
8637,15167050060,3,16,4,0,2,33,39,39,39,True
1156,15661502139,2,13,4,0,3,18,15,15,9,False
6175,19852999776,49,1,3,0,3,25,44,44,24,False
2749,18991311567,41,12,2,0,1,2,15,15,39,False
5239,18053307086,16,8,4,0,2,26,36,36,24,False
2979,19831701219,12,15,3,0,2,38,47,47,39,False
13108,19834840803,19,17,4,0,1,18,7,7,9,False
689,15260233525,36,14,3,0,1,4,20,20,24,False
4852,15797725211,30,20,4,0,1,36,23,23,9,False
3222,19970957519,5,5,1,0,0,22,16,16,39,False
2909,19831701219,43,3,1,0,0,14,0,0,1,False
11653,18758415613,18,4,3,0,2,11,8,8,39,False
1921,17623708813,16,33,4,0,0,18,24,24,9,False
986,15661502139,30,15,2,0,3,25,37,37,24,False
8898,16630722126,21,0,4,0,2,1,30,30,9,False
7201,13401917913,21,10,3,0,0,31,24,24,9,False
13123,19834840803,34,4,4,0,2,34,40,40,24,False
12486,18989781863,49,10,4,0,3,23,24,24,19,False
1768,17623708813,13,15,4,0,2,38,46,46,24,False
6877,13074255915,48,13,3,0,0,18,12,12,1,False
6370,19852999776,44,14,4,0,0,36,29,29,9,False
1440,15735414945,35,0,4,0,3,24,25,25,9,False
12106,18765816132,20,1,4,0,3,9,19,19,24,False
9507,17331496902,28,3,2,0,0,9,11,11,20,False
11295,18664891854,11,5,3,0,3,8,1,1,10,False
2474,17807329663,17,42,4,0,3,25,38,38,24,False
523,13932780308,22,1,4,0,3,43,18,18,9,False
9132,16726368276,4,0,2,0,3,39,16,16,24,False
596,15260233525,44,1,1,0,2,28,36,36,39,False
1402,15735414945,47,10,3,0,1,12,11,11,9,False
7095,13401917913,16,2,1,0,1,8,0,0,1,False
1930,17623708813,25,20,4,0,3,25,46,46,24,False
10023,17527328008,43,14,4,0,2,15,27,27,39,False
9362,16726368276,34,15,4,0,3,36,46,46,39,False
12105,18765816132,19,6,4,0,3,10,11,11,39,False
12469,18989781863,32,5,4,0,0,45,0,0,20,False
9004,16630722126,27,2,4,0,1,11,3,3,39,False
7523,13630678332,42,12,2,0,2,5,12,12,39,False
12132,18765816132,46,8,4,0,1,32,46,46,39,False
6020,18802233956,45,2,4,0,0,27,22,22,0,False
3550,19970957519,32,5,4,0,3,2,39,39,39,True
3492,19970957519,24,4,4,0,1,25,36,36,24,False
3044,19831701219,27,13,4,0,0,33,17,17,9,False
11069,18636055184,36,7,4,0,2,11,20,20,39,False
9657,17331496902,28,2,4,0,0,25,2,2,8,False
13953,19948700293,47,13,4,0,0,12,9,9,9,True
11636,18758415613,1,4,3,0,2,15,30,30,39,False
2969,19831701219,2,4,3,0,1,37,42,42,0,False
13722,19948700293,31,5,2,0,1,17,8,8,1,False
4554,15079495784,33,17,4,0,3,2,33,33,39,False
3276,19970957519,8,3,2,0,0,25,12,12,19,False
13420,19859608897,30,11,3,0,3,17,24,24,1,False
1825,17623708813,20,41,4,0,3,15,9,9,19,False
11358,18664891854,24,6,4,0,3,10,19,19,39,False
6492,19881266563,15,6,3,0,1,26,2,2,1,False
8656,15167050060,22,7,4,0,1,18,17,17,9,False
2472,17807329663,15,35,4,0,3,35,39,39,39,True
3884,13130819298,15,31,4,0,0,10,3,3,1,False
11173,18636055184,40,7,4,0,0,31,23,23,9,False
475,13932780308,24,26,3,0,0,15,1,1,1,True
7812,13943039298,30,12,4,0,3,16,10,10,24,False
83,13513580369,33,12,2,0,1,19,24,24,9,False
7033,13074255915,4,10,4,0,2,25,32,32,39,False
2266,17713196465,10,24,4,0,1,27,23,23,0,False
8507,15167050060,23,9,4,0,3,25,20,20,39,False
6134,19852999776,8,8,3,0,0,27,12,12,1,False
5082,18053307086,9,5,3,0,0,9,11,11,1,False
1463,15735414945,9,23,4,0,3,28,9,9,39,False
9427,16726368276,49,20,4,0,2,31,23,23,9,False
13102,19834840803,13,7,4,0,2,18,24,24,39,False
4791,15797725211,19,25,4,0,1,19,24,24,39,False
7219,13401917913,39,5,3,0,0,38,40,40,39,False
8804,16630722126,19,1,3,0,0,17,9,9,1,False
1335,15735414945,30,8,2,0,2,35,42,42,9,False
5826,18802233956,1,47,4,0,1,26,16,16,9,False
6130,19852999776,4,2,3,0,0,31,23,23,9,False
2753,18991311567,45,3,2,0,1,38,15,15,0,False
9858,17527328008,28,6,2,0,2,23,29,29,39,False
4108,13670356740,38,7,4,0,1,33,32,32,9,False
6002,18802233956,27,10,4,0,2,12,25,25,39,False
897,15260233525,42,15,4,0,2,33,47,47,39,False
7964,13943039298,32,15,4,0,1,18,0,0,9,False
12128,18765816132,42,5,4,0,2,34,47,47,39,False
1129,15661502139,23,4,4,0,3,26,6,6,13,False
1389,15735414945,34,7,3,0,0,15,4,4,24,False
1907,17623708813,2,6,4,0,3,14,23,23,1,False
6501,19881266563,24,17,3,0,0,36,1,1,9,False
11551,18758415613,17,0,1,0,3,26,12,12,13,False
2803,18991311567,45,3,3,0,1,9,16,16,1,False
90,13513580369,40,9,2,0,0,19,10,10,1,False
1219,15661502139,15,3,4,0,1,18,36,36,9,False
2305,17713196465,49,1,4,0,1,17,37,37,39,False
13085,19834840803,46,6,3,0,0,30,14,14,0,False
725,15260233525,20,0,4,0,2,7,33,33,39,False
7806,13943039298,24,22,4,0,3,8,9,9,12,False
4381,15079495784,10,5,3,0,1,19,20,20,20,True
11003,18636055184,20,0,4,0,1,24,0,0,8,False
12498,18989781863,11,3,4,0,2,15,6,6,9,False
4307,15079495784,37,15,1,0,0,8,16,16,39,False
4913,15797725211,41,12,4,0,2,30,47,47,39,False
9423,16726368276,45,19,4,0,1,3,9,9,9,True
2855,18991311567,47,6,4,0,3,3,32,32,39,False
13116,19834840803,27,12,4,0,1,18,15,15,9,False
2155,17713196465,49,4,4,0,2,30,27,27,39,False
1747,17623708813,42,2,3,0,2,26,37,37,39,False
4004,13670356740,34,1,2,0,3,25,38,38,24,False
1719,17623708813,14,12,3,0,3,11,25,25,39,False
6011,18802233956,36,5,4,0,0,34,13,13,8,False
8770,16630722126,35,0,2,0,1,33,8,8,9,False
7787,13943039298,5,7,4,0,2,25,41,41,39,False
227,13513580369,27,6,4,0,3,8,19,19,39,False
7019,13074255915,40,7,4,0,1,36,42,42,15,False
4030,13670356740,10,13,3,0,0,35,23,23,13,False
9324,16726368276,46,5,4,0,0,22,15,15,0,False
13953,19948700293,47,9,4,0,0,19,9,9,20,False
2050,17713196465,44,2,2,0,3,14,5,5,39,False
7831,13943039298,49,29,4,0,2,2,8,8,24,False
2818,18991311567,10,5,4,0,0,11,2,2,0,False
2834,18991311567,26,21,4,0,0,27,16,16,0,False
9807,17527328008,28,4,1,0,1,38,30,30,0,False
5854,18802233956,29,10,4,0,0,30,33,33,39,False
7979,13943039298,47,2,4,0,1,8,28,28,39,False
7283,13401917913,3,1,4,0,1,5,10,10,39,False
12922,19550593600,34,15,4,0,1,48,20,20,13,False
1834,17623708813,1,11,4,0,2,22,33,33,39,False
3622,13130819298,3,4,2,0,0,30,46,46,39,False
12916,19550593600,28,27,4,0,1,18,3,3,9,False
2537,17807329663,30,7,4,0,2,17,26,26,24,False
13946,19948700293,40,1,4,0,2,15,24,24,39,False
5262,18053307086,39,22,4,0,2,29,45,45,24,False
5840,18802233956,15,65,4,0,1,22,21,21,8,False
5940,18802233956,15,37,4,0,1,36,43,43,39,False
7406,13401917913,26,4,4,0,2,19,28,28,20,False
4591,15079495784,20,5,4,0,0,38,2,2,9,False
2111,17713196465,5,0,4,0,3,19,30,30,20,False
9375,16726368276,47,6,4,0,1,30,28,28,0,False
1177,15661502139,23,15,4,0,0,23,33,33,39,False
5781,18802233956,6,2,3,0,3,25,26,26,19,False
4010,13670356740,40,9,2,0,0,19,13,13,9,False
10432,17731093916,1,11,4,0,2,17,24,24,39,False
10704,18365196069,22,2,4,0,2,2,1,1,39,False
5428,18702113651,4,10,3,0,1,26,9,9,1,False
490,13932780308,39,4,3,0,1,33,36,36,0,False
9789,17527328008,10,4,1,0,1,1,28,28,9,False
4580,15079495784,9,9,4,0,1,32,25,25,1,False
11174,18636055184,41,6,4,0,2,19,34,34,20,False
9970,17527328008,40,17,4,0,3,37,31,31,39,False
10910,18636055184,27,8,2,0,2,25,31,31,24,False
4757,15797725211,35,9,3,0,1,12,3,3,9,False
9315,16726368276,37,30,4,0,2,39,48,48,39,False
1256,15735414945,2,5,1,0,1,3,0,0,9,False
471,13932780308,20,8,3,0,1,19,31,31,9,False
6013,18802233956,38,24,4,0,0,30,31,31,39,False
4032,13670356740,12,9,3,0,3,28,21,21,39,False
9789,17527328008,10,70,1,0,0,30,28,28,1,False
8705,16630722126,21,0,1,0,2,39,37,37,24,False
11061,18636055184,28,0,4,0,2,41,47,47,15,False
10250,17731093916,19,2,3,0,1,46,3,3,31,False
12171,18765816132,35,8,4,0,1,16,15,15,9,False
12900,19550593600,12,10,4,0,1,25,24,24,39,False
12461,18989781863,24,3,4,0,2,19,45,45,39,False
1536,15735414945,32,16,4,0,1,32,37,37,0,False
1458,15735414945,4,13,4,0,1,38,1,1,9,False
11595,18758415613,10,2,2,0,2,3,6,6,39,False
4100,13670356740,30,4,4,0,1,9,7,7,0,False
2144,17713196465,38,2,4,0,2,17,38,38,39,False
9563,17331496902,34,4,3,0,2,37,40,40,20,False
4592,15079495784,21,11,4,0,1,11,0,0,0,True
14113,19948700293,41,0,4,0,3,24,26,26,9,False
4946,15797725211,24,52,4,0,0,22,9,9,9,True
13857,19948700293,1,30,4,0,3,7,8,8,39,False
3579,13130819298,11,4,1,0,3,28,15,15,16,False
4528,15079495784,7,17,4,0,3,5,18,18,39,False
2177,17713196465,21,2,4,0,3,37,25,25,19,False
6900,13074255915,21,17,4,0,2,24,29,29,9,False
2307,17807329663,1,40,1,0,1,19,36,36,9,False
3212,19831701219,45,9,4,0,0,26,1,1,8,False
3882,13130819298,13,0,4,0,2,10,44,44,39,False
1774,17623708813,19,2,4,0,3,31,6,6,9,False
2563,17807329663,6,27,4,0,1,30,15,15,0,False
11374,18664891854,40,1,4,0,2,11,40,40,40,True
4991,18053307086,19,3,1,0,1,40,39,39,39,True
4869,15797725211,47,14,4,0,0,8,0,0,0,True
1406,15735414945,1,10,4,0,2,12,18,18,24,False
3573,13130819298,5,4,1,0,1,26,3,3,1,False
11690,18758415613,5,7,4,0,3,29,8,8,19,False
10299,17731093916,18,13,4,0,3,11,19,19,39,False
4484,15079495784,13,5,4,0,2,12,25,25,19,False
13713,19948700293,22,2,2,0,1,37,42,42,0,False
10515,18365196069,34,8,1,0,2,23,31,31,39,False
12192,18765816132,6,6,4,0,0,47,26,26,13,False
203,13513580369,3,14,4,0,0,19,12,12,1,False
8750,16630722126,15,5,2,0,2,18,32,32,39,False
4004,13670356740,34,5,2,0,2,31,38,38,9,False
13756,19948700293,15,7,3,0,0,17,2,2,0,False
12853,19550593600,15,18,4,0,2,24,8,8,9,False
10066,17527328008,36,15,4,0,0,7,1,1,19,False
11972,18765816132,36,6,2,0,3,17,19,19,20,False
11485,18664891854,1,12,4,0,0,29,14,14,9,False
93,13513580369,43,3,2,0,2,15,39,39,39,True
10411,17731093916,30,0,4,0,3,14,29,29,39,False
2489,17807329663,32,21,4,0,1,15,0,0,9,False
2636,17807329663,29,9,4,0,0,24,18,18,8,False
5285,18053307086,12,3,4,0,0,26,3,3,1,False
10064,17527328008,34,4,4,0,1,33,5,5,13,False
5660,18702113651,36,7,4,0,0,22,2,2,13,False
11884,18758415613,49,8,4,0,1,8,15,15,39,False
12774,19550593600,33,10,4,0,0,41,31,31,8,False
9018,16630722126,41,4,4,0,2,19,34,34,20,False
6539,19881266563,12,16,4,0,2,27,13,13,0,False
995,15661502139,39,8,2,0,1,15,0,0,0,True
11099,18636055184,16,0,4,0,1,48,41,41,8,False
1707,17623708813,2,6,3,0,3,29,44,44,39,False
1857,17623708813,2,34,4,0,0,28,15,15,9,False
4323,15079495784,2,3,2,0,0,15,9,9,1,False
5875,18802233956,50,33,4,0,0,15,0,0,9,False
1756,17623708813,1,5,4,0,1,11,15,15,9,False
5396,18702113651,22,5,2,0,2,24,10,10,24,False
5510,18702113651,36,3,4,0,3,14,5,5,39,False
6430,19881266563,3,13,2,0,3,18,13,13,9,False
2307,17807329663,1,43,1,0,2,26,36,36,24,False
6598,19881266563,21,8,4,0,3,16,25,25,39,False
11446,18664891854,12,5,4,0,2,25,33,33,39,False
4698,15797725211,26,4,2,0,3,14,44,44,39,False
9930,17527328008,50,1,3,0,3,22,12,12,24,False
7823,13943039298,41,0,4,0,3,7,31,31,39,False
6686,19881266563,8,20,4,0,3,25,39,39,24,False
11573,18758415613,39,3,1,0,3,32,41,41,39,False
3873,13130819298,4,3,4,0,0,45,44,44,20,False
10809,18365196069,27,8,4,0,2,0,5,5,39,False
4026,13670356740,6,12,3,0,0,22,7,7,1,False
4773,15797725211,1,6,4,0,0,32,16,16,1,False
2485,17807329663,28,33,4,0,1,19,32,32,39,False
3345,19970957519,27,9,3,0,1,38,16,16,0,False
8557,15167050060,23,12,4,0,0,15,14,14,9,False
6673,19881266563,46,1,4,0,2,20,19,19,15,False
9650,17331496902,21,0,4,0,1,30,8,8,9,False
2713,18991311567,5,3,2,0,1,32,42,42,0,False
814,15260233525,9,5,4,0,3,26,20,20,19,False
10400,17731093916,19,2,4,0,3,32,40,40,39,False
9243,16726368276,15,9,4,0,0,31,24,24,9,False
8292,15165929133,9,10,4,0,2,18,32,32,39,False
8389,15167050060,5,7,2,0,2,5,12,12,39,False
4699,15797725211,27,13,2,0,2,2,44,44,39,False
7304,13401917913,24,5,4,0,3,38,39,39,39,True
12528,18989781863,41,9,4,0,1,37,36,36,39,False
11706,18758415613,21,8,4,0,1,11,29,29,39,False
6000,18802233956,25,54,4,0,1,6,17,17,9,False
10507,18365196069,26,7,1,0,1,3,9,9,9,True
12870,19550593600,32,4,4,0,0,14,8,8,20,False
1458,15735414945,4,4,4,0,1,24,1,1,24,False
10564,18365196069,32,7,2,0,1,23,0,0,24,False
7968,13943039298,36,15,4,0,0,29,15,15,19,False
3863,13130819298,44,40,4,0,2,31,17,17,9,False
5534,18702113651,10,1,4,0,1,39,23,23,8,False
3064,19831701219,47,2,4,0,1,3,7,7,9,False
3142,19831701219,25,15,4,0,0,37,10,10,9,False
1923,17623708813,18,4,4,0,3,18,8,8,9,False
4433,15079495784,12,13,4,0,1,15,14,14,14,True
2814,18991311567,6,27,4,0,1,19,46,46,39,False
10096,17527328008,16,14,4,0,2,34,46,46,39,False
7795,13943039298,13,4,4,0,2,7,15,15,39,False
8301,15165929133,18,4,4,0,2,39,47,47,9,False
3622,13130819298,3,8,2,0,3,10,46,46,39,False
9517,17331496902,38,5,2,0,3,29,0,0,9,False
10651,18365196069,19,7,4,0,3,17,24,24,39,False
68,13513580369,18,8,2,0,0,25,3,3,9,False
2535,17807329663,28,5,4,0,3,4,33,33,39,False
1873,17623708813,18,3,4,0,1,11,10,10,9,False
7565,13630678332,34,7,3,0,1,38,39,39,24,False
13241,19834840803,2,14,4,0,1,17,30,30,39,False
2461,17807329663,4,7,4,0,1,11,2,2,9,False
8900,16630722126,23,0,4,0,0,25,9,9,8,False
7603,13630678332,22,19,4,0,3,31,41,41,39,False
6000,18802233956,25,49,4,0,0,25,17,17,8,False
7039,13074255915,10,11,4,0,0,18,13,13,24,False
1848,17623708813,15,5,4,0,0,26,10,10,1,False
9853,17527328008,23,4,2,0,1,32,45,45,39,False
3311,19970957519,43,4,2,0,0,35,21,21,9,False
811,15260233525,6,15,4,0,0,11,17,17,9,False
1850,17623708813,17,13,4,0,3,18,9,9,9,True
2501,17807329663,44,12,4,0,1,37,23,23,9,False
8819,16630722126,34,12,3,0,1,18,9,9,9,True
6292,19852999776,16,2,4,0,0,33,14,14,0,False
10876,18636055184,44,0,1,0,0,19,18,18,20,False
1010,15661502139,4,2,3,0,0,9,10,10,1,False
12825,19550593600,37,1,4,0,1,12,24,24,15,False
6047,19852999776,22,10,1,0,3,35,36,36,39,False
3959,13670356740,40,4,1,0,2,37,43,43,39,False
8443,15167050060,9,23,3,0,3,15,16,16,39,False
6191,19852999776,15,13,4,0,2,15,23,23,39,False
2824,18991311567,16,21,4,0,3,30,32,32,39,False
7385,13401917913,5,5,4,0,1,46,7,7,8,False
1510,15735414945,6,1,4,0,3,9,23,23,39,False
3913,13130819298,44,0,4,0,1,32,39,39,39,True
10812,18365196069,30,6,4,0,2,31,22,22,24,False
6985,13074255915,6,8,4,0,2,16,15,15,9,False
8691,16630722126,7,0,1,0,0,10,4,4,20,False
6730,13074255915,2,8,1,0,0,31,24,24,9,False
10205,17731093916,24,8,2,0,3,45,39,39,20,False
11245,18664891854,11,6,2,0,0,23,18,18,24,False
4559,15079495784,38,10,4,0,0,35,29,29,9,False
11067,18636055184,34,15,4,0,1,18,14,14,9,False
5188,18053307086,15,6,4,0,3,45,41,41,20,False
12011,18765816132,25,1,3,0,1,23,1,1,24,False
8916,16630722126,39,7,4,0,1,46,38,38,8,False
5143,18053307086,20,1,4,0,1,10,9,9,20,False
4541,15079495784,20,10,4,0,0,25,13,13,19,False
5854,18802233956,29,9,4,0,2,30,33,33,39,False
9956,17527328008,26,2,4,0,1,18,14,14,9,False
621,15260233525,18,0,2,0,1,44,42,42,1,False
5464,18702113651,40,5,3,0,2,2,8,8,39,False
9024,16630722126,47,11,4,0,1,23,21,21,8,False
324,13513580369,24,7,4,0,2,28,32,32,39,False
7541,13630678332,10,4,3,0,2,18,19,19,39,False
7022,13074255915,43,10,4,0,0,44,43,43,20,False
7049,13074255915,20,27,4,0,0,38,41,41,24,False
5835,18802233956,10,17,4,0,1,29,39,39,39,True
11875,18758415613,40,21,4,0,2,23,30,30,39,False
8610,15167050060,26,20,4,0,1,15,14,14,9,False
4871,15797725211,49,2,4,0,3,37,9,9,9,True
8760,16630722126,25,4,2,0,0,44,42,42,0,False
11387,18664891854,3,6,4,0,1,15,7,7,8,False
4943,15797725211,21,11,4,0,3,16,32,32,39,False
4838,15797725211,16,17,4,0,0,15,24,24,39,False
3738,13130819298,19,12,4,0,0,44,46,46,19,False
4061,13670356740,41,13,3,0,1,33,24,24,9,False
3932,13670356740,13,8,1,0,3,25,27,27,19,False
1752,17623708813,47,1,3,0,2,12,27,27,19,False
1346,15735414945,41,5,2,0,1,36,23,23,9,False
10473,17731093916,42,6,4,0,3,14,21,21,39,False
10909,18636055184,26,2,2,0,3,39,31,31,24,False
3692,13130819298,23,17,3,0,2,18,24,24,9,False
3976,13670356740,6,7,2,0,0,36,1,1,9,False
12895,19550593600,7,10,4,0,3,32,45,45,39,False
6652,19881266563,25,1,4,0,3,30,31,31,39,False
3624,13130819298,5,3,2,0,3,12,46,46,39,False
6727,19881266563,49,11,4,0,0,35,28,28,9,False
9619,17331496902,40,4,4,0,0,32,27,27,20,False
10095,17527328008,15,10,4,0,1,23,8,8,8,True
10593,18365196069,11,1,3,0,1,8,22,22,0,False
3486,19970957519,18,18,4,0,0,19,11,11,1,False
4290,15079495784,20,6,1,0,1,39,16,16,24,False
5462,18702113651,38,1,3,0,3,28,21,21,39,False
11322,18664891854,38,9,3,0,3,45,47,47,20,False
6047,19852999776,22,5,1,0,1,30,36,36,1,False
12749,19550593600,8,10,4,0,1,10,2,2,0,False
1974,17713196465,19,4,1,0,0,35,29,29,13,False
11956,18765816132,20,5,2,0,2,16,9,9,24,False
8113,15165929133,30,0,3,0,1,15,2,2,9,False
9731,17331496902,2,4,4,0,0,40,29,29,1,False
11677,18758415613,42,16,3,0,2,2,9,9,39,False
3572,13130819298,4,4,1,0,2,31,3,3,9,False
11018,18636055184,35,1,4,0,1,40,1,1,1,True
12709,19550593600,21,8,3,0,1,47,13,13,13,True
1687,17623708813,32,8,2,0,3,35,40,40,19,False
5571,18702113651,47,4,4,0,3,8,4,4,1,False
60,13513580369,10,5,2,0,2,28,45,45,39,False
13933,19948700293,27,14,4,0,0,31,24,24,9,False
12757,19550593600,16,10,4,0,1,18,10,10,9,False
9590,17331496902,11,1,4,0,2,13,26,26,39,False
1542,15735414945,38,19,4,0,2,10,16,16,39,False
1907,17623708813,2,0,4,0,3,21,23,23,39,False
6851,13074255915,22,1,3,0,1,17,15,15,0,False
11090,18636055184,7,8,4,0,1,34,11,11,0,False
11188,18664891854,5,9,1,0,3,32,26,26,13,False
4781,15797725211,9,2,4,0,2,7,25,25,39,False
4629,15797725211,8,10,1,0,1,36,29,29,9,False
7967,13943039298,35,3,4,0,0,46,38,38,8,False
13902,19948700293,46,11,4,0,0,11,20,20,39,False
9946,17527328008,16,21,4,0,0,32,25,25,20,False
4605,15079495784,34,16,4,0,1,36,8,8,9,False
3778,13130819298,9,2,4,0,0,20,19,19,9,False
5492,18702113651,18,23,4,0,1,24,30,30,9,False
10061,17527328008,31,3,4,0,1,29,43,43,39,False
2826,18991311567,18,21,4,0,0,47,46,46,20,False
4593,15079495784,22,6,4,0,1,19,26,26,20,False
2823,18991311567,15,8,4,0,0,33,16,16,1,False
2470,17807329663,13,42,4,0,3,4,25,25,39,False
5013,18053307086,41,2,1,0,0,10,9,9,0,False
1752,17623708813,47,0,3,0,3,11,27,27,39,False
5996,18802233956,21,6,4,0,3,9,25,25,39,False
8769,16630722126,34,2,2,0,2,24,8,8,24,False
4506,15079495784,35,72,4,0,0,18,14,14,9,False
6622,19881266563,45,12,4,0,2,31,22,22,9,False
2998,19831701219,31,13,3,0,1,36,16,16,1,False
11405,18664891854,21,24,4,0,1,32,39,39,39,True
11732,18758415613,47,4,4,0,3,42,43,43,13,False
2213,17713196465,7,6,4,0,0,20,12,12,9,False
3457,19970957519,39,15,4,0,3,16,33,33,39,False
4548,15079495784,27,5,4,0,3,2,3,3,39,False
5895,18802233956,20,2,4,0,1,9,16,16,24,False
8142,15165929133,9,22,4,0,0,10,9,9,8,False
7402,13401917913,22,5,4,0,3,22,36,36,39,False
9612,17331496902,33,1,4,0,0,41,24,24,8,False
5253,18053307086,30,9,4,0,0,18,28,28,9,False
5989,18802233956,14,4,4,0,0,31,24,24,9,False
11723,18758415613,38,4,4,0,0,7,1,1,1,True
1432,15735414945,27,0,4,0,0,39,7,7,8,False
10055,17527328008,25,1,4,0,2,39,31,31,8,False
10940,18636055184,7,5,3,0,0,25,5,5,13,False
12196,18765816132,10,3,4,0,0,47,34,34,20,False
1095,15661502139,39,44,4,0,2,32,36,36,0,False
4387,15079495784,16,2,3,0,3,18,9,9,9,True
4273,15079495784,3,4,1,0,1,9,1,1,1,True
2582,17807329663,25,13,4,0,3,43,15,15,9,False
2186,17713196465,30,27,4,0,0,18,24,24,9,False
12823,19550593600,35,2,4,0,1,31,22,22,9,False
5198,18053307086,25,12,4,0,0,29,15,15,19,False
4785,15797725211,13,8,4,0,2,31,16,16,24,False
5010,18053307086,38,8,1,0,2,8,7,7,0,False
4890,15797725211,18,1,4,0,2,18,10,10,9,False
8929,16630722126,2,3,4,0,3,8,22,22,39,False
1835,17623708813,2,15,4,0,3,25,26,26,39,False
2099,17713196465,43,11,3,0,0,38,25,25,9,False
3598,13130819298,30,9,1,0,1,44,43,43,9,False
688,15260233525,35,17,3,0,2,10,0,0,15,False
8520,15167050060,36,7,4,0,0,44,17,17,20,False
1124,15661502139,18,0,4,0,0,36,2,2,9,False
3460,19970957519,42,38,4,0,1,26,11,11,1,False
10558,18365196069,26,26,2,0,2,23,24,24,39,False
10422,17731093916,41,2,4,0,2,26,40,40,39,False
13190,19834840803,1,13,4,0,3,33,40,40,39,False
1560,15735414945,6,11,4,0,3,11,12,12,39,False
1530,15735414945,26,8,4,0,2,30,32,32,39,False
3879,13130819298,10,2,4,0,3,31,18,18,9,False
5737,18802233956,12,3,2,0,0,25,11,11,9,False
9329,16726368276,1,3,4,0,1,6,9,9,9,True
8316,15165929133,33,5,4,0,1,4,8,8,0,False
9465,17331496902,37,8,1,0,1,33,20,20,9,False
12071,18765816132,35,16,4,0,0,48,25,25,20,False
7401,13401917913,21,1,4,0,3,24,4,4,9,False
9695,17331496902,16,9,4,0,1,40,39,39,39,True
1024,15661502139,18,17,3,0,2,18,34,34,39,False
4436,15079495784,15,11,4,0,3,35,31,31,19,False
7785,13943039298,3,18,4,0,1,10,9,9,8,False
918,15661502139,13,1,1,0,3,29,46,46,39,False
13085,19834840803,46,2,3,0,2,28,14,14,1,False
11091,18636055184,8,9,4,0,1,33,4,4,9,False
8745,16630722126,10,1,2,0,3,31,27,27,19,False
9441,17331496902,13,14,1,0,2,34,46,46,39,False
2547,17807329663,40,24,4,0,0,17,18,18,39,False
713,15260233525,8,9,4,0,3,2,4,4,39,False
7713,13943039298,31,8,2,0,3,36,8,8,9,False
14117,19948700293,45,5,4,0,3,2,44,44,39,False
8139,15165929133,6,41,4,0,2,32,39,39,39,True
2136,17713196465,30,4,4,0,2,30,32,32,39,False
11362,18664891854,28,11,4,0,0,39,10,10,24,False
14088,19948700293,16,19,4,0,2,18,24,24,39,False
3308,19970957519,40,11,2,0,1,37,17,17,9,False
13234,19834840803,45,8,4,0,3,38,40,40,39,False
3726,13130819298,7,9,4,0,1,30,7,7,0,False
8902,16630722126,25,26,4,0,3,4,6,6,39,False
3821,13130819298,2,22,4,0,0,34,27,27,9,False
8356,15167050060,23,6,1,0,0,18,5,5,1,False
1538,15735414945,34,7,4,0,1,6,5,5,9,False
10869,18636055184,37,2,1,0,1,9,1,1,1,True
13905,19948700293,49,0,4,0,0,0,10,10,39,False
12224,18765816132,38,0,4,0,1,27,24,24,9,False
2284,17713196465,28,4,4,0,2,2,8,8,15,False
4276,15079495784,6,9,1,0,0,10,7,7,8,False
11091,18636055184,8,1,4,0,1,40,4,4,1,False
3099,19831701219,32,1,4,0,2,15,46,46,39,False
9381,16726368276,3,1,4,0,1,5,10,10,39,False
8224,15165929133,41,7,4,0,2,16,0,0,24,False
4490,15079495784,19,18,4,0,0,26,16,16,9,False
9318,16726368276,40,17,4,0,3,16,9,9,9,True
10718,18365196069,36,0,4,0,0,43,7,7,9,False
7139,13401917913,9,1,2,0,3,2,32,32,39,False
3956,13670356740,37,1,1,0,3,39,6,6,19,False
4091,13670356740,21,3,4,0,1,25,0,0,9,False
13864,19948700293,8,0,4,0,3,16,39,39,39,True
6704,19881266563,26,7,4,0,0,28,21,21,8,False
7043,13074255915,14,30,4,0,3,33,40,40,39,False
12336,18989781863,49,2,2,0,3,17,48,48,39,False
4142,13670356740,22,9,4,0,2,4,25,25,39,False
18,13513580369,19,4,1,0,0,29,8,8,9,False
4719,15797725211,47,8,2,0,1,6,5,5,0,False
11379,18664891854,45,10,4,0,2,22,44,44,39,False
3298,19970957519,30,7,2,0,0,22,8,8,20,False
1623,17623708813,19,15,1,0,1,29,43,43,39,False
2751,18991311567,43,17,2,0,2,2,15,15,39,False
144,13513580369,44,5,3,0,0,15,43,43,39,False
10600,18365196069,18,8,3,0,1,41,40,40,0,False
9871,17527328008,41,10,2,0,3,17,24,24,1,False
4111,13670356740,41,9,4,0,2,2,0,0,0,True
1168,15661502139,14,1,4,0,2,25,28,28,8,False
10804,18365196069,22,13,4,0,1,3,9,9,9,True
1924,17623708813,19,16,4,0,0,36,16,16,9,False
4151,13670356740,31,5,4,0,3,31,13,13,9,False
13092,19834840803,3,19,4,0,3,32,40,40,39,False
1127,15661502139,21,9,4,0,3,2,19,19,39,False
13188,19834840803,49,2,4,0,2,32,39,39,39,True
7714,13943039298,32,8,2,0,1,15,8,8,0,False
13258,19834840803,19,2,4,0,3,40,33,33,1,False
8932,16630722126,5,9,4,0,2,27,40,40,0,False
7594,13630678332,13,4,4,0,3,37,39,39,19,False
7426,13401917913,46,0,4,0,3,43,39,39,9,False
8768,16630722126,33,12,2,0,1,18,8,8,9,False
4258,13670356740,38,18,4,0,3,2,17,17,39,False
6539,19881266563,12,4,4,0,1,27,13,13,9,False
458,13932780308,7,8,3,0,0,22,23,23,20,False
12732,19550593600,44,3,3,0,3,36,21,21,1,False
11545,18758415613,11,13,1,0,2,22,28,28,39,False
3418,19970957519,50,43,4,0,0,30,41,41,39,False
12576,18989781863,39,9,4,0,3,17,24,24,39,False
10488,18365196069,7,2,1,0,1,32,39,39,39,True
12120,18765816132,34,8,4,0,2,11,14,14,0,False
12303,18989781863,16,6,2,0,3,4,6,6,39,False
8481,15167050060,47,14,3,0,2,23,29,29,39,False
155,13513580369,5,9,4,0,2,5,39,39,39,True
13373,19859608897,33,8,2,0,2,30,38,38,39,False
11183,18636055184,50,10,4,0,3,40,32,32,1,False
2658,18991311567,1,5,1,0,0,19,11,11,1,False
10888,18636055184,5,0,2,0,1,32,30,30,9,False
9041,16630722126,14,4,4,0,2,22,29,29,39,False
1013,15661502139,7,10,3,0,3,37,31,31,19,False
401,13932780308,51,5,1,0,3,18,11,11,9,False
3859,13130819298,40,21,4,0,0,32,17,17,1,False
9748,17331496902,19,14,4,0,3,16,9,9,9,True
8377,15167050060,44,1,1,0,3,14,16,16,39,False
7270,13401917913,40,5,4,0,3,15,45,45,39,False
8745,16630722126,10,2,2,0,0,32,27,27,13,False
6865,13074255915,36,6,3,0,3,33,41,41,39,False
10115,17527328008,35,3,4,0,2,3,19,19,39,False
5522,18702113651,48,13,4,0,3,18,8,8,9,False
8061,15165929133,28,2,2,0,0,9,16,16,1,False
11778,18758415613,43,2,4,0,2,18,47,47,39,False
3317,19970957519,49,8,2,0,0,25,5,5,19,False
1770,17623708813,15,2,4,0,0,40,2,2,1,False
2814,18991311567,6,35,4,0,2,40,46,46,39,False
2180,17713196465,24,5,4,0,3,22,31,31,39,False
5424,18702113651,50,6,2,0,2,12,26,26,39,False
14029,19948700293,7,0,4,0,3,45,25,25,20,False
3173,19831701219,6,10,4,0,1,31,21,21,9,False
7928,13943039298,46,7,4,0,2,15,31,31,39,False
7526,13630678332,45,11,2,0,3,17,12,12,20,False
11507,18664891854,23,13,4,0,0,22,8,8,1,False
13381,19859608897,41,7,2,0,2,10,9,9,0,False
7588,13630678332,7,1,4,0,1,5,2,2,9,False
2807,18991311567,49,0,3,0,0,17,33,33,39,False
3841,13130819298,22,4,4,0,2,16,8,8,9,False
8275,15165929133,42,1,4,0,3,16,12,12,12,True
11773,18758415613,38,0,4,0,3,1,40,40,9,False
3526,19970957519,8,6,4,0,2,18,47,47,39,False
10350,17731093916,19,15,4,0,0,38,10,10,0,False
3506,19970957519,38,9,4,0,2,15,16,16,24,False
541,13932780308,40,9,4,0,0,46,39,39,20,False
5582,18702113651,8,5,4,0,3,10,25,25,39,False
13556,19859608897,16,0,4,0,2,13,39,39,39,True
1323,15735414945,18,4,2,0,3,29,17,17,19,False
4200,13670356740,30,9,4,0,3,37,26,26,19,False
6725,19881266563,47,20,4,0,1,39,16,16,9,False
6216,19852999776,40,2,4,0,3,31,11,11,1,False
1926,17623708813,21,4,4,0,2,2,0,0,24,False
13247,19834840803,8,14,4,0,2,34,40,40,24,False
11630,18758415613,45,2,2,0,1,46,24,24,24,True
8074,15165929133,41,0,2,0,0,38,48,48,39,False
7581,13630678332,50,0,3,0,0,9,18,18,39,False
4005,13670356740,35,7,2,0,0,17,38,38,39,False
5544,18702113651,20,1,4,0,2,6,27,27,39,False
7077,13074255915,48,2,4,0,3,46,47,47,19,False
2879,19831701219,13,0,1,0,0,19,1,1,20,False
2656,17807329663,49,3,4,0,0,24,17,17,8,False
1928,17623708813,23,58,4,0,2,3,16,16,39,False
3553,19970957519,35,20,4,0,3,28,14,14,1,False
1408,15735414945,3,31,4,0,2,27,9,9,0,False
13084,19834840803,45,11,3,0,2,33,39,39,39,True
6303,19852999776,27,8,4,0,3,11,19,19,39,False
4738,15797725211,16,4,3,0,0,34,6,6,9,False
7442,13630678332,12,6,1,0,3,33,41,41,39,False
2722,18991311567,14,4,2,0,1,36,23,23,9,False
4438,15079495784,17,9,4,0,1,26,6,6,9,False
4030,13670356740,10,7,3,0,0,31,23,23,9,False
399,13932780308,49,7,1,0,1,12,11,11,9,False
10299,17731093916,18,22,4,0,1,13,19,19,0,False
6655,19881266563,28,3,4,0,1,9,16,16,1,False
558,15260233525,6,3,1,0,2,8,7,7,0,False
437,13932780308,36,6,2,0,3,2,11,11,39,False
7472,13630678332,42,5,1,0,1,15,8,8,0,False
10748,18365196069,16,1,4,0,3,30,31,31,20,False
11239,18664891854,5,7,2,0,1,33,25,25,9,False
13247,19834840803,8,5,4,0,2,20,40,40,9,False
10029,17527328008,49,30,4,0,0,23,1,1,8,False
568,15260233525,16,10,1,0,3,28,21,21,39,False
6948,13074255915,19,12,4,0,2,16,15,15,9,False
5436,18702113651,12,8,3,0,3,32,2,2,1,False
1457,15735414945,3,5,4,0,2,23,46,46,39,False
3382,19970957519,14,15,4,0,1,33,14,14,9,False
464,13932780308,13,3,3,0,3,18,10,10,9,False
6097,19852999776,21,6,2,0,1,36,30,30,9,False
13496,19859608897,6,3,4,0,2,3,40,40,39,False
8799,16630722126,14,5,3,0,2,4,9,9,24,False
2002,17713196465,47,1,1,0,3,14,8,8,39,False
5851,18802233956,26,15,4,0,2,4,25,25,39,False
1554,15735414945,50,10,4,0,0,31,24,24,9,False
4579,15079495784,8,0,4,0,1,40,11,11,1,False
3106,19831701219,39,28,4,0,2,26,33,33,39,False
11753,18758415613,18,12,4,0,2,33,39,39,39,True
7043,13074255915,14,21,4,0,3,25,40,40,39,False
3903,13130819298,34,17,4,0,1,36,9,9,9,True
7784,13943039298,2,0,4,0,1,27,8,8,9,False
5523,18702113651,49,26,4,0,0,30,23,23,20,False
3545,19970957519,27,19,4,0,2,22,42,42,39,False
2586,17807329663,29,4,4,0,0,31,2,2,9,False
13190,19834840803,1,11,4,0,2,32,40,40,0,False
8987,16630722126,10,10,4,0,0,16,2,2,9,False
4586,15079495784,15,15,4,0,0,15,1,1,9,False
3103,19831701219,36,3,4,0,3,25,37,37,24,False
1765,17623708813,10,17,4,0,1,26,13,13,9,False
1549,15735414945,45,52,4,0,1,37,9,9,9,True
11804,18758415613,19,14,4,0,3,25,26,26,20,False
3844,13130819298,25,8,4,0,2,12,19,19,39,False
4692,15797725211,20,8,2,0,1,17,16,16,8,False
10782,18365196069,50,19,4,0,3,7,8,8,19,False
6647,19881266563,20,51,4,0,2,24,23,23,9,False
4387,15079495784,16,7,3,0,0,10,9,9,20,False
10779,18365196069,47,7,4,0,1,45,10,10,13,False
1337,15735414945,32,12,2,0,0,19,12,12,1,False
5302,18053307086,29,39,4,0,3,18,0,0,9,False
6801,13074255915,22,5,2,0,2,6,45,45,39,False
7740,13943039298,8,1,3,0,1,9,36,36,1,False
4139,13670356740,19,11,4,0,3,12,16,16,9,False
1895,17623708813,40,8,4,0,1,6,27,27,39,False
7996,15165929133,14,4,1,0,0,12,23,23,20,False
2795,18991311567,37,5,3,0,3,29,23,23,40,False
9029,16630722126,2,8,4,0,0,41,25,25,8,False
11690,18758415613,5,6,4,0,3,28,8,8,1,False
13425,19859608897,35,1,3,0,1,18,9,9,9,True
673,15260233525,20,5,3,0,3,2,10,10,39,False
9526,17331496902,47,9,2,0,1,30,28,28,1,False
2845,18991311567,37,5,4,0,0,45,28,28,20,False
11087,18636055184,4,9,4,0,2,34,39,39,15,False
57,13513580369,7,0,2,0,3,29,45,45,20,False
9183,16726368276,5,10,3,0,1,30,28,28,0,False
1939,17623708813,34,9,4,0,3,11,10,10,9,False
2694,18991311567,37,8,1,0,0,22,15,15,20,False
2548,17807329663,41,19,4,0,3,25,34,34,39,False
4910,15797725211,38,39,4,0,2,18,41,41,39,False
1319,15735414945,14,5,2,0,0,25,3,3,9,False
4094,13670356740,24,11,4,0,0,22,7,7,0,False
5376,18702113651,2,10,2,0,1,11,9,9,0,False
11341,18664891854,7,21,4,0,1,40,48,48,39,False
10540,18365196069,8,0,2,0,0,38,8,8,1,False
6995,13074255915,16,7,4,0,3,32,5,5,10,False
12698,19550593600,10,2,3,0,0,35,8,8,13,False
4867,15797725211,45,5,4,0,0,24,25,25,24,False
3519,19970957519,1,8,4,0,0,38,25,25,1,False
4845,15797725211,23,17,4,0,2,24,16,16,9,False
10378,17731093916,47,15,4,0,1,23,21,21,8,False
1248,15661502139,44,15,4,0,3,11,41,41,39,False
4979,18053307086,7,2,1,0,3,28,15,15,1,False
2325,17807329663,19,7,1,0,2,23,31,31,39,False
13208,19834840803,19,3,4,0,3,2,34,34,39,False
4330,15079495784,9,11,2,0,0,42,47,47,13,False
8649,15167050060,15,7,4,0,3,38,39,39,39,True
530,13932780308,29,22,4,0,3,39,47,47,39,False
11511,18664891854,27,1,4,0,0,25,9,9,8,False
8843,16630722126,16,3,3,0,3,31,39,39,39,True
6278,19852999776,2,5,4,0,1,13,27,27,39,False
2131,17713196465,25,14,4,0,1,13,31,31,39,False
1027,15661502139,21,3,3,0,2,22,41,41,39,False
2626,17807329663,19,3,4,0,0,38,2,2,9,False
8645,15167050060,11,3,4,0,1,40,48,48,39,False
6321,19852999776,45,12,4,0,1,12,0,0,9,False
5216,18053307086,43,11,4,0,3,28,8,8,16,False
7065,13074255915,36,12,4,0,1,16,15,15,8,False
10654,18365196069,22,14,4,0,2,3,5,5,39,False
3722,13130819298,3,4,4,0,3,14,41,41,39,False
11290,18664891854,6,9,3,0,3,44,45,45,20,False
1647,17623708813,43,16,1,0,3,45,46,46,20,False
999,15661502139,43,4,2,0,1,11,9,9,0,False
12530,18989781863,43,7,4,0,2,11,9,9,24,False
8222,15165929133,39,5,4,0,0,33,5,5,9,False
1892,17623708813,37,36,4,0,2,10,16,16,39,False
3881,13130819298,12,18,4,0,0,25,17,17,24,False
5978,18802233956,3,20,4,0,3,11,18,18,39,False
14116,19948700293,44,10,4,0,1,33,25,25,9,False
1229,15661502139,25,11,4,0,3,31,10,10,24,False
10753,18365196069,21,7,4,0,0,32,27,27,20,False
4845,15797725211,23,15,4,0,1,24,16,16,9,False
5006,18053307086,34,5,1,0,1,33,31,31,9,False
7579,13630678332,48,10,3,0,1,5,2,2,20,False
2415,17807329663,8,11,3,0,3,10,38,38,39,False
8919,16630722126,42,11,4,0,1,13,11,11,0,False
5056,18053307086,33,6,2,0,1,29,46,46,39,False
11433,18664891854,49,18,4,0,3,33,41,41,39,False
1115,15661502139,9,26,4,0,2,20,25,25,9,False
1470,15735414945,16,3,4,0,0,25,3,3,9,False
9262,16726368276,34,6,4,0,1,16,8,8,8,True
181,13513580369,31,0,4,0,1,39,29,29,8,False
4065,13670356740,45,2,3,0,0,45,2,2,20,False
10793,18365196069,11,13,4,0,3,17,24,24,24,True
11596,18758415613,11,1,2,0,1,48,33,33,13,False
4020,13670356740,50,2,2,0,3,26,20,20,20,True
7391,13401917913,11,10,4,0,2,23,36,36,39,False
4792,15797725211,20,2,4,0,2,6,20,20,39,False
12209,18765816132,23,1,4,0,0,24,15,15,9,False
8575,15167050060,41,17,4,0,0,28,14,14,9,False
7663,13943039298,32,23,1,0,3,46,48,48,20,False
3319,19970957519,1,18,3,0,3,37,31,31,19,False
1082,15661502139,26,0,4,0,0,40,13,13,1,False
1775,17623708813,20,0,4,0,3,32,25,25,9,False
165,13513580369,15,20,4,0,0,46,39,39,20,False
1586,15735414945,32,2,4,0,3,10,19,19,19,True
6928,13074255915,49,6,4,0,2,24,40,40,39,False
13334,19859608897,45,8,1,0,1,3,9,9,9,True
12319,18989781863,32,3,2,0,1,34,13,13,0,False
4186,13670356740,16,11,4,0,1,13,18,18,39,False
2294,17713196465,38,14,4,0,2,28,32,32,39,False
4027,13670356740,7,8,3,0,1,19,18,18,20,False
9821,17527328008,42,3,1,0,1,45,24,24,20,False
4742,15797725211,20,3,3,0,2,28,25,25,19,False
7300,13401917913,20,13,4,0,1,20,19,19,9,False
6864,13074255915,35,1,3,0,1,36,7,7,1,False
3768,13130819298,49,4,4,0,3,29,39,39,39,True
4661,15797725211,40,1,1,0,3,43,22,22,1,False
476,13932780308,25,1,3,0,2,6,20,20,39,False
6878,13074255915,49,7,3,0,0,22,8,8,0,False
12600,19550593600,13,6,1,0,0,32,48,48,9,False
13774,19948700293,33,0,3,0,3,21,19,19,19,True
5301,18053307086,28,6,4,0,2,29,43,43,24,False
5423,18702113651,49,3,2,0,3,11,26,26,20,False
1934,17623708813,29,6,4,0,1,10,15,15,0,False
8790,16630722126,5,0,3,0,3,8,20,20,20,True
4778,15797725211,6,25,4,0,1,25,16,16,24,False
11343,18664891854,9,6,4,0,3,19,18,18,20,False
13055,19834840803,16,1,3,0,3,37,39,39,19,False
357,13932780308,7,0,1,0,0,7,2,2,39,False
6796,13074255915,17,2,2,0,3,17,19,19,20,False
5483,18702113651,9,3,4,0,1,19,8,8,20,False
1805,17623708813,50,15,4,0,1,11,10,10,0,False
6672,19881266563,45,16,4,0,1,24,1,1,9,False
5127,18053307086,4,8,4,0,2,18,11,11,9,False
4965,15797725211,43,15,4,0,0,25,3,3,0,False
7628,13630678332,47,3,4,0,0,17,20,20,19,False
4535,15079495784,14,18,4,0,1,15,7,7,0,False
7333,13401917913,3,2,4,0,0,15,16,16,39,False
11360,18664891854,26,7,4,0,3,31,25,25,8,False
4176,13670356740,6,7,4,0,3,22,23,23,39,False
7942,13943039298,10,5,4,0,0,33,13,13,9,False
5419,18702113651,45,3,2,0,1,19,33,33,20,False
2424,17807329663,17,5,3,0,1,37,21,21,0,False
4470,15079495784,49,18,4,0,0,37,29,29,9,False
4583,15079495784,12,31,4,0,0,16,46,46,39,False
2058,17713196465,2,5,3,0,2,6,20,20,39,False
3198,19831701219,31,11,4,0,1,27,13,13,9,False
9285,16726368276,7,4,4,0,1,33,16,16,0,False
81,13513580369,31,15,2,0,0,9,24,24,1,False
11206,18664891854,23,15,1,0,1,40,39,39,1,False
1131,15661502139,25,3,4,0,3,17,25,25,39,False
11756,18758415613,21,7,4,0,0,23,8,8,8,True
3383,19970957519,15,5,4,0,0,30,39,39,39,True
7015,13074255915,36,4,4,0,3,14,21,21,39,False
3600,13130819298,32,0,1,0,3,2,16,16,39,False
4479,15079495784,8,13,4,0,0,30,47,47,24,False
9003,16630722126,26,12,4,0,1,10,8,8,8,True
7399,13401917913,19,0,4,0,0,45,32,32,20,False
11954,18765816132,18,14,2,0,3,7,9,9,9,True
8542,15167050060,8,9,4,0,1,31,8,8,9,False
1735,17623708813,30,7,3,0,3,35,36,36,39,False
6297,19852999776,21,16,4,0,2,10,29,29,39,False
10463,17731093916,32,10,4,0,2,12,19,19,39,False
3149,19831701219,32,4,4,0,0,17,18,18,39,False
505,13932780308,4,11,4,0,2,17,33,33,39,False
9155,16726368276,27,1,2,0,3,7,29,29,39,False
1237,15661502139,33,7,4,0,2,23,8,8,24,False
12908,19550593600,20,24,4,0,3,16,7,7,24,False
12223,18765816132,37,10,4,0,2,31,39,39,39,True
1797,17623708813,42,1,4,0,0,20,10,10,15,False
2015,17713196465,9,2,2,0,2,15,22,22,9,False
8523,15167050060,39,32,4,0,1,1,2,2,9,False
13862,19948700293,6,13,4,0,1,4,14,14,15,False
5696,18802233956,22,4,1,0,2,10,16,16,39,False
2709,18991311567,1,0,2,0,0,45,42,42,20,False
1282,15735414945,28,13,1,0,1,19,31,31,9,False
6545,19881266563,18,3,4,0,1,9,39,39,39,True
3222,19970957519,5,10,1,0,0,23,16,16,1,False
7520,13630678332,39,4,2,0,2,37,43,43,39,False
1139,15661502139,33,4,4,0,1,25,36,36,24,False
3252,19970957519,35,3,1,0,2,22,36,36,39,False
1392,15735414945,37,14,3,0,2,12,33,33,39,False
5549,18702113651,25,11,4,0,2,18,25,25,24,False
6249,19852999776,23,10,4,0,3,2,4,4,39,False
5741,18802233956,16,0,2,0,3,43,42,42,9,False
1767,17623708813,12,10,4,0,0,22,27,27,39,False
880,15260233525,25,7,4,0,0,19,1,1,0,False
6595,19881266563,18,28,4,0,1,12,20,20,39,False
225,13513580369,25,12,4,0,3,28,15,15,16,False
6666,19881266563,39,2,4,0,0,25,28,28,24,False
1401,15735414945,46,15,3,0,1,30,24,24,1,False
6877,13074255915,48,9,3,0,3,2,12,12,39,False
12596,19550593600,9,2,1,0,0,32,13,13,1,False
6943,13074255915,14,4,4,0,0,8,25,25,39,False
1400,15735414945,45,3,3,0,1,12,10,10,9,False
8794,16630722126,9,3,3,0,2,15,21,21,24,False
8958,16630722126,31,21,4,0,3,33,39,39,39,True
3429,19970957519,11,4,4,0,0,10,7,7,20,False
10817,18365196069,35,0,4,0,0,24,27,27,9,False
5984,18802233956,9,0,4,0,1,11,0,0,39,False
954,15661502139,49,20,1,0,0,9,10,10,1,False
3518,19970957519,50,4,4,0,3,25,24,24,24,True
3068,19831701219,1,0,4,0,2,17,38,38,39,False
1045,15661502139,39,13,3,0,3,32,19,19,13,False
12767,19550593600,26,7,4,0,3,46,47,47,19,False
1762,17623708813,7,35,4,0,3,28,41,41,39,False
1152,15661502139,46,16,4,0,0,23,24,24,8,False
1078,15661502139,22,19,4,0,0,9,23,23,39,False
3160,19831701219,43,2,4,0,0,26,3,3,1,False
2636,17807329663,29,16,4,0,3,32,18,18,2,False
7812,13943039298,30,1,4,0,1,39,10,10,8,False
4798,15797725211,26,15,4,0,0,18,10,10,9,False
4176,13670356740,6,1,4,0,2,9,23,23,39,False
4578,15079495784,7,15,4,0,1,38,15,15,0,False
740,15260233525,35,10,4,0,0,19,5,5,9,False
9387,16726368276,9,3,4,0,1,11,10,10,9,False
1793,17623708813,38,47,4,0,3,35,34,34,19,False
7755,13943039298,23,2,3,0,2,0,31,31,39,False
8125,15165929133,42,4,3,0,2,15,36,36,39,False
4618,15079495784,47,6,4,0,2,16,24,24,24,True
7702,13943039298,20,19,2,0,1,9,1,1,1,True
10651,18365196069,19,11,4,0,1,32,24,24,9,False
11655,18758415613,20,0,3,0,1,34,20,20,0,False
1709,17623708813,4,1,3,0,3,14,35,35,9,False
6481,19881266563,4,15,3,0,2,31,37,37,9,False
8198,15165929133,15,16,4,0,1,3,8,8,0,False
7356,13401917913,26,4,4,0,0,14,1,1,1,True
5826,18802233956,1,100,4,0,3,38,16,16,9,False
12477,18989781863,40,9,4,0,0,17,1,1,0,False
5566,18702113651,42,11,4,0,0,45,37,37,20,False
10442,17731093916,11,0,4,0,1,8,36,36,39,False
10978,18636055184,45,2,3,0,0,32,27,27,13,False
5578,18702113651,4,4,4,0,3,18,5,5,9,False
6900,13074255915,21,20,4,0,0,37,29,29,9,False
4914,15797725211,42,2,4,0,3,15,16,16,19,False
4425,15079495784,4,19,4,0,2,1,0,0,9,False
11923,18765816132,38,0,1,0,3,14,12,12,19,False
6040,19852999776,15,2,1,0,2,26,31,31,39,False
1670,17623708813,15,13,2,0,0,15,21,21,9,False
5565,18702113651,41,1,4,0,2,4,25,25,39,False
2014,17713196465,8,7,2,0,1,38,22,22,0,False
12402,18989781863,15,4,4,0,1,9,0,0,1,False
6844,13074255915,15,6,3,0,2,18,45,45,39,False
8173,15165929133,40,0,4,0,0,20,2,2,15,False
5194,18053307086,21,5,4,0,1,30,21,21,0,False
5199,18053307086,26,8,4,0,2,3,19,19,39,False
3179,19831701219,12,19,4,0,3,12,41,41,39,False
5396,18702113651,22,0,2,0,0,44,10,10,20,False
6891,13074255915,12,1,4,0,1,40,26,26,39,False
9752,17331496902,23,3,4,0,0,23,2,2,20,False
12666,19550593600,23,8,2,0,3,16,32,32,39,False
5224,18053307086,1,8,4,0,2,15,39,39,39,True
1573,15735414945,19,51,4,0,2,3,16,16,39,False
8557,15167050060,23,9,4,0,0,21,14,14,19,False
12540,18989781863,3,1,4,0,3,15,16,16,39,False
13287,19834840803,48,4,4,0,3,32,20,20,10,False
10941,18636055184,8,8,3,0,1,22,29,29,0,False
4501,15079495784,30,12,4,0,3,22,23,23,39,False
12186,18765816132,50,15,4,0,2,31,9,9,24,False
5082,18053307086,9,10,3,0,1,4,11,11,24,False
13183,19834840803,44,0,4,0,3,3,20,20,39,False
10807,18365196069,25,4,4,0,3,2,19,19,39,False
13862,19948700293,6,1,4,0,2,6,14,14,9,False
6560,19881266563,33,13,4,0,1,37,1,1,9,False
11777,18758415613,42,1,4,0,3,8,32,32,39,False
10291,17731093916,10,7,4,0,2,31,39,39,24,False
704,15260233525,1,15,4,0,0,31,21,21,9,False
6270,19852999776,44,8,4,0,3,12,5,5,9,False
3864,13130819298,45,25,4,0,1,2,0,0,0,True
2174,17713196465,18,48,4,0,0,28,6,6,19,False
8592,15167050060,8,5,4,0,1,24,9,9,9,True
1823,17623708813,18,4,4,0,0,24,11,11,8,False
8178,15165929133,45,6,4,0,1,34,11,11,9,False
10776,18365196069,44,6,4,0,0,45,3,3,20,False
7824,13943039298,42,5,4,0,0,40,2,2,1,False
6424,19881266563,48,2,1,0,2,28,24,24,24,True
10660,18365196069,28,1,4,0,1,1,8,8,9,False
14022,19948700293,33,3,4,0,0,35,8,8,9,False
2235,17713196465,29,17,4,0,1,44,43,43,9,False
2092,17713196465,36,27,3,0,0,10,24,24,39,False
4904,15797725211,32,16,4,0,0,27,2,2,0,False
11665,18758415613,30,5,3,0,0,18,13,13,9,False
11263,18664891854,29,8,2,0,0,29,22,22,9,False
5572,18702113651,48,7,4,0,0,25,10,10,8,False
6703,19881266563,25,11,4,0,3,30,46,46,39,False
7450,13630678332,20,0,1,0,1,48,24,24,1,False
12905,19550593600,17,0,4,0,0,43,39,39,9,False
10048,17527328008,18,12,4,0,3,37,31,31,12,False
3029,19831701219,12,20,4,0,2,12,32,32,39,False
11253,18664891854,19,2,2,0,0,41,27,27,20,False
7933,13943039298,1,9,4,0,3,16,9,9,24,False
9705,17331496902,26,3,4,0,2,7,16,16,39,False
3882,13130819298,13,7,4,0,2,29,44,44,24,False
6163,19852999776,37,3,3,0,1,12,1,1,9,False
5125,18053307086,2,15,4,0,3,28,21,21,39,False
9916,17527328008,36,9,3,0,2,25,41,41,19,False
3607,13130819298,39,0,1,0,2,16,7,7,24,False
13346,19859608897,6,1,2,0,2,20,40,40,15,False
8548,15167050060,14,8,4,0,2,20,41,41,39,False
1725,17623708813,20,17,3,0,3,36,31,31,20,False
377,13932780308,27,8,1,0,0,7,0,0,9,False
9587,17331496902,8,2,4,0,2,23,36,36,39,False
11773,18758415613,38,12,4,0,3,37,40,40,39,False
6920,13074255915,41,23,4,0,0,31,24,24,9,False
11006,18636055184,23,11,4,0,1,30,29,29,9,False
8176,15165929133,43,21,4,0,3,23,9,9,24,False
5686,18802233956,12,5,1,0,2,2,14,14,39,False
1297,15735414945,43,3,1,0,1,17,7,7,0,False
1780,17623708813,25,9,4,0,2,30,46,46,39,False
10443,17731093916,12,1,4,0,1,8,41,41,39,False
7872,13943039298,40,1,4,0,1,46,42,42,8,False
9341,16726368276,13,8,4,0,0,26,19,19,19,True
8839,16630722126,12,2,3,0,0,30,7,7,1,False
5200,18053307086,27,20,4,0,2,12,19,19,39,False
5123,18053307086,50,0,3,0,1,9,7,7,1,False
6463,19881266563,36,4,2,0,3,8,11,11,1,False
12751,19550593600,10,12,4,0,3,30,39,39,39,True
4581,15079495784,10,7,4,0,2,28,18,18,24,False
9034,16630722126,7,1,4,0,1,40,11,11,1,False
3922,13670356740,3,2,1,0,0,35,7,7,9,False
5605,18702113651,31,2,4,0,1,33,24,24,9,False
12778,19550593600,37,7,4,0,2,22,46,46,39,False
3563,19970957519,45,4,4,0,3,31,25,25,1,False
4494,15079495784,23,39,4,0,1,10,16,16,8,False
2534,17807329663,27,4,4,0,1,37,2,2,9,False
2094,17713196465,38,2,3,0,3,14,19,19,39,False
5484,18702113651,10,5,4,0,2,10,29,29,20,False
8832,16630722126,5,3,3,0,2,4,10,10,24,False
6441,19881266563,14,0,2,0,3,43,35,35,9,False
6912,13074255915,33,42,4,0,0,46,39,39,19,False
9297,16726368276,19,9,4,0,2,23,37,37,39,False
1838,17623708813,5,4,4,0,0,38,9,9,9,True
1340,15735414945,35,10,2,0,1,27,12,12,0,False
12872,19550593600,34,22,4,0,3,22,14,14,8,False
412,13932780308,11,5,2,0,2,28,35,35,39,False
6188,19852999776,12,15,4,0,3,12,5,5,9,False
4911,15797725211,39,11,4,0,0,33,10,10,9,False
6433,19881266563,6,14,2,0,2,10,17,17,39,False
2475,17807329663,18,1,4,0,3,9,45,45,39,False
12958,19834840803,20,4,1,0,1,33,27,27,9,False
12454,18989781863,17,1,4,0,0,16,9,9,9,True
4015,13670356740,45,3,2,0,0,35,8,8,13,False
5969,18802233956,44,9,4,0,1,33,44,44,9,False
4609,15079495784,38,11,4,0,1,30,44,44,39,False
9935,17527328008,5,28,4,0,0,15,8,8,0,False
2243,17713196465,37,6,4,0,1,25,17,17,24,False
10795,18365196069,13,4,4,0,0,40,23,23,1,False
8333,15165929133,50,15,4,0,0,15,8,8,9,False
9810,17527328008,31,6,1,0,0,22,14,14,0,False
10295,17731093916,14,10,4,0,2,12,19,19,9,False
2943,19831701219,26,7,2,0,0,35,8,8,13,False
1476,15735414945,22,3,4,0,0,31,25,25,1,False
2554,17807329663,47,21,4,0,2,28,32,32,39,False
13803,19948700293,12,3,4,0,2,10,1,1,39,False
2839,18991311567,31,27,4,0,3,19,15,15,9,False
4883,15797725211,11,5,4,0,1,31,30,30,9,False
8311,15165929133,28,11,4,0,2,30,38,38,39,False
5132,18053307086,9,31,4,0,0,14,0,0,1,False
11411,18664891854,27,12,4,0,1,33,25,25,0,False
5888,18802233956,13,14,4,0,0,26,10,10,24,False
13946,19948700293,40,9,4,0,0,31,24,24,8,False
10278,17731093916,47,15,3,0,1,8,1,1,1,True
3703,13130819298,34,11,3,0,0,22,24,24,20,False
1853,17623708813,20,8,4,0,2,39,36,36,9,False
5982,18802233956,7,1,4,0,1,48,38,38,17,False
1710,17623708813,5,1,3,0,1,29,45,45,20,False
13746,19948700293,5,0,3,0,3,8,20,20,20,True
5260,18053307086,37,6,4,0,1,12,16,16,9,False
3291,19970957519,23,0,2,0,1,33,0,0,0,True
4256,13670356740,36,2,4,0,0,15,5,5,24,False
467,13932780308,16,10,3,0,3,28,30,30,39,False
3108,19831701219,41,17,4,0,3,18,15,15,9,False
6841,13074255915,12,9,3,0,3,46,47,47,39,False
9272,16726368276,44,3,4,0,2,11,14,14,39,False
2220,17713196465,14,15,4,0,2,12,32,32,39,False
11299,18664891854,15,7,3,0,0,32,4,4,1,False
5909,18802233956,34,1,4,0,2,0,11,11,24,False
1095,15661502139,39,54,4,0,0,44,36,36,13,False
12047,18765816132,11,10,4,0,1,40,39,39,1,False
9783,17527328008,4,32,1,0,1,27,34,34,0,False
4128,13670356740,8,3,4,0,1,23,43,43,39,False
1918,17623708813,13,5,4,0,3,17,25,25,39,False
6672,19881266563,45,11,4,0,2,26,1,1,9,False
5665,18702113651,41,6,4,0,0,46,39,39,20,False
9949,17527328008,19,4,4,0,1,23,22,22,8,False
10162,17731093916,32,5,1,0,1,8,1,1,1,True
13475,19859608897,35,8,4,0,1,17,21,21,0,False
1754,17623708813,49,3,3,0,2,15,39,39,39,True
12428,18989781863,41,2,4,0,2,15,17,17,39,False
7892,13943039298,10,4,4,0,3,18,5,5,1,False
3305,19970957519,37,0,2,0,0,44,17,17,20,False
11204,18664891854,21,5,1,0,3,45,48,48,19,False
1372,15735414945,17,3,3,0,2,23,40,40,39,False
5718,18802233956,44,7,1,0,2,23,44,44,39,False
10728,18365196069,46,6,4,0,1,46,31,31,24,False
7207,13401917913,27,5,3,0,1,9,21,21,1,False
3770,13130819298,1,2,4,0,1,17,38,38,39,False
397,13932780308,47,9,1,0,1,17,24,24,39,False
973,15661502139,17,3,2,0,2,2,1,1,39,False
7189,13401917913,9,0,3,0,0,22,19,19,20,False
6218,19852999776,42,7,4,0,1,24,10,10,24,False
13079,19834840803,40,11,3,0,1,23,15,15,24,False
2374,17807329663,17,7,2,0,1,13,25,25,39,False
5219,18053307086,46,1,4,0,1,46,43,43,8,False
9035,16630722126,8,13,4,0,0,25,4,4,8,False
6491,19881266563,14,6,3,0,1,26,10,10,1,False
14084,19948700293,12,8,4,0,0,31,24,24,8,False
2701,18991311567,44,7,1,0,2,2,9,9,39,False
3848,13130819298,29,10,4,0,2,31,43,43,9,False
7189,13401917913,9,12,3,0,3,4,19,19,39,False
3356,19970957519,38,4,3,0,3,8,6,6,12,False
14072,19948700293,50,22,4,0,1,25,24,24,39,False
3382,19970957519,14,26,4,0,1,37,14,14,9,False
3027,19831701219,10,26,4,0,2,26,45,45,39,False
3232,19970957519,15,3,1,0,0,10,1,1,8,False
12186,18765816132,50,14,4,0,1,31,9,9,24,False
7944,13943039298,12,11,4,0,0,16,9,9,9,True
7619,13630678332,38,6,4,0,0,18,4,4,9,False
1810,17623708813,5,52,4,0,1,17,33,33,39,False
6440,19881266563,13,3,2,0,1,33,35,35,0,False
3624,13130819298,5,25,2,0,2,38,46,46,39,False
12604,19550593600,17,1,1,0,0,17,9,9,1,False
3677,13130819298,8,11,3,0,3,11,39,39,39,True
11654,18758415613,19,0,3,0,0,19,11,11,0,False
9293,16726368276,15,2,4,0,1,27,41,41,39,False
3632,13130819298,13,10,2,0,0,10,8,8,14,False
11710,18758415613,25,2,4,0,1,5,3,3,40,False
11489,18664891854,5,1,4,0,3,36,44,44,9,False
6181,19852999776,5,25,4,0,2,18,17,17,9,False
1108,15661502139,2,11,4,0,0,33,11,11,9,False
8212,15165929133,29,70,4,0,3,18,20,20,39,False
10599,18365196069,17,12,3,0,3,25,13,13,19,False
1132,15661502139,26,1,4,0,3,43,41,41,13,False
1223,15661502139,19,12,4,0,1,26,6,6,9,False
3615,13130819298,47,1,1,0,3,14,4,4,39,False
6473,19881266563,46,4,2,0,0,15,5,5,24,False
6693,19881266563,15,2,4,0,1,10,1,1,8,False
6701,19881266563,23,4,4,0,0,17,18,18,24,False
2520,17807329663,13,3,4,0,3,21,23,23,39,False
6737,13074255915,9,8,1,0,3,26,20,20,20,True
9431,17331496902,3,1,1,0,2,24,30,30,24,False
8531,15167050060,47,8,4,0,3,1,4,4,9,False
4556,15079495784,35,14,4,0,2,10,16,16,39,False
207,13513580369,7,2,4,0,1,17,39,39,39,True
3939,13670356740,20,3,1,0,2,38,39,39,24,False
11409,18664891854,25,14,4,0,3,4,13,13,39,False
1078,15661502139,22,23,4,0,2,17,23,23,39,False
1796,17623708813,41,125,4,0,1,43,0,0,9,False
7614,13630678332,33,15,4,0,0,40,17,17,1,False
6481,19881266563,4,4,3,0,3,16,37,37,39,False
12941,19834840803,3,2,1,0,3,8,3,3,20,False
6535,19881266563,8,3,4,0,2,0,4,4,24,False
12427,18989781863,40,14,4,0,2,13,20,20,39,False
10643,18365196069,11,8,4,0,0,44,21,21,8,False
4483,15079495784,12,18,4,0,1,36,1,1,9,False
7929,13943039298,47,15,4,0,1,16,15,15,8,False
1984,17713196465,29,9,1,0,1,3,2,2,9,False
6539,19881266563,12,34,4,0,1,31,13,13,9,False
13080,19834840803,41,19,3,0,1,40,39,39,1,False
4554,15079495784,33,27,4,0,2,18,33,33,39,False
5516,18702113651,42,10,4,0,0,21,37,37,19,False
7753,13943039298,21,4,3,0,1,33,32,32,9,False
6618,19881266563,41,10,4,0,3,17,27,27,39,False
370,13932780308,20,7,1,0,1,11,17,17,9,False
12801,19550593600,13,8,4,0,0,44,7,7,8,False
8808,16630722126,23,6,3,0,1,8,31,31,39,False
7294,13401917913,14,8,4,0,0,30,31,31,20,False
11691,18758415613,6,7,4,0,1,37,36,36,39,False
4353,15079495784,32,6,2,0,3,2,3,3,39,False
4374,15079495784,3,7,3,0,3,32,9,9,1,False
8946,16630722126,19,5,4,0,3,7,30,30,39,False
6099,19852999776,23,0,2,0,2,18,30,30,9,False
10504,18365196069,23,3,1,0,3,44,46,46,19,False
4139,13670356740,19,3,4,0,0,25,16,16,8,False
13125,19834840803,36,1,4,0,0,39,8,8,8,True
3411,19970957519,43,19,4,0,3,45,40,40,19,False
1310,15735414945,5,1,2,0,0,9,11,11,1,False
11128,18636055184,45,15,4,0,1,13,19,19,0,False
12789,19550593600,1,8,4,0,0,25,13,13,20,False
9989,17527328008,9,5,4,0,2,38,47,47,39,False
3762,13130819298,43,3,4,0,2,8,47,47,39,False
526,13932780308,25,0,4,0,0,31,18,18,19,False
11051,18636055184,18,3,4,0,1,48,34,34,13,False
8582,15167050060,48,5,4,0,0,16,15,15,9,False
2670,18991311567,13,17,1,0,3,11,38,38,39,False
2217,17713196465,11,12,4,0,2,19,32,32,39,False
2479,17807329663,22,3,4,0,2,10,38,38,39,False
8783,16630722126,48,0,2,0,0,38,47,47,39,False
11968,18765816132,32,7,2,0,0,32,25,25,0,False
6888,13074255915,9,4,4,0,0,30,21,21,1,False
4491,15079495784,20,8,4,0,1,11,16,16,9,False
1829,17623708813,24,8,4,0,3,26,36,36,39,False
7066,13074255915,37,5,4,0,2,1,47,47,9,False
3855,13130819298,36,23,4,0,0,35,16,16,19,False
1793,17623708813,38,30,4,0,2,17,34,34,39,False
4956,15797725211,34,4,4,0,2,26,24,24,24,True
740,15260233525,35,12,4,0,0,13,5,5,9,False
11211,18664891854,28,0,1,0,1,27,33,33,0,False
13792,19948700293,1,6,4,0,3,9,20,20,20,True
8816,16630722126,31,1,3,0,2,12,24,24,9,False
12041,18765816132,5,10,4,0,1,33,40,40,39,False
9330,16726368276,2,1,4,0,2,38,41,41,39,False
13102,19834840803,13,11,4,0,0,31,24,24,9,False
9352,16726368276,24,4,4,0,3,3,19,19,39,False
5530,18702113651,6,178,4,0,0,8,3,3,20,False
12529,18989781863,42,4,4,0,0,31,23,23,9,False
7787,13943039298,5,10,4,0,2,33,41,41,39,False
7934,13943039298,2,5,4,0,1,5,14,14,20,False
4500,15079495784,29,17,4,0,1,36,15,15,9,False
3000,19831701219,33,7,3,0,3,32,18,18,10,False
13801,19948700293,10,5,4,0,2,39,38,38,8,False
11467,18664891854,33,17,4,0,3,38,27,27,39,False
7322,13401917913,42,22,4,0,2,17,10,10,1,False
11476,18664891854,42,3,4,0,2,9,32,32,1,False
4686,15797725211,14,7,2,0,0,25,19,19,24,False
3317,19970957519,49,6,2,0,1,27,5,5,0,False
4082,13670356740,12,6,4,0,1,43,42,42,1,False
12675,19550593600,32,9,2,0,2,16,28,28,24,False
3414,19970957519,46,28,4,0,3,28,21,21,39,False
11542,18758415613,8,3,1,0,3,25,20,20,20,True
2834,18991311567,26,5,4,0,3,40,16,16,1,False
7360,13401917913,30,11,4,0,0,16,3,3,9,False
1852,17623708813,19,7,4,0,2,13,32,32,39,False
4418,15079495784,47,1,3,0,0,46,47,47,20,False
2740,18991311567,32,0,2,0,2,22,16,16,20,False
13818,19948700293,12,1,3,0,1,27,34,34,0,False
3327,19970957519,9,5,3,0,2,24,11,11,24,False
13341,19859608897,1,0,2,0,1,33,26,26,20,False
5131,18053307086,8,8,4,0,1,45,37,37,20,False
6131,19852999776,5,4,3,0,3,29,30,30,39,False
10812,18365196069,30,13,4,0,1,23,22,22,8,False
5945,18802233956,20,9,4,0,0,12,5,5,9,False
8249,15165929133,16,4,4,0,1,45,0,0,20,False
1609,17623708813,5,7,1,0,3,37,39,39,19,False
2203,17713196465,47,2,4,0,0,16,1,1,9,False
7079,13074255915,50,1,4,0,0,39,25,25,8,False
11563,18758415613,29,1,1,0,2,31,30,30,24,False
11347,18664891854,13,8,4,0,3,2,10,10,39,False
8235,15165929133,2,12,4,0,0,17,9,9,9,True
1101,15661502139,45,14,4,0,2,29,31,31,24,False
1820,17623708813,15,9,4,0,1,6,10,10,0,False
6762,13074255915,34,3,1,0,3,2,12,12,39,False
514,13932780308,13,13,4,0,2,23,32,32,39,False
11467,18664891854,33,10,4,0,1,46,27,27,19,False
13348,19859608897,8,5,2,0,2,26,40,40,43,False
7125,13401917913,46,13,1,0,0,19,33,33,20,False
12680,19550593600,37,0,2,0,3,29,39,39,19,False
1479,15735414945,25,13,4,0,0,35,21,21,0,False
7884,13943039298,2,6,4,0,2,7,44,44,39,False
6636,19881266563,9,0,4,0,2,2,44,44,39,False
11352,18664891854,18,2,4,0,2,18,31,31,39,False
12496,18989781863,9,6,4,0,3,11,12,12,19,False
5204,18053307086,31,20,4,0,1,8,0,0,9,False
1856,17623708813,1,24,4,0,0,16,31,31,24,False
8643,15167050060,9,9,4,0,2,32,39,39,39,True
4825,15797725211,3,10,4,0,0,28,23,23,39,False
13286,19834840803,47,9,4,0,2,11,29,29,39,False
3349,19970957519,31,18,3,0,0,33,16,16,9,False
5950,18802233956,25,15,4,0,3,36,43,43,39,False
2382,17807329663,25,1,2,0,3,39,13,13,19,False
75,13513580369,25,1,2,0,1,38,43,43,8,False
11733,18758415613,48,10,4,0,2,21,36,36,39,False
5270,18053307086,47,7,4,0,0,29,15,15,9,False
966,15661502139,10,15,2,0,2,26,38,38,39,False
2835,18991311567,27,3,4,0,1,24,3,3,9,False
3777,13130819298,8,3,4,0,2,18,24,24,9,False
174,13513580369,24,6,4,0,3,8,16,16,39,False
7805,13943039298,23,1,4,0,0,31,17,17,9,False
11728,18758415613,43,8,4,0,2,31,39,39,39,True
8489,15167050060,5,14,4,0,0,44,45,45,39,False
893,15260233525,38,8,4,0,2,38,46,46,24,False
4928,15797725211,6,2,4,0,2,8,17,17,39,False
9286,16726368276,8,3,4,0,0,17,10,10,0,False
4157,13670356740,37,11,4,0,2,33,46,46,39,False
2478,17807329663,21,6,4,0,0,25,23,23,8,False
5850,18802233956,25,3,4,0,2,18,33,33,39,False
12057,18765816132,21,12,4,0,2,34,48,48,39,False
2978,19831701219,11,4,3,0,1,46,45,45,39,False
13832,19948700293,26,9,3,0,2,25,45,45,24,False
2651,17807329663,44,6,4,0,3,15,23,23,39,False
7625,13630678332,44,12,4,0,0,16,3,3,1,False
6281,19852999776,5,16,4,0,1,29,36,36,39,False
8353,15167050060,20,4,1,0,0,18,4,4,1,False
1745,17623708813,40,5,3,0,0,9,12,12,20,False
2870,19831701219,4,3,1,0,2,21,16,16,19,False
2610,17807329663,3,6,4,0,1,3,0,0,9,False
11202,18664891854,19,1,1,0,3,31,48,48,39,False
11520,18664891854,36,4,4,0,2,18,20,20,39,False
13348,19859608897,8,9,2,0,3,33,40,40,39,False
13333,19859608897,44,10,1,0,2,2,9,9,39,False
3420,19970957519,2,15,4,0,3,23,24,24,24,True
11475,18664891854,41,3,4,0,3,37,40,40,39,False
1307,15735414945,2,4,2,0,3,14,11,11,39,False
4801,15797725211,29,58,4,0,1,39,31,31,9,False
4759,15797725211,37,2,3,0,3,32,41,41,20,False
8865,16630722126,38,6,3,0,3,47,48,48,19,False
9958,17527328008,28,2,4,0,2,4,2,2,15,False
5837,18802233956,12,12,4,0,0,17,41,41,39,False
12415,18989781863,28,6,4,0,3,9,3,3,1,False
5382,18702113651,8,22,2,0,1,17,41,41,39,False
5056,18053307086,33,2,2,0,2,23,46,46,39,False
6491,19881266563,14,5,3,0,0,33,10,10,9,False
11779,18758415613,44,4,4,0,3,38,40,40,39,False
9975,17527328008,45,5,4,0,3,0,1,1,39,False
6036,19852999776,11,1,1,0,1,5,31,31,47,False
1765,17623708813,10,143,4,0,0,23,13,13,19,False
5348,18702113651,25,7,1,0,1,29,31,31,39,False
5198,18053307086,25,6,4,0,0,37,15,15,0,False
12093,18765816132,7,5,4,0,3,24,32,32,8,False
326,13513580369,26,0,4,0,1,19,33,33,20,False
11666,18758415613,31,3,3,0,0,36,1,1,9,False
9621,17331496902,42,6,4,0,0,10,3,3,0,False
13577,19859608897,37,7,4,0,2,37,48,48,39,False
4686,15797725211,14,5,2,0,1,26,19,19,10,False
644,15260233525,41,0,2,0,1,32,30,30,9,False
4286,15079495784,16,12,1,0,0,35,21,21,9,False
4120,13670356740,50,18,4,0,3,18,6,6,9,False
1521,15735414945,17,24,4,0,0,28,9,9,19,False
13868,19948700293,12,9,4,0,2,18,8,8,9,False
4567,15079495784,46,19,4,0,2,12,32,32,39,False
505,13932780308,4,2,4,0,2,22,33,33,39,False
10976,18636055184,43,0,3,0,0,17,9,9,1,False
11151,18636055184,18,7,4,0,2,9,10,10,1,False
4917,15797725211,45,8,4,0,1,37,8,8,9,False
10537,18365196069,5,10,2,0,3,31,41,41,39,False
2477,17807329663,20,4,4,0,1,18,23,23,9,False
10029,17527328008,49,109,4,0,0,10,1,1,0,False
13327,19859608897,38,1,1,0,3,22,39,39,39,True
11473,18664891854,39,7,4,0,1,9,24,24,1,False
11223,18664891854,40,4,1,0,0,7,1,1,1,True
3888,13130819298,19,10,4,0,1,38,16,16,0,False
826,15260233525,21,13,4,0,2,26,32,32,39,False
10797,18365196069,15,14,4,0,2,16,8,8,9,False
13709,19948700293,18,9,2,0,0,14,1,1,1,True
4309,15079495784,39,6,1,0,3,29,16,16,19,False
13387,19859608897,47,2,2,0,2,5,19,19,39,False
1460,15735414945,6,31,4,0,1,32,24,24,9,False
6644,19881266563,17,20,4,0,3,30,38,38,39,False
13094,19834840803,5,3,4,0,2,10,4,4,19,False
5497,18702113651,23,5,4,0,1,22,36,36,39,False
3023,19831701219,6,28,4,0,0,10,9,9,8,False
5236,18053307086,13,14,4,0,3,4,6,6,39,False
5933,18802233956,8,10,4,0,1,30,45,45,39,False
425,13932780308,24,28,2,0,1,15,0,0,0,True
11675,18758415613,40,4,3,0,1,5,45,45,39,False
10333,17731093916,2,8,4,0,1,34,27,27,9,False
7155,13401917913,25,3,2,0,3,16,19,19,24,False
1925,17623708813,20,32,4,0,0,36,16,16,9,False
12219,18765816132,33,15,4,0,1,16,15,15,24,False
2092,17713196465,36,55,3,0,3,2,24,24,39,False
2216,17713196465,10,8,4,0,1,1,7,7,9,False
3111,19831701219,44,30,4,0,1,36,0,0,9,False
3147,19831701219,30,19,4,0,1,22,21,21,9,False
2266,17713196465,10,37,4,0,0,36,23,23,9,False
4832,15797725211,10,13,4,0,1,24,0,0,9,False
5146,18053307086,23,9,4,0,0,38,2,2,9,False
1681,17623708813,26,3,2,0,3,8,19,19,39,False
4527,15079495784,6,9,4,0,0,12,1,1,9,False
8759,16630722126,24,3,2,0,1,43,42,42,1,False
12121,18765816132,35,7,4,0,2,3,19,19,39,False
8827,16630722126,42,7,3,0,2,2,1,1,39,False
11252,18664891854,18,4,2,0,3,40,27,27,20,False
10129,17527328008,49,1,4,0,3,22,36,36,39,False
1408,15735414945,3,38,4,0,1,37,9,9,9,True
2363,17807329663,6,16,2,0,1,19,45,45,0,False
12617,19550593600,30,1,1,0,1,47,33,33,9,False
3111,19831701219,44,23,4,0,3,24,0,0,9,False
13182,19834840803,43,21,4,0,2,33,40,40,39,False
14036,19948700293,14,0,4,0,3,9,25,25,39,False
9731,17331496902,2,10,4,0,1,37,29,29,13,False
6821,13074255915,42,6,2,0,2,30,24,24,1,False
13497,19859608897,7,1,4,0,3,31,48,48,39,False
2334,17807329663,28,1,1,0,1,26,11,11,9,False
1076,15661502139,20,15,4,0,2,26,31,31,39,False
9591,17331496902,12,15,4,0,2,34,47,47,39,False
4091,13670356740,21,18,4,0,1,15,0,0,0,True
2993,19831701219,26,8,3,0,2,36,43,43,39,False
4261,13670356740,41,4,4,0,1,29,39,39,39,True
1372,15735414945,17,8,3,0,3,36,40,40,20,False
641,15260233525,38,10,2,0,1,29,37,37,39,False
3236,19970957519,19,0,1,0,0,45,30,30,20,False
3687,13130819298,18,8,3,0,1,11,0,0,0,True
6333,19852999776,7,3,4,0,1,9,26,26,39,False
7613,13630678332,32,8,4,0,2,18,19,19,39,False
6316,19852999776,40,5,4,0,2,22,17,17,39,False
11501,18664891854,17,15,4,0,3,32,33,33,39,False
3,13513580369,4,17,1,0,2,8,0,0,9,False
12812,19550593600,24,17,4,0,0,15,9,9,9,True
1805,17623708813,50,3,4,0,1,48,10,10,13,False
10661,18365196069,29,10,4,0,0,17,2,2,9,False
7041,13074255915,12,11,4,0,0,16,9,9,9,True
12164,18765816132,28,1,4,0,1,38,29,29,8,False
6272,19852999776,46,2,4,0,1,23,43,43,39,False
13091,19834840803,2,35,4,0,1,40,46,46,39,False
4467,15079495784,46,5,4,0,3,4,20,20,39,False
6896,13074255915,17,2,4,0,1,12,10,10,39,False
10685,18365196069,3,0,4,0,1,3,0,0,39,False
4594,15079495784,23,0,4,0,3,29,19,19,19,True
10339,17731093916,8,8,4,0,2,18,26,26,39,False
10808,18365196069,26,8,4,0,3,17,24,24,24,True
13817,19948700293,11,3,3,0,3,16,24,24,24,True
5847,18802233956,22,10,4,0,1,27,19,19,9,False
11638,18758415613,3,4,3,0,2,39,48,48,39,False
12593,19550593600,6,8,1,0,3,4,12,12,39,False
5136,18053307086,13,20,4,0,1,25,17,17,24,False
4599,15079495784,28,1,4,0,3,43,41,41,9,False
10671,18365196069,39,0,4,0,0,24,18,18,8,False
1501,15735414945,47,2,4,0,3,31,16,16,8,False
4874,15797725211,2,19,4,0,0,29,15,15,19,False
6894,13074255915,15,8,4,0,1,23,15,15,8,False
7085,13401917913,6,1,1,0,1,46,36,36,24,False
8639,15167050060,5,1,4,0,3,18,12,12,24,False
1235,15661502139,31,21,4,0,1,12,11,11,9,False
7537,13630678332,6,14,3,0,1,15,1,1,0,False
2089,17713196465,33,8,3,0,0,22,15,15,20,False
7363,13401917913,33,8,4,0,0,39,27,27,19,False
4399,15079495784,28,12,3,0,2,26,32,32,39,False
10368,17731093916,37,2,4,0,1,32,9,9,1,False
2536,17807329663,29,2,4,0,1,48,38,38,17,False
1575,15735414945,21,15,4,0,0,26,11,11,1,False
6023,18802233956,48,6,4,0,0,48,19,19,20,False
9342,16726368276,14,1,4,0,1,18,22,22,9,False
2217,17713196465,11,16,4,0,3,25,32,32,24,False
11968,18765816132,32,5,2,0,1,34,25,25,0,False
5324,18702113651,1,3,1,0,2,21,28,28,19,False
12134,18765816132,48,9,4,0,2,26,48,48,9,False
4079,13670356740,9,0,4,0,1,39,0,0,8,False
11870,18758415613,35,2,4,0,0,12,2,2,0,False
5951,18802233956,26,31,4,0,2,30,37,37,39,False
3527,19970957519,9,11,4,0,2,38,10,10,9,False
6554,19881266563,27,2,4,0,1,26,5,5,9,False
4144,13670356740,24,6,4,0,3,32,18,18,2,False
9520,17331496902,41,5,2,0,2,20,41,41,39,False
1516,15735414945,12,21,4,0,0,35,7,7,9,False
10828,18365196069,46,9,4,0,3,32,39,39,39,True
1795,17623708813,40,15,4,0,1,29,45,45,24,False
8126,15165929133,43,6,3,0,3,17,27,27,39,False
8919,16630722126,42,2,4,0,1,24,11,11,24,False
4213,13670356740,43,18,4,0,1,5,10,10,9,False
4759,15797725211,37,6,3,0,3,33,41,41,39,False
2473,17807329663,16,11,4,0,1,23,39,39,39,True
2348,17807329663,42,10,1,0,0,29,24,24,24,True
13055,19834840803,16,9,3,0,1,40,39,39,1,False
11033,18636055184,50,5,4,0,1,33,39,39,39,True
8825,16630722126,40,7,3,0,2,20,24,24,24,True
10879,18636055184,47,4,1,0,2,25,39,39,24,False
3184,19831701219,17,21,4,0,3,42,38,38,19,False
1800,17623708813,45,14,4,0,3,37,38,38,39,False
1231,15661502139,27,21,4,0,3,32,18,18,2,False
10980,18636055184,47,2,3,0,3,2,18,18,39,False
4972,15797725211,50,13,4,0,1,30,46,46,39,False
7690,13943039298,8,6,2,0,3,17,27,27,39,False
13494,19859608897,4,10,4,0,0,22,15,15,0,False
713,15260233525,8,5,4,0,3,14,4,4,39,False
13955,19948700293,49,0,4,0,3,17,14,14,9,False
4068,13670356740,48,15,3,0,3,12,13,13,9,False
9447,17331496902,19,2,1,0,3,37,40,40,39,False
3249,19970957519,32,1,1,0,2,15,23,23,39,False
2190,17713196465,34,12,4,0,1,27,6,6,9,False
5804,18802233956,29,1,3,0,0,31,15,15,9,False
2904,19831701219,38,1,1,0,1,36,9,9,9,True
2555,17807329663,48,2,4,0,1,46,36,36,8,False
7978,13943039298,46,4,4,0,1,17,16,16,39,False
6868,13074255915,39,0,3,0,2,24,26,26,24,False
12881,19550593600,43,10,4,0,1,26,45,45,9,False
7026,13074255915,47,2,4,0,2,24,40,40,24,False
4457,15079495784,36,14,4,0,2,8,34,34,39,False
9855,17527328008,25,8,2,0,1,38,45,45,24,False
11753,18758415613,18,2,4,0,3,23,39,39,39,True
8041,15165929133,8,3,2,0,0,25,18,18,19,False
4171,13670356740,1,9,4,0,2,5,9,9,39,False
5912,18802233956,37,39,4,0,2,10,16,16,39,False
4165,13670356740,45,6,4,0,1,6,1,1,0,False
12552,18989781863,15,1,4,0,1,4,8,8,39,False
11876,18758415613,41,6,4,0,3,40,33,33,1,False
4704,15797725211,32,6,2,0,1,11,1,1,0,False
1745,17623708813,40,8,3,0,3,4,12,12,39,False
1148,15661502139,42,4,4,0,3,9,23,23,39,False
3212,19831701219,45,34,4,0,3,14,1,1,1,True
7429,13401917913,49,0,4,0,0,44,43,43,13,False
6556,19881266563,29,15,4,0,3,44,47,47,20,False
7176,13401917913,46,8,2,0,1,41,47,47,39,False
11730,18758415613,45,9,4,0,1,8,1,1,1,True
8315,15165929133,32,3,4,0,0,23,17,17,19,False
10008,17527328008,28,13,4,0,1,26,19,19,39,False
4142,13670356740,22,13,4,0,1,13,25,25,39,False
12901,19550593600,13,15,4,0,2,7,15,15,39,False
1521,15735414945,17,3,4,0,3,39,9,9,24,False
7332,13401917913,2,8,4,0,1,34,20,20,9,False
7212,13401917913,32,4,3,0,2,2,9,9,39,False
3458,19970957519,40,1,4,0,2,15,18,18,39,False
14002,19948700293,13,0,4,0,2,33,46,46,39,False
2570,17807329663,13,10,4,0,0,26,13,13,9,False
8536,15167050060,2,12,4,0,2,16,2,2,24,False
9024,16630722126,47,12,4,0,1,22,21,21,0,False
8319,15165929133,36,1,4,0,0,40,48,48,39,False
1372,15735414945,17,5,3,0,1,29,40,40,24,False
7323,13401917913,43,4,4,0,0,46,40,40,20,False
10574,18365196069,42,7,2,0,1,3,2,2,9,False
8661,15167050060,27,21,4,0,1,32,24,24,9,False
3135,19831701219,18,6,4,0,1,18,9,9,9,True
9591,17331496902,12,9,4,0,2,10,47,47,39,False
10750,18365196069,18,1,4,0,2,41,47,47,20,False
3628,13130819298,9,3,2,0,2,15,44,44,39,False
7354,13401917913,24,2,4,0,1,12,8,8,15,False
6634,19881266563,7,6,4,0,2,24,16,16,9,False
12916,19550593600,28,4,4,0,3,24,3,3,9,False
9680,17331496902,1,13,4,0,0,34,13,13,8,False
4881,15797725211,9,34,4,0,0,8,1,1,1,True
12502,18989781863,15,24,4,0,3,40,41,41,39,False
5221,18053307086,48,9,4,0,2,16,31,31,24,False
8523,15167050060,39,16,4,0,1,18,2,2,9,False
2432,17807329663,25,17,3,0,1,32,37,37,0,False
1531,15735414945,27,12,4,0,0,32,2,2,1,False
11560,18758415613,26,2,1,0,2,4,9,9,24,False
13220,19834840803,31,9,4,0,1,34,32,32,0,False
5148,18053307086,25,8,4,0,2,28,36,36,39,False
5488,18702113651,14,10,4,0,3,18,1,1,9,False
5154,18053307086,31,44,4,0,3,9,16,16,39,False
6023,18802233956,48,10,4,0,1,20,19,19,9,False
4171,13670356740,1,23,4,0,3,10,9,9,0,False
9087,16726368276,10,15,1,0,1,30,28,28,0,False
1796,17623708813,41,240,4,0,1,11,0,0,0,True
6647,19881266563,20,38,4,0,0,43,23,23,9,False
7783,13943039298,1,1,4,0,2,7,20,20,39,False
12908,19550593600,20,28,4,0,1,2,7,7,0,False
7631,13630678332,50,23,4,0,3,46,48,48,19,False
4015,13670356740,45,0,2,0,1,38,8,8,1,False
1196,15661502139,42,2,4,0,2,12,37,37,15,False
3283,19970957519,15,2,2,0,3,2,18,18,39,False
6233,19852999776,7,29,4,0,1,18,12,12,9,False
10936,18636055184,3,12,3,0,0,22,14,14,1,False
11286,18664891854,2,14,3,0,1,8,0,0,1,False
292,13513580369,42,8,4,0,3,10,18,18,39,False
11713,18758415613,28,6,4,0,2,19,2,2,20,False
11596,18758415613,11,0,2,0,3,47,33,33,13,False
2516,17807329663,9,16,4,0,3,38,41,41,24,False
7055,13074255915,26,7,4,0,0,11,13,13,19,False
9621,17331496902,42,2,4,0,2,4,3,3,24,False
2656,17807329663,49,15,4,0,1,18,17,17,9,False
2677,18991311567,20,0,1,0,1,31,9,9,9,True
1064,15661502139,8,10,4,0,2,33,46,46,39,False
3133,19831701219,16,6,4,0,0,29,23,23,39,False
6504,19881266563,27,0,3,0,2,0,3,3,24,False
7684,13943039298,2,0,2,0,1,26,14,14,0,False
10443,17731093916,12,15,4,0,3,32,41,41,39,False
2264,17713196465,8,5,4,0,2,5,12,12,39,False
4855,15797725211,33,32,4,0,3,5,25,25,39,False
11840,18758415613,5,0,4,0,0,19,11,11,20,False
13267,19834840803,28,1,4,0,2,9,23,23,39,False
11932,18765816132,47,1,1,0,3,17,48,48,39,False
1796,17623708813,41,142,4,0,0,28,0,0,1,False
13334,19859608897,45,9,1,0,2,2,9,9,39,False
4467,15079495784,46,3,4,0,3,2,20,20,39,False
2052,17713196465,46,8,2,0,2,18,31,31,24,False
4238,13670356740,18,3,4,0,3,30,26,26,39,False
4582,15079495784,11,3,4,0,0,33,25,25,1,False
5991,18802233956,16,19,4,0,3,17,26,26,24,False
6876,13074255915,47,8,3,0,1,23,7,7,24,False
7427,13401917913,47,18,4,0,0,34,20,20,8,False
2504,17807329663,47,22,4,0,1,18,24,24,9,False
7588,13630678332,7,3,4,0,1,11,2,2,14,False
7809,13943039298,27,5,4,0,0,16,9,9,24,False
6877,13074255915,48,4,3,0,2,9,12,12,39,False
12416,18989781863,29,2,4,0,0,29,22,22,19,False
1864,17623708813,9,21,4,0,1,11,1,1,9,False
5849,18802233956,24,48,4,0,0,14,0,0,1,False
2907,19831701219,41,3,1,0,3,35,44,44,39,False
5202,18053307086,29,1,4,0,3,36,2,2,9,False
9579,17331496902,50,7,3,0,0,37,22,22,9,False
12189,18765816132,3,2,4,0,1,12,9,9,9,True
241,13513580369,41,5,4,0,0,8,1,1,0,False
11470,18664891854,36,11,4,0,3,22,28,28,39,False
2628,17807329663,21,1,4,0,0,41,0,0,8,False
5879,18802233956,4,3,4,0,3,38,41,41,39,False
3318,19970957519,50,2,2,0,1,6,5,5,0,False
5375,18702113651,1,5,2,0,0,25,9,9,9,True
3677,13130819298,8,4,3,0,2,22,39,39,39,True
3410,19970957519,42,26,4,0,0,16,24,24,39,False
1050,15661502139,44,5,3,0,0,17,26,26,20,False
3194,19831701219,27,7,4,0,1,37,8,8,9,False
5541,18702113651,17,18,4,0,0,19,6,6,13,False
1998,17713196465,43,1,1,0,0,9,20,20,20,True
4024,13670356740,4,5,3,0,2,8,0,0,9,False
2834,18991311567,26,46,4,0,1,38,16,16,0,False
7963,13943039298,31,7,4,0,1,25,24,24,39,False
2246,17713196465,40,2,4,0,3,44,39,39,19,False
12210,18765816132,24,6,4,0,3,44,45,45,19,False
1627,17623708813,23,1,1,0,1,17,15,15,0,False
13104,19834840803,15,6,4,0,3,17,32,32,39,False
6959,13074255915,30,1,4,0,0,21,8,8,19,False
10008,17527328008,28,4,4,0,3,30,19,19,19,True
14057,19948700293,35,6,4,0,0,20,12,12,9,False
6630,19881266563,3,15,4,0,1,30,24,24,1,False
1131,15661502139,25,6,4,0,2,11,25,25,39,False
6399,19881266563,23,6,1,0,3,11,26,26,39,False
7627,13630678332,46,0,4,0,1,48,1,1,8,False
10329,17731093916,48,8,4,0,3,24,10,10,9,False
13571,19859608897,31,0,4,0,1,16,0,0,8,False
12456,18989781863,19,3,4,0,3,14,16,16,39,False
12521,18989781863,34,3,4,0,2,15,29,29,39,False
1526,15735414945,22,1,4,0,1,39,38,38,9,False
6784,13074255915,5,12,2,0,3,22,16,16,39,False
10118,17527328008,38,5,4,0,3,16,9,9,24,False
5373,18702113651,50,0,1,0,1,19,20,20,20,True
5697,18802233956,23,7,1,0,1,17,16,16,8,False
2886,19831701219,20,6,1,0,3,29,30,30,19,False
536,13932780308,35,17,4,0,0,13,5,5,8,False
7138,13401917913,8,1,2,0,3,39,32,32,24,False
4583,15079495784,12,22,4,0,3,23,46,46,39,False
12959,19834840803,21,6,1,0,1,33,27,27,20,False
13130,19834840803,41,16,4,0,1,26,48,48,39,False
396,13932780308,46,2,1,0,3,16,24,24,24,True
5981,18802233956,6,0,4,0,0,14,33,33,39,False
6909,13074255915,30,17,4,0,3,39,20,20,19,False
4286,15079495784,16,16,1,0,0,29,21,21,19,False
7836,13943039298,4,2,4,0,0,40,26,26,11,False
10154,17731093916,24,3,1,0,0,44,37,37,20,False
2283,17713196465,27,5,4,0,2,37,44,44,39,False
4414,15079495784,43,3,3,0,0,23,19,19,24,False
6954,13074255915,25,3,4,0,3,15,30,30,39,False
6288,19852999776,12,4,4,0,0,20,5,5,9,False
4258,13670356740,38,28,4,0,1,13,17,17,0,False
8234,15165929133,1,1,4,0,3,33,26,26,13,False
3517,19970957519,49,5,4,0,1,30,14,14,0,False
7402,13401917913,22,8,4,0,1,37,36,36,39,False
7068,13074255915,39,7,4,0,3,0,1,1,24,False
14021,19948700293,32,12,4,0,1,41,46,46,39,False
13391,19859608897,1,14,3,0,1,40,48,48,39,False
11386,18664891854,2,30,4,0,0,22,14,14,8,False
256,13513580369,6,2,4,0,1,46,30,30,8,False
2311,17807329663,5,1,1,0,0,17,18,18,20,False
4672,15797725211,51,6,1,0,0,15,7,7,0,False
4841,15797725211,19,32,4,0,0,15,16,16,19,False
2297,17713196465,41,1,4,0,3,5,25,25,40,False
4557,15079495784,36,3,4,0,3,11,39,39,39,True
14100,19948700293,28,4,4,0,3,31,3,3,9,False
6007,18802233956,32,8,4,0,1,26,12,12,9,False
9626,17331496902,47,3,4,0,1,33,13,13,9,False
1796,17623708813,41,136,4,0,0,37,0,0,1,False
4533,15079495784,12,5,4,0,0,31,14,14,9,False
698,15260233525,45,2,3,0,0,22,10,10,1,False
6352,19852999776,26,10,4,0,2,33,40,40,39,False
11462,18664891854,28,13,4,0,0,22,2,2,1,False
13297,19859608897,8,0,1,0,3,31,17,17,19,False
5960,18802233956,35,14,4,0,1,19,25,25,20,False
12706,19550593600,18,5,3,0,1,34,20,20,1,False
1940,17623708813,35,14,4,0,1,17,14,14,14,True
108,13513580369,8,4,3,0,3,28,22,22,9,False
735,15260233525,30,5,4,0,0,10,8,8,0,False
11976,18765816132,40,6,2,0,3,4,19,19,39,False
12093,18765816132,7,7,4,0,3,31,32,32,39,False
13897,19948700293,41,22,4,0,2,13,20,20,39,False
7663,13943039298,32,4,1,0,1,26,48,48,39,False
2540,17807329663,33,11,4,0,0,31,9,9,9,True
10635,18365196069,3,1,4,0,2,25,40,40,39,False
4426,15079495784,5,1,4,0,0,26,11,11,9,False
11262,18664891854,28,7,2,0,0,35,22,22,9,False
1150,15661502139,44,2,4,0,3,31,25,25,9,False
11824,18758415613,39,10,4,0,3,0,1,1,1,True
13178,19834840803,39,22,4,0,2,34,39,39,15,False
3737,13130819298,18,7,4,0,2,26,31,31,24,False
12219,18765816132,33,13,4,0,2,16,15,15,9,False
2472,17807329663,15,1,4,0,3,7,39,39,19,False
4179,13670356740,9,9,4,0,3,36,41,41,19,False
7316,13401917913,36,11,4,0,2,36,43,43,39,False
3776,13130819298,7,45,4,0,0,10,24,24,39,False
1618,17623708813,14,4,1,0,2,7,32,32,39,False
8249,15165929133,16,9,4,0,1,36,0,0,9,False
7328,13401917913,48,5,4,0,3,40,4,4,11,False
13899,19948700293,43,6,4,0,1,36,42,42,15,False
7474,13630678332,44,6,1,0,3,17,18,18,39,False
3510,19970957519,42,15,4,0,1,12,17,17,9,False
4044,13670356740,24,7,3,0,0,30,26,26,1,False
5167,18053307086,44,17,4,0,0,25,13,13,19,False
3468,19970957519,50,28,4,0,2,9,23,23,39,False
6815,13074255915,36,22,2,0,3,16,1,1,24,False
13387,19859608897,47,1,2,0,3,4,19,19,39,False
5981,18802233956,6,2,4,0,2,7,33,33,39,False
13185,19834840803,46,6,4,0,0,9,2,2,1,False
13525,19859608897,35,6,4,0,0,10,2,2,0,False
6789,13074255915,10,1,2,0,3,2,6,6,39,False
7269,13401917913,39,11,4,0,0,23,31,31,39,False
12767,19550593600,26,6,4,0,2,39,47,47,39,False
9327,16726368276,49,11,4,0,3,0,1,1,1,True
2101,17713196465,45,11,3,0,3,10,46,46,39,False
13212,19834840803,23,0,4,0,2,31,45,45,40,False
8469,15167050060,35,1,3,0,1,26,41,41,40,False
3027,19831701219,10,31,4,0,2,38,45,45,39,False
6942,13074255915,13,2,4,0,3,2,11,11,39,False
826,15260233525,21,1,4,0,0,9,32,32,39,False
7934,13943039298,2,9,4,0,2,11,14,14,39,False
11592,18758415613,7,10,2,0,3,11,6,6,8,False
13250,19834840803,11,4,4,0,0,31,24,24,9,False
1597,15735414945,43,19,4,0,1,11,21,21,9,False
2397,17807329663,40,1,2,0,3,8,10,10,39,False
11515,18664891854,31,0,4,0,0,36,2,2,9,False
7030,13074255915,1,2,4,0,3,22,9,9,1,False
2951,19831701219,34,3,2,0,2,37,44,44,39,False
9092,16726368276,15,6,1,0,2,16,30,30,19,False
10339,17731093916,8,0,4,0,3,8,26,26,39,False
3829,13130819298,10,3,4,0,3,29,34,34,39,False
1810,17623708813,5,0,4,0,0,19,33,33,20,False
9715,17331496902,36,3,4,0,0,46,34,34,19,False
9502,17331496902,23,5,2,0,1,36,1,1,9,False
9950,17527328008,20,7,4,0,0,33,20,20,9,False
2415,17807329663,8,12,3,0,3,11,38,38,39,False
7876,13943039298,44,5,4,0,0,10,6,6,39,False
4258,13670356740,38,47,4,0,2,8,17,17,39,False
13232,19834840803,43,19,4,0,2,40,47,47,39,False
13627,19859608897,37,4,4,0,0,37,9,9,9,True
12166,18765816132,30,7,4,0,3,3,41,41,39,False
7867,13943039298,35,4,4,0,1,18,15,15,9,False
2823,18991311567,15,22,4,0,3,18,16,16,9,False
9285,16726368276,7,10,4,0,2,24,16,16,9,False
4049,13670356740,29,1,3,0,1,27,19,19,0,False
10834,18636055184,2,6,1,0,3,32,39,39,10,False
12797,19550593600,9,8,4,0,3,4,5,5,39,False
11614,18758415613,29,6,2,0,1,18,29,29,9,False
129,13513580369,29,4,3,0,1,30,15,15,1,False
6678,19881266563,1,20,4,0,2,29,31,31,24,False
1659,17623708813,4,11,2,0,2,24,22,22,24,False
12348,18989781863,11,6,3,0,3,26,19,19,19,True
1198,15661502139,44,4,4,0,3,32,13,13,10,False
1229,15661502139,25,13,4,0,3,32,10,10,9,False
7649,13943039298,18,1,1,0,1,34,38,38,0,False
5948,18802233956,23,5,4,0,3,23,39,39,39,True
13460,19859608897,20,0,4,0,2,31,30,30,15,False
5530,18702113651,6,46,4,0,1,15,3,3,1,False
3705,13130819298,36,2,3,0,2,39,46,46,24,False
1163,15661502139,9,3,4,0,2,24,23,23,9,False
3088,19831701219,21,29,4,0,2,18,2,2,9,False
2593,17807329663,36,12,4,0,1,20,12,12,9,False
12575,18989781863,38,0,4,0,3,1,40,40,9,False
654,15260233525,1,3,3,0,3,32,11,11,10,False
9272,16726368276,44,13,4,0,2,8,14,14,0,False
12067,18765816132,31,2,4,0,3,24,23,23,9,False
11369,18664891854,35,7,4,0,1,11,10,10,39,False
11425,18664891854,41,11,4,0,1,17,8,8,0,False
1797,17623708813,42,115,4,0,2,40,10,10,1,False
3185,19831701219,18,3,4,0,1,32,14,14,0,False
3842,13130819298,23,11,4,0,2,10,27,27,39,False
4270,13670356740,50,1,4,0,2,20,1,1,15,False
5821,18802233956,46,10,3,0,0,10,8,8,20,False
12829,19550593600,41,19,4,0,1,8,1,1,1,True
5941,18802233956,16,13,4,0,3,25,36,36,24,False
13652,19948700293,12,19,1,0,0,7,0,0,9,False
5744,18802233956,19,2,2,0,0,45,42,42,20,False
3509,19970957519,41,18,4,0,1,3,34,34,39,False
5856,18802233956,31,19,4,0,3,37,46,46,39,False
10921,18636055184,38,1,2,0,3,40,1,1,1,True
4973,18053307086,1,3,1,0,1,26,6,6,13,False
10914,18636055184,31,4,2,0,0,43,42,42,1,False
8523,15167050060,39,33,4,0,2,0,2,2,39,False
5232,18053307086,9,15,4,0,0,25,12,12,9,False
4720,15797725211,48,2,2,0,1,6,5,5,0,False
9929,17527328008,49,2,3,0,2,16,8,8,24,False
13280,19834840803,41,10,4,0,0,13,6,6,39,False
1591,15735414945,37,3,4,0,2,13,46,46,39,False
53,13513580369,3,9,2,0,1,26,17,17,1,False
4113,13670356740,43,21,4,0,2,29,24,24,24,True
2345,17807329663,39,1,1,0,0,10,8,8,20,False
1796,17623708813,41,101,4,0,3,15,0,0,9,False
7624,13630678332,43,4,4,0,2,33,47,47,39,False
7071,13074255915,42,0,4,0,3,43,44,44,9,False
6493,19881266563,16,14,3,0,2,16,30,30,24,False
1253,15661502139,49,24,4,0,0,43,14,14,0,False
11778,18758415613,43,11,4,0,3,33,47,47,39,False
5538,18702113651,14,18,4,0,0,18,28,28,9,False
8258,15165929133,25,2,4,0,1,27,33,33,39,False
14089,19948700293,17,6,4,0,3,31,39,39,39,True
8064,15165929133,31,0,2,0,1,1,43,43,9,False
4476,15079495784,5,5,4,0,0,18,0,0,9,False
7600,13630678332,19,20,4,0,2,23,24,24,24,True
3414,19970957519,46,22,4,0,2,31,21,21,24,False
9572,17331496902,43,4,3,0,0,18,4,4,9,False
2213,17713196465,7,10,4,0,1,26,12,12,9,False
10173,17731093916,43,32,1,0,2,12,19,19,39,False
3186,19831701219,19,0,4,0,1,27,16,16,9,False
13292,19859608897,3,7,1,0,2,26,34,34,43,False
5970,18802233956,45,27,4,0,3,19,27,27,39,False
4922,15797725211,50,20,4,0,0,17,19,19,39,False
6490,19881266563,13,3,3,0,2,24,10,10,24,False
9718,17331496902,39,0,4,0,3,32,45,45,39,False
11538,18758415613,4,9,1,0,3,33,34,34,39,False
9109,16726368276,32,7,1,0,1,15,14,14,0,False
11261,18664891854,27,1,2,0,2,0,22,22,39,False
1340,15735414945,35,5,2,0,3,32,12,12,13,False
10148,17731093916,18,6,1,0,3,4,5,5,24,False
5924,18802233956,49,17,4,0,1,19,39,39,39,True
5010,18053307086,38,0,1,0,1,5,7,7,43,False
12618,19550593600,31,1,1,0,1,36,42,42,9,False
8587,15167050060,3,5,4,0,0,16,2,2,24,False
4516,15079495784,45,15,4,0,3,32,25,25,10,False
8269,15165929133,36,9,4,0,0,23,7,7,8,False
7151,13401917913,21,1,2,0,2,10,19,19,39,False
7315,13401917913,35,11,4,0,3,7,22,22,39,False
7840,13943039298,8,15,4,0,0,22,14,14,0,False
9538,17331496902,9,4,3,0,1,37,29,29,1,False
11630,18758415613,45,3,2,0,1,45,24,24,20,False
13744,19948700293,3,9,3,0,2,7,39,39,39,True
12812,19550593600,24,2,4,0,0,25,9,9,9,True
526,13932780308,25,6,4,0,3,32,18,18,2,False
12305,18989781863,18,7,2,0,3,4,6,6,39,False
13604,19859608897,14,2,4,0,0,32,25,25,10,False
10641,18365196069,9,1,4,0,2,13,26,26,39,False
9059,16630722126,32,3,4,0,2,12,19,19,19,True
12600,19550593600,13,16,1,0,2,31,48,48,40,False
12087,18765816132,1,2,4,0,2,39,14,14,9,False
8901,16630722126,24,8,4,0,1,8,38,38,39,False
3308,19970957519,40,8,2,0,1,32,17,17,2,False
7187,13401917913,7,1,3,0,3,16,19,19,24,False
5677,18802233956,3,1,1,0,2,10,7,7,20,False
8277,15165929133,44,0,4,0,0,23,12,12,19,False
13768,19948700293,27,12,3,0,2,25,41,41,19,False
8554,15167050060,20,6,4,0,3,23,11,11,24,False
7403,13401917913,23,3,4,0,0,39,30,30,8,False
3910,13130819298,41,23,4,0,0,24,8,8,9,False
3002,19831701219,35,1,3,0,0,45,43,43,20,False
12403,18989781863,16,6,4,0,3,12,41,41,20,False
5760,18802233956,35,13,2,0,1,9,1,1,1,True
4845,15797725211,23,36,4,0,3,9,16,16,39,False
7166,13401917913,36,7,2,0,0,41,34,34,20,False
3395,19970957519,27,19,4,0,0,18,17,17,9,False
13013,19834840803,24,2,2,0,2,3,12,12,39,False
2810,18991311567,2,6,4,0,3,25,26,26,39,False
5538,18702113651,14,16,4,0,0,25,28,28,24,False
4540,15079495784,19,2,4,0,2,17,18,18,39,False
3078,19831701219,11,13,4,0,1,15,7,7,9,False
1069,15661502139,13,10,4,0,0,12,6,6,9,False
3681,13130819298,12,10,3,0,3,28,22,22,9,False
6991,13074255915,12,9,4,0,0,30,2,2,8,False
5872,18802233956,47,1,4,0,2,10,26,26,39,False
5813,18802233956,38,5,3,0,3,29,32,32,39,False
2258,17713196465,2,18,4,0,1,38,15,15,0,False
11303,18664891854,19,4,3,0,2,15,45,45,39,False
9921,17527328008,41,4,3,0,0,37,31,31,20,False
1645,17623708813,41,5,1,0,1,36,21,21,9,False
13129,19834840803,40,12,4,0,0,11,13,13,19,False
12702,19550593600,14,1,3,0,1,9,23,23,1,False
11834,18758415613,49,9,4,0,2,2,1,1,0,False
12760,19550593600,19,12,4,0,2,30,31,31,39,False
7013,13074255915,34,4,4,0,3,14,29,29,39,False
11104,18636055184,21,8,4,0,0,32,4,4,10,False
4420,15079495784,49,12,3,0,1,12,11,11,9,False
14079,19948700293,7,6,4,0,2,37,45,45,39,False
2113,17713196465,7,0,4,0,0,1,17,17,9,False
2683,18991311567,26,5,1,0,1,36,7,7,1,False
8914,16630722126,37,70,4,0,2,40,34,34,1,False
8462,15167050060,28,9,3,0,2,31,39,39,19,False
14015,19948700293,26,4,4,0,1,17,9,9,0,False
13373,19859608897,33,7,2,0,2,23,38,38,39,False
6576,19881266563,49,12,4,0,3,16,34,34,39,False
1758,17623708813,3,38,4,0,1,8,0,0,9,False
393,13932780308,43,0,1,0,2,24,25,25,24,False
13613,19859608897,23,2,4,0,0,18,12,12,39,False
1284,15735414945,30,9,1,0,1,29,31,31,24,False
3332,19970957519,14,6,3,0,2,28,43,43,39,False
7921,13943039298,39,3,4,0,2,24,23,23,9,False
12464,18989781863,27,16,4,0,2,39,47,47,39,False
1557,15735414945,3,26,4,0,0,19,23,23,9,False
6626,19881266563,49,34,4,0,0,8,0,0,0,True
3517,19970957519,49,4,4,0,2,23,14,14,8,False
3366,19970957519,48,7,3,0,1,15,21,21,14,False
12954,19834840803,16,3,1,0,3,37,39,39,39,True
2666,18991311567,9,8,1,0,1,34,13,13,0,False
3128,19831701219,11,15,4,0,3,37,39,39,39,True
13393,19859608897,3,2,3,0,0,10,14,14,0,False
6707,19881266563,29,19,4,0,0,31,14,14,9,False
7589,13630678332,8,7,4,0,1,25,24,24,39,False
1907,17623708813,2,4,4,0,2,21,23,23,19,False
3909,13130819298,40,7,4,0,0,46,41,41,19,False
8765,16630722126,30,3,2,0,0,18,19,19,39,False
9450,17331496902,22,14,1,0,0,30,22,22,8,False
3914,13130819298,45,1,4,0,0,23,2,2,8,False
7510,13630678332,29,4,2,0,1,33,32,32,9,False
5790,18802233956,15,9,3,0,1,26,2,2,1,False
3192,19831701219,25,14,4,0,2,25,31,31,24,False
123,13513580369,23,3,3,0,2,35,44,44,39,False
13744,19948700293,3,12,3,0,3,22,39,39,39,True
8462,15167050060,28,4,3,0,0,38,39,39,24,False
1338,15735414945,33,5,2,0,3,10,12,12,39,False
1797,17623708813,42,6,4,0,1,26,10,10,9,False
1644,17623708813,40,12,1,0,0,29,21,21,19,False
5160,18053307086,37,24,4,0,2,18,39,39,39,True
9067,16630722126,40,12,4,0,2,33,47,47,39,False
10807,18365196069,25,1,4,0,3,9,19,19,24,False
13797,19948700293,6,7,4,0,0,32,10,10,1,False
3208,19831701219,41,30,4,0,1,19,34,34,20,False
12165,18765816132,29,3,4,0,1,33,5,5,9,False
3286,19970957519,18,0,2,0,1,48,46,46,8,False
7203,13401917913,23,7,3,0,0,43,42,42,1,False
6795,13074255915,16,2,2,0,2,15,19,19,39,False
1624,17623708813,20,13,1,0,1,44,43,43,9,False
12651,19550593600,8,0,2,0,1,1,47,47,9,False
2527,17807329663,20,17,4,0,1,26,9,9,1,False
10898,18636055184,15,4,2,0,3,8,9,9,20,False
4928,15797725211,6,6,4,0,0,22,17,17,39,False
3542,19970957519,24,1,4,0,3,14,5,5,39,False
3625,13130819298,6,3,2,0,0,30,44,44,39,False
12832,19550593600,44,5,4,0,2,15,16,16,9,False
7168,13401917913,38,17,2,0,2,3,34,34,39,False
7913,13943039298,31,3,4,0,2,0,24,24,39,False
1661,17623708813,6,0,2,0,3,25,42,42,24,False
4492,15079495784,21,18,4,0,1,28,0,0,9,False
1118,15661502139,12,40,4,0,3,25,46,46,24,False
3224,19970957519,7,0,1,0,3,37,13,13,19,False
12012,18765816132,26,6,3,0,2,36,43,43,39,False
89,13513580369,39,2,2,0,0,40,10,10,11,False
5338,18702113651,15,7,1,0,3,25,33,33,24,False
44,13513580369,45,2,1,0,1,13,39,39,39,True
9231,16726368276,3,1,4,0,3,15,21,21,39,False
6041,19852999776,16,3,1,0,3,14,4,4,39,False
2342,17807329663,36,2,1,0,2,26,44,44,39,False
5587,18702113651,13,3,4,0,0,25,3,3,0,False
770,15260233525,15,5,4,0,3,28,9,9,19,False
2784,18991311567,26,5,3,0,0,19,11,11,1,False
2219,17713196465,13,2,4,0,2,11,18,18,39,False
5999,18802233956,24,2,4,0,0,11,15,15,15,True
5596,18702113651,22,4,4,0,0,44,46,46,19,False
4078,13670356740,8,1,4,0,2,25,37,37,24,False
7949,13943039298,17,6,4,0,3,15,9,9,9,True
12429,18989781863,42,2,4,0,0,38,39,39,39,True
5767,18802233956,42,12,2,0,3,26,20,20,19,False
14100,19948700293,28,2,4,0,3,24,3,3,9,False
955,15661502139,50,3,1,0,1,11,10,10,0,False
5471,18702113651,47,13,3,0,1,19,38,38,20,False
6229,19852999776,3,49,4,0,3,22,30,30,20,False
2620,17807329663,13,10,4,0,3,23,17,17,19,False
4427,15079495784,6,5,4,0,0,46,39,39,20,False
3971,13670356740,1,5,2,0,0,33,3,3,9,False
4586,15079495784,15,8,4,0,1,38,1,1,0,False
9027,16630722126,50,7,4,0,0,41,32,32,8,False
13915,19948700293,9,18,4,0,3,33,39,39,39,True
1231,15661502139,27,8,4,0,3,38,18,18,9,False
10340,17731093916,9,2,4,0,0,29,15,15,19,False
10496,18365196069,15,1,1,0,2,7,21,21,39,False
12226,18765816132,40,8,4,0,3,17,19,19,24,False
12106,18765816132,20,20,4,0,2,18,19,19,39,False
6704,19881266563,26,4,4,0,2,23,21,21,8,False
3111,19831701219,44,12,4,0,2,25,0,0,9,False
1539,15735414945,35,29,4,0,1,12,9,9,9,True
2343,17807329663,37,1,1,0,1,10,8,8,20,False
6904,13074255915,25,4,4,0,1,4,3,3,8,False
4380,15079495784,9,0,3,0,3,43,39,39,13,False
576,15260233525,24,2,1,0,1,19,39,39,39,True
4329,15079495784,8,3,2,0,2,40,47,47,39,False
5025,18053307086,2,11,2,0,1,44,43,43,9,False
12094,18765816132,8,2,4,0,0,25,15,15,8,False
7839,13943039298,7,4,4,0,1,12,15,15,20,False
13960,19948700293,4,1,4,0,1,27,45,45,9,False
6420,19881266563,44,3,1,0,3,31,25,25,19,False
10711,18365196069,29,15,4,0,1,25,24,24,39,False
3472,19970957519,4,8,4,0,1,13,47,47,39,False
2130,17713196465,24,19,4,0,3,2,13,13,39,False
7638,13943039298,7,0,1,0,0,10,4,4,20,False
12633,19550593600,46,1,1,0,2,7,28,28,39,False
4962,15797725211,40,14,4,0,2,4,11,11,39,False
8562,15167050060,28,4,4,0,2,7,38,38,39,False
1169,15661502139,15,27,4,0,3,45,47,47,19,False
3914,13130819298,45,12,4,0,0,9,2,2,1,False
1665,17623708813,10,2,2,0,3,14,42,42,39,False
7418,13401917913,38,0,4,0,0,43,7,7,9,False
12236,18765816132,50,17,4,0,1,23,8,8,8,True
13316,19859608897,27,2,1,0,0,31,24,24,9,False
6271,19852999776,45,18,4,0,3,36,39,39,19,False
9427,16726368276,49,2,4,0,1,19,23,23,20,False
9953,17527328008,23,10,4,0,3,17,12,12,39,False
5077,18053307086,4,11,3,0,0,19,17,17,1,False
5154,18053307086,31,35,4,0,0,29,16,16,19,False
10239,17731093916,8,0,3,0,2,39,8,8,24,False
6925,13074255915,46,1,4,0,3,0,10,10,39,False
1989,17713196465,34,10,1,0,2,12,19,19,39,False
13349,19859608897,9,9,2,0,2,33,40,40,20,False
2449,17807329663,42,4,3,0,2,24,21,21,24,False
5796,18802233956,21,3,3,0,0,33,19,19,13,False
2446,17807329663,39,2,3,0,3,14,6,6,39,False
200,13513580369,50,2,4,0,1,38,2,2,0,False
3162,19831701219,45,2,4,0,3,15,3,3,24,False
902,15260233525,47,6,4,0,2,23,30,30,39,False
10041,17527328008,11,10,4,0,3,44,39,39,19,False
10070,17527328008,40,0,4,0,3,8,5,5,19,False
3575,13130819298,7,0,1,0,0,42,25,25,13,False
2154,17713196465,48,18,4,0,0,15,16,16,19,False
918,15661502139,13,7,1,0,0,23,46,46,39,False
3305,19970957519,37,26,2,0,3,32,17,17,10,False
7195,13401917913,15,0,3,0,2,2,0,0,39,False
9619,17331496902,40,0,4,0,3,40,27,27,1,False
11952,18765816132,16,10,2,0,2,16,9,9,24,False
3085,19831701219,18,7,4,0,2,25,8,8,9,False
8823,16630722126,38,3,3,0,1,23,15,15,24,False
12661,19550593600,18,2,2,0,2,18,31,31,39,False
2593,17807329663,36,2,4,0,0,37,12,12,13,False
3026,19831701219,9,10,4,0,0,24,9,9,9,True
10939,18636055184,6,0,3,0,2,39,37,37,24,False
12104,18765816132,18,6,4,0,0,39,34,34,19,False
13157,19834840803,18,2,4,0,0,27,34,34,0,False
7491,13630678332,10,1,2,0,0,9,26,26,20,False
6244,19852999776,18,22,4,0,2,3,1,1,0,False
5389,18702113651,15,4,2,0,2,25,47,47,24,False
5519,18702113651,45,3,4,0,0,36,18,18,19,False
2394,17807329663,37,2,2,0,2,3,10,10,39,False
3776,13130819298,7,51,4,0,2,11,24,24,39,False
12822,19550593600,34,2,4,0,1,1,38,38,9,False
1955,17623708813,50,4,4,0,3,38,41,41,24,False
9196,16726368276,18,2,3,0,1,5,8,8,43,False
9751,17331496902,22,7,4,0,0,14,1,1,1,True
12304,18989781863,17,0,2,0,0,10,6,6,20,False
14047,19948700293,25,4,4,0,3,2,30,30,39,False
616,15260233525,13,9,2,0,3,18,2,2,9,False
11073,18636055184,40,6,4,0,2,30,36,36,39,False
4966,15797725211,44,138,4,0,3,16,41,41,24,False
6614,19881266563,37,2,4,0,1,10,0,0,39,False
4946,15797725211,24,26,4,0,2,10,9,9,8,False
9404,16726368276,26,2,4,0,2,15,36,36,39,False
4574,15079495784,3,24,4,0,3,28,0,0,9,False
5142,18053307086,19,5,4,0,2,19,44,44,39,False
1079,15661502139,23,2,4,0,1,17,24,24,39,False
2404,17807329663,47,3,2,0,1,32,7,7,1,False
2669,18991311567,12,2,1,0,1,37,23,23,9,False
11992,18765816132,6,4,3,0,0,44,29,29,20,False
10923,18636055184,40,10,2,0,0,14,1,1,1,True
11080,18636055184,47,10,4,0,0,16,8,8,8,True
4506,15079495784,35,8,4,0,0,18,14,14,9,False
3052,19831701219,35,1,4,0,1,47,46,46,20,False
8336,15167050060,3,21,1,0,2,15,28,28,39,False
6508,19881266563,31,14,3,0,3,29,23,23,19,False
1850,17623708813,17,19,4,0,1,11,9,9,9,True
1765,17623708813,10,92,4,0,3,25,13,13,39,False
12251,18989781863,15,9,1,0,2,23,47,47,39,False
12588,19550593600,1,2,1,0,1,47,38,38,1,False
3184,19831701219,17,3,4,0,2,8,38,38,39,False
14013,19948700293,24,21,4,0,1,32,24,24,9,False
9046,16630722126,19,11,4,0,1,46,32,32,39,False
2739,18991311567,31,3,2,0,2,8,16,16,39,False
4931,15797725211,9,4,4,0,1,19,20,20,20,True
2603,17807329663,46,3,4,0,0,45,43,43,20,False
8560,15167050060,26,6,4,0,2,30,28,28,0,False
12811,19550593600,23,1,4,0,2,10,24,24,39,False
13952,19948700293,46,0,4,0,3,40,47,47,39,False
476,13932780308,25,8,3,0,3,26,20,20,20,True
4718,15797725211,46,1,2,0,0,40,5,5,20,False
6233,19852999776,7,5,4,0,3,32,12,12,10,False
5165,18053307086,42,7,4,0,2,12,25,25,39,False
4153,13670356740,33,1,4,0,3,43,39,39,9,False
4884,15797725211,12,1,4,0,0,23,1,1,8,False
12261,18989781863,25,6,1,0,1,17,22,22,0,False
9419,16726368276,41,17,4,0,2,5,34,34,39,False
3407,19970957519,39,15,4,0,2,18,32,32,39,False
5808,18802233956,33,5,3,0,0,31,24,24,9,False
5191,18053307086,18,0,4,0,2,14,23,23,39,False
2470,17807329663,13,46,4,0,2,13,25,25,39,False
2185,17713196465,29,19,4,0,0,32,25,25,1,False
5194,18053307086,21,15,4,0,2,14,21,21,39,False
3395,19970957519,27,21,4,0,0,19,17,17,9,False
804,15260233525,49,1,4,0,3,9,33,33,39,False
10309,17731093916,28,5,4,0,3,37,40,40,39,False
3794,13130819298,25,5,4,0,0,24,10,10,9,False
2504,17807329663,47,5,4,0,2,18,24,24,9,False
9620,17331496902,41,0,4,0,1,27,41,41,9,False
4727,15797725211,5,5,3,0,0,33,6,6,13,False
8566,15167050060,32,2,4,0,3,23,17,17,39,False
5671,18702113651,47,5,4,0,0,10,0,0,8,False
9739,17331496902,10,24,4,0,0,25,24,24,24,True
1283,15735414945,29,7,1,0,3,10,31,31,39,False
1322,15735414945,17,3,2,0,3,18,17,17,9,False
8956,16630722126,29,12,4,0,2,34,40,40,24,False
4792,15797725211,20,50,4,0,2,12,20,20,39,False
3085,19831701219,18,15,4,0,1,34,8,8,0,False
4450,15079495784,29,20,4,0,1,26,18,18,9,False
12588,19550593600,1,0,1,0,0,47,38,38,13,False
1792,17623708813,37,4,4,0,0,37,10,10,9,False
5843,18802233956,18,20,4,0,3,16,46,46,39,False
13092,19834840803,3,24,4,0,2,41,40,40,8,False
7574,13630678332,43,3,3,0,2,11,14,14,39,False
9750,17331496902,21,8,4,0,0,37,22,22,9,False
1768,17623708813,13,16,4,0,3,45,46,46,19,False
14030,19948700293,8,7,4,0,0,30,15,15,0,False
3437,19970957519,19,0,4,0,3,21,18,18,39,False
5738,18802233956,13,2,2,0,3,14,11,11,39,False
4870,15797725211,48,15,4,0,0,17,34,34,39,False
10320,17731093916,39,6,4,0,3,37,31,31,20,False
8999,16630722126,22,8,4,0,3,32,40,40,39,False
3791,13130819298,22,27,4,0,1,19,24,24,39,False
3911,13130819298,42,21,4,0,0,48,41,41,19,False
5056,18053307086,33,11,2,0,2,38,46,46,39,False
2849,18991311567,41,1,4,0,3,37,19,19,19,True
4613,15079495784,42,15,4,0,1,13,33,33,39,False
13157,19834840803,18,17,4,0,2,13,34,34,39,False
10936,18636055184,3,5,3,0,2,11,14,14,39,False
4171,13670356740,1,11,4,0,1,4,9,9,39,False
10173,17731093916,43,24,1,0,3,2,19,19,39,False
6329,19852999776,3,9,4,0,2,36,46,46,39,False
12683,19550593600,40,5,2,0,3,33,39,39,39,True
12276,18989781863,40,2,1,0,3,40,33,33,20,False
10901,18636055184,18,3,2,0,3,2,10,10,39,False
12968,19834840803,30,4,1,0,2,16,29,29,24,False
13968,19948700293,12,8,4,0,1,3,9,9,9,True
8291,15165929133,8,5,4,0,0,11,8,8,0,False
5260,18053307086,37,9,4,0,1,17,16,16,39,False
7028,13074255915,49,11,4,0,3,16,2,2,9,False
2471,17807329663,14,18,4,0,1,23,15,15,8,False
1806,17623708813,1,48,4,0,1,32,9,9,1,False
5862,18802233956,37,5,4,0,0,25,19,19,19,True
566,15260233525,14,4,1,0,0,35,15,15,13,False
5725,18802233956,51,2,1,0,1,33,11,11,1,False
2554,17807329663,47,17,4,0,2,30,32,32,39,False
3839,13130819298,20,15,4,0,0,14,0,0,1,False
2180,17713196465,24,26,4,0,3,25,31,31,24,False
10382,17731093916,1,6,4,0,3,17,32,32,39,False
3751,13130819298,32,22,4,0,2,13,34,34,39,False
5859,18802233956,34,41,4,0,2,3,24,24,39,False
6043,19852999776,18,0,1,0,2,7,4,4,39,False
3681,13130819298,12,2,3,0,0,31,22,22,9,False
10245,17731093916,14,2,3,0,1,40,42,42,39,False
10277,17731093916,46,10,3,0,1,18,2,2,9,False
12904,19550593600,16,7,4,0,0,40,24,24,1,False
9242,16726368276,14,6,4,0,2,48,33,33,13,False
12944,19834840803,6,2,1,0,1,15,14,14,9,False
3769,13130819298,50,12,4,0,0,31,14,14,9,False
158,13513580369,8,0,4,0,2,5,25,25,40,False
402,13932780308,1,7,2,0,3,26,13,13,13,True
4197,13670356740,27,9,4,0,0,22,2,2,13,False
4276,15079495784,6,4,1,0,1,23,7,7,24,False
12035,18765816132,49,9,3,0,2,23,28,28,39,False
11496,18664891854,12,6,4,0,1,41,39,39,24,False
8002,15165929133,20,1,1,0,1,13,19,19,39,False
6384,19881266563,8,5,1,0,3,8,2,2,9,False
7794,13943039298,12,6,4,0,1,23,1,1,8,False
5783,18802233956,8,13,3,0,1,15,14,14,0,False
1888,17623708813,33,17,4,0,0,25,19,19,19,True
11369,18664891854,35,4,4,0,1,5,10,10,40,False
11952,18765816132,16,14,2,0,0,14,9,9,1,False
13827,19948700293,21,11,3,0,1,41,40,40,0,False
229,13513580369,29,5,4,0,0,22,2,2,13,False
6309,19852999776,33,4,4,0,1,23,21,21,14,False
4632,15797725211,11,0,1,0,2,0,8,8,24,False
3353,19970957519,35,10,3,0,1,44,43,43,9,False
5706,18802233956,32,14,1,0,0,21,37,37,19,False
4187,13670356740,17,18,4,0,1,38,9,9,0,False
2827,18991311567,19,0,4,0,0,45,47,47,20,False
11972,18765816132,36,4,2,0,0,23,19,19,24,False
50,13513580369,51,6,1,0,1,17,16,16,8,False
11821,18758415613,36,10,4,0,3,45,40,40,19,False
1797,17623708813,42,25,4,0,1,32,10,10,1,False
891,15260233525,36,7,4,0,3,31,25,25,8,False
5973,18802233956,48,20,4,0,1,25,46,46,24,False
11314,18664891854,30,14,3,0,1,41,40,40,0,False
10409,17731093916,28,22,4,0,3,11,19,19,19,True
5495,18702113651,21,73,4,0,2,26,34,34,39,False
8309,15165929133,26,6,4,0,3,22,28,28,39,False
5318,18053307086,45,20,4,0,1,38,29,29,8,False
9935,17527328008,5,23,4,0,1,16,8,8,9,False
7891,13943039298,9,3,4,0,1,34,33,33,0,False
1796,17623708813,41,249,4,0,2,29,0,0,9,False
2528,17807329663,21,6,4,0,0,15,18,18,19,False
3440,19970957519,22,21,4,0,2,11,24,24,39,False
4218,13670356740,48,5,4,0,1,40,36,36,1,False
7001,13074255915,22,14,4,0,3,4,18,18,24,False
122,13513580369,22,25,3,0,0,7,0,0,9,False
10419,17731093916,38,4,4,0,0,38,13,13,19,False
4587,15079495784,16,4,4,0,1,2,38,38,39,False
4201,13670356740,31,15,4,0,2,30,31,31,1,False
6561,19881266563,34,30,4,0,3,40,41,41,39,False
2169,17713196465,13,22,4,0,3,8,16,16,39,False
5132,18053307086,9,2,4,0,2,39,0,0,24,False
11857,18758415613,22,5,4,0,0,32,18,18,10,False
10260,17731093916,29,11,3,0,1,13,19,19,0,False
1326,15735414945,21,12,2,0,1,36,35,35,9,False
1449,15735414945,44,24,4,0,0,46,40,40,19,False
2365,17807329663,8,15,2,0,2,40,45,45,39,False
6096,19852999776,20,1,2,0,3,14,28,28,9,False
13159,19834840803,20,6,4,0,3,12,20,20,39,False
1598,15735414945,44,4,4,0,1,40,39,39,39,True
10749,18365196069,17,6,4,0,3,16,12,12,24,False
8582,15167050060,48,12,4,0,1,9,15,15,1,False
10091,17527328008,11,2,4,0,2,4,16,16,39,False
5913,18802233956,38,21,4,0,2,18,41,41,39,False
13196,19834840803,7,0,4,0,1,39,38,38,9,False
4853,15797725211,31,4,4,0,2,10,32,32,39,False
1774,17623708813,19,159,4,0,0,10,6,6,20,False
13591,19859608897,1,5,4,0,0,31,24,24,9,False
8443,15167050060,9,8,3,0,3,15,16,16,39,False
2603,17807329663,46,6,4,0,1,44,43,43,9,False
12892,19550593600,4,12,4,0,3,33,45,45,39,False
11860,18758415613,25,4,4,0,3,19,33,33,20,False
2504,17807329663,47,31,4,0,1,17,24,24,39,False
8336,15167050060,3,22,1,0,2,22,28,28,39,False
1094,15661502139,38,10,4,0,0,18,0,0,9,False
3571,13130819298,3,0,1,0,3,32,18,18,13,False
1801,17623708813,46,6,4,0,2,15,32,32,39,False
3049,19831701219,32,8,4,0,0,18,16,16,9,False
8226,15165929133,43,9,4,0,2,37,45,45,39,False
503,13932780308,2,3,4,0,2,26,44,44,24,False
5218,18053307086,45,5,4,0,1,31,21,21,0,False
5970,18802233956,45,31,4,0,3,26,27,27,39,False
4730,15797725211,8,13,3,0,3,38,39,39,24,False
5364,18702113651,41,0,1,0,1,46,43,43,8,False
10709,18365196069,27,18,4,0,0,11,12,12,8,False
275,13513580369,25,5,4,0,1,15,43,43,39,False
8736,16630722126,1,16,2,0,1,23,14,14,0,False
1091,15661502139,35,32,4,0,0,45,39,39,19,False
2590,17807329663,33,3,4,0,3,16,9,9,9,True
6537,19881266563,10,16,4,0,0,23,11,11,19,False
13448,19859608897,8,0,4,0,1,8,28,28,39,False
3814,13130819298,45,1,4,0,2,10,1,1,8,False
12839,19550593600,1,10,4,0,0,31,14,14,9,False
7229,13401917913,49,5,3,0,2,18,24,24,39,False
4134,13670356740,14,13,4,0,0,9,2,2,1,False
6522,19881266563,45,10,3,0,1,37,30,30,9,False
5687,18802233956,13,6,1,0,3,18,5,5,9,False
2530,17807329663,23,30,4,0,0,38,33,33,24,False
8878,16630722126,1,4,4,0,3,38,39,39,24,False
11596,18758415613,11,3,2,0,0,46,33,33,9,False
10489,18365196069,8,0,1,0,3,26,39,39,39,True
5277,18053307086,4,12,4,0,3,18,17,17,9,False
1877,17623708813,22,4,4,0,3,15,12,12,39,False
2481,17807329663,24,1,4,0,0,40,3,3,1,False
1094,15661502139,38,32,4,0,1,8,0,0,1,False
1508,15735414945,4,32,4,0,2,38,47,47,24,False
7943,13943039298,11,1,4,0,1,40,47,47,0,False
1433,15735414945,28,9,4,0,0,29,8,8,19,False
11592,18758415613,7,5,2,0,0,10,6,6,20,False
13542,19859608897,2,0,4,0,1,1,8,8,9,False
3478,19970957519,10,12,4,0,1,18,10,10,9,False
1432,15735414945,27,87,4,0,2,31,7,7,9,False
6293,19852999776,17,13,4,0,2,12,25,25,39,False
1284,15735414945,30,16,1,0,0,38,31,31,9,False
7342,13401917913,12,3,4,0,2,27,33,33,15,False
7610,13630678332,29,3,4,0,0,15,4,4,19,False
9755,17331496902,26,5,4,0,1,15,9,9,9,True
12070,18765816132,34,8,4,0,3,11,13,13,19,False
6242,19852999776,16,22,4,0,1,23,22,22,14,False
2562,17807329663,5,6,4,0,2,16,24,24,24,True
260,13513580369,10,0,4,0,1,33,21,21,9,False
12676,19550593600,33,0,2,0,2,0,28,28,24,False
10492,18365196069,11,0,1,0,1,33,26,26,20,False
7809,13943039298,27,8,4,0,1,10,9,9,0,False
3835,13130819298,16,20,4,0,1,30,14,14,0,False
1576,15735414945,22,26,4,0,3,30,31,31,39,False
6221,19852999776,45,24,4,0,2,16,24,24,24,True
5764,18802233956,39,5,2,0,1,26,10,10,1,False
7945,13943039298,13,7,4,0,2,9,3,3,1,False
11846,18758415613,11,24,4,0,0,31,24,24,9,False
805,15260233525,50,8,4,0,1,24,23,23,9,False
11048,18636055184,15,16,4,0,3,16,8,8,24,False
2850,18991311567,42,16,4,0,0,24,16,16,9,False
10133,17731093916,3,8,1,0,1,3,2,2,9,False
2086,17713196465,30,16,3,0,0,19,6,6,9,False
7253,13401917913,23,12,4,0,1,32,13,13,13,True
4844,15797725211,22,0,4,0,1,18,8,8,9,False
13362,19859608897,22,3,2,0,0,37,29,29,9,False
5874,18802233956,49,9,4,0,3,29,23,23,39,False
6248,19852999776,22,18,4,0,0,15,19,19,20,False
3473,19970957519,5,1,4,0,1,19,33,33,20,False
3942,13670356740,23,3,1,0,2,15,23,23,39,False
11109,18636055184,26,24,4,0,1,37,28,28,9,False
1826,17623708813,21,15,4,0,2,11,18,18,39,False
3327,19970957519,9,3,3,0,1,32,11,11,1,False
12860,19550593600,22,13,4,0,3,16,4,4,12,False
4589,15079495784,18,12,4,0,1,32,3,3,1,False
5222,18053307086,49,10,4,0,3,11,33,33,39,False
13031,19834840803,42,2,2,0,1,45,0,0,1,False
13488,19859608897,48,0,4,0,2,17,40,40,39,False
12810,19550593600,22,46,4,0,3,7,8,8,19,False
11837,18758415613,2,0,4,0,2,5,9,9,40,False
13580,19859608897,40,1,4,0,1,32,9,9,1,False
13705,19948700293,14,4,2,0,1,34,32,32,0,False
12125,18765816132,39,7,4,0,0,33,5,5,9,False
3295,19970957519,27,3,2,0,1,36,8,8,9,False
12473,18989781863,36,0,4,0,1,31,15,15,8,False
2835,18991311567,27,1,4,0,0,31,3,3,9,False
7844,13943039298,12,0,4,0,0,40,2,2,1,False
12849,19550593600,11,11,4,0,1,17,16,16,0,False
7844,13943039298,12,15,4,0,1,24,2,2,9,False
1063,15661502139,7,2,4,0,0,9,11,11,24,False
2321,17807329663,15,3,1,0,1,26,17,17,1,False
3107,19831701219,40,14,4,0,2,11,18,18,39,False
520,13932780308,19,9,4,0,2,34,41,41,39,False
6652,19881266563,25,25,4,0,1,32,31,31,9,False
7578,13630678332,47,7,3,0,0,30,24,24,20,False
1911,17623708813,6,8,4,0,1,18,32,32,9,False
8622,15167050060,38,25,4,0,3,18,13,13,39,False
10090,17527328008,10,13,4,0,1,13,19,19,0,False
10517,18365196069,36,2,1,0,1,45,31,31,20,False
2582,17807329663,25,18,4,0,2,38,15,15,0,False
5147,18053307086,24,0,4,0,1,11,7,7,39,False
10958,18636055184,25,1,3,0,0,31,8,8,1,False
11271,18664891854,37,7,2,0,0,41,34,34,20,False
13426,19859608897,36,2,3,0,2,30,31,31,39,False
12235,18765816132,49,7,4,0,3,40,34,34,1,False
3359,19970957519,41,4,3,0,0,30,47,47,39,False
7808,13943039298,26,14,4,0,0,11,5,5,8,False
1774,17623708813,19,163,4,0,3,5,6,6,20,False
6955,13074255915,26,30,4,0,3,39,26,26,19,False
11790,18758415613,5,5,4,0,1,4,9,9,39,False
13184,19834840803,45,1,4,0,3,39,13,13,9,False
1045,15661502139,39,0,3,0,0,46,19,19,19,True
287,13513580369,37,1,4,0,3,18,16,16,9,False
2599,17807329663,42,9,4,0,2,31,1,1,24,False
4773,15797725211,1,1,4,0,2,20,16,16,15,False
2692,18991311567,35,2,1,0,2,15,22,22,9,False
11943,18765816132,7,3,2,0,2,7,46,46,39,False
4507,15079495784,36,21,4,0,0,35,2,2,13,False
465,13932780308,14,12,3,0,0,15,10,10,1,False
5933,18802233956,8,17,4,0,3,35,45,45,19,False
7934,13943039298,2,57,4,0,0,35,14,14,9,False
9821,17527328008,42,0,1,0,1,48,24,24,1,False
6506,19881266563,29,7,3,0,3,16,24,24,39,False
8780,16630722126,45,2,2,0,2,7,22,22,39,False
4481,15079495784,10,15,4,0,0,13,0,0,0,True
5409,18702113651,35,6,2,0,0,10,1,1,8,False
4288,15079495784,18,0,1,0,1,38,21,21,1,False
9866,17527328008,36,3,2,0,0,44,1,1,20,False
2192,17713196465,36,14,4,0,1,25,9,9,24,False
3802,13130819298,33,24,4,0,0,22,7,7,0,False
9489,17331496902,10,9,2,0,3,31,32,32,19,False
3824,13130819298,5,10,4,0,1,25,36,36,24,False
13776,19948700293,35,10,3,0,1,13,19,19,0,False
12201,18765816132,15,24,4,0,1,3,9,9,9,True
4988,18053307086,16,8,1,0,2,2,9,9,39,False
2652,17807329663,45,10,4,0,0,29,22,22,19,False
8846,16630722126,19,0,3,0,0,37,1,1,9,False
4652,15797725211,31,0,1,0,0,38,7,7,1,False
3843,13130819298,24,19,4,0,0,29,23,23,19,False
10292,17731093916,11,10,4,0,2,18,26,26,39,False
1215,15661502139,11,2,4,0,2,11,39,39,39,True
2638,17807329663,31,12,4,0,0,18,15,15,9,False
12839,19550593600,1,4,4,0,3,40,14,14,1,False
1034,15661502139,28,3,3,0,0,15,4,4,24,False
4610,15079495784,39,19,4,0,0,19,21,21,0,False
2201,17713196465,45,9,4,0,3,32,17,17,9,False
7080,13401917913,1,17,1,0,1,32,48,48,20,False
6014,18802233956,39,8,4,0,3,45,46,46,19,False
4913,15797725211,41,5,4,0,2,8,47,47,39,False
9262,16726368276,34,11,4,0,1,22,8,8,0,False
3321,19970957519,3,7,3,0,0,23,16,16,1,False
10852,18636055184,20,4,1,0,3,26,20,20,20,True
3855,13130819298,36,3,4,0,0,25,16,16,9,False
9950,17527328008,20,18,4,0,3,25,20,20,39,False
13641,19948700293,1,1,1,0,2,39,37,37,24,False
7615,13630678332,34,6,4,0,0,25,19,19,19,True
4868,15797725211,46,9,4,0,1,18,7,7,9,False
10695,18365196069,13,31,4,0,0,14,8,8,1,False
4435,15079495784,14,39,4,0,2,25,40,40,39,False
264,13513580369,14,8,4,0,1,15,0,0,0,True
1413,15735414945,8,10,4,0,2,17,32,32,39,False
7071,13074255915,42,10,4,0,2,32,44,44,39,False
4343,15079495784,22,13,2,0,3,5,11,11,20,False
13859,19948700293,3,1,4,0,1,48,34,34,1,False
10373,17731093916,42,0,4,0,0,15,16,16,39,False
10781,18365196069,49,6,4,0,1,26,40,40,9,False
3624,13130819298,5,9,2,0,2,10,46,46,39,False
709,15260233525,4,5,4,0,3,30,33,33,39,False
11056,18636055184,23,6,4,0,3,16,8,8,9,False
3150,19831701219,33,7,4,0,1,30,8,8,1,False
7089,13401917913,10,21,1,0,3,16,9,9,24,False
7613,13630678332,32,4,4,0,3,17,19,19,39,False
4643,15797725211,22,9,1,0,3,10,27,27,20,False
6651,19881266563,24,14,4,0,3,31,18,18,24,False
9193,16726368276,15,18,3,0,2,37,45,45,39,False
98,13513580369,48,9,2,0,2,12,25,25,39,False
1924,17623708813,19,50,4,0,1,10,16,16,8,False
4591,15079495784,20,8,4,0,0,32,2,2,1,False
12475,18989781863,38,10,4,0,3,26,20,20,20,True
10171,17731093916,41,3,1,0,0,30,15,15,8,False
10102,17527328008,22,4,4,0,0,32,4,4,1,False
11498,18664891854,14,1,4,0,2,34,46,46,39,False
1814,17623708813,9,0,4,0,2,15,41,41,39,False
10356,17731093916,25,12,4,0,1,1,2,2,9,False
1149,15661502139,43,27,4,0,2,16,22,22,15,False
9749,17331496902,20,5,4,0,3,33,45,45,39,False
13288,19834840803,49,11,4,0,2,33,39,39,39,True
1378,15735414945,23,9,3,0,1,26,10,10,1,False
8891,16630722126,14,10,4,0,1,40,1,1,1,True
9869,17527328008,39,4,2,0,3,21,1,1,19,False
6677,19881266563,50,2,4,0,3,23,18,18,39,False
7177,13401917913,47,0,2,0,0,38,47,47,39,False
11523,18664891854,39,2,4,0,0,39,5,5,24,False
8064,15165929133,31,11,2,0,3,22,43,43,39,False
11754,18758415613,19,5,4,0,2,7,34,34,39,False
3925,13670356740,6,0,1,0,2,0,31,31,24,False
4461,15079495784,40,16,4,0,1,23,44,44,39,False
13409,19859608897,19,4,3,0,1,8,28,28,0,False
980,15661502139,24,3,2,0,0,33,6,6,13,False
8362,15167050060,29,1,1,0,1,47,24,24,13,False
12810,19550593600,22,33,4,0,2,31,8,8,9,False
4607,15079495784,36,22,4,0,1,39,37,37,24,False
5506,18702113651,32,13,4,0,3,32,41,41,39,False
2992,19831701219,25,21,3,0,2,16,24,24,24,True
1587,15735414945,33,13,4,0,1,36,21,21,9,False
7957,13943039298,25,9,4,0,3,17,11,11,12,False
5126,18053307086,3,3,4,0,0,17,0,0,0,True
11310,18664891854,26,9,3,0,2,31,47,47,9,False
9245,16726368276,17,0,4,0,3,38,1,1,9,False
14052,19948700293,30,1,4,0,0,15,8,8,9,False
3071,19831701219,4,15,4,0,3,37,39,39,39,True
7972,13943039298,40,18,4,0,1,2,1,1,0,False
1217,15661502139,13,4,4,0,2,12,25,25,39,False
13084,19834840803,45,0,3,0,3,7,39,39,39,True
1862,17623708813,7,2,4,0,1,17,33,33,39,False
11984,18765816132,48,7,2,0,0,27,13,13,0,False
1021,15661502139,15,7,3,0,0,10,8,8,20,False
4765,15797725211,43,2,3,0,1,36,21,21,1,False
6703,19881266563,25,1,4,0,2,21,46,46,24,False
3205,19831701219,38,7,4,0,0,26,6,6,13,False
1196,15661502139,42,17,4,0,2,31,37,37,9,False
14022,19948700293,33,6,4,0,0,29,8,8,19,False
13414,19859608897,24,3,3,0,1,22,21,21,0,False
12149,18765816132,13,12,4,0,3,31,9,9,9,True
1253,15661502139,49,13,4,0,0,37,14,14,0,False
4310,15079495784,40,5,1,0,2,3,10,10,39,False
1651,17623708813,47,12,1,0,2,12,20,20,39,False
1111,15661502139,5,9,4,0,2,16,15,15,9,False
6591,19881266563,14,3,4,0,1,32,24,24,0,False
4385,15079495784,14,10,3,0,1,38,29,29,0,False
4009,13670356740,39,0,2,0,1,27,13,13,0,False
974,15661502139,18,4,2,0,1,3,1,1,9,False
11430,18664891854,46,7,4,0,0,23,0,0,8,False
5328,18702113651,5,7,1,0,2,26,32,32,39,False
6074,19852999776,49,0,1,0,1,6,27,27,39,False
5513,18702113651,39,2,4,0,0,45,9,9,20,False
13108,19834840803,19,10,4,0,1,11,7,7,9,False
9415,16726368276,37,9,4,0,0,37,21,21,8,False
10412,17731093916,31,3,4,0,0,46,31,31,20,False
2750,18991311567,42,0,2,0,0,31,15,15,9,False
1171,15661502139,17,8,4,0,0,20,6,6,9,False
6394,19881266563,18,7,1,0,0,22,7,7,1,False
8502,15167050060,18,4,4,0,2,23,36,36,39,False
13987,19948700293,31,15,4,0,1,23,14,14,8,False
4059,13670356740,39,2,3,0,1,32,30,30,0,False
12351,18989781863,14,5,3,0,2,31,45,45,19,False
7594,13630678332,13,35,4,0,0,46,39,39,19,False
11358,18664891854,24,18,4,0,0,20,19,19,9,False
10695,18365196069,13,6,4,0,3,39,8,8,8,True
5936,18802233956,11,1,4,0,0,31,17,17,9,False
7629,13630678332,48,5,4,0,3,30,24,24,39,False
5671,18702113651,47,2,4,0,0,19,0,0,9,False
2574,17807329663,17,21,4,0,3,31,33,33,39,False
8247,15165929133,14,3,4,0,3,17,4,4,39,False
3123,19831701219,6,4,4,0,3,22,17,17,39,False
996,15661502139,40,5,2,0,2,2,0,0,39,False
12122,18765816132,36,0,4,0,2,3,20,20,39,False
4413,15079495784,42,7,3,0,2,38,45,45,39,False
11443,18664891854,9,4,4,0,1,23,0,0,8,False
8484,15167050060,50,4,3,0,0,22,14,14,1,False
12683,19550593600,40,7,2,0,1,41,39,39,0,False
4579,15079495784,8,11,4,0,1,24,11,11,24,False
6680,19881266563,2,9,4,0,2,30,46,46,39,False
9265,16726368276,37,13,4,0,3,32,47,47,39,False
9541,17331496902,12,13,3,0,1,9,1,1,1,True
5940,18802233956,15,9,4,0,2,25,43,43,24,False
1535,15735414945,31,2,4,0,2,30,31,31,24,False
3437,19970957519,19,1,4,0,0,21,18,18,19,False
4346,15079495784,25,11,2,0,1,13,11,11,39,False
8751,16630722126,16,10,2,0,2,2,1,1,24,False
7222,13401917913,42,16,3,0,0,23,24,24,24,True
5794,18802233956,19,17,3,0,1,23,15,15,24,False
3529,19970957519,11,3,4,0,0,24,19,19,10,False
2532,17807329663,25,0,4,0,1,25,28,28,8,False
8448,15167050060,14,4,3,0,2,18,20,20,39,False
1200,15661502139,46,1,4,0,3,46,13,13,13,True
9825,17527328008,46,6,1,0,2,35,42,42,9,False
918,15661502139,13,13,1,0,1,19,46,46,39,False
4370,15079495784,49,2,2,0,1,26,5,5,13,False
5854,18802233956,29,8,4,0,3,30,33,33,39,False
283,13513580369,33,3,4,0,2,12,47,47,39,False
11511,18664891854,27,11,4,0,1,10,9,9,1,False
11698,18758415613,13,0,4,0,2,24,25,25,9,False
13745,19948700293,4,4,3,0,0,37,30,30,13,False
13254,19834840803,15,17,4,0,0,15,8,8,0,False
11780,18758415613,45,12,4,0,2,32,40,40,39,False
10449,17731093916,18,2,4,0,3,7,22,22,39,False
7140,13401917913,10,1,2,0,3,40,32,32,39,False
1782,17623708813,27,18,4,0,2,5,18,18,39,False
5187,18053307086,14,1,4,0,1,27,15,15,0,False
13902,19948700293,46,7,4,0,3,17,20,20,39,False
9978,17527328008,48,3,4,0,2,8,36,36,39,False
2511,17807329663,4,2,4,0,3,9,47,47,39,False
3428,19970957519,10,3,4,0,0,34,13,13,9,False
9360,16726368276,32,10,4,0,2,7,31,31,39,False
5312,18053307086,39,11,4,0,3,32,9,9,1,False
5007,18053307086,35,2,1,0,2,18,31,31,39,False
12432,18989781863,45,14,4,0,2,26,40,40,15,False
2432,17807329663,25,0,3,0,0,21,37,37,19,False
9030,16630722126,3,3,4,0,1,2,7,7,15,False
2008,17713196465,2,8,2,0,0,19,1,1,1,True
13827,19948700293,21,5,3,0,3,37,40,40,20,False
3008,19831701219,41,3,3,0,2,23,47,47,39,False
3125,19831701219,8,32,4,0,0,22,16,16,39,False
12987,19834840803,49,7,1,0,0,25,18,18,19,False
3369,19970957519,1,12,4,0,2,3,16,16,39,False
2131,17713196465,25,23,4,0,3,25,31,31,24,False
2201,17713196465,45,2,4,0,0,31,17,17,8,False
1080,15661502139,24,26,4,0,3,23,37,37,39,False
6581,19881266563,4,7,4,0,0,25,14,14,9,False
704,15260233525,1,4,4,0,0,25,21,21,9,False
8988,16630722126,11,19,4,0,0,44,3,3,20,False
6203,19852999776,27,41,4,0,2,26,31,31,39,False
5386,18702113651,12,19,2,0,0,46,47,47,20,False
1828,17623708813,23,26,4,0,2,25,33,33,24,False
8343,15167050060,10,4,1,0,0,25,10,10,9,False
13424,19859608897,34,0,3,0,3,21,24,24,19,False
8799,16630722126,14,10,3,0,0,17,9,9,1,False
13207,19834840803,18,10,4,0,3,32,39,39,39,True
12800,19550593600,12,2,4,0,0,15,1,1,9,False
9248,16726368276,20,6,4,0,3,8,31,31,39,False
8259,15165929133,26,20,4,0,1,40,39,39,1,False
6258,19852999776,32,17,4,0,3,11,32,32,39,False
6959,13074255915,30,4,4,0,0,23,8,8,8,True
1345,15735414945,40,4,2,0,1,23,36,36,39,False
12397,18989781863,10,8,4,0,1,34,2,2,0,False
3170,19831701219,3,11,4,0,2,23,24,24,24,True
11860,18758415613,25,11,4,0,2,20,33,33,39,False
1429,15735414945,24,45,4,0,1,18,3,3,9,False
134,13513580369,34,3,3,0,2,2,15,15,39,False
8771,16630722126,36,1,2,0,3,31,11,11,24,False
6648,19881266563,21,9,4,0,2,11,18,18,39,False
81,13513580369,31,25,2,0,1,33,24,24,9,False
8939,16630722126,12,4,4,0,0,34,20,20,0,False
12186,18765816132,50,3,4,0,1,24,9,9,9,True
2069,17713196465,13,3,3,0,1,8,0,0,9,False
11525,18664891854,41,11,4,0,0,14,0,0,1,False
7053,13074255915,24,5,4,0,3,19,45,45,20,False
2657,17807329663,50,1,4,0,0,7,11,11,19,False
1483,15735414945,29,5,4,0,3,19,33,33,39,False
11288,18664891854,4,4,3,0,1,5,24,24,39,False
7848,13943039298,16,12,4,0,0,26,5,5,13,False
13715,19948700293,24,2,2,0,1,36,42,42,0,False
11853,18758415613,18,1,4,0,0,21,1,1,19,False
5538,18702113651,14,10,4,0,2,18,28,28,9,False
1765,17623708813,10,149,4,0,3,17,13,13,39,False
11866,18758415613,31,5,4,0,2,36,43,43,39,False
12308,18989781863,21,4,2,0,3,17,27,27,20,False
8070,15165929133,37,1,2,0,2,0,29,29,39,False
7880,13943039298,48,7,4,0,0,34,20,20,8,False
10475,17731093916,44,2,4,0,3,40,5,5,11,False
10303,17731093916,22,4,4,0,1,30,1,1,0,False
1671,17623708813,16,12,2,0,0,22,1,1,20,False
646,15260233525,43,10,2,0,0,35,30,30,19,False
7415,13401917913,35,8,4,0,3,17,12,12,12,True
2582,17807329663,25,19,4,0,3,45,15,15,20,False
5395,18702113651,21,6,2,0,0,19,10,10,1,False
7139,13401917913,9,0,2,0,0,9,32,32,39,False
5121,18053307086,48,2,3,0,0,22,17,17,39,False
12865,19550593600,27,6,4,0,1,4,9,9,39,False
7249,13401917913,19,21,4,0,0,7,0,0,9,False
12140,18765816132,4,25,4,0,0,40,26,26,13,False
6595,19881266563,18,4,4,0,2,13,20,20,39,False
13876,19948700293,20,8,4,0,2,4,14,14,24,False
12350,18989781863,13,3,3,0,1,45,43,43,20,False
895,15260233525,40,1,4,0,2,12,47,47,19,False
9736,17331496902,7,7,4,0,1,18,17,17,9,False
3178,19831701219,11,7,4,0,0,31,2,2,9,False
5509,18702113651,35,6,4,0,1,47,46,46,20,False
6678,19881266563,1,63,4,0,2,30,31,31,39,False
669,15260233525,16,12,3,0,2,2,9,9,39,False
6724,19881266563,46,0,4,0,1,19,31,31,20,False
6716,19881266563,38,13,4,0,3,15,33,33,39,False
1024,15661502139,18,12,3,0,3,12,34,34,39,False
8355,15167050060,22,15,1,0,2,4,5,5,24,False
10456,17731093916,25,1,4,0,2,9,34,34,39,False
4436,15079495784,15,12,4,0,3,36,31,31,19,False
3035,19831701219,18,43,4,0,0,29,17,17,19,False
10363,17731093916,32,1,4,0,0,34,26,26,9,False
2748,18991311567,40,12,2,0,3,11,31,31,39,False
3789,13130819298,20,14,4,0,3,28,2,2,1,False
12280,18989781863,44,1,1,0,2,25,33,33,19,False
12656,19550593600,13,8,2,0,3,4,12,12,24,False
1822,17623708813,17,6,4,0,1,40,9,9,1,False
6595,19881266563,18,14,4,0,1,5,20,20,20,True
776,15260233525,21,0,4,0,1,16,45,45,39,False
7295,13401917913,15,4,4,0,2,34,48,48,39,False
1907,17623708813,2,12,4,0,0,30,23,23,20,False
5842,18802233956,17,14,4,0,0,28,14,14,1,False
8059,15165929133,26,2,2,0,2,7,16,16,39,False
2823,18991311567,15,7,4,0,0,40,16,16,8,False
2203,17713196465,47,1,4,0,1,16,1,1,9,False
6891,13074255915,12,10,4,0,0,32,26,26,20,False
7998,15165929133,16,9,1,0,3,31,39,39,39,True
9935,17527328008,5,24,4,0,0,16,8,8,24,False
854,15260233525,49,12,4,0,1,15,14,14,14,True
1860,17623708813,5,0,4,0,3,12,37,37,39,False
3823,13130819298,4,2,4,0,0,32,23,23,0,False
9114,16726368276,37,3,1,0,3,32,41,41,39,False
8474,15167050060,40,3,3,0,3,25,26,26,19,False
9245,16726368276,17,19,4,0,0,7,1,1,9,False
7856,13943039298,24,4,4,0,1,45,38,38,20,False
1203,15661502139,49,19,4,0,3,36,37,37,39,False
8529,15167050060,45,2,4,0,2,32,40,40,39,False
1853,17623708813,20,4,4,0,1,47,36,36,13,False
8775,16630722126,40,5,2,0,1,33,11,11,9,False
3584,13130819298,16,16,1,0,0,9,20,20,20,True
4552,15079495784,31,15,4,0,3,28,7,7,1,False
10416,17731093916,35,0,4,0,2,40,15,15,1,False
4466,15079495784,45,7,4,0,0,22,17,17,39,False
11469,18664891854,35,11,4,0,3,38,19,19,19,True
12540,18989781863,3,5,4,0,0,23,16,16,24,False
5320,18053307086,47,13,4,0,2,22,30,30,39,False
8149,15165929133,16,18,4,0,0,23,10,10,8,False
7547,13630678332,16,5,3,0,2,11,17,17,39,False
3125,19831701219,8,9,4,0,0,32,16,16,9,False
9798,17527328008,19,6,1,0,1,48,40,40,17,False
12524,18989781863,37,20,4,0,2,40,48,48,39,False
3085,19831701219,18,17,4,0,1,32,8,8,1,False
11959,18765816132,23,1,2,0,1,9,30,30,1,False
5805,18802233956,30,1,3,0,3,29,24,24,39,False
14113,19948700293,41,15,4,0,1,34,26,26,9,False
12758,19550593600,17,33,4,0,2,39,46,46,39,False
9804,17527328008,25,49,1,0,1,3,9,9,9,True
2665,18991311567,8,0,1,0,2,39,13,13,19,False
1817,17623708813,12,21,4,0,0,8,7,7,0,False
4409,15079495784,38,4,3,0,1,3,8,8,9,False
5300,18053307086,27,4,4,0,1,46,22,22,8,False
5074,18053307086,1,6,3,0,1,11,7,7,9,False
13068,19834840803,29,5,3,0,1,33,24,24,9,False
6134,19852999776,8,12,3,0,0,25,12,12,19,False
13174,19834840803,35,7,4,0,1,31,0,0,24,False
12436,18989781863,49,7,4,0,0,38,31,31,1,False
2348,17807329663,42,30,1,0,1,33,24,24,9,False
8816,16630722126,31,8,3,0,1,25,24,24,24,True
5468,18702113651,44,7,3,0,3,32,19,19,13,False
10919,18636055184,36,1,2,0,0,30,1,1,1,True
5194,18053307086,21,3,4,0,1,23,21,21,8,False
14003,19948700293,14,12,4,0,3,29,8,8,19,False
7104,13401917913,25,12,1,0,3,5,13,13,20,False
6436,19881266563,9,4,2,0,2,18,17,17,9,False
9666,17331496902,37,6,4,0,3,26,13,13,19,False
7656,13943039298,25,0,1,0,1,40,22,22,1,False
5232,18053307086,9,11,4,0,1,20,12,12,9,False
2156,17713196465,50,13,4,0,0,23,33,33,39,False
10800,18365196069,18,1,4,0,0,28,0,0,9,False
1921,17623708813,16,67,4,0,0,31,24,24,9,False
1076,15661502139,20,14,4,0,3,25,31,31,24,False
13134,19834840803,45,8,4,0,2,25,31,31,39,False
680,15260233525,27,4,3,0,3,29,17,17,19,False
480,13932780308,29,1,3,0,3,14,24,24,39,False
3819,13130819298,50,15,4,0,1,31,23,23,9,False
9629,17331496902,50,0,4,0,3,2,31,31,39,False
1601,15735414945,47,6,4,0,1,30,31,31,1,False
2472,17807329663,15,8,4,0,0,21,39,39,39,True
13356,19859608897,16,6,2,0,1,30,21,21,0,False
3464,19970957519,46,1,4,0,0,17,18,18,39,False
6769,13074255915,41,0,1,0,1,48,24,24,1,False
10555,18365196069,23,8,2,0,2,36,43,43,39,False
9742,17331496902,13,1,4,0,1,34,8,8,8,True
5459,18702113651,35,7,3,0,2,26,13,13,9,False
11436,18664891854,2,11,4,0,0,26,20,20,19,False
7016,13074255915,37,0,4,0,2,8,48,48,39,False
4455,15079495784,34,28,4,0,3,23,8,8,8,True
6111,19852999776,35,7,2,0,2,12,32,32,39,False
10510,18365196069,29,2,1,0,2,18,40,40,39,False
11108,18636055184,25,16,4,0,3,25,34,34,39,False
13847,19948700293,41,4,3,0,1,30,29,29,0,False
5826,18802233956,1,105,4,0,0,35,16,16,9,False
11852,18758415613,17,15,4,0,3,23,16,16,24,False
10102,17527328008,22,11,4,0,1,5,4,4,9,False
7265,13401917913,35,15,4,0,3,44,48,48,19,False
4894,15797725211,22,1,4,0,3,8,12,12,39,False
8000,15165929133,18,14,1,0,1,38,39,39,24,False
4483,15079495784,12,3,4,0,1,25,1,1,9,False
11003,18636055184,20,18,4,0,1,23,0,0,8,False
9492,17331496902,13,10,2,0,0,41,13,13,20,False
6367,19852999776,41,7,4,0,3,36,14,14,9,False
3747,13130819298,28,0,4,0,0,26,10,10,8,False
6321,19852999776,45,8,4,0,1,18,0,0,9,False
3079,19831701219,12,5,4,0,3,10,12,12,39,False
5018,18053307086,46,0,1,0,3,43,21,21,9,False
1534,15735414945,30,8,4,0,2,12,26,26,39,False
3076,19831701219,9,0,4,0,1,27,19,19,9,False
11967,18765816132,31,2,2,0,0,41,25,25,20,False
4480,15079495784,9,15,4,0,0,32,10,10,1,False
821,15260233525,16,3,4,0,2,15,23,23,39,False
4542,15079495784,21,9,4,0,0,22,21,21,0,False
1930,17623708813,25,21,4,0,2,26,46,46,39,False
6576,19881266563,49,27,4,0,3,33,34,34,39,False
7045,13074255915,16,3,4,0,1,36,0,0,1,False
13269,19834840803,30,17,4,0,0,28,22,22,9,False
5109,18053307086,36,1,3,0,1,46,38,38,31,False
12575,18989781863,38,20,4,0,2,34,40,40,24,False
4126,13670356740,6,11,4,0,3,28,21,21,39,False
13552,19859608897,12,1,4,0,0,9,33,33,39,False
5661,18702113651,37,4,4,0,2,29,36,36,24,False
9527,17331496902,48,3,2,0,3,14,28,28,39,False
3201,19831701219,34,7,4,0,3,17,20,20,39,False
3881,13130819298,12,15,4,0,1,18,17,17,9,False
1037,15661502139,31,4,3,0,0,17,38,38,39,False
1538,15735414945,34,0,4,0,3,19,5,5,20,False
1157,15661502139,3,1,4,0,3,32,13,13,2,False
11733,18758415613,48,15,4,0,1,37,36,36,39,False
1802,17623708813,47,59,4,0,2,20,6,6,9,False
8317,15165929133,34,2,4,0,1,40,20,20,1,False
4642,15797725211,21,4,1,0,2,23,24,24,24,True
10544,18365196069,12,10,2,0,3,29,7,7,2,False
3894,13130819298,25,13,4,0,0,25,12,12,9,False
8855,16630722126,28,9,3,0,0,17,10,10,1,False
10696,18365196069,14,7,4,0,3,14,36,36,39,False
11743,18758415613,8,23,4,0,0,10,0,0,0,True
9813,17527328008,34,7,1,0,2,11,12,12,8,False
625,15260233525,22,7,2,0,3,2,11,11,39,False
2056,17713196465,50,8,2,0,2,29,31,31,24,False
10029,17527328008,49,143,4,0,2,3,1,1,0,False
11017,18636055184,34,12,4,0,1,32,39,39,39,True
4201,13670356740,31,12,4,0,2,16,31,31,24,False
6602,19881266563,25,17,4,0,1,12,17,17,9,False
1542,15735414945,38,3,4,0,3,8,16,16,39,False
12115,18765816132,29,17,4,0,3,4,20,20,39,False
5991,18802233956,16,12,4,0,2,23,26,26,24,False
140,13513580369,40,11,3,0,1,26,6,6,9,False
7348,13401917913,18,2,4,0,3,23,39,39,39,True
11935,18765816132,50,5,1,0,2,16,24,24,24,True
9418,16726368276,40,4,4,0,0,22,1,1,1,True
393,13932780308,43,2,1,0,3,32,25,25,10,False
6340,19852999776,14,7,4,0,1,18,29,29,9,False
2204,17713196465,48,14,4,0,2,17,39,39,39,True
9855,17527328008,25,10,2,0,3,44,45,45,20,False
9603,17331496902,24,1,4,0,1,46,31,31,8,False
6662,19881266563,35,1,4,0,2,9,25,25,39,False
1925,17623708813,20,10,4,0,1,18,16,16,9,False
7282,13401917913,2,19,4,0,1,32,31,31,9,False
12638,19550593600,51,9,1,0,2,15,47,47,39,False
4966,15797725211,44,113,4,0,0,19,41,41,39,False
4830,15797725211,8,5,4,0,2,10,47,47,39,False
7358,13401917913,28,15,4,0,0,11,2,2,0,False
5452,18702113651,28,14,3,0,2,16,15,15,24,False
1602,15735414945,48,18,4,0,1,25,7,7,9,False
12461,18989781863,24,10,4,0,2,27,45,45,39,False
9177,16726368276,49,6,2,0,2,37,47,47,39,False
1795,17623708813,40,20,4,0,2,35,45,45,39,False
9395,16726368276,17,4,4,0,0,44,33,33,20,False
4235,13670356740,15,12,4,0,3,42,43,43,13,False
2466,17807329663,9,4,4,0,0,33,23,23,1,False
7197,13401917913,17,18,3,0,1,3,9,9,9,True
616,15260233525,13,0,2,0,3,37,2,2,9,False
4583,15079495784,12,41,4,0,3,5,46,46,39,False
3040,19831701219,23,18,4,0,2,26,34,34,39,False
10093,17527328008,13,0,4,0,3,21,1,1,39,False
561,15260233525,9,2,1,0,1,36,42,42,0,False
1797,17623708813,42,131,4,0,1,20,10,10,9,False
1614,17623708813,10,7,1,0,1,38,36,36,0,False
3454,19970957519,36,5,4,0,1,33,37,37,9,False
13240,19834840803,1,12,4,0,2,25,41,41,39,False
5503,18702113651,29,10,4,0,2,26,17,17,24,False
2390,17807329663,33,2,2,0,1,45,42,42,20,False
6220,19852999776,44,6,4,0,0,35,14,14,9,False
13367,19859608897,27,3,2,0,0,41,18,18,20,False
3327,19970957519,9,6,3,0,3,31,11,11,24,False
14036,19948700293,14,5,4,0,2,7,25,25,39,False
6896,13074255915,17,19,4,0,1,18,10,10,9,False
1465,15735414945,11,32,4,0,0,26,9,9,8,False
5726,18802233956,1,9,2,0,0,17,34,34,20,False
4533,15079495784,12,1,4,0,1,33,14,14,0,False
9208,16726368276,30,3,3,0,1,33,13,13,9,False
7847,13943039298,15,10,4,0,2,33,39,39,39,True
392,13932780308,42,4,1,0,1,30,37,37,1,False
11097,18636055184,14,0,4,0,0,22,29,29,39,False
5101,18053307086,28,7,3,0,0,30,32,32,39,False
4566,15079495784,45,27,4,0,2,8,17,17,39,False
12988,19834840803,50,0,1,0,3,40,18,18,1,False
9619,17331496902,40,3,4,0,1,33,27,27,8,False
11010,18636055184,27,28,4,0,3,46,47,47,19,False
13986,19948700293,30,0,4,0,1,39,25,25,19,False
9269,16726368276,41,18,4,0,1,29,15,15,9,False
1155,15661502139,1,8,4,0,0,31,30,30,9,False
1759,17623708813,4,4,4,0,1,12,43,43,39,False
1459,15735414945,5,25,4,0,2,31,1,1,9,False
1449,15735414945,44,9,4,0,0,30,40,40,39,False
2029,17713196465,23,3,2,0,1,12,35,35,9,False
2554,17807329663,47,19,4,0,2,29,32,32,24,False
2307,17807329663,1,35,1,0,3,16,36,36,39,False
9814,17527328008,35,6,1,0,0,18,12,12,1,False
6514,19881266563,37,6,3,0,3,35,44,44,39,False
6566,19881266563,39,11,4,0,2,16,38,38,24,False
591,15260233525,39,5,1,0,3,28,16,16,39,False
3093,19831701219,26,2,4,0,0,25,32,32,24,False
5209,18053307086,36,10,4,0,0,32,12,12,10,False
13461,19859608897,21,3,4,0,1,27,26,26,0,False
2240,17713196465,34,6,4,0,3,9,18,18,39,False
13,13513580369,14,0,1,0,2,7,28,28,39,False
9815,17527328008,36,4,1,0,2,10,12,12,39,False
1322,15735414945,17,1,2,0,1,26,17,17,9,False
2381,17807329663,24,4,2,0,3,18,13,13,9,False
7575,13630678332,44,2,3,0,0,11,12,12,8,False
2737,18991311567,29,6,2,0,3,5,20,20,20,True
6707,19881266563,29,9,4,0,2,25,14,14,8,False
12006,18765816132,20,3,3,0,1,17,9,9,1,False
4876,15797725211,4,5,4,0,3,31,41,41,39,False
4509,15079495784,38,10,4,0,3,2,3,3,39,False
5426,18702113651,2,5,3,0,1,37,2,2,9,False
13101,19834840803,12,9,4,0,3,15,31,31,39,False
10521,18365196069,40,4,1,0,1,41,47,47,39,False
12605,19550593600,18,3,1,0,0,10,9,9,8,False
13392,19859608897,2,2,3,0,3,10,5,5,39,False
6812,13074255915,33,3,2,0,1,46,38,38,31,False
11813,18758415613,28,3,4,0,0,18,5,5,1,False
3569,13130819298,1,1,1,0,0,31,18,18,9,False
8897,16630722126,20,4,4,0,0,10,7,7,8,False
7847,13943039298,15,8,4,0,2,32,39,39,39,True
101,13513580369,1,1,3,0,0,40,5,5,20,False
2669,18991311567,12,0,1,0,3,43,23,23,13,False
10227,17731093916,46,1,2,0,3,33,13,13,9,False
2142,17713196465,36,6,4,0,2,9,17,17,39,False
12462,18989781863,25,11,4,0,2,10,11,11,20,False
4468,15079495784,47,4,4,0,0,35,25,25,19,False
9968,17527328008,38,1,4,0,2,2,1,1,39,False
4298,15079495784,28,7,1,0,2,12,20,20,39,False
8798,16630722126,13,6,3,0,0,22,8,8,0,False
1823,17623708813,18,11,4,0,1,31,11,11,1,False
6961,13074255915,32,9,4,0,1,5,23,23,20,False
6349,19852999776,23,3,4,0,3,17,33,33,39,False
12949,19834840803,11,0,1,0,2,5,41,41,47,False
3377,19970957519,9,14,4,0,0,32,9,9,1,False
5854,18802233956,29,12,4,0,0,23,33,33,39,False
3932,13670356740,13,6,1,0,1,19,27,27,20,False
4587,15079495784,16,8,4,0,2,8,38,38,39,False
11118,18636055184,35,11,4,0,3,11,12,12,19,False
802,15260233525,47,2,4,0,1,48,44,44,43,False
9728,17331496902,49,7,4,0,0,32,1,1,1,True
10009,17527328008,29,10,4,0,2,30,25,25,39,False
8246,15165929133,13,16,4,0,1,27,41,41,9,False
10055,17527328008,25,6,4,0,3,37,31,31,20,False
2232,17713196465,26,13,4,0,0,8,1,1,0,False
4576,15079495784,5,6,4,0,1,3,15,15,39,False
9975,17527328008,45,0,4,0,2,22,1,1,1,True
5887,18802233956,12,3,4,0,1,16,1,1,24,False
7342,13401917913,12,2,4,0,2,20,33,33,15,False
4487,15079495784,16,22,4,0,2,30,24,24,1,False
8020,15165929133,38,5,1,0,3,14,30,30,39,False
9497,17331496902,18,4,2,0,1,39,24,24,24,True
8918,16630722126,41,6,4,0,1,8,48,48,39,False
11049,18636055184,16,30,4,0,3,33,46,46,39,False
4123,13670356740,3,15,4,0,3,30,24,24,1,False
10324,17731093916,43,20,4,0,0,14,1,1,1,True
5475,18702113651,1,27,4,0,2,18,39,39,39,True
1797,17623708813,42,104,4,0,2,20,10,10,9,False
8242,15165929133,9,2,4,0,1,46,37,37,8,False
4519,15079495784,48,11,4,0,2,29,34,34,39,False
1373,15735414945,18,3,3,0,2,16,40,40,39,False
1432,15735414945,27,10,4,0,1,18,7,7,9,False
8096,15165929133,13,5,3,0,2,25,40,40,19,False
219,13513580369,19,38,4,0,0,24,17,17,9,False
1517,15735414945,13,3,4,0,2,0,23,23,39,False
10706,18365196069,24,4,4,0,1,45,42,42,20,False
2520,17807329663,13,2,4,0,2,14,23,23,39,False
4018,13670356740,48,7,2,0,3,23,20,20,19,False
12737,19550593600,49,7,3,0,3,16,24,24,39,False
7462,13630678332,32,10,1,0,2,25,46,46,39,False
5609,18702113651,35,3,4,0,2,12,32,32,39,False
5840,18802233956,15,34,4,0,1,43,21,21,9,False
1877,17623708813,22,5,4,0,0,15,12,12,24,False
12872,19550593600,34,26,4,0,3,16,14,14,24,False
5274,18053307086,1,12,4,0,1,25,17,17,24,False
11338,18664891854,4,11,4,0,1,10,9,9,8,False
1323,15735414945,18,0,2,0,1,9,17,17,1,False
5175,18053307086,2,20,4,0,1,25,13,13,24,False
5175,18053307086,2,15,4,0,1,26,13,13,9,False
3518,19970957519,50,0,4,0,1,19,24,24,20,False
2158,17713196465,2,2,4,0,0,33,11,11,1,False
1877,17623708813,22,9,4,0,3,2,12,12,39,False
4470,15079495784,49,11,4,0,1,43,29,29,9,False
6091,19852999776,15,5,2,0,3,29,17,17,19,False
3111,19831701219,44,6,4,0,0,33,0,0,1,False
6018,18802233956,43,4,4,0,3,23,31,31,39,False
9277,16726368276,49,0,4,0,3,5,34,34,40,False
9221,16726368276,43,9,3,0,0,30,21,21,0,False
1774,17623708813,19,153,4,0,3,13,6,6,1,False
5209,18053307086,36,8,4,0,2,24,12,12,24,False
4234,13670356740,14,6,4,0,2,4,11,11,39,False
5355,18702113651,32,4,1,0,3,31,18,18,2,False
8485,15167050060,1,0,4,0,2,29,40,40,19,False
2152,17713196465,46,11,4,0,0,33,25,25,9,False
2661,18991311567,4,18,1,0,3,28,1,1,1,True
1316,15735414945,11,3,2,0,3,11,3,3,1,False
3680,13130819298,11,5,3,0,1,3,9,9,9,True
4605,15079495784,34,13,4,0,1,38,8,8,0,False
6146,19852999776,20,8,3,0,0,29,23,23,19,False
4621,15079495784,50,9,4,0,3,23,11,11,20,False
10239,17731093916,8,8,3,0,3,29,8,8,9,False
11075,18636055184,42,1,4,0,2,32,47,47,39,False
9360,16726368276,32,14,4,0,3,22,31,31,39,False
9989,17527328008,9,0,4,0,2,24,47,47,9,False
4083,13670356740,13,24,4,0,3,24,17,17,9,False
2905,19831701219,39,5,1,0,0,22,9,9,20,False
2330,17807329663,24,2,1,0,1,36,29,29,9,False
10303,17731093916,22,10,4,0,0,30,1,1,9,False
10100,17527328008,20,4,4,0,0,18,19,19,39,False
11104,18636055184,21,10,4,0,0,18,4,4,9,False
5006,18053307086,34,3,1,0,3,25,31,31,24,False
7430,13401917913,50,10,4,0,2,16,8,8,9,False
302,13513580369,2,1,4,0,2,28,46,46,19,False
9003,16630722126,26,5,4,0,3,29,8,8,19,False
3501,19970957519,33,2,4,0,1,37,9,9,9,True
7259,13401917913,29,5,4,0,3,11,19,19,39,False
426,13932780308,25,3,2,0,2,26,0,0,9,False
3628,13130819298,9,8,2,0,3,16,44,44,39,False
192,13513580369,42,5,4,0,1,22,44,44,39,False
11472,18664891854,38,6,4,0,2,7,40,40,39,False
5861,18802233956,36,7,4,0,2,22,32,32,39,False
9915,17527328008,35,5,3,0,0,30,7,7,0,False
7737,13943039298,5,8,3,0,3,26,20,20,20,True
8647,15167050060,13,23,4,0,1,16,15,15,9,False
2472,17807329663,15,17,4,0,0,30,39,39,39,True
12790,19550593600,2,11,4,0,2,34,40,40,24,False
11560,18758415613,26,8,1,0,2,2,9,9,39,False
1913,17623708813,8,33,4,0,2,10,47,47,39,False
2172,17713196465,16,2,4,0,3,37,17,17,19,False
1871,17623708813,16,0,4,0,0,39,38,38,9,False
12916,19550593600,28,11,4,0,0,31,3,3,9,False
12257,18989781863,21,14,1,0,1,40,19,19,1,False
3481,19970957519,13,0,4,0,2,7,23,23,39,False
3155,19831701219,38,17,4,0,0,26,3,3,8,False
6253,19852999776,27,7,4,0,2,32,8,8,1,False
2474,17807329663,17,26,4,0,3,23,38,38,39,False
3537,19970957519,19,3,4,0,0,36,16,16,1,False
13539,19859608897,49,2,4,0,1,23,15,15,8,False
10029,17527328008,49,37,4,0,1,2,1,1,0,False
11927,18765816132,42,0,1,0,2,10,47,47,39,False
1351,15735414945,46,11,2,0,0,22,9,9,20,False
1641,17623708813,37,3,1,0,3,3,18,18,39,False
11063,18636055184,30,0,4,0,3,37,40,40,20,False
13145,19834840803,6,12,4,0,2,12,19,19,39,False
7934,13943039298,2,42,4,0,2,28,14,14,16,False
1432,15735414945,27,93,4,0,3,28,7,7,1,False
7631,13630678332,50,10,4,0,1,26,48,48,40,False
8029,15165929133,47,8,1,0,3,2,31,31,39,False
2056,17713196465,50,4,2,0,1,17,31,31,39,False
5230,18053307086,7,23,4,0,2,30,47,47,39,False
6398,19881266563,22,9,1,0,2,18,26,26,39,False
12165,18765816132,29,6,4,0,0,18,5,5,9,False
8712,16630722126,28,1,1,0,1,34,20,20,0,False
5251,18053307086,28,8,4,0,1,29,43,43,39,False
4171,13670356740,1,20,4,0,0,23,9,9,24,False
4394,15079495784,23,0,3,0,0,21,29,29,19,False
1617,17623708813,13,16,1,0,2,4,32,32,39,False
3093,19831701219,26,11,4,0,0,18,32,32,24,False
9049,16630722126,22,1,4,0,2,22,36,36,39,False
12173,18765816132,37,37,4,0,3,33,48,48,39,False
10597,18365196069,15,2,3,0,2,18,20,20,39,False
4148,13670356740,28,7,4,0,0,15,16,16,9,False
4519,15079495784,48,27,4,0,3,19,34,34,39,False
6951,13074255915,22,10,4,0,0,22,9,9,1,False
7986,15165929133,4,5,1,0,0,9,10,10,1,False
9966,17527328008,36,18,4,0,0,35,23,23,13,False
787,15260233525,32,4,4,0,0,25,18,18,8,False
4836,15797725211,14,19,4,0,0,12,3,3,9,False
12834,19550593600,46,9,4,0,2,15,31,31,39,False
3866,13130819298,47,14,4,0,0,19,9,9,9,True
4838,15797725211,16,5,4,0,2,16,24,24,24,True
2500,17807329663,43,11,4,0,1,24,17,17,9,False
6104,19852999776,28,5,2,0,1,11,9,9,9,True
679,15260233525,26,13,3,0,1,18,23,23,9,False
11793,18758415613,8,3,4,0,2,8,31,31,39,False
13139,19834840803,50,20,4,0,1,40,39,39,1,False
1286,15735414945,32,2,1,0,2,22,39,39,39,True
12887,19550593600,49,3,4,0,2,23,36,36,39,False
11467,18664891854,33,3,4,0,0,47,27,27,20,False
5444,18702113651,20,5,3,0,1,29,36,36,39,False
1311,15735414945,6,22,2,0,0,8,7,7,0,False
10546,18365196069,14,10,2,0,1,9,7,7,1,False
12570,18989781863,33,14,4,0,1,34,27,27,9,False
1321,15735414945,16,5,2,0,2,18,17,17,9,False
4282,15079495784,12,7,1,0,2,34,39,39,39,True
10095,17527328008,15,9,4,0,0,30,8,8,13,False
1377,15735414945,22,21,3,0,0,22,15,15,20,False
3250,19970957519,33,1,1,0,2,15,23,23,39,False
10795,18365196069,13,27,4,0,0,30,23,23,8,False
4835,15797725211,13,3,4,0,1,17,25,25,39,False
9155,16726368276,27,6,2,0,3,22,29,29,39,False
12079,18765816132,43,18,4,0,3,28,21,21,39,False
7358,13401917913,28,53,4,0,2,0,2,2,39,False
9553,17331496902,24,2,3,0,3,14,29,29,39,False
13827,19948700293,21,8,3,0,3,32,40,40,20,False
12993,19834840803,4,1,2,0,2,30,32,32,8,False
9031,16630722126,4,14,4,0,2,41,39,39,8,False
8519,15167050060,35,4,4,0,0,23,26,26,24,False
13392,19859608897,2,5,3,0,0,18,5,5,9,False
5884,18802233956,9,12,4,0,0,29,1,1,13,False
4116,13670356740,46,5,4,0,3,31,7,7,9,False
1471,15735414945,17,2,4,0,3,31,26,26,9,False
6626,19881266563,49,21,4,0,2,24,0,0,9,False
2818,18991311567,10,1,4,0,3,18,2,2,9,False
3151,19831701219,34,7,4,0,1,32,24,24,9,False
5146,18053307086,23,19,4,0,1,37,2,2,9,False
13197,19834840803,8,2,4,0,0,24,0,0,9,False
2622,17807329663,15,3,4,0,2,24,1,1,24,False
10687,18365196069,5,2,4,0,2,7,22,22,39,False
5162,18053307086,39,8,4,0,2,6,26,26,39,False
4258,13670356740,38,7,4,0,1,6,17,17,9,False
10552,18365196069,20,3,2,0,2,34,48,48,39,False
5987,18802233956,12,1,4,0,0,38,13,13,9,False
4061,13670356740,41,5,3,0,3,10,24,24,39,False
9930,17527328008,50,10,3,0,0,11,12,12,8,False
1438,15735414945,33,21,4,0,3,43,42,42,1,False
12550,18989781863,13,6,4,0,3,24,23,23,9,False
3112,19831701219,45,0,4,0,0,17,1,1,9,False
12381,18989781863,44,12,3,0,3,36,22,22,1,False
1904,17623708813,49,10,4,0,3,10,39,39,39,True
3805,13130819298,36,12,4,0,2,31,37,37,15,False
11144,18636055184,11,36,4,0,1,10,3,3,1,False
5281,18053307086,8,3,4,0,3,15,23,23,39,False
6047,19852999776,22,0,1,0,2,7,36,36,39,False
7634,13943039298,3,1,1,0,2,39,37,37,24,False
7514,13630678332,33,9,2,0,1,32,24,24,9,False
7687,13943039298,5,15,2,0,3,21,14,14,19,False
11350,18664891854,16,4,4,0,2,3,10,10,39,False
802,15260233525,47,6,4,0,2,32,44,44,0,False
3803,13130819298,34,12,4,0,2,11,19,19,39,False
6320,19852999776,44,12,4,0,0,18,17,17,9,False
2229,17713196465,23,20,4,0,0,15,4,4,19,False
13665,19948700293,25,9,1,0,3,29,22,22,19,False
11950,18765816132,14,8,2,0,2,34,40,40,39,False
12474,18989781863,37,16,4,0,3,45,47,47,19,False
13045,19834840803,6,4,3,0,3,8,2,2,20,False
12514,18989781863,27,0,4,0,3,9,18,18,39,False
3298,19970957519,30,4,2,0,0,35,8,8,13,False
492,13932780308,41,11,3,0,3,29,31,31,39,False
10324,17731093916,43,24,4,0,0,7,1,1,9,False
5280,18053307086,7,8,4,0,0,16,15,15,24,False
14036,19948700293,14,4,4,0,1,8,25,25,39,False
11512,18664891854,28,0,4,0,1,41,47,47,15,False
4550,15079495784,29,10,4,0,3,18,2,2,9,False
13790,19948700293,49,8,3,0,0,23,24,24,39,False
7475,13630678332,45,4,1,0,2,10,18,18,39,False
9451,17331496902,23,17,1,0,1,16,22,22,24,False
10095,17527328008,15,7,4,0,3,28,8,8,19,False
2258,17713196465,2,21,4,0,1,36,15,15,9,False
11763,18758415613,28,7,4,0,0,32,2,2,1,False
12398,18989781863,11,2,4,0,2,39,30,30,9,False
7624,13630678332,43,12,4,0,3,46,47,47,19,False
11045,18636055184,12,9,4,0,2,38,39,39,39,True
7366,13401917913,36,1,4,0,1,8,28,28,39,False
5484,18702113651,10,4,4,0,1,11,29,29,15,False
13833,19948700293,27,1,3,0,0,9,6,6,20,False
257,13513580369,7,2,4,0,3,4,47,47,39,False
4702,15797725211,30,23,2,0,1,19,44,44,9,False
9137,16726368276,9,2,2,0,3,17,6,6,20,False
6553,19881266563,26,17,4,0,0,28,22,22,9,False
9348,16726368276,20,5,4,0,1,5,30,30,40,False
13058,19834840803,19,6,3,0,0,23,1,1,0,False
12503,18989781863,16,12,4,0,2,4,39,39,39,True
11165,18636055184,32,2,4,0,1,40,26,26,1,False
4608,15079495784,37,0,4,0,1,10,18,18,39,False
9896,17527328008,16,10,3,0,0,37,31,31,20,False
13967,19948700293,11,12,4,0,2,34,41,41,39,False
5934,18802233956,9,30,4,0,0,19,12,12,1,False
1760,17623708813,5,28,4,0,2,38,17,17,9,False
5215,18053307086,42,13,4,0,1,36,1,1,9,False
8141,15165929133,8,10,4,0,0,11,20,20,39,False
10270,17731093916,39,2,3,0,2,0,2,2,39,False
6022,18802233956,47,32,4,0,0,12,3,3,9,False
13419,19859608897,29,17,3,0,3,32,40,40,39,False
2628,17807329663,21,30,4,0,1,15,0,0,9,False
5857,18802233956,32,3,4,0,2,13,27,27,39,False
10136,17731093916,6,1,1,0,2,31,30,30,9,False
6224,19852999776,48,6,4,0,1,29,39,39,39,True
10813,18365196069,31,2,4,0,0,10,8,8,8,True
7666,13943039298,35,0,1,0,2,18,24,24,9,False
10932,18636055184,49,2,2,0,3,25,19,19,12,False
7630,13630678332,49,9,4,0,3,39,4,4,24,False
2678,18991311567,21,2,1,0,1,38,9,9,0,False
6174,19852999776,48,13,3,0,2,26,46,46,39,False
5855,18802233956,30,3,4,0,3,17,33,33,39,False
11507,18664891854,23,4,4,0,0,23,8,8,8,True
8251,15165929133,18,8,4,0,1,15,1,1,9,False
2579,17807329663,22,3,4,0,1,3,1,1,9,False
7907,13943039298,25,11,4,0,0,28,7,7,9,False
824,15260233525,19,9,4,0,3,18,6,6,9,False
6639,19881266563,12,51,4,0,3,32,41,41,39,False
2310,17807329663,4,3,1,0,3,11,18,18,20,False
1857,17623708813,2,7,4,0,1,26,15,15,9,False
13218,19834840803,29,2,4,0,0,39,17,17,8,False
6793,13074255915,14,2,2,0,1,27,33,33,0,False
6292,19852999776,16,0,4,0,0,41,14,14,8,False
5523,18702113651,49,16,4,0,1,38,23,23,0,False
1371,15735414945,16,12,3,0,3,8,0,0,9,False
7360,13401917913,30,4,4,0,1,5,3,3,15,False
1516,15735414945,12,2,4,0,2,18,7,7,9,False
4125,13670356740,5,5,4,0,1,10,15,15,20,False
5103,18053307086,30,8,3,0,2,12,20,20,39,False
9727,17331496902,48,19,4,0,0,47,40,40,20,False
4252,13670356740,32,10,4,0,2,22,44,44,39,False
7738,13943039298,6,0,3,0,2,24,9,9,24,False
3392,19970957519,24,26,4,0,3,15,2,2,19,False
1334,15735414945,29,6,2,0,2,35,42,42,9,False
6201,19852999776,25,2,4,0,1,41,7,7,8,False
12632,19550593600,45,1,1,0,3,33,39,39,39,True
4304,15079495784,34,5,1,0,1,27,19,19,0,False
4631,15797725211,10,4,1,0,3,14,8,8,1,False
9016,16630722126,39,14,4,0,1,11,7,7,9,False
4155,13670356740,35,3,4,0,3,8,25,25,39,False
1230,15661502139,26,7,4,0,0,25,15,15,8,False
10944,18636055184,11,2,3,0,2,3,40,40,39,False
2858,18991311567,50,16,4,0,3,25,20,20,39,False
1575,15735414945,21,2,4,0,3,37,11,11,19,False
1194,15661502139,40,7,4,0,3,2,10,10,39,False
3035,19831701219,18,22,4,0,0,20,17,17,9,False
4631,15797725211,10,0,1,0,2,0,8,8,24,False
2969,19831701219,2,6,3,0,2,35,42,42,9,False
9746,17331496902,17,5,4,0,2,16,15,15,9,False
5915,18802233956,40,17,4,0,3,5,27,27,39,False
11558,18758415613,24,0,1,0,3,7,10,10,39,False
3153,19831701219,36,13,4,0,0,29,15,15,9,False
12867,19550593600,29,4,4,0,3,32,20,20,10,False
272,13513580369,22,6,4,0,3,12,6,6,9,False
13462,19859608897,22,8,4,0,0,17,2,2,0,False
13036,19834840803,47,5,2,0,3,40,3,3,11,False
9055,16630722126,28,6,4,0,0,44,17,17,20,False
1313,15735414945,8,4,2,0,0,22,7,7,1,False
5103,18053307086,30,4,3,0,2,12,20,20,19,False
9588,17331496902,9,13,4,0,2,25,45,45,15,False
3783,13130819298,14,13,4,0,3,29,10,10,39,False
5195,18053307086,22,18,4,0,1,2,1,1,0,False
6369,19852999776,43,1,4,0,2,1,39,39,9,False
8490,15167050060,6,4,4,0,2,34,40,40,39,False
12338,18989781863,1,10,3,0,0,22,15,15,0,False
8069,15165929133,36,6,2,0,3,21,29,29,19,False
9409,16726368276,31,14,4,0,1,22,14,14,0,False
6235,19852999776,9,21,4,0,3,10,25,25,39,False
207,13513580369,7,26,4,0,3,45,39,39,19,False
2782,18991311567,24,15,3,0,2,8,7,7,0,False
640,15260233525,37,12,2,0,1,38,37,37,1,False
7759,13943039298,27,17,3,0,2,34,41,41,39,False
2923,19831701219,6,3,2,0,3,26,12,12,1,False
13764,19948700293,23,3,3,0,3,7,31,31,39,False
12616,19550593600,29,0,1,0,1,48,33,33,1,False
13273,19834840803,34,4,4,0,0,46,41,41,19,False
2489,17807329663,32,9,4,0,3,28,0,0,9,False
3921,13670356740,2,3,1,0,3,28,7,7,1,False
2444,17807329663,37,0,3,0,1,3,1,1,39,False
12563,18989781863,26,8,4,0,3,0,1,1,1,True
67,13513580369,17,18,2,0,0,19,3,3,1,False
9786,17527328008,7,17,1,0,0,27,20,20,0,False
7793,13943039298,11,5,4,0,1,44,29,29,13,False
12731,19550593600,43,6,3,0,3,33,40,40,20,False
5209,18053307086,36,1,4,0,0,44,12,12,13,False
7684,13943039298,2,4,2,0,2,16,14,14,24,False
4363,15079495784,42,0,2,0,3,36,30,30,13,False
1172,15661502139,18,5,4,0,3,22,41,41,39,False
9142,16726368276,14,4,2,0,1,26,33,33,43,False
6224,19852999776,48,10,4,0,3,35,39,39,19,False
5658,18702113651,34,2,4,0,1,12,10,10,9,False
197,13513580369,47,15,4,0,1,15,1,1,9,False
11732,18758415613,47,2,4,0,1,36,43,43,39,False
11584,18758415613,50,2,1,0,0,22,14,14,0,False
12866,19550593600,28,5,4,0,3,46,47,47,19,False
13618,19859608897,28,3,4,0,2,3,20,20,39,False
12731,19550593600,43,0,3,0,3,29,40,40,19,False
13388,19859608897,48,7,2,0,2,12,19,19,39,False
13609,19859608897,19,4,4,0,0,38,10,10,0,False
291,13513580369,41,2,4,0,1,11,14,14,15,False
2701,18991311567,44,6,1,0,1,3,9,9,9,True
9414,16726368276,36,16,4,0,2,36,43,43,39,False
4838,15797725211,16,40,4,0,0,25,24,24,24,True
2121,17713196465,15,12,4,0,0,38,25,25,24,False
12304,18989781863,17,3,2,0,3,17,6,6,20,False
8334,15167050060,1,0,1,0,0,22,28,28,39,False
12495,18989781863,8,1,4,0,1,4,10,10,39,False
5074,18053307086,1,17,3,0,1,9,7,7,1,False
5515,18702113651,41,15,4,0,0,22,7,7,0,False
12178,18765816132,42,1,4,0,1,45,31,31,20,False
2039,17713196465,33,13,2,0,3,8,9,9,1,False
5854,18802233956,29,23,4,0,2,25,33,33,39,False
7148,13401917913,18,5,2,0,1,22,21,21,0,False
2398,17807329663,41,0,2,0,2,12,27,27,39,False
8629,15167050060,45,1,4,0,0,30,33,33,39,False
1806,17623708813,1,24,4,0,1,33,9,9,1,False
1231,15661502139,27,7,4,0,3,37,18,18,19,False
9765,17331496902,36,4,4,0,3,29,7,7,9,False
8088,15165929133,5,7,3,0,1,11,10,10,39,False
1819,17623708813,14,1,4,0,3,37,25,25,19,False
14058,19948700293,36,9,4,0,0,44,9,9,13,False
8455,15167050060,21,13,3,0,3,32,40,40,39,False
13536,19859608897,46,1,4,0,2,18,31,31,39,False
4575,15079495784,4,38,4,0,3,3,5,5,39,False
2412,17807329663,5,1,3,0,2,10,18,18,39,False
313,13513580369,13,2,4,0,2,10,24,24,39,False
5166,18053307086,43,15,4,0,1,12,24,24,15,False
2586,17807329663,29,22,4,0,1,11,2,2,0,False
5683,18802233956,9,1,1,0,0,15,16,16,9,False
5203,18053307086,30,42,4,0,1,30,31,31,39,False
4940,15797725211,18,15,4,0,2,24,9,9,9,True
5805,18802233956,30,6,3,0,3,10,24,24,39,False
3058,19831701219,41,7,4,0,1,3,31,31,39,False
2218,17713196465,12,3,4,0,2,19,33,33,39,False
660,15260233525,7,16,3,0,0,40,41,41,39,False
3067,19831701219,50,27,4,0,2,34,41,41,39,False
13224,19834840803,35,9,4,0,2,5,19,19,39,False
13203,19834840803,14,7,4,0,2,4,11,11,39,False
114,13513580369,14,2,3,0,2,7,10,10,39,False
12210,18765816132,24,3,4,0,3,38,45,45,39,False
8125,15165929133,42,6,3,0,2,23,36,36,39,False
10175,17731093916,45,0,1,0,2,15,19,19,39,False
977,15661502139,21,17,2,0,0,41,6,6,8,False
3078,19831701219,11,8,4,0,1,8,7,7,0,False
11426,18664891854,42,36,4,0,0,14,0,0,1,False
13805,19948700293,14,4,4,0,2,7,48,48,39,False
12180,18765816132,44,2,4,0,2,10,6,6,39,False
13040,19834840803,1,4,3,0,1,10,9,9,0,False
3855,13130819298,36,20,4,0,0,37,16,16,9,False
1945,17623708813,40,35,4,0,3,8,17,17,39,False
13953,19948700293,47,21,4,0,0,16,9,9,9,True
13231,19834840803,42,5,4,0,3,2,32,32,39,False
3359,19970957519,41,12,3,0,1,19,47,47,39,False
2846,18991311567,38,22,4,0,1,18,17,17,9,False
11637,18758415613,2,5,3,0,1,45,2,2,20,False
6017,18802233956,42,11,4,0,1,27,1,1,0,False
12072,18765816132,36,0,4,0,1,10,0,0,20,False
4270,13670356740,50,16,4,0,0,8,1,1,0,False
8913,16630722126,36,17,4,0,1,4,8,8,24,False
10773,18365196069,41,10,4,0,1,36,14,14,9,False
13605,19859608897,15,2,4,0,1,46,43,43,8,False
12183,18765816132,47,7,4,0,1,41,40,40,24,False
9031,16630722126,4,6,4,0,0,31,39,39,39,True
1666,17623708813,11,6,2,0,0,31,21,21,9,False
122,13513580369,22,17,3,0,1,3,0,0,9,False
5180,18053307086,7,24,4,0,1,40,39,39,39,True
1887,17623708813,32,0,4,0,3,44,2,2,13,False
768,15260233525,13,8,4,0,2,24,17,17,24,False
10831,18365196069,49,20,4,0,3,32,39,39,39,True
6423,19881266563,47,0,1,0,1,30,24,24,8,False
10031,17527328008,1,4,4,0,3,17,34,34,39,False
7421,13401917913,41,17,4,0,3,23,11,11,1,False
9486,17331496902,7,1,2,0,3,37,32,32,20,False
7162,13401917913,32,6,2,0,0,25,4,4,13,False
11311,18664891854,27,17,3,0,3,33,40,40,20,False
8988,16630722126,11,1,4,0,0,48,3,3,8,False
3091,19831701219,24,12,4,0,0,25,13,13,19,False
13668,19948700293,28,5,1,0,0,18,20,20,39,False
3282,19970957519,14,5,2,0,3,11,18,18,39,False
10029,17527328008,49,105,4,0,1,17,1,1,8,False
1143,15661502139,37,4,4,0,2,39,21,21,24,False
11480,18664891854,46,9,4,0,3,10,4,4,1,False
491,13932780308,40,2,3,0,0,31,17,17,9,False
748,15260233525,43,0,4,0,2,16,14,14,8,False
4247,13670356740,27,16,4,0,2,21,46,46,39,False
11637,18758415613,2,3,3,0,2,39,2,2,24,False
1372,15735414945,17,2,3,0,2,16,40,40,39,False
13972,19948700293,16,5,4,0,0,19,22,22,20,False
11452,18664891854,18,0,4,0,2,22,39,39,39,True
3450,19970957519,32,31,4,0,2,32,46,46,39,False
9135,16726368276,7,1,2,0,3,22,6,6,24,False
4640,15797725211,19,13,1,0,2,18,24,24,9,False
6652,19881266563,25,10,4,0,2,17,31,31,24,False
7652,13943039298,21,2,1,0,1,45,37,37,20,False
1945,17623708813,40,42,4,0,2,10,17,17,39,False
1224,15661502139,20,2,4,0,0,33,22,22,0,False
5369,18702113651,46,6,1,0,2,22,23,23,20,False
9645,17331496902,16,7,4,0,1,41,48,48,39,False
11861,18758415613,26,1,4,0,1,12,39,39,39,True
13940,19948700293,34,14,4,0,2,6,20,20,39,False
9952,17527328008,22,2,4,0,1,37,42,42,0,False
4373,15079495784,2,8,3,0,2,16,24,24,24,True
2991,19831701219,24,0,3,0,1,32,0,0,1,False
12949,19834840803,11,1,1,0,3,12,41,41,39,False
1603,15735414945,49,0,4,0,0,20,10,10,15,False
1197,15661502139,43,5,4,0,3,29,43,43,39,False
7735,13943039298,3,5,3,0,2,23,39,39,39,True
2834,18991311567,26,54,4,0,0,29,16,16,19,False
6892,13074255915,13,0,4,0,3,24,25,25,9,False
6352,19852999776,26,1,4,0,3,10,40,40,39,False
8327,15165929133,44,17,4,0,0,18,3,3,9,False
12924,19550593600,36,11,4,0,2,40,47,47,39,False
11686,18758415613,1,5,4,0,1,12,26,26,20,False
1577,15735414945,23,16,4,0,0,38,31,31,8,False
8901,16630722126,24,4,4,0,2,9,38,38,1,False
12929,19550593600,41,18,4,0,0,32,26,26,20,False
8144,15165929133,11,29,4,0,1,10,0,0,0,True
804,15260233525,49,5,4,0,2,4,33,33,39,False
8365,15167050060,32,6,1,0,3,16,17,17,24,False
13620,19859608897,30,5,4,0,3,2,11,11,39,False
6741,13074255915,13,3,1,0,2,13,30,30,39,False
4363,15079495784,42,9,2,0,0,35,30,30,19,False
10073,17527328008,43,6,4,0,0,17,9,9,9,True
3420,19970957519,2,14,4,0,2,16,24,24,24,True
4513,15079495784,42,4,4,0,1,3,9,9,39,False
13230,19834840803,41,10,4,0,1,41,40,40,24,False
5488,18702113651,14,2,4,0,2,20,1,1,15,False
1109,15661502139,3,11,4,0,2,1,0,0,9,False
12583,18989781863,46,1,4,0,3,7,4,4,39,False
2605,17807329663,48,24,4,0,2,12,31,31,24,False
2677,18991311567,20,3,1,0,1,37,9,9,9,True
2371,17807329663,14,23,2,0,1,15,0,0,0,True
5698,18802233956,24,5,1,0,0,31,16,16,9,False
5040,18053307086,17,4,2,0,2,3,10,10,39,False
13689,19948700293,49,0,1,0,3,26,41,41,39,False
2466,17807329663,9,40,4,0,2,15,23,23,19,False
9258,16726368276,30,6,4,0,1,9,15,15,1,False
8287,15165929133,4,1,4,0,0,42,40,40,13,False
2851,18991311567,43,15,4,0,2,11,18,18,39,False
12773,19550593600,32,19,4,0,1,27,40,40,0,False
8070,15165929133,37,7,2,0,3,21,29,29,19,False
8672,15167050060,38,4,4,0,3,11,20,20,39,False
13416,19859608897,26,6,3,0,2,23,43,43,39,False
2683,18991311567,26,6,1,0,0,35,7,7,9,False
4966,15797725211,44,68,4,0,2,0,41,41,39,False
10936,18636055184,3,8,3,0,2,16,14,14,14,True
1343,15735414945,38,0,2,0,3,43,36,36,9,False
2286,17713196465,30,1,4,0,0,46,25,25,13,False
5247,18053307086,24,6,4,0,0,33,25,25,9,False
5567,18702113651,43,4,4,0,1,29,43,43,39,False
5209,18053307086,36,2,4,0,3,37,12,12,13,False
8255,15165929133,22,0,4,0,3,24,18,18,8,False
13267,19834840803,28,4,4,0,3,2,23,23,39,False
9239,16726368276,11,16,4,0,3,46,48,48,19,False
4497,15079495784,26,2,4,0,2,20,13,13,15,False
2987,19831701219,20,12,3,0,1,19,25,25,20,False
11940,18765816132,4,1,2,0,2,15,16,16,39,False
2501,17807329663,44,3,4,0,1,24,23,23,9,False
11675,18758415613,40,3,3,0,0,12,45,45,39,False
8048,15165929133,15,2,2,0,1,46,42,42,24,False
1114,15661502139,8,8,4,0,0,25,11,11,8,False
6107,19852999776,31,11,2,0,2,26,32,32,39,False
9686,17331496902,7,4,4,0,1,33,16,16,0,False
10155,17731093916,25,1,1,0,0,9,34,34,39,False
11190,18664891854,7,7,1,0,3,4,6,6,39,False
3791,13130819298,22,25,4,0,2,12,24,24,24,True
7307,13401917913,27,9,4,0,0,23,24,24,39,False
6454,19881266563,27,2,2,0,2,23,36,36,39,False
5538,18702113651,14,3,4,0,1,18,28,28,9,False
1429,15735414945,24,46,4,0,3,18,3,3,9,False
2374,17807329663,17,6,2,0,2,13,25,25,39,False
5529,18702113651,5,17,4,0,1,20,3,3,9,False
4587,15079495784,16,33,4,0,3,35,38,38,39,False
6734,13074255915,6,4,1,0,3,25,34,34,24,False
1756,17623708813,1,27,4,0,3,8,15,15,39,False
1479,15735414945,25,12,4,0,1,36,21,21,9,False
5969,18802233956,44,6,4,0,1,39,44,44,24,False
7300,13401917913,20,9,4,0,3,25,19,19,19,True
6309,19852999776,33,7,4,0,1,29,21,21,9,False
5708,18802233956,34,0,1,0,1,27,11,11,0,False
1812,17623708813,7,32,4,0,1,36,9,9,9,True
8242,15165929133,9,1,4,0,2,39,37,37,15,False
10137,17731093916,7,3,1,0,3,37,40,40,19,False
12058,18765816132,22,16,4,0,3,31,24,24,8,False
12673,19550593600,30,3,2,0,2,35,42,42,9,False
8444,15167050060,10,1,3,0,2,23,40,40,39,False
4292,15079495784,22,25,1,0,2,33,39,39,39,True
4935,15797725211,13,6,4,0,2,6,25,25,39,False
7389,13401917913,9,19,4,0,1,38,47,47,24,False
5872,18802233956,47,16,4,0,3,29,26,26,39,False
4889,15797725211,17,10,4,0,2,13,20,20,39,False
5753,18802233956,28,21,2,0,0,14,0,0,1,False
3565,19970957519,47,3,4,0,1,11,0,0,9,False
3905,13130819298,36,19,4,0,3,28,10,10,19,False
8106,15165929133,23,10,3,0,1,8,1,1,1,True
9963,17527328008,33,20,4,0,3,38,39,39,24,False
13646,19948700293,6,6,1,0,2,2,9,9,39,False
8666,15167050060,32,2,4,0,0,46,3,3,8,False
897,15260233525,42,2,4,0,2,3,47,47,39,False
8928,16630722126,1,21,4,0,3,7,8,8,39,False
14099,19948700293,27,12,4,0,3,30,24,24,39,False
5225,18053307086,2,5,4,0,0,20,6,6,9,False
4835,15797725211,13,34,4,0,3,5,25,25,39,False
2823,18991311567,15,13,4,0,1,18,16,16,9,False
5332,18702113651,9,5,1,0,2,26,47,47,39,False
3923,13670356740,4,9,1,0,0,17,31,31,39,False
6278,19852999776,2,9,4,0,1,19,27,27,20,False
6507,19881266563,30,15,3,0,2,28,24,24,24,True
7267,13401917913,37,4,4,0,3,15,34,34,39,False
3468,19970957519,50,36,4,0,2,16,23,23,24,False
5897,18802233956,22,2,4,0,3,9,12,12,24,False
11429,18664891854,45,3,4,0,3,10,19,19,39,False
2000,17713196465,45,13,1,0,1,15,20,20,39,False
4945,15797725211,23,3,4,0,3,17,32,32,39,False
3821,13130819298,2,6,4,0,2,23,27,27,39,False
8585,15167050060,1,13,4,0,2,18,32,32,39,False
4128,13670356740,8,14,4,0,3,36,43,43,39,False
12194,18765816132,8,18,4,0,0,17,9,9,1,False
11359,18664891854,25,1,4,0,1,40,23,23,1,False
4355,15079495784,34,6,2,0,1,11,3,3,1,False
1501,15735414945,47,55,4,0,0,28,16,16,19,False
8768,16630722126,33,1,2,0,3,39,8,8,24,False
10171,17731093916,41,1,1,0,0,29,15,15,19,False
560,15260233525,8,2,1,0,1,36,42,42,0,False
5827,18802233956,2,3,4,0,0,38,9,9,9,True
5922,18802233956,47,16,4,0,2,30,45,45,24,False
11845,18758415613,10,1,4,0,2,7,15,15,39,False
10896,18636055184,13,2,2,0,3,7,9,9,19,False
2757,18991311567,49,8,2,0,2,8,7,7,0,False
2809,18991311567,1,6,4,0,0,15,46,46,39,False
4187,13670356740,17,19,4,0,1,37,9,9,9,True
1219,15661502139,15,12,4,0,1,16,36,36,24,False
12213,18765816132,27,5,4,0,0,40,31,31,1,False
4531,15079495784,10,0,4,0,1,11,46,46,39,False
5476,18702113651,2,16,4,0,1,12,32,32,39,False
6144,19852999776,18,6,3,0,3,3,34,34,39,False
7508,13630678332,27,4,2,0,1,39,32,32,24,False
13906,19948700293,50,10,4,0,1,41,40,40,24,False
2489,17807329663,32,15,4,0,0,8,0,0,0,True
8877,16630722126,50,12,3,0,2,2,9,9,39,False
479,13932780308,28,0,3,0,1,5,0,0,43,False
12163,18765816132,27,7,4,0,3,36,40,40,13,False
13020,19834840803,31,8,2,0,2,34,40,40,39,False
11053,18636055184,20,15,4,0,0,20,19,19,9,False
13920,19948700293,14,10,4,0,0,24,23,23,9,False
1835,17623708813,2,2,4,0,3,16,26,26,39,False
9174,16726368276,46,9,2,0,2,30,47,47,39,False
8545,15167050060,11,1,4,0,2,9,44,44,39,False
9664,17331496902,35,7,4,0,3,25,19,19,39,False
8196,15165929133,13,3,4,0,3,15,1,1,9,False
549,13932780308,48,22,4,0,1,27,19,19,9,False
4450,15079495784,29,17,4,0,1,34,18,18,0,False
2107,17713196465,1,4,4,0,1,2,7,7,24,False
3305,19970957519,37,1,2,0,3,37,17,17,13,False
9457,17331496902,29,1,1,0,2,24,10,10,24,False
10354,17731093916,23,6,4,0,2,5,12,12,39,False
5227,18053307086,4,3,4,0,2,10,7,7,20,False
12152,18765816132,16,0,4,0,3,24,5,5,9,False
1871,17623708813,16,3,4,0,0,45,38,38,20,False
9740,17331496902,11,4,4,0,2,25,34,34,39,False
12533,18989781863,46,5,4,0,1,9,15,15,1,False
11739,18758415613,4,4,4,0,0,25,18,18,9,False
7942,13943039298,10,8,4,0,0,25,13,13,20,False
3817,13130819298,48,2,4,0,1,11,32,32,39,False
6229,19852999776,3,6,4,0,2,18,30,30,9,False
10143,17731093916,13,3,1,0,0,44,16,16,20,False
1802,17623708813,47,106,4,0,1,38,6,6,9,False
4292,15079495784,22,10,1,0,0,30,39,39,8,False
1995,17713196465,40,3,1,0,2,31,9,9,24,False
8914,16630722126,37,34,4,0,2,12,34,34,39,False
11848,18758415613,13,23,4,0,2,32,41,41,39,False
11648,18758415613,13,6,3,0,1,36,42,42,0,False
655,15260233525,2,1,3,0,2,22,24,24,39,False
1736,17623708813,31,17,3,0,0,31,24,24,9,False
6575,19881266563,48,3,4,0,3,31,19,19,9,False
4736,15797725211,14,7,3,0,2,12,41,41,39,False
971,15661502139,15,5,2,0,2,2,8,8,39,False
3511,19970957519,43,6,4,0,0,18,10,10,9,False
6943,13074255915,14,3,4,0,2,8,25,25,39,False
3339,19970957519,21,2,3,0,1,17,15,15,0,False
7059,13074255915,30,17,4,0,2,30,36,36,39,False
1098,15661502139,42,47,4,0,0,12,41,41,39,False
8572,15167050060,38,9,4,0,0,41,2,2,8,False
4808,15797725211,36,2,4,0,2,11,25,25,39,False
11638,18758415613,3,2,3,0,2,40,48,48,39,False
4200,13670356740,30,11,4,0,0,38,26,26,24,False
4536,15079495784,15,2,4,0,1,18,8,8,9,False
8077,15165929133,44,8,2,0,2,32,48,48,0,False
1401,15735414945,46,16,3,0,1,29,24,24,24,True
9788,17527328008,9,27,1,0,3,26,20,20,20,True
10310,17731093916,29,10,4,0,0,31,24,24,8,False
9263,16726368276,35,3,4,0,0,44,1,1,8,False
3875,13130819298,6,16,4,0,1,13,12,12,39,False
1432,15735414945,27,91,4,0,0,35,7,7,9,False
2739,18991311567,31,2,2,0,1,9,16,16,1,False
1264,15735414945,10,3,1,0,3,35,7,7,1,False
4855,15797725211,33,3,4,0,2,3,25,25,39,False
7273,13401917913,43,5,4,0,1,39,25,25,24,False
8931,16630722126,4,9,4,0,3,32,39,39,39,True
2354,17807329663,48,2,1,0,2,8,0,0,1,False
11045,18636055184,12,16,4,0,1,40,39,39,39,True
2904,19831701219,38,2,1,0,0,35,9,9,13,False
5760,18802233956,35,8,2,0,1,12,1,1,9,False
1639,17623708813,35,7,1,0,0,30,16,16,8,False
5038,18053307086,15,0,2,0,0,25,15,15,9,False
7236,13401917913,6,8,4,0,1,20,19,19,9,False
4939,15797725211,17,9,4,0,3,17,46,46,39,False
2255,17713196465,49,9,4,0,1,19,45,45,39,False
387,13932780308,37,7,1,0,0,23,16,16,1,False
13547,19859608897,7,6,4,0,0,23,16,16,8,False
9206,16726368276,28,4,3,0,3,39,10,10,24,False
9788,17527328008,9,23,1,0,2,24,20,20,24,False
2881,19831701219,15,6,1,0,1,3,1,1,9,False
5530,18702113651,6,6,4,0,0,38,3,3,9,False
1617,17623708813,13,24,1,0,1,19,32,32,20,False
12226,18765816132,40,3,4,0,2,15,19,19,39,False
9657,17331496902,28,14,4,0,2,1,2,2,9,False
8587,15167050060,3,2,4,0,2,15,2,2,9,False
13529,19859608897,39,5,4,0,3,22,23,23,39,False
10912,18636055184,29,1,2,0,0,44,31,31,20,False
13985,19948700293,29,6,4,0,2,24,8,8,9,False
7968,13943039298,36,8,4,0,1,38,15,15,0,False
10179,17731093916,49,6,1,0,1,18,17,17,9,False
12503,18989781863,16,6,4,0,2,19,39,39,20,False
5915,18802233956,40,1,4,0,3,17,27,27,39,False
7041,13074255915,12,8,4,0,2,11,9,9,39,False
2442,17807329663,35,11,3,0,0,25,10,10,9,False
12032,18765816132,46,4,3,0,2,11,18,18,39,False
2185,17713196465,29,10,4,0,2,29,25,25,24,False
106,13513580369,6,2,3,0,1,12,24,24,9,False
4526,15079495784,5,5,4,0,0,19,24,24,9,False
2349,17807329663,43,12,1,0,0,9,25,25,39,False
5074,18053307086,1,22,3,0,1,15,7,7,0,False
5160,18053307086,37,1,4,0,2,5,39,39,39,True
3468,19970957519,50,22,4,0,0,29,23,23,19,False
4533,15079495784,12,24,4,0,0,16,14,14,24,False
516,13932780308,15,18,4,0,1,18,10,10,9,False
2369,17807329663,12,11,2,0,1,3,0,0,9,False
4967,15797725211,45,3,4,0,3,0,3,3,39,False
2202,17713196465,46,21,4,0,0,19,6,6,1,False
14057,19948700293,35,4,4,0,3,26,12,12,24,False
9065,16630722126,38,14,4,0,0,10,7,7,0,False
13228,19834840803,39,7,4,0,2,10,24,24,39,False
4494,15079495784,23,13,4,0,3,35,16,16,19,False
5271,18053307086,48,22,4,0,2,13,46,46,39,False
5669,18702113651,45,1,4,0,3,37,25,25,19,False
4572,15079495784,1,0,4,0,1,13,31,31,15,False
1017,15661502139,11,4,3,0,0,25,11,11,9,False
8091,15165929133,8,0,3,0,3,22,36,36,39,False
11208,18664891854,25,6,1,0,2,36,43,43,39,False
13716,19948700293,25,0,2,0,1,40,42,42,39,False
2835,18991311567,27,4,4,0,3,24,3,3,9,False
4616,15079495784,45,3,4,0,1,37,22,22,0,False
13147,19834840803,8,8,4,0,0,17,9,9,0,False
1017,15661502139,11,0,3,0,3,33,11,11,9,False
1769,17623708813,14,2,4,0,3,22,16,16,39,False
13314,19859608897,25,20,1,0,1,32,24,24,9,False
10876,18636055184,44,1,1,0,0,12,18,18,19,False
7828,13943039298,46,6,4,0,0,20,19,19,9,False
2630,17807329663,23,5,4,0,3,16,19,19,39,False
8823,16630722126,38,4,3,0,0,22,15,15,0,False
12186,18765816132,50,18,4,0,0,36,9,9,9,True
3719,13130819298,50,2,3,0,0,45,38,38,20,False
10119,17527328008,39,11,4,0,1,6,5,5,0,False
7885,13943039298,3,2,4,0,1,45,10,10,13,False
4904,15797725211,32,9,4,0,3,24,2,2,24,False
12121,18765816132,35,17,4,0,1,20,19,19,9,False
10207,17731093916,26,5,2,0,2,15,21,21,24,False
172,13513580369,22,20,4,0,0,38,31,31,9,False
7743,13943039298,11,9,3,0,1,40,39,39,1,False
5248,18053307086,25,9,4,0,2,35,43,43,39,False
6497,19881266563,20,8,3,0,1,19,31,31,9,False
1133,15661502139,27,1,4,0,1,43,18,18,9,False
9139,16726368276,11,3,2,0,1,47,33,33,9,False
3185,19831701219,18,17,4,0,0,28,14,14,9,False
2574,17807329663,17,15,4,0,2,28,33,33,39,False
3855,13130819298,36,21,4,0,1,37,16,16,9,False
6264,19852999776,38,7,4,0,2,17,38,38,39,False
9009,16630722126,32,4,4,0,3,39,26,26,24,False
10634,18365196069,2,8,4,0,1,9,11,11,1,False
9364,16726368276,36,1,4,0,2,34,40,40,39,False
219,13513580369,19,19,4,0,2,24,17,17,9,False
5562,18702113651,38,4,4,0,2,12,32,32,39,False
5995,18802233956,20,23,4,0,0,29,22,22,19,False
6563,19881266563,36,9,4,0,0,23,24,24,19,False
11191,18664891854,8,8,1,0,3,5,6,6,20,False
6411,19881266563,35,1,1,0,2,16,14,14,24,False
9789,17527328008,10,42,1,0,0,22,28,28,39,False
1576,15735414945,22,10,4,0,3,30,31,31,39,False
817,15260233525,12,4,4,0,1,5,4,4,9,False
13979,19948700293,23,6,4,0,0,45,38,38,20,False
3912,13130819298,43,7,4,0,1,36,21,21,9,False
8099,15165929133,16,1,3,0,1,8,15,15,0,False
3161,19831701219,44,3,4,0,2,29,41,41,39,False
12280,18989781863,44,0,1,0,1,26,33,33,39,False
4567,15079495784,46,1,4,0,3,15,32,32,39,False
1832,17623708813,27,12,4,0,0,35,2,2,13,False
3501,19970957519,33,9,4,0,3,15,9,9,19,False
8033,15165929133,51,1,1,0,2,0,8,8,39,False
5572,18702113651,48,11,4,0,1,11,10,10,0,False
726,15260233525,21,6,4,0,3,25,33,33,39,False
4661,15797725211,40,5,1,0,1,36,22,22,1,False
3087,19831701219,20,35,4,0,0,9,2,2,1,False
7582,13630678332,1,7,4,0,1,1,9,9,9,True
2866,18991311567,8,12,4,0,0,30,23,23,20,False
7391,13401917913,11,4,4,0,2,14,36,36,39,False
9617,17331496902,38,2,4,0,3,17,20,20,39,False
4547,15079495784,26,7,4,0,2,36,46,46,39,False
6545,19881266563,18,1,4,0,3,9,39,39,24,False
3062,19831701219,45,10,4,0,3,16,39,39,39,True
4412,15079495784,41,4,3,0,2,20,13,13,24,False
3239,19970957519,22,12,1,0,2,2,1,1,39,False
7690,13943039298,8,4,2,0,2,3,27,27,39,False
920,15661502139,15,12,1,0,2,18,46,46,39,False
10148,17731093916,18,3,1,0,0,25,5,5,13,False
239,13513580369,39,18,4,0,2,38,46,46,24,False
1243,15661502139,39,2,4,0,1,11,0,0,15,False
6394,19881266563,18,5,1,0,3,28,7,7,1,False
5838,18802233956,13,1,4,0,2,1,23,23,9,False
2470,17807329663,13,43,4,0,2,5,25,25,20,False
9179,16726368276,1,8,3,0,2,22,30,30,39,False
12058,18765816132,22,19,4,0,2,25,24,24,9,False
7994,15165929133,12,1,1,0,1,34,26,26,0,False
6732,13074255915,4,3,1,0,2,20,34,34,39,False
6199,19852999776,23,4,4,0,1,9,0,0,1,False
1488,15735414945,34,0,4,0,1,41,21,21,8,False
6640,19881266563,13,47,4,0,2,24,30,30,9,False
11754,18758415613,19,10,4,0,2,23,34,34,39,False
3202,19831701219,35,19,4,0,2,11,25,25,39,False
12370,18989781863,33,1,3,0,0,30,26,26,1,False
4432,15079495784,11,5,4,0,2,35,46,46,39,False
12219,18765816132,33,4,4,0,1,26,15,15,9,False
584,15260233525,32,2,1,0,0,30,23,23,8,False
1921,17623708813,16,58,4,0,1,19,24,24,39,False
12339,18989781863,2,2,3,0,1,40,48,48,39,False
4489,15079495784,18,12,4,0,1,2,8,8,0,False
6707,19881266563,29,5,4,0,1,26,14,14,9,False
6476,19881266563,49,12,2,0,1,11,5,5,1,False
11803,18758415613,18,4,4,0,0,9,6,6,39,False
4708,15797725211,36,5,2,0,1,3,9,9,9,True
11009,18636055184,26,3,4,0,2,1,2,2,9,False
4366,15079495784,45,3,2,0,1,38,30,30,0,False
5724,18802233956,50,2,1,0,0,33,11,11,1,False
2489,17807329663,32,12,4,0,0,22,0,0,0,True
13726,19948700293,35,5,2,0,0,10,8,8,8,True
6522,19881266563,45,3,3,0,1,32,30,30,0,False
13319,19859608897,30,2,1,0,1,27,34,34,1,False
8960,16630722126,33,1,4,0,0,23,2,2,8,False
4869,15797725211,47,0,4,0,1,18,0,0,9,False
6672,19881266563,45,14,4,0,1,31,1,1,0,False
3203,19831701219,36,17,4,0,3,35,39,39,39,True
1197,15661502139,43,19,4,0,3,36,43,43,39,False
1774,17623708813,19,123,4,0,3,46,6,6,13,False
8236,15165929133,3,12,4,0,1,38,22,22,0,False
11996,18765816132,10,1,3,0,2,13,15,15,0,False
12134,18765816132,48,15,4,0,2,34,48,48,39,False
5300,18053307086,27,10,4,0,1,36,22,22,9,False
2602,17807329663,45,21,4,0,0,35,21,21,9,False
1858,17623708813,3,11,4,0,2,31,12,12,24,False
180,13513580369,30,5,4,0,3,3,32,32,39,False
5107,18053307086,34,6,3,0,1,12,15,15,9,False
1799,17623708813,44,3,4,0,0,23,20,20,39,False
3720,13130819298,1,11,4,0,1,12,23,23,9,False
5968,18802233956,43,8,4,0,1,4,3,3,24,False
1549,15735414945,45,39,4,0,0,32,9,9,1,False
1620,17623708813,16,6,1,0,3,5,12,12,47,False
6626,19881266563,49,8,4,0,2,18,0,0,9,False
1566,15735414945,12,2,4,0,0,38,17,17,9,False
4370,15079495784,49,6,2,0,3,12,5,5,9,False
3576,13130819298,8,13,1,0,3,11,25,25,39,False
172,13513580369,22,10,4,0,3,23,31,31,39,False
3575,13130819298,7,9,1,0,3,11,25,25,39,False
10629,18365196069,47,4,3,0,1,41,48,48,20,False
3677,13130819298,8,23,3,0,0,46,39,39,20,False
11049,18636055184,16,21,4,0,3,38,46,46,39,False
1758,17623708813,3,19,4,0,0,24,0,0,9,False
4270,13670356740,50,3,4,0,0,26,1,1,9,False
1449,15735414945,44,17,4,0,2,28,40,40,39,False
2767,18991311567,9,1,3,0,2,7,36,36,39,False
5060,18053307086,37,15,2,0,1,19,32,32,20,False
4412,15079495784,41,11,3,0,3,12,13,13,9,False
12118,18765816132,32,3,4,0,3,16,8,8,24,False
5467,18702113651,43,9,3,0,1,18,17,17,9,False
515,13932780308,14,9,4,0,1,38,29,29,0,False
12476,18989781863,39,3,4,0,1,3,1,1,39,False
5944,18802233956,19,5,4,0,1,19,14,14,20,False
6117,19852999776,41,9,2,0,1,12,11,11,9,False
7861,13943039298,29,0,4,0,0,34,5,5,9,False
7296,13401917913,16,12,4,0,1,18,22,22,9,False
1911,17623708813,6,7,4,0,0,25,32,32,24,False
7968,13943039298,36,13,4,0,0,28,15,15,9,False
5089,18053307086,16,4,3,0,1,33,32,32,9,False
3865,13130819298,46,2,4,0,3,22,11,11,39,False
2194,17713196465,38,12,4,0,1,38,36,36,8,False
11153,18636055184,20,5,4,0,2,31,1,1,24,False
8793,16630722126,8,1,3,0,1,9,36,36,1,False
11095,18636055184,12,7,4,0,2,3,41,41,39,False
11726,18758415613,41,14,4,0,1,32,24,24,9,False
10500,18365196069,19,7,1,0,0,35,29,29,13,False
12924,19550593600,36,10,4,0,1,41,47,47,39,False
7865,13943039298,33,0,4,0,0,11,10,10,20,False
2829,18991311567,21,34,4,0,1,18,23,23,9,False
14056,19948700293,34,5,4,0,0,18,19,19,19,True
4512,15079495784,41,0,4,0,3,43,39,39,9,False
6004,18802233956,29,17,4,0,2,18,33,33,39,False
12444,18989781863,7,6,4,0,0,25,5,5,20,False
1163,15661502139,9,18,4,0,3,8,23,23,39,False
14094,19948700293,22,2,4,0,1,27,17,17,0,False
1779,17623708813,24,7,4,0,2,35,43,43,39,False
6644,19881266563,17,14,4,0,1,17,38,38,39,False
5052,18053307086,29,12,2,0,3,28,2,2,1,False
8122,15165929133,39,5,3,0,0,37,30,30,9,False
1460,15735414945,6,11,4,0,3,23,24,24,8,False
6482,19881266563,5,5,3,0,2,12,19,19,39,False
9469,17331496902,41,2,1,0,2,25,41,41,19,False
3089,19831701219,22,6,4,0,2,17,24,24,39,False
3436,19970957519,18,1,4,0,1,25,8,8,8,True
12461,18989781863,24,7,4,0,3,12,45,45,20,False
7258,13401917913,28,18,4,0,0,38,31,31,1,False
4359,15079495784,38,6,2,0,2,16,37,37,39,False
1973,17713196465,18,3,1,0,1,12,30,30,9,False
8816,16630722126,31,3,3,0,3,12,24,24,20,False
13783,19948700293,42,8,3,0,0,7,1,1,9,False
11351,18664891854,17,14,4,0,1,33,42,42,0,False
118,13513580369,18,4,3,0,1,32,23,23,0,False
4001,13670356740,31,0,2,0,2,1,38,38,9,False
8293,15165929133,10,4,4,0,2,22,43,43,39,False
1609,17623708813,5,10,1,0,3,31,39,39,39,True
3469,19970957519,1,4,4,0,0,25,9,9,9,True
13001,19834840803,12,0,2,0,2,2,28,28,39,False
5871,18802233956,46,16,4,0,3,36,46,46,39,False
3355,19970957519,37,4,3,0,0,35,1,1,9,False
6334,19852999776,8,4,4,0,0,45,30,30,20,False
1325,15735414945,20,10,2,0,0,25,17,17,8,False
2650,17807329663,43,14,4,0,2,37,43,43,39,False
6915,13074255915,36,6,4,0,1,17,23,23,0,False
4877,15797725211,5,17,4,0,3,35,37,37,19,False
11466,18664891854,32,17,4,0,0,26,20,20,19,False
8588,15167050060,4,33,4,0,0,39,32,32,8,False
13182,19834840803,43,4,4,0,1,1,40,40,9,False
3050,19831701219,33,11,4,0,1,3,15,15,9,False
3569,13130819298,1,25,1,0,3,11,18,18,39,False
5189,18053307086,16,17,4,0,0,17,18,18,39,False
3545,19970957519,27,8,4,0,1,3,42,42,39,False
8968,16630722126,41,23,4,0,0,10,8,8,8,True
13215,19834840803,26,9,4,0,0,10,1,1,8,False
4803,15797725211,31,8,4,0,3,24,15,15,9,False
9825,17527328008,46,5,1,0,1,36,42,42,9,False
1922,17623708813,17,17,4,0,2,12,19,19,39,False
10979,18636055184,46,0,3,0,1,34,9,9,0,False
5940,18802233956,15,29,4,0,1,39,43,43,0,False
3565,19970957519,47,7,4,0,1,9,0,0,1,False
13800,19948700293,9,10,4,0,3,33,39,39,39,True
5120,18053307086,47,7,3,0,0,30,38,38,39,False
8947,16630722126,20,9,4,0,0,33,25,25,9,False
8917,16630722126,40,2,4,0,1,40,13,13,1,False
4490,15079495784,19,20,4,0,1,25,16,16,9,False
7429,13401917913,49,4,4,0,3,42,43,43,13,False
651,15260233525,48,4,2,0,1,26,5,5,13,False
5888,18802233956,13,15,4,0,3,26,10,10,24,False
12434,18989781863,47,1,4,0,0,28,21,21,24,False
9745,17331496902,16,3,4,0,2,10,8,8,8,True
2238,17713196465,32,4,4,0,0,23,32,32,39,False
13366,19859608897,26,6,2,0,0,25,18,18,19,False
12429,18989781863,42,10,4,0,1,40,39,39,1,False
6382,19881266563,6,0,1,0,1,46,43,43,8,False
5910,18802233956,35,3,4,0,3,2,10,10,39,False
6555,19881266563,28,24,4,0,0,35,21,21,9,False
5764,18802233956,39,3,2,0,3,32,10,10,10,True
11380,18664891854,46,3,4,0,2,0,22,22,39,False
9434,17331496902,6,3,1,0,0,10,3,3,1,False
14104,19948700293,32,21,4,0,1,18,3,3,9,False
7372,13401917913,42,5,4,0,2,8,32,32,39,False
5547,18702113651,23,4,4,0,2,23,33,33,39,False
6780,13074255915,1,6,2,0,3,2,16,16,39,False
10423,17731093916,42,0,4,0,1,27,15,15,9,False
9197,16726368276,19,1,3,0,0,12,11,11,9,False
10369,17731093916,38,3,4,0,1,33,25,25,9,False
9783,17527328008,4,16,1,0,0,32,34,34,1,False
4489,15079495784,18,7,4,0,0,11,8,8,0,False
3437,19970957519,19,15,4,0,2,3,18,18,39,False
13183,19834840803,44,7,4,0,3,25,20,20,39,False
6542,19881266563,15,30,4,0,3,0,10,10,39,False
5805,18802233956,30,14,3,0,1,32,24,24,0,False
487,13932780308,36,6,3,0,3,28,21,21,9,False
5053,18053307086,30,1,2,0,1,36,2,2,9,False
6973,13074255915,44,8,4,0,3,32,41,41,39,False
13877,19948700293,21,0,4,0,2,21,43,43,39,False
3791,13130819298,22,19,4,0,0,23,24,24,39,False
2190,17713196465,34,21,4,0,2,25,6,6,12,False
1504,15735414945,50,15,4,0,3,23,39,39,39,True
6574,19881266563,47,2,4,0,2,18,32,32,24,False
2706,18991311567,49,17,1,0,1,32,44,44,0,False
5169,18053307086,46,32,4,0,1,10,7,7,0,False
1230,15661502139,26,35,4,0,1,37,15,15,9,False
5110,18053307086,37,17,3,0,1,40,46,46,39,False
1213,15661502139,9,8,4,0,0,27,20,20,9,False
4486,15079495784,15,17,4,0,1,4,18,18,39,False
3095,19831701219,28,11,4,0,3,31,32,32,16,False
1941,17623708813,36,8,4,0,0,24,2,2,9,False
8990,16630722126,13,8,4,0,1,2,8,8,0,False
5811,18802233956,36,4,3,0,3,29,25,25,39,False
2621,17807329663,14,11,4,0,2,30,46,46,39,False
39,13513580369,40,8,1,0,3,28,21,21,9,False
7464,13630678332,34,2,1,0,0,11,12,12,8,False
4778,15797725211,6,31,4,0,1,10,16,16,39,False
10064,17527328008,34,2,4,0,1,34,5,5,9,False
10875,18636055184,43,0,1,0,0,19,18,18,20,False
1340,15735414945,35,13,2,0,1,32,12,12,1,False
9491,17331496902,12,0,2,0,2,24,13,13,24,False
4852,15797725211,30,71,4,0,0,36,23,23,9,False
9070,16630722126,43,0,4,0,1,31,29,29,15,False
8805,16630722126,20,17,3,0,0,10,1,1,0,False
3745,13130819298,26,12,4,0,0,36,2,2,9,False
3843,13130819298,24,26,4,0,0,30,23,23,20,False
12364,18989781863,27,6,3,0,2,7,29,29,39,False
4224,13670356740,4,2,4,0,2,8,30,30,39,False
5526,18702113651,2,1,4,0,0,19,15,15,20,False
10609,18365196069,27,14,3,0,0,17,9,9,1,False
1152,15661502139,46,27,4,0,2,18,24,24,9,False
12726,19550593600,38,2,3,0,0,25,19,19,19,True
4381,15079495784,10,3,3,0,2,12,20,20,39,False
14031,19948700293,9,17,4,0,1,9,8,8,1,False
3761,13130819298,42,27,4,0,1,37,9,9,9,True
457,13932780308,6,5,3,0,3,18,13,13,9,False
4274,15079495784,4,8,1,0,1,15,7,7,0,False
4455,15079495784,34,11,4,0,2,36,8,8,1,False
11932,18765816132,47,6,1,0,1,26,48,48,9,False
9941,17527328008,11,19,4,0,3,18,13,13,19,False
6877,13074255915,48,5,3,0,1,9,12,12,39,False
12352,18989781863,15,4,3,0,3,14,16,16,39,False
4452,15079495784,31,29,4,0,0,35,18,18,19,False
8872,16630722126,45,6,3,0,2,30,39,39,39,True
3404,19970957519,36,17,4,0,0,22,21,21,0,False
1307,15735414945,2,0,2,0,2,0,11,11,24,False
5110,18053307086,37,12,3,0,1,33,46,46,39,False
6696,19881266563,18,2,4,0,1,33,32,32,1,False
2573,17807329663,16,13,4,0,3,10,18,18,39,False
1365,15735414945,10,8,3,0,2,31,15,15,24,False
11846,18758415613,11,15,4,0,3,23,24,24,39,False
9673,17331496902,44,3,4,0,1,41,40,40,39,False
2103,17713196465,47,18,3,0,2,12,19,19,39,False
12076,18765816132,40,5,4,0,0,11,12,12,9,False
11338,18664891854,4,13,4,0,1,17,9,9,8,False
11506,18664891854,22,6,4,0,0,34,4,4,9,False
7504,13630678332,23,6,2,0,2,18,33,33,39,False
3893,13130819298,24,14,4,0,3,10,33,33,39,False
6199,19852999776,23,8,4,0,0,7,0,0,9,False
8058,15165929133,25,11,2,0,2,25,33,33,19,False
9767,17331496902,38,4,4,0,1,3,1,1,0,False
6121,19852999776,45,3,2,0,3,2,11,11,39,False
3761,13130819298,42,13,4,0,1,20,9,9,9,True
1506,15735414945,2,5,4,0,1,24,2,2,9,False
2308,17807329663,2,13,1,0,1,32,36,36,0,False
11299,18664891854,15,3,3,0,3,40,4,4,20,False
797,15260233525,42,9,4,0,2,23,15,15,8,False
1105,15661502139,49,9,4,0,3,18,16,16,9,False
7714,13943039298,32,9,2,0,0,14,8,8,1,False
6691,19881266563,13,8,4,0,0,24,17,17,9,False
7049,13074255915,20,7,4,0,1,32,41,41,39,False
8847,16630722126,20,3,3,0,2,15,21,21,24,False
11891,18765816132,6,2,1,0,3,37,31,31,20,False
13876,19948700293,20,13,4,0,1,16,14,14,9,False
2126,17713196465,20,11,4,0,0,19,17,17,9,False
11609,18758415613,24,10,2,0,3,22,45,45,39,False
5197,18053307086,24,1,4,0,1,17,36,36,39,False
8032,15165929133,50,0,1,0,1,1,8,8,9,False
583,15260233525,31,0,1,0,2,22,23,23,20,False
9941,17527328008,11,5,4,0,1,48,13,13,13,True
3083,19831701219,16,14,4,0,2,29,32,32,24,False
2181,17713196465,25,7,4,0,1,37,30,30,9,False
7785,13943039298,3,17,4,0,0,17,9,9,0,False
4634,15797725211,13,10,1,0,3,25,33,33,24,False
8297,15165929133,14,5,4,0,1,27,41,41,39,False
3513,19970957519,45,2,4,0,0,10,9,9,20,False
4162,13670356740,42,28,4,0,3,22,23,23,20,False
4330,15079495784,9,17,2,0,3,46,47,47,20,False
1094,15661502139,38,33,4,0,2,8,0,0,0,True
3441,19970957519,23,16,4,0,2,1,7,7,9,False
1051,15661502139,45,1,3,0,1,40,45,45,39,False
4740,15797725211,18,17,3,0,0,15,20,20,39,False
13872,19948700293,16,0,4,0,2,12,21,21,15,False
4811,15797725211,39,15,4,0,0,14,0,0,1,False
10991,18636055184,8,11,4,0,2,18,20,20,39,False
2209,17713196465,3,14,4,0,3,29,30,30,19,False
12540,18989781863,3,3,4,0,2,15,16,16,39,False
8189,15165929133,6,8,4,0,1,18,17,17,9,False
9612,17331496902,33,6,4,0,1,32,24,24,9,False
4557,15079495784,36,15,4,0,3,27,39,39,0,False
13357,19859608897,17,0,2,0,1,8,21,21,39,False
9243,16726368276,15,1,4,0,0,23,24,24,19,False
4491,15079495784,20,0,4,0,1,26,16,16,8,False
7497,13630678332,16,7,2,0,2,34,39,39,15,False
12152,18765816132,16,13,4,0,1,34,5,5,9,False
1068,15661502139,12,9,4,0,0,9,23,23,39,False
10510,18365196069,29,5,1,0,3,33,40,40,39,False
4836,15797725211,14,14,4,0,0,25,3,3,0,False
7725,13943039298,43,0,2,0,2,20,22,22,15,False
9135,16726368276,7,8,2,0,0,11,6,6,8,False
4556,15079495784,35,3,4,0,1,25,16,16,8,False
9379,16726368276,1,12,4,0,3,12,20,20,39,False
172,13513580369,22,8,4,0,2,30,31,31,39,False
7955,13943039298,23,6,4,0,1,41,27,27,8,False
11170,18636055184,37,3,4,0,0,25,9,9,9,True
2768,18991311567,10,7,3,0,2,18,27,27,39,False
12390,18989781863,3,0,4,0,0,43,42,42,9,False
10193,17731093916,12,6,2,0,3,2,12,12,39,False
3437,19970957519,19,5,4,0,3,0,18,18,39,False
13042,19834840803,3,1,3,0,2,24,10,10,24,False
11007,18636055184,24,11,4,0,2,22,28,28,39,False
759,15260233525,4,10,4,0,2,24,21,21,9,False
13594,19859608897,4,1,4,0,3,25,20,20,39,False
11447,18664891854,13,6,4,0,1,31,23,23,9,False
11268,18664891854,34,2,2,0,3,21,28,28,19,False
1578,15735414945,24,17,4,0,0,17,33,33,39,False
7382,13401917913,2,6,4,0,0,40,25,25,8,False
2405,17807329663,48,1,2,0,1,36,7,7,1,False
12236,18765816132,50,9,4,0,1,16,8,8,8,True
9779,17331496902,50,1,4,0,1,19,10,10,20,False
2307,17807329663,1,11,1,0,2,14,36,36,39,False
13901,19948700293,45,14,4,0,3,33,46,46,39,False
8632,15167050060,48,4,4,0,0,40,25,25,8,False
5530,18702113651,6,105,4,0,3,14,3,3,1,False
2862,18991311567,4,12,4,0,0,32,17,17,9,False
10369,17731093916,38,2,4,0,1,34,25,25,0,False
5848,18802233956,23,17,4,0,1,22,21,21,8,False
2548,17807329663,41,1,4,0,2,30,34,34,39,False
11368,18664891854,34,21,4,0,0,14,7,7,1,False
1083,15661502139,27,11,4,0,2,30,44,44,39,False
3798,13130819298,29,7,4,0,0,21,39,39,39,True
1802,17623708813,47,113,4,0,3,28,6,6,39,False
5269,18053307086,46,1,4,0,0,15,11,11,19,False
1751,17623708813,46,0,3,0,2,16,44,44,39,False
5864,18802233956,39,4,4,0,1,8,0,0,0,True
3476,19970957519,8,3,4,0,1,3,8,8,39,False
13075,19834840803,36,9,3,0,0,30,10,10,1,False
4853,15797725211,31,7,4,0,1,17,32,32,39,False
12048,18765816132,12,5,4,0,3,32,48,48,39,False
5663,18702113651,39,6,4,0,2,8,0,0,0,True
9156,16726368276,28,5,2,0,3,22,29,29,39,False
12949,19834840803,11,5,1,0,1,26,41,41,43,False
1613,17623708813,9,0,1,0,2,2,1,1,39,False
9705,17331496902,26,6,4,0,3,22,16,16,39,False
9053,16630722126,26,1,4,0,2,13,28,28,39,False
10095,17527328008,15,12,4,0,1,15,8,8,8,True
4024,13670356740,4,8,3,0,0,7,0,0,9,False
10699,18365196069,17,2,4,0,1,18,15,15,15,True
12778,19550593600,37,19,4,0,3,32,46,46,39,False
5644,18702113651,20,6,4,0,2,10,16,16,39,False
170,13513580369,20,17,4,0,3,17,6,6,20,False
8038,15165929133,5,9,2,0,1,45,32,32,20,False
11108,18636055184,25,15,4,0,2,18,34,34,39,False
3044,19831701219,27,48,4,0,1,38,17,17,9,False
883,15260233525,28,0,4,0,1,17,43,43,39,False
1130,15661502139,24,13,4,0,0,28,15,15,9,False
13652,19948700293,12,3,1,0,0,42,0,0,13,False
4083,13670356740,13,14,4,0,3,31,17,17,9,False
13045,19834840803,6,0,3,0,3,0,2,2,24,False
5283,18053307086,10,8,4,0,1,22,0,0,8,False
6629,19881266563,2,32,4,0,1,11,2,2,0,False
1468,15735414945,14,8,4,0,2,24,29,29,9,False
6796,13074255915,17,5,2,0,0,11,19,19,39,False
2380,17807329663,23,11,2,0,1,27,13,13,0,False
484,13932780308,33,0,3,0,2,8,23,23,39,False
3428,19970957519,10,2,4,0,3,33,13,13,13,True
672,15260233525,19,4,3,0,3,29,17,17,19,False
2655,17807329663,48,6,4,0,1,17,24,24,39,False
10069,17527328008,39,0,4,0,2,4,3,3,24,False
5040,18053307086,17,3,2,0,3,2,10,10,39,False
2364,17807329663,7,7,2,0,3,16,45,45,39,False
12227,18765816132,41,4,4,0,3,38,45,45,39,False
6580,19881266563,3,18,4,0,2,12,18,18,39,False
2596,17807329663,39,16,4,0,1,29,46,46,39,False
6576,19881266563,49,7,4,0,2,30,34,34,39,False
1593,15735414945,39,8,4,0,3,21,40,40,39,False
6257,19852999776,31,4,4,0,1,32,16,16,1,False
2521,17807329663,14,5,4,0,3,24,25,25,8,False
1299,15735414945,45,0,1,0,2,23,7,7,24,False
1944,17623708813,39,10,4,0,1,2,0,0,9,False
1832,17623708813,27,11,4,0,1,35,2,2,13,False
4739,15797725211,17,14,3,0,2,37,43,43,39,False
12867,19550593600,29,8,4,0,0,33,20,20,9,False
3177,19831701219,10,10,4,0,0,32,2,2,1,False
1876,17623708813,21,4,4,0,2,26,35,35,24,False
10401,17731093916,20,7,4,0,0,27,20,20,9,False
7512,13630678332,31,8,2,0,0,31,24,24,9,False
10828,18365196069,46,8,4,0,2,32,39,39,39,True
12922,19550593600,34,27,4,0,1,33,20,20,13,False
3867,13130819298,48,1,4,0,3,21,34,34,39,False
8921,16630722126,44,11,4,0,1,20,19,19,9,False
7101,13401917913,22,3,1,0,0,31,24,24,9,False
12336,18989781863,49,8,2,0,2,41,48,48,39,False
1509,15735414945,5,4,4,0,2,25,33,33,39,False
11386,18664891854,2,8,4,0,0,19,14,14,20,False
8557,15167050060,23,1,4,0,1,25,14,14,8,False
1918,17623708813,13,9,4,0,2,23,25,25,39,False
7982,13943039298,50,10,4,0,1,33,25,25,9,False
1524,15735414945,20,5,4,0,0,24,9,9,9,True
12472,18989781863,35,7,4,0,3,37,38,38,39,False
4798,15797725211,26,3,4,0,0,24,10,10,9,False
13042,19834840803,3,7,3,0,2,4,10,10,24,False
7847,13943039298,15,37,4,0,1,38,39,39,24,False
7200,13401917913,20,10,3,0,3,47,48,48,13,False
5705,18802233956,31,3,1,0,0,23,37,37,39,False
7752,13943039298,20,14,3,0,1,3,1,1,0,False
3811,13130819298,42,19,4,0,0,37,11,11,9,False
6597,19881266563,20,5,4,0,1,31,22,22,9,False
7631,13630678332,50,18,4,0,1,40,48,48,39,False
991,15661502139,35,22,2,0,1,2,20,20,39,False
3212,19831701219,45,5,4,0,2,18,1,1,9,False
5922,18802233956,47,9,4,0,2,23,45,45,39,False
6791,13074255915,12,1,2,0,3,40,33,33,20,False
2065,17713196465,9,1,3,0,3,25,39,39,24,False
1140,15661502139,34,58,4,0,1,31,37,37,9,False
12875,19550593600,37,1,4,0,2,21,28,28,19,False
9024,16630722126,47,0,4,0,0,40,21,21,1,False
5079,18053307086,6,9,3,0,1,19,26,26,20,False
2280,17713196465,24,24,4,0,3,32,25,25,10,False
2282,17713196465,26,2,4,0,1,9,44,44,39,False
2174,17713196465,18,55,4,0,0,9,6,6,20,False
1128,15661502139,22,25,4,0,1,17,16,16,39,False
11378,18664891854,44,26,4,0,3,32,40,40,39,False
6542,19881266563,15,35,4,0,0,15,10,10,24,False
2714,18991311567,6,5,2,0,0,9,10,10,1,False
13942,19948700293,36,0,4,0,2,31,47,47,19,False
12589,19550593600,2,1,1,0,1,46,38,38,8,False
1379,15735414945,24,0,3,0,2,23,22,22,24,False
217,13513580369,17,7,4,0,1,19,33,33,39,False
12253,18989781863,17,7,1,0,1,30,36,36,39,False
4177,13670356740,7,10,4,0,1,6,9,9,9,True
7449,13630678332,19,15,1,0,3,25,24,24,24,True
6662,19881266563,35,10,4,0,3,10,25,25,39,False
1797,17623708813,42,63,4,0,0,31,10,10,9,False
12111,18765816132,25,7,4,0,1,45,24,24,20,False
1459,15735414945,5,12,4,0,1,25,1,1,9,False
11545,18758415613,11,10,1,0,1,23,28,28,39,False
1429,15735414945,24,48,4,0,0,19,3,3,1,False
8788,16630722126,3,0,3,0,3,0,39,39,24,False
8497,15167050060,13,18,4,0,3,33,39,39,39,True
10766,18365196069,34,11,4,0,0,18,20,20,39,False
5403,18702113651,29,8,2,0,3,36,43,43,39,False
1957,17713196465,2,3,1,0,0,46,39,39,20,False
9113,16726368276,36,6,1,0,0,18,12,12,1,False
7935,13943039298,3,14,4,0,0,26,11,11,8,False
5963,18802233956,38,2,4,0,1,3,0,0,0,True
6508,19881266563,31,8,3,0,2,31,23,23,24,False
11162,18636055184,29,8,4,0,3,39,41,41,19,False
5412,18702113651,38,3,2,0,3,31,17,17,24,False
8913,16630722126,36,29,4,0,1,15,8,8,9,False
13552,19859608897,12,8,4,0,3,32,33,33,39,False
14011,19948700293,22,11,4,0,1,2,8,8,0,False
3475,19970957519,7,1,4,0,1,20,9,9,15,False
9362,16726368276,34,18,4,0,1,38,46,46,39,False
1826,17623708813,21,17,4,0,2,12,18,18,24,False
5220,18053307086,47,8,4,0,1,9,16,16,1,False
2167,17713196465,11,3,4,0,3,39,3,3,24,False
1352,15735414945,47,5,2,0,1,32,9,9,1,False
4614,15079495784,43,28,4,0,1,44,43,43,9,False
6643,19881266563,16,10,4,0,1,2,15,15,9,False
6522,19881266563,45,12,3,0,0,35,30,30,13,False
447,13932780308,46,6,2,0,3,3,5,5,39,False
3509,19970957519,41,24,4,0,1,9,34,34,39,False
5202,18053307086,29,17,4,0,0,35,2,2,13,False
1843,17623708813,10,13,4,0,3,15,16,16,39,False
686,15260233525,33,11,3,0,0,19,1,1,1,True
5629,18702113651,5,13,4,0,0,10,0,0,0,True
586,15260233525,34,12,1,0,1,26,19,19,9,False
1848,17623708813,15,10,4,0,0,18,10,10,9,False
1723,17623708813,18,2,3,0,0,40,22,22,1,False
8210,15165929133,27,6,4,0,0,12,9,9,9,True
4916,15797725211,44,17,4,0,0,29,14,14,19,False
7731,13943039298,49,2,2,0,1,40,47,47,39,False
13941,19948700293,35,3,4,0,0,44,38,38,20,False
10386,17731093916,5,1,4,0,3,7,3,3,39,False
7829,13943039298,47,3,4,0,2,25,24,24,9,False
2681,18991311567,24,7,1,0,3,10,19,19,20,False
2462,17807329663,5,6,4,0,1,40,37,37,24,False
6365,19852999776,39,1,4,0,1,26,1,1,1,True
3083,19831701219,16,18,4,0,3,36,32,32,39,False
7930,13943039298,48,3,4,0,1,31,30,30,9,False
4803,15797725211,31,9,4,0,2,24,15,15,9,False
3151,19831701219,34,0,4,0,1,18,24,24,39,False
5001,18053307086,29,3,1,0,3,32,3,3,1,False
3703,13130819298,34,5,3,0,2,10,24,24,39,False
4835,15797725211,13,12,4,0,1,30,25,25,8,False
10519,18365196069,38,5,1,0,2,16,15,15,24,False
6943,13074255915,14,10,4,0,2,15,25,25,39,False
1775,17623708813,20,1,4,0,0,33,25,25,9,False
14082,19948700293,10,1,4,0,2,26,45,45,0,False
8914,16630722126,37,6,4,0,2,25,34,34,39,False
11240,18664891854,6,18,2,0,2,34,47,47,39,False
13772,19948700293,31,16,3,0,0,31,24,24,9,False
2303,17713196465,47,9,4,0,0,9,4,4,1,False
11721,18758415613,36,1,4,0,2,31,23,23,8,False
8030,15165929133,48,1,1,0,2,23,31,31,39,False
4955,15797725211,33,9,4,0,1,29,8,8,9,False
5854,18802233956,29,18,4,0,3,11,33,33,39,False
3638,13130819298,19,19,2,0,1,32,39,39,39,True
2578,17807329663,21,7,4,0,1,30,21,21,0,False
9063,16630722126,36,12,4,0,1,8,1,1,1,True
8404,15167050060,20,8,2,0,2,30,31,31,20,False
11526,18664891854,42,0,4,0,1,33,47,47,39,False
4969,15797725211,47,7,4,0,0,35,30,30,19,False
10615,18365196069,33,1,3,0,1,34,27,27,0,False
1194,15661502139,40,3,4,0,0,15,10,10,1,False
10023,17527328008,43,13,4,0,3,15,27,27,39,False
6422,19881266563,46,16,1,0,0,31,24,24,9,False
4503,15079495784,32,13,4,0,3,23,39,39,39,True
1610,17623708813,6,7,1,0,3,11,39,39,39,True
6198,19852999776,22,12,4,0,0,36,2,2,9,False
5218,18053307086,45,12,4,0,0,37,21,21,0,False
12348,18989781863,11,9,3,0,0,20,19,19,9,False
9306,16726368276,28,4,4,0,2,2,15,15,0,False
10498,18365196069,17,4,1,0,1,8,1,1,1,True
6372,19852999776,46,6,4,0,0,45,16,16,20,False
12106,18765816132,20,9,4,0,3,15,19,19,39,False
7273,13401917913,43,12,4,0,0,47,25,25,20,False
5861,18802233956,36,41,4,0,3,25,32,32,24,False
4971,15797725211,49,9,4,0,2,24,14,14,9,False
5227,18053307086,4,11,4,0,1,15,7,7,0,False
828,15260233525,23,0,4,0,3,11,32,32,39,False
2666,18991311567,9,9,1,0,0,33,13,13,9,False
5503,18702113651,29,33,4,0,0,22,17,17,20,False
1357,15735414945,2,0,3,0,2,16,0,0,24,False
11637,18758415613,2,13,3,0,1,3,2,2,9,False
5495,18702113651,21,27,4,0,1,11,34,34,39,False
11162,18636055184,29,9,4,0,0,40,41,41,20,False
3433,19970957519,15,11,4,0,3,40,41,41,39,False
2314,17807329663,8,6,1,0,1,12,9,9,9,True
6560,19881266563,33,21,4,0,1,15,1,1,9,False
3824,13130819298,5,12,4,0,2,26,36,36,24,False
1895,17623708813,40,6,4,0,2,13,27,27,39,False
6351,19852999776,25,2,4,0,1,39,21,21,9,False
13042,19834840803,3,10,3,0,0,17,10,10,1,False
5626,18702113651,2,3,4,0,2,22,23,23,39,False
4784,15797725211,12,1,4,0,1,23,9,9,8,False
11613,18758415613,28,8,2,0,3,14,29,29,39,False
1797,17623708813,42,178,4,0,2,20,10,10,9,False
10067,17527328008,37,4,4,0,1,29,40,40,24,False
8434,15167050060,50,11,2,0,3,44,45,45,20,False
4393,15079495784,22,2,3,0,2,33,38,38,9,False
3120,19831701219,3,4,4,0,3,18,30,30,9,False
2995,19831701219,28,13,3,0,2,26,45,45,39,False
3044,19831701219,27,20,4,0,1,25,17,17,24,False
6011,18802233956,36,0,4,0,3,40,13,13,1,False
6871,13074255915,42,13,3,0,1,3,9,9,9,True
10506,18365196069,25,2,1,0,2,4,9,9,24,False
12902,19550593600,14,8,4,0,1,11,23,23,39,False
4576,15079495784,5,8,4,0,1,9,15,15,1,False
6216,19852999776,40,13,4,0,0,18,11,11,9,False
12805,19550593600,17,4,4,0,2,7,24,24,39,False
10425,17731093916,44,10,4,0,3,39,40,40,19,False
3499,19970957519,31,20,4,0,2,28,31,31,39,False
4609,15079495784,38,5,4,0,3,17,44,44,39,False
10231,17731093916,50,4,2,0,1,34,13,13,0,False
10074,17527328008,44,9,4,0,0,31,23,23,9,False
10831,18365196069,49,8,4,0,3,31,39,39,39,True
6541,19881266563,14,15,4,0,0,37,29,29,9,False
13350,19859608897,10,7,2,0,1,41,40,40,0,False
3823,13130819298,4,8,4,0,1,36,23,23,9,False
2341,17807329663,35,7,1,0,1,37,44,44,39,False
8848,16630722126,21,1,3,0,2,7,29,29,39,False
11743,18758415613,8,6,4,0,1,31,0,0,9,False
4588,15079495784,17,5,4,0,3,26,31,31,24,False
494,13932780308,43,4,3,0,1,15,21,21,14,False
4784,15797725211,12,7,4,0,3,16,9,9,1,False
3911,13130819298,42,6,4,0,2,22,41,41,39,False
4683,15797725211,11,1,2,0,0,9,19,19,20,False
3007,19831701219,40,6,3,0,1,26,3,3,1,False
6522,19881266563,45,14,3,0,3,29,30,30,19,False
3291,19970957519,23,9,2,0,3,18,0,0,9,False
10548,18365196069,16,1,2,0,1,41,48,48,39,False
1399,15735414945,44,13,3,0,1,9,0,0,1,False
8530,15167050060,46,1,4,0,3,38,46,46,39,False
3917,13130819298,48,25,4,0,1,1,7,7,9,False
6207,19852999776,31,11,4,0,0,36,8,8,9,False
6839,13074255915,10,0,3,0,0,10,5,5,20,False
1577,15735414945,23,0,4,0,3,19,31,31,20,False
1605,17623708813,1,12,1,0,1,26,11,11,1,False
5048,18053307086,25,9,2,0,1,12,8,8,9,False
5548,18702113651,24,3,4,0,0,9,25,25,39,False
3488,19970957519,20,4,4,0,0,24,9,9,9,True
6192,19852999776,16,0,4,0,1,19,8,8,20,False
6087,19852999776,11,14,2,0,0,25,17,17,8,False
1584,15735414945,30,11,4,0,0,26,19,19,1,False
6530,19881266563,3,15,4,0,0,33,25,25,9,False
6785,13074255915,6,16,2,0,2,10,6,6,39,False
4185,13670356740,15,8,4,0,1,4,10,10,39,False
13805,19948700293,14,21,4,0,3,32,48,48,39,False
2382,17807329663,25,3,2,0,3,33,13,13,10,False
4492,15079495784,21,16,4,0,1,30,0,0,0,True
4455,15079495784,34,21,4,0,3,29,8,8,13,False
1921,17623708813,16,46,4,0,3,30,24,24,1,False
7771,13943039298,39,4,3,0,2,15,34,34,39,False
1437,15735414945,32,22,4,0,2,28,46,46,39,False
12000,18765816132,14,9,3,0,0,30,22,22,0,False
9878,17527328008,48,0,2,0,0,38,47,47,39,False
144,13513580369,44,8,3,0,2,22,43,43,39,False
1952,17623708813,47,10,4,0,1,9,0,0,0,True
966,15661502139,10,11,2,0,2,12,38,38,39,False
361,13932780308,11,6,1,0,3,29,30,30,19,False
3662,13130819298,43,1,2,0,0,29,7,7,19,False
618,15260233525,15,0,2,0,0,25,2,2,9,False
7867,13943039298,35,3,4,0,0,25,15,15,9,False
2158,17713196465,2,0,4,0,2,32,11,11,1,False
12077,18765816132,41,1,4,0,3,2,11,11,39,False
7180,13401917913,50,6,2,0,3,46,47,47,20,False
4574,15079495784,3,13,4,0,1,39,0,0,0,True
1079,15661502139,23,0,4,0,1,11,24,24,39,False
7022,13074255915,43,1,4,0,2,14,43,43,39,False
6763,13074255915,35,4,1,0,2,3,12,12,39,False
3161,19831701219,44,7,4,0,3,23,41,41,39,False
258,13513580369,8,10,4,0,3,25,45,45,39,False
10867,18636055184,35,2,1,0,2,2,1,1,39,False
6378,19881266563,2,3,1,0,1,36,8,8,1,False
1625,17623708813,21,1,1,0,2,8,43,43,39,False
2821,18991311567,13,6,4,0,0,8,7,7,0,False
6680,19881266563,2,2,4,0,1,9,46,46,1,False
9887,17527328008,7,7,3,0,3,31,39,39,39,True
3863,13130819298,44,45,4,0,1,36,17,17,13,False
4053,13670356740,33,2,3,0,0,30,31,31,8,False
3797,13130819298,28,2,4,0,2,30,32,32,24,False
11989,18765816132,3,7,3,0,0,17,9,9,1,False
2608,17807329663,1,18,4,0,3,36,31,31,39,False
5784,18802233956,9,1,3,0,2,12,31,31,19,False
14006,19948700293,17,8,4,0,0,40,34,34,1,False
6144,19852999776,18,7,3,0,3,4,34,34,39,False
4800,15797725211,28,3,4,0,2,30,46,46,39,False
12483,18989781863,46,1,4,0,2,9,16,16,24,False
9858,17527328008,28,4,2,0,2,15,29,29,39,False
11819,18758415613,34,4,4,0,1,17,46,46,39,False
2837,18991311567,29,10,4,0,0,26,7,7,1,False
2265,17713196465,9,27,4,0,2,3,23,23,39,False
6839,13074255915,10,5,3,0,2,7,5,5,19,False
8487,15167050060,3,4,4,0,2,29,21,21,8,False
3528,19970957519,10,8,4,0,0,27,0,0,0,True
4068,13670356740,48,5,3,0,0,31,13,13,9,False
4470,15079495784,49,21,4,0,3,35,29,29,9,False
13073,19834840803,34,0,3,0,3,22,39,39,39,True
5723,18802233956,49,1,1,0,1,46,11,11,20,False
11608,18758415613,23,4,2,0,1,32,45,45,39,False
11311,18664891854,27,13,3,0,3,32,40,40,20,False
9598,17331496902,19,0,4,0,1,38,45,45,39,False
1298,15735414945,44,9,1,0,0,14,7,7,1,False
4601,15079495784,30,15,4,0,1,45,7,7,20,False
12696,19550593600,8,1,3,0,1,17,40,40,39,False
5970,18802233956,45,16,4,0,0,17,27,27,24,False
6010,18802233956,35,20,4,0,1,13,27,27,39,False
1493,15735414945,39,11,4,0,0,10,1,1,8,False
12658,19550593600,15,10,2,0,2,5,12,12,39,False
2564,17807329663,7,6,4,0,1,30,39,39,39,True
2212,17713196465,6,5,4,0,0,9,19,19,39,False
1888,17623708813,33,12,4,0,0,20,19,19,9,False
9275,16726368276,47,6,4,0,3,15,23,23,39,False
2821,18991311567,13,1,4,0,1,3,7,7,39,False
6366,19852999776,40,1,4,0,2,31,39,39,19,False
5849,18802233956,24,31,4,0,1,36,0,0,9,False
754,15260233525,49,16,4,0,3,25,34,34,39,False
1308,15735414945,3,2,2,0,3,25,11,11,24,False
9535,17331496902,6,3,3,0,2,34,48,48,39,False
4428,15079495784,7,1,4,0,3,15,26,26,39,False
12759,19550593600,18,3,4,0,3,31,40,40,39,False
10174,17731093916,44,5,1,0,2,10,19,19,20,False
8733,16630722126,49,2,1,0,2,20,41,41,9,False
1361,15735414945,6,0,3,0,3,36,30,30,13,False
3528,19970957519,10,29,4,0,1,1,0,0,9,False
13274,19834840803,35,6,4,0,1,34,27,27,9,False
4913,15797725211,41,37,4,0,2,27,47,47,39,False
6547,19881266563,20,20,4,0,2,28,33,33,39,False
11176,18636055184,43,2,4,0,2,11,19,19,20,False
635,15260233525,32,4,2,0,3,8,3,3,10,False
9452,17331496902,24,10,1,0,1,38,22,22,0,False
13876,19948700293,20,3,4,0,0,19,14,14,20,False
154,13513580369,4,34,4,0,2,18,41,41,39,False
2738,18991311567,30,0,2,0,3,8,20,20,20,True
3824,13130819298,5,11,4,0,3,25,36,36,24,False
6215,19852999776,39,13,4,0,3,23,31,31,39,False
1928,17623708813,23,45,4,0,0,35,16,16,19,False
239,13513580369,39,5,4,0,2,30,46,46,39,False
13938,19948700293,32,15,4,0,0,10,3,3,1,False
7297,13401917913,17,5,4,0,3,40,33,33,1,False
14060,19948700293,38,3,4,0,1,39,24,24,9,False
7808,13943039298,26,8,4,0,3,10,5,5,39,False
5837,18802233956,12,2,4,0,3,23,41,41,39,False
10617,18365196069,35,10,3,0,1,3,8,8,9,False
7017,13074255915,38,10,4,0,0,46,41,41,19,False
3907,13130819298,38,5,4,0,1,26,18,18,1,False
3148,19831701219,31,9,4,0,0,32,11,11,10,False
763,15260233525,8,0,4,0,2,39,0,0,8,False
6707,19881266563,29,11,4,0,0,26,14,14,24,False
8823,16630722126,38,1,3,0,1,17,15,15,0,False
1805,17623708813,50,12,4,0,0,19,10,10,1,False
4167,13670356740,47,16,4,0,0,25,19,19,19,True
9070,16630722126,43,1,4,0,2,31,29,29,15,False
7278,13401917913,48,18,4,0,1,15,8,8,9,False
11733,18758415613,48,9,4,0,1,22,36,36,39,False
114,13513580369,14,3,3,0,3,14,10,10,39,False
2837,18991311567,29,4,4,0,1,24,7,7,9,False
13569,19859608897,29,1,4,0,0,18,19,19,39,False
12517,18989781863,30,7,4,0,3,28,29,29,39,False
3102,19831701219,35,1,4,0,0,21,10,10,19,False
398,13932780308,48,5,1,0,3,11,24,24,39,False
2045,17713196465,39,3,2,0,1,33,6,6,9,False
10041,17527328008,11,6,4,0,3,36,39,39,39,True
12518,18989781863,31,3,4,0,0,17,0,0,0,True
5594,18702113651,20,0,4,0,3,10,39,39,39,True
9391,16726368276,13,1,4,0,0,19,8,8,20,False
11395,18664891854,11,18,4,0,3,32,46,46,39,False
11379,18664891854,45,13,4,0,2,23,44,44,39,False
3273,19970957519,5,8,2,0,1,12,1,1,9,False
1882,17623708813,27,13,4,0,2,26,33,33,39,False
3245,19970957519,28,5,1,0,1,36,28,28,9,False
3593,13130819298,25,1,1,0,3,39,47,47,39,False
13001,19834840803,12,5,2,0,2,14,28,28,39,False
12451,18989781863,14,7,4,0,0,9,40,40,39,False
2583,17807329663,26,6,4,0,2,22,19,19,24,False
12058,18765816132,22,5,4,0,3,30,24,24,39,False
1786,17623708813,31,0,4,0,3,46,12,12,19,False
4613,15079495784,42,8,4,0,0,17,33,33,39,False
13806,19948700293,15,4,4,0,0,24,23,23,9,False
10137,17731093916,7,9,1,0,1,41,40,40,0,False
4853,15797725211,31,1,4,0,2,4,32,32,39,False
7405,13401917913,25,4,4,0,3,2,34,34,39,False
8231,15165929133,48,3,4,0,3,17,48,48,39,False
11295,18664891854,11,8,3,0,2,2,1,1,24,False
6246,19852999776,20,23,4,0,1,11,10,10,0,False
1466,15735414945,12,4,4,0,2,33,46,46,15,False
6081,19852999776,5,9,2,0,1,17,0,0,0,True
11083,18636055184,50,3,4,0,3,22,4,4,39,False
1806,17623708813,1,32,4,0,1,45,9,9,20,False
5846,18802233956,21,18,4,0,2,4,11,11,39,False
544,13932780308,43,4,4,0,2,16,14,14,24,False
1796,17623708813,41,261,4,0,3,28,0,0,1,False
4858,15797725211,36,11,4,0,1,31,2,2,9,False
6721,19881266563,43,30,4,0,0,13,0,0,0,True
1153,15661502139,47,3,4,0,0,31,17,17,9,False
12753,19550593600,12,3,4,0,0,44,8,8,8,True
7311,13401917913,31,13,4,0,1,36,14,14,9,False
2701,18991311567,44,5,1,0,0,10,9,9,0,False
1195,15661502139,41,18,4,0,2,30,25,25,1,False
10111,17527328008,31,3,4,0,3,29,2,2,19,False
6564,19881266563,37,11,4,0,3,28,29,29,39,False
9071,16630722126,44,7,4,0,0,33,5,5,9,False
1465,15735414945,11,16,4,0,0,18,9,9,9,True
10104,17527328008,24,0,4,0,3,14,21,21,39,False
6042,19852999776,17,2,1,0,0,15,4,4,24,False
4496,15079495784,25,15,4,0,2,19,46,46,39,False
5203,18053307086,30,50,4,0,0,38,31,31,9,False
7986,15165929133,4,7,1,0,2,3,10,10,39,False
10180,17731093916,50,3,1,0,2,11,17,17,39,False
9318,16726368276,40,16,4,0,0,16,9,9,0,False
7006,13074255915,27,2,4,0,3,36,40,40,39,False
13868,19948700293,12,1,4,0,0,19,8,8,20,False
3757,13130819298,38,7,4,0,1,38,1,1,0,False
6097,19852999776,21,2,2,0,1,32,30,30,0,False
3085,19831701219,18,0,4,0,1,26,8,8,8,True
9540,17331496902,11,1,3,0,2,15,1,1,9,False
10992,18636055184,9,12,4,0,3,16,9,9,9,True
13844,19948700293,38,9,3,0,1,40,39,39,1,False
803,15260233525,48,4,4,0,0,25,19,19,9,False
7647,13943039298,16,5,1,0,0,44,38,38,20,False
6783,13074255915,4,2,2,0,1,45,16,16,20,False
12409,18989781863,22,4,4,0,1,24,9,9,24,False
4172,13670356740,2,2,4,0,1,36,2,2,9,False
10395,17731093916,14,4,4,0,2,39,34,34,24,False
9721,17331496902,42,5,4,0,1,25,23,23,8,False
8052,15165929133,19,3,2,0,0,12,34,34,20,False
2389,17807329663,32,0,2,0,1,44,42,42,1,False
6630,19881266563,3,44,4,0,1,32,24,24,9,False
5933,18802233956,8,25,4,0,3,31,45,45,39,False
7051,13074255915,22,9,4,0,3,22,45,45,39,False
2498,17807329663,41,0,4,0,3,10,14,14,39,False
1856,17623708813,1,17,4,0,0,30,31,31,1,False
545,13932780308,44,20,4,0,3,12,6,6,9,False
3209,19831701219,42,42,4,0,2,3,23,23,39,False
7975,13943039298,43,0,4,0,1,47,17,17,13,False
9568,17331496902,39,3,3,0,2,25,24,24,24,True
7892,13943039298,10,2,4,0,2,10,5,5,39,False
9707,17331496902,28,2,4,0,2,16,15,15,9,False
1137,15661502139,31,23,4,0,3,45,46,46,19,False
5572,18702113651,48,5,4,0,0,26,10,10,1,False
6506,19881266563,29,16,3,0,2,26,24,24,24,True
2293,17713196465,37,4,4,0,2,25,46,46,24,False
7940,13943039298,8,18,4,0,0,7,1,1,1,True
987,15661502139,31,19,2,0,2,23,20,20,19,False
1810,17623708813,5,53,4,0,2,16,33,33,24,False
7833,13943039298,1,4,4,0,1,22,21,21,0,False
8616,15167050060,32,1,4,0,1,39,43,43,9,False
8695,16630722126,11,8,1,0,0,17,0,0,0,True
5561,18702113651,37,6,4,0,3,10,46,46,39,False
5143,18053307086,20,7,4,0,0,17,9,9,1,False
3144,19831701219,27,3,4,0,0,37,18,18,13,False
11298,18664891854,14,0,3,0,3,33,40,40,20,False
12364,18989781863,27,11,3,0,3,21,29,29,19,False
4289,15079495784,19,4,1,0,1,33,16,16,0,False
12315,18989781863,28,0,2,0,2,6,3,3,0,False
211,13513580369,11,7,4,0,2,2,9,9,24,False
7277,13401917913,47,14,4,0,3,32,34,34,39,False
1193,15661502139,39,2,4,0,0,31,22,22,9,False
5486,18702113651,12,11,4,0,2,16,14,14,9,False
6899,13074255915,20,10,4,0,3,18,20,20,39,False
3383,19970957519,15,21,4,0,2,25,39,39,24,False
12807,19550593600,19,10,4,0,2,6,19,19,39,False
11270,18664891854,36,0,2,0,2,5,34,34,47,False
5156,18053307086,33,6,4,0,3,11,26,26,39,False
12117,18765816132,31,8,4,0,0,10,2,2,1,False
4603,15079495784,32,28,4,0,2,29,38,38,24,False
10409,17731093916,28,7,4,0,0,18,19,19,19,True
6036,19852999776,11,11,1,0,0,23,31,31,39,False
4971,15797725211,49,20,4,0,0,29,14,14,19,False
13019,19834840803,30,3,2,0,0,44,38,38,20,False
935,15661502139,30,4,1,0,2,18,33,33,39,False
3096,19831701219,29,4,4,0,3,21,39,39,19,False
364,13932780308,14,3,1,0,2,10,17,17,39,False
2959,19831701219,42,9,2,0,2,31,21,21,24,False
10540,18365196069,8,4,2,0,0,32,8,8,1,False
5674,18702113651,50,4,4,0,2,38,41,41,24,False
3426,19970957519,8,0,4,0,1,18,24,24,39,False
556,15260233525,4,4,1,0,1,15,7,7,0,False
5164,18053307086,41,25,4,0,1,15,0,0,9,False
9991,17527328008,11,10,4,0,2,39,48,48,39,False
2582,17807329663,25,31,4,0,1,18,15,15,9,False
1224,15661502139,20,18,4,0,1,31,22,22,9,False
12656,19550593600,13,7,2,0,0,11,12,12,8,False
10943,18636055184,10,10,3,0,2,16,24,24,24,True
4057,13670356740,37,2,3,0,0,10,9,9,0,False
11393,18664891854,9,2,4,0,0,15,11,11,19,False
1576,15735414945,22,35,4,0,3,36,31,31,39,False
5237,18053307086,14,15,4,0,1,15,0,0,9,False
6727,19881266563,49,9,4,0,0,36,28,28,9,False
10902,18636055184,19,4,2,0,1,18,10,10,9,False
6001,18802233956,26,5,4,0,2,8,36,36,39,False
1641,17623708813,37,6,1,0,2,6,18,18,39,False
5500,18702113651,26,1,4,0,2,30,33,33,39,False
6138,19852999776,12,2,3,0,1,19,47,47,20,False
5296,18053307086,23,5,4,0,0,15,19,19,19,True
10254,17731093916,23,10,3,0,0,17,8,8,0,False
12932,19550593600,44,7,4,0,0,40,25,25,1,False
4457,15079495784,36,12,4,0,1,1,34,34,9,False
9251,16726368276,23,3,4,0,1,47,41,41,20,False
326,13513580369,26,1,4,0,2,18,33,33,24,False
11365,18664891854,31,5,4,0,2,26,40,40,40,True
1818,17623708813,13,6,4,0,2,22,23,23,39,False
8610,15167050060,26,6,4,0,1,40,14,14,1,False
3963,13670356740,44,11,1,0,2,18,20,20,39,False
4130,13670356740,10,7,4,0,0,35,2,2,1,False
9344,16726368276,16,4,4,0,2,18,40,40,39,False
8144,15165929133,11,3,4,0,0,33,0,0,0,True
12897,19550593600,9,7,4,0,2,32,39,39,39,True
392,13932780308,42,8,1,0,3,36,37,37,20,False
1127,15661502139,21,6,4,0,3,9,19,19,39,False
10341,17731093916,10,11,4,0,0,18,2,2,9,False
5077,18053307086,4,10,3,0,3,18,17,17,9,False
8237,15165929133,4,3,4,0,1,24,15,15,9,False
1405,15735414945,50,10,3,0,1,30,24,24,1,False
12403,18989781863,16,2,4,0,3,19,41,41,39,False
4101,13670356740,31,27,4,0,3,8,16,16,39,False
13884,19948700293,28,0,4,0,3,1,46,46,39,False
5318,18053307086,45,3,4,0,0,33,29,29,0,False
840,15260233525,35,1,4,0,2,10,21,21,39,False
7857,13943039298,25,4,4,0,0,41,13,13,8,False
301,13513580369,1,8,4,0,1,12,3,3,9,False
12211,18765816132,25,12,4,0,0,16,8,8,9,False
5904,18802233956,29,10,4,0,3,28,29,29,39,False
11250,18664891854,16,3,2,0,1,33,27,27,20,False
3827,13130819298,8,5,4,0,2,23,32,32,39,False
6297,19852999776,21,15,4,0,1,10,29,29,39,False
6936,13074255915,7,1,4,0,3,45,25,25,20,False
1238,15661502139,34,8,4,0,0,31,24,24,9,False
6522,19881266563,45,8,3,0,1,38,30,30,0,False
9667,17331496902,38,3,4,0,1,8,40,40,39,False
811,15260233525,6,4,4,0,2,3,17,17,39,False
10018,17527328008,38,6,4,0,1,48,13,13,20,False
7664,13943039298,33,3,1,0,2,23,48,48,39,False
11455,18664891854,21,5,4,0,3,28,8,8,1,False
8726,16630722126,42,1,1,0,2,20,33,33,15,False
4764,15797725211,42,9,3,0,2,2,14,14,39,False
2100,17713196465,44,30,3,0,1,9,14,14,1,False
4236,13670356740,16,0,4,0,2,21,34,34,39,False
3029,19831701219,12,17,4,0,3,10,32,32,39,False
5517,18702113651,43,7,4,0,2,14,31,31,39,False
13921,19948700293,15,4,4,0,2,33,39,39,39,True
5886,18802233956,11,9,4,0,0,36,30,30,9,False
10982,18636055184,49,4,3,0,2,4,21,21,39,False
9764,17331496902,35,26,4,0,3,1,2,2,9,False
10243,17731093916,12,1,3,0,0,10,5,5,39,False
5460,18702113651,36,7,3,0,2,12,20,20,39,False
11917,18765816132,32,1,1,0,3,31,18,18,24,False
6251,19852999776,25,11,4,0,0,35,29,29,9,False
12271,18989781863,35,3,1,0,3,14,21,21,39,False
2105,17713196465,49,5,3,0,0,30,44,44,39,False
10936,18636055184,3,6,3,0,1,18,14,14,9,False
2240,17713196465,34,5,4,0,3,8,18,18,39,False
1261,15735414945,7,43,1,0,3,31,19,19,19,True
8427,15167050060,43,8,2,0,3,39,27,27,19,False
3461,19970957519,43,14,4,0,3,11,25,25,39,False
10564,18365196069,32,9,2,0,3,21,0,0,19,False
4089,13670356740,19,23,4,0,3,30,44,44,8,False
985,15661502139,29,7,2,0,3,11,37,37,39,False
12855,19550593600,17,9,4,0,3,5,33,33,39,False
5615,18702113651,41,14,4,0,0,27,20,20,9,False
8918,16630722126,41,23,4,0,2,32,48,48,39,False
3645,13130819298,26,3,2,0,3,31,18,18,24,False
2787,18991311567,29,7,3,0,1,9,16,16,1,False
12931,19550593600,43,1,4,0,2,38,45,45,39,False
10296,17731093916,15,12,4,0,0,25,18,18,9,False
2703,18991311567,46,3,1,0,3,40,48,48,39,False
14087,19948700293,15,8,4,0,3,45,39,39,19,False
12118,18765816132,32,4,4,0,0,17,8,8,0,False
12055,18765816132,19,2,4,0,1,9,17,17,1,False
2831,18991311567,23,6,4,0,3,2,26,26,39,False
7928,13943039298,46,4,4,0,2,0,31,31,39,False
10289,17731093916,8,9,4,0,1,34,33,33,9,False
11049,18636055184,16,23,4,0,2,38,46,46,24,False
11467,18664891854,33,31,4,0,3,25,27,27,20,False
10856,18636055184,24,0,1,0,0,42,40,40,13,False
3805,13130819298,36,1,4,0,2,19,37,37,39,False
2828,18991311567,20,10,4,0,2,18,20,20,39,False
8135,15165929133,2,19,4,0,2,25,45,45,24,False
3751,13130819298,32,28,4,0,1,4,34,34,39,False
1270,15735414945,16,4,1,0,0,29,22,22,9,False
2854,18991311567,46,15,4,0,3,22,31,31,20,False
5237,18053307086,14,1,4,0,1,12,0,0,9,False
2758,18991311567,50,11,2,0,1,38,7,7,0,False
5590,18702113651,16,2,4,0,0,10,0,0,0,True
6681,19881266563,3,7,4,0,0,11,3,3,0,False
519,13932780308,18,18,4,0,2,38,39,39,24,False
9113,16726368276,36,3,1,0,2,3,12,12,39,False
7315,13401917913,35,14,4,0,3,9,22,22,39,False
2773,18991311567,15,3,3,0,3,18,11,11,9,False
5889,18802233956,14,1,4,0,3,44,46,46,19,False
12715,19550593600,27,0,3,0,2,12,26,26,39,False
3035,19831701219,18,6,4,0,3,25,17,17,8,False
8175,15165929133,42,3,4,0,3,32,46,46,39,False
6526,19881266563,49,11,3,0,3,18,13,13,9,False
5688,18802233956,14,10,1,0,3,4,5,5,39,False
8127,15165929133,44,7,3,0,0,30,8,8,1,False
13363,19859608897,23,2,2,0,1,22,29,29,39,False
2266,17713196465,10,44,4,0,2,22,23,23,20,False
9850,17527328008,20,2,2,0,2,10,19,19,39,False
13084,19834840803,45,9,3,0,2,25,39,39,39,True
4570,15079495784,49,6,4,0,1,22,17,17,39,False
1156,15661502139,2,28,4,0,1,30,15,15,0,False
13976,19948700293,20,6,4,0,3,18,19,19,39,False
13109,19834840803,20,10,4,0,0,15,7,7,9,False
1856,17623708813,1,35,4,0,2,19,31,31,39,False
5205,18053307086,32,2,4,0,3,24,1,1,9,False
6133,19852999776,7,7,3,0,3,23,17,17,24,False
1941,17623708813,36,7,4,0,1,24,2,2,9,False
14011,19948700293,22,8,4,0,1,10,8,8,0,False
2229,17713196465,23,6,4,0,2,15,4,4,24,False
13008,19834840803,19,3,2,0,3,14,21,21,39,False
10029,17527328008,49,39,4,0,1,9,1,1,1,True
3216,19831701219,49,6,4,0,0,17,7,7,0,False
13381,19859608897,41,6,2,0,0,17,9,9,0,False
2508,17807329663,1,9,4,0,2,2,9,9,9,True
12492,18989781863,5,6,4,0,3,38,40,40,24,False
3056,19831701219,39,11,4,0,1,4,32,32,24,False
5934,18802233956,9,5,4,0,0,38,12,12,9,False
13702,19948700293,11,2,2,0,0,41,32,32,20,False
3398,19970957519,30,16,4,0,2,10,29,29,39,False
4,13513580369,5,16,1,0,0,29,0,0,9,False
7901,13943039298,19,11,4,0,3,16,2,2,24,False
10451,17731093916,20,11,4,0,1,23,21,21,8,False
5323,18053307086,50,8,4,0,3,10,11,11,39,False
1762,17623708813,7,3,4,0,0,14,41,41,39,False
3072,19831701219,5,6,4,0,2,29,36,36,39,False
5092,18053307086,19,0,3,0,3,14,12,12,19,False
1196,15661502139,42,1,4,0,1,13,37,37,15,False
6016,18802233956,41,2,4,0,2,12,27,27,39,False
2371,17807329663,14,22,2,0,0,22,0,0,0,True
2135,17713196465,29,4,4,0,2,8,38,38,39,False
7472,13630678332,42,7,1,0,3,7,8,8,19,False
12254,18989781863,18,0,1,0,2,7,36,36,39,False
2496,17807329663,39,3,4,0,3,38,39,39,39,True
12432,18989781863,45,21,4,0,2,34,40,40,24,False
5826,18802233956,1,70,4,0,3,37,16,16,9,False
6024,18802233956,49,15,4,0,1,6,0,0,0,True
12994,19834840803,5,0,2,0,2,30,32,32,39,False
2461,17807329663,4,8,4,0,1,10,2,2,0,False
5858,18802233956,33,6,4,0,2,25,33,33,39,False
8291,15165929133,8,26,4,0,3,28,8,8,1,False
9675,17331496902,46,2,4,0,3,22,4,4,39,False
3278,19970957519,10,2,2,0,0,15,12,12,19,False
2480,17807329663,23,4,4,0,1,24,9,9,24,False
2495,17807329663,38,7,4,0,0,23,21,21,8,False
6577,19881266563,50,9,4,0,1,15,7,7,9,False
10677,18365196069,45,5,4,0,0,38,32,32,1,False
13090,19834840803,1,42,4,0,2,25,39,39,39,True
13880,19948700293,24,8,4,0,3,4,12,12,39,False
1575,15735414945,21,20,4,0,1,12,11,11,9,False
2768,18991311567,10,8,3,0,3,25,27,27,19,False
8885,16630722126,8,3,4,0,1,25,24,24,9,False
7938,13943039298,6,5,4,0,3,16,26,26,39,False
7294,13401917913,14,2,4,0,1,46,31,31,8,False
3421,19970957519,3,15,4,0,2,19,34,34,39,False
4489,15079495784,18,0,4,0,1,25,8,8,8,True
8107,15165929133,24,2,3,0,1,23,15,15,24,False
2605,17807329663,48,32,4,0,1,32,31,31,9,False
11567,18758415613,33,2,1,0,1,18,14,14,9,False
8901,16630722126,24,0,4,0,2,8,38,38,39,False
5171,18053307086,48,14,4,0,0,26,19,19,9,False
7346,13401917913,16,13,4,0,2,40,48,48,39,False
5970,18802233956,45,15,4,0,3,16,27,27,39,False
567,15260233525,15,1,1,0,0,44,15,15,13,False
4739,15797725211,17,4,3,0,2,22,43,43,39,False
7948,13943039298,16,11,4,0,0,10,0,0,8,False
538,13932780308,37,9,4,0,1,38,29,29,8,False
7515,13630678332,34,1,2,0,0,44,24,24,20,False
1283,15735414945,29,0,1,0,2,22,31,31,39,False
12375,18989781863,38,4,3,0,0,23,1,1,0,False
13617,19859608897,27,3,4,0,0,17,3,3,0,False
12100,18765816132,14,2,4,0,2,34,46,46,39,False
3359,19970957519,41,7,3,0,3,16,47,47,39,False
6644,19881266563,17,26,4,0,3,36,38,38,39,False
10316,17731093916,35,3,4,0,2,26,45,45,15,False
6768,13074255915,40,9,1,0,2,25,24,24,8,False
9658,17331496902,29,2,4,0,3,40,17,17,1,False
8562,15167050060,28,0,4,0,2,1,38,38,9,False
3422,19970957519,4,6,4,0,2,22,39,39,39,True
10659,18365196069,27,6,4,0,0,26,19,19,19,True
6606,19881266563,29,2,4,0,0,22,33,33,20,False
7071,13074255915,42,6,4,0,3,38,44,44,24,False
2267,17713196465,11,8,4,0,2,1,7,7,9,False
11165,18636055184,32,9,4,0,0,34,26,26,8,False
9908,17527328008,28,9,3,0,0,30,10,10,1,False
13205,19834840803,16,7,4,0,2,27,48,48,9,False
13249,19834840803,10,6,4,0,0,30,14,14,9,False
1352,15735414945,47,8,2,0,0,37,9,9,9,True
9244,16726368276,16,4,4,0,3,17,19,19,39,False
12177,18765816132,41,6,4,0,1,8,0,0,0,True
6411,19881266563,35,2,1,0,2,23,14,14,24,False
1539,15735414945,35,11,4,0,3,32,9,9,1,False
1630,17623708813,26,2,1,0,0,25,3,3,9,False
7700,13943039298,18,13,2,0,1,9,1,1,1,True
1583,15735414945,29,14,4,0,1,25,1,1,9,False
11633,18758415613,48,7,2,0,1,40,47,47,39,False
5322,18053307086,49,13,4,0,3,45,46,46,19,False
1780,17623708813,25,16,4,0,3,42,46,46,19,False
9605,17331496902,26,2,4,0,3,37,32,32,39,False
10777,18365196069,45,10,4,0,1,33,26,26,13,False
14003,19948700293,14,19,4,0,0,22,8,8,0,False
1643,17623708813,39,1,1,0,2,6,18,18,39,False
6490,19881266563,13,9,3,0,3,18,10,10,9,False
5625,18702113651,1,14,4,0,3,32,25,25,1,False
4342,15079495784,21,10,2,0,2,5,11,11,20,False
3467,19970957519,49,21,4,0,2,18,25,25,39,False
6517,19881266563,40,4,3,0,3,31,17,17,24,False
4225,13670356740,5,10,4,0,1,36,29,29,9,False
8735,16630722126,51,0,1,0,1,26,41,41,39,False
12872,19550593600,34,29,4,0,0,10,14,14,8,False
2965,19831701219,48,11,2,0,3,3,5,5,39,False
9344,16726368276,16,15,4,0,2,34,40,40,39,False
3188,19831701219,21,3,4,0,3,9,18,18,39,False
2265,17713196465,9,29,4,0,2,17,23,23,39,False
2288,17713196465,32,1,4,0,1,17,44,44,39,False
3893,13130819298,24,18,4,0,2,19,33,33,39,False
12215,18765816132,29,14,4,0,0,14,8,8,1,False
4574,15079495784,3,27,4,0,1,15,0,0,9,False
4348,15079495784,27,3,2,0,2,16,36,36,24,False
8567,15167050060,33,5,4,0,1,18,8,8,9,False
11130,18636055184,47,4,4,0,3,32,20,20,10,False
6279,19852999776,3,15,4,0,0,19,13,13,19,False
7253,13401917913,23,6,4,0,2,41,13,13,8,False
4362,15079495784,41,1,2,0,0,31,30,30,9,False
8050,15165929133,17,0,2,0,1,13,34,34,39,False
9533,17331496902,4,2,3,0,3,14,44,44,39,False
7717,13943039298,35,5,2,0,0,32,8,8,1,False
6134,19852999776,8,14,3,0,0,19,12,12,1,False
2365,17807329663,8,0,2,0,2,15,45,45,39,False
12804,19550593600,16,11,4,0,2,23,24,24,24,True
5929,18802233956,4,10,4,0,3,23,7,7,8,False
8829,16630722126,2,6,3,0,1,34,20,20,1,False
7582,13630678332,1,8,4,0,2,0,9,9,39,False
8157,15165929133,24,30,4,0,1,2,28,28,24,False
12377,18989781863,40,1,3,0,0,20,9,9,9,True
3350,19970957519,32,0,3,0,2,18,38,38,39,False
5513,18702113651,39,9,4,0,3,22,9,9,13,False
4455,15079495784,34,18,4,0,1,22,8,8,9,False
9434,17331496902,6,0,1,0,2,11,3,3,20,False
2581,17807329663,24,6,4,0,1,30,36,36,39,False
2962,19831701219,45,4,2,0,2,24,21,21,24,False
11400,18664891854,16,13,4,0,0,22,1,1,0,False
1573,15735414945,19,33,4,0,1,38,16,16,9,False
5895,18802233956,20,0,4,0,2,2,16,16,39,False
6098,19852999776,22,4,2,0,0,38,30,30,9,False
1986,17713196465,31,4,1,0,3,18,11,11,9,False
1125,15661502139,19,29,4,0,1,8,0,0,9,False
6648,19881266563,21,3,4,0,3,9,18,18,39,False
9001,16630722126,24,1,4,0,1,38,45,45,24,False
1802,17623708813,47,54,4,0,0,26,6,6,2,False
3725,13130819298,6,16,4,0,3,36,46,46,39,False
7576,13630678332,45,3,3,0,1,32,24,24,9,False
5143,18053307086,20,8,4,0,0,10,9,9,1,False
1205,15661502139,1,2,4,0,3,26,20,20,19,False
26,13513580369,27,1,1,0,0,45,23,23,20,False
4006,13670356740,36,13,2,0,0,19,13,13,9,False
10829,18365196069,47,12,4,0,1,12,29,29,20,False
9757,17331496902,28,1,4,0,3,16,14,14,15,False
9488,17331496902,9,4,2,0,3,37,32,32,20,False
7044,13074255915,15,24,4,0,2,2,8,8,24,False
3765,13130819298,46,0,4,0,0,26,16,16,8,False
12502,18989781863,15,19,4,0,0,47,41,41,20,False
12434,18989781863,47,2,4,0,3,28,21,21,39,False
7585,13630678332,4,14,4,0,0,17,8,8,0,False
4692,15797725211,20,5,2,0,1,12,16,16,9,False
6338,19852999776,12,3,4,0,1,48,46,46,43,False
3464,19970957519,46,4,4,0,3,11,18,18,39,False
3896,13130819298,27,3,4,0,1,17,7,7,14,False
742,15260233525,37,7,4,0,0,28,29,29,39,False
4702,15797725211,30,4,2,0,1,15,44,44,39,False
8569,15167050060,35,9,4,0,2,17,33,33,39,False
3417,19970957519,49,1,4,0,2,12,24,24,15,False
3499,19970957519,31,1,4,0,3,30,31,31,39,False
12909,19550593600,21,8,4,0,0,19,33,33,20,False
13853,19948700293,47,4,3,0,2,34,47,47,39,False
1576,15735414945,22,30,4,0,2,28,31,31,39,False
7940,13943039298,8,16,4,0,0,8,1,1,0,False
5854,18802233956,29,15,4,0,2,17,33,33,39,False
5070,18053307086,47,4,2,0,2,28,36,36,39,False
3552,19970957519,34,0,4,0,0,18,10,10,9,False
1827,17623708813,22,2,4,0,0,39,38,38,9,False
6723,19881266563,45,11,4,0,0,15,9,9,19,False
8157,15165929133,24,48,4,0,1,29,28,28,9,False
11592,18758415613,7,8,2,0,3,17,6,6,20,False
3867,13130819298,48,25,4,0,3,25,34,34,39,False
172,13513580369,22,6,4,0,3,30,31,31,39,False
12747,19550593600,6,11,4,0,3,33,39,39,39,True
4396,15079495784,25,7,3,0,1,11,10,10,0,False
463,13932780308,12,14,3,0,0,47,46,46,13,False
7969,13943039298,37,20,4,0,3,32,47,47,39,False
3613,13130819298,45,6,1,0,0,14,0,0,1,False
12252,18989781863,16,1,1,0,3,14,36,36,39,False
10499,18365196069,18,0,1,0,0,10,1,1,20,False
4602,15079495784,31,0,4,0,1,41,15,15,8,False
1145,15661502139,39,1,4,0,0,15,12,12,19,False
3179,19831701219,12,1,4,0,2,15,41,41,39,False
11616,18758415613,31,2,2,0,0,46,38,38,8,False
8917,16630722126,40,44,4,0,2,18,13,13,24,False
6108,19852999776,32,14,2,0,1,19,32,32,9,False
9829,17527328008,50,0,1,0,2,16,14,14,24,False
3522,19970957519,4,10,4,0,0,9,5,5,12,False
6207,19852999776,31,18,4,0,0,15,8,8,9,False
12565,18989781863,28,3,4,0,1,24,2,2,9,False
6200,19852999776,24,12,4,0,2,28,44,44,39,False
11503,18664891854,19,11,4,0,0,18,11,11,1,False
13066,19834840803,27,8,3,0,1,17,23,23,39,False
2256,17713196465,50,5,4,0,2,22,17,17,39,False
9845,17527328008,15,7,2,0,0,41,33,33,20,False
2372,17807329663,15,14,2,0,0,22,0,0,0,True
122,13513580369,22,7,3,0,3,32,0,0,1,False
1774,17623708813,19,72,4,0,0,27,6,6,9,False
13103,19834840803,14,10,4,0,1,16,1,1,24,False
7375,13401917913,45,13,4,0,3,33,40,40,39,False
11305,18664891854,21,10,3,0,3,45,47,47,20,False
13059,19834840803,20,2,3,0,3,14,21,21,39,False
3529,19970957519,11,6,4,0,0,24,19,19,24,False
7293,13401917913,13,0,4,0,0,19,8,8,20,False
9230,16726368276,2,11,4,0,2,39,47,47,39,False
9426,16726368276,48,14,4,0,1,20,4,4,9,False
3410,19970957519,42,20,4,0,3,15,24,24,39,False
2237,17713196465,31,5,4,0,2,31,16,16,9,False
2530,17807329663,23,6,4,0,2,15,33,33,39,False
1414,15735414945,9,15,4,0,2,11,24,24,39,False
5873,18802233956,48,23,4,0,1,18,17,17,9,False
2839,18991311567,31,7,4,0,1,24,15,15,9,False
7233,13401917913,3,5,4,0,3,3,25,25,39,False
8239,15165929133,6,7,4,0,3,3,40,40,39,False
7001,13074255915,22,12,4,0,0,11,18,18,39,False
12941,19834840803,3,1,1,0,3,7,3,3,39,False
1154,15661502139,48,2,4,0,2,0,11,11,39,False
1475,15735414945,21,10,4,0,2,4,11,11,39,False
10541,18365196069,9,2,2,0,2,11,8,8,39,False
2264,17713196465,8,6,4,0,3,5,12,12,39,False
6016,18802233956,41,0,4,0,2,6,27,27,39,False
250,13513580369,50,2,4,0,0,31,23,23,9,False
3443,19970957519,25,1,4,0,0,37,10,10,13,False
9056,16630722126,29,18,4,0,2,2,9,9,24,False
4807,15797725211,35,38,4,0,1,3,2,2,9,False
11801,18758415613,16,15,4,0,2,33,40,40,39,False
7752,13943039298,20,6,3,0,0,11,1,1,0,False
2621,17807329663,14,21,4,0,3,36,46,46,39,False
8135,15165929133,2,0,4,0,3,26,45,45,39,False
609,15260233525,6,0,2,0,3,16,47,47,39,False
13483,19859608897,43,4,4,0,2,25,40,40,24,False
6823,13074255915,44,3,2,0,1,18,24,24,9,False
10742,18365196069,10,5,4,0,2,23,43,43,39,False
1151,15661502139,45,2,4,0,2,17,24,24,39,False
1871,17623708813,16,2,4,0,1,46,38,38,8,False
8874,16630722126,47,6,3,0,2,39,46,46,24,False
2465,17807329663,8,11,4,0,3,31,18,18,24,False
5060,18053307086,37,18,2,0,3,25,32,32,24,False
1385,15735414945,30,13,3,0,3,32,16,16,1,False
4893,15797725211,21,10,4,0,1,45,35,35,20,False
1925,17623708813,20,34,4,0,0,35,16,16,19,False
8142,15165929133,9,15,4,0,1,17,9,9,0,False
6530,19881266563,3,4,4,0,0,32,25,25,1,False
4661,15797725211,40,3,1,0,1,37,22,22,9,False
8100,15165929133,17,10,3,0,3,25,26,26,20,False
154,13513580369,4,17,4,0,2,17,41,41,39,False
12179,18765816132,43,9,4,0,2,23,43,43,39,False
8244,15165929133,11,17,4,0,0,31,24,24,9,False
1137,15661502139,31,14,4,0,1,30,46,46,39,False
1062,15661502139,6,23,4,0,3,11,39,39,39,True
2363,17807329663,6,8,2,0,3,29,45,45,24,False
2602,17807329663,45,27,4,0,1,15,21,21,9,False
8018,15165929133,36,2,1,0,3,37,31,31,20,False
14092,19948700293,20,6,4,0,0,16,7,7,8,False
3057,19831701219,40,33,4,0,2,26,34,34,39,False
8144,15165929133,11,20,4,0,0,29,0,0,19,False
12752,19550593600,11,18,4,0,2,13,20,20,39,False
6555,19881266563,28,3,4,0,0,25,21,21,8,False
11662,18758415613,27,2,3,0,1,26,33,33,43,False
5818,18802233956,43,3,3,0,2,24,14,14,24,False
11798,18758415613,13,15,4,0,3,17,19,19,24,False
3854,13130819298,35,4,4,0,1,25,32,32,24,False
2226,17713196465,20,7,4,0,1,24,10,10,24,False
4862,15797725211,40,0,4,0,1,20,17,17,15,False
1378,15735414945,23,0,3,0,3,36,10,10,9,False
4902,15797725211,30,14,4,0,0,17,20,20,39,False
5175,18053307086,2,0,4,0,0,31,13,13,19,False
5066,18053307086,43,0,2,0,2,3,20,20,39,False
10758,18365196069,26,9,4,0,1,30,28,28,9,False
3725,13130819298,6,19,4,0,3,45,46,46,20,False
4782,15797725211,10,10,4,0,2,23,33,33,24,False
2485,17807329663,28,30,4,0,3,11,32,32,39,False
6467,19881266563,40,14,2,0,1,12,11,11,9,False
4910,15797725211,38,29,4,0,0,17,41,41,39,False
7724,13943039298,42,0,2,0,3,36,22,22,9,False
12250,18989781863,14,0,1,0,3,2,47,47,39,False
8553,15167050060,19,3,4,0,1,44,36,36,20,False
5884,18802233956,9,2,4,0,1,24,1,1,8,False
7033,13074255915,4,7,4,0,2,17,32,32,39,False
6677,19881266563,50,1,4,0,0,30,18,18,39,False
12811,19550593600,23,0,4,0,2,3,24,24,39,False
7999,15165929133,17,15,1,0,2,23,39,39,39,True
12814,19550593600,26,16,4,0,1,23,21,21,8,False
1437,15735414945,32,26,4,0,2,37,46,46,39,False
12699,19550593600,11,0,3,0,2,4,10,10,24,False
2172,17713196465,16,20,4,0,1,12,17,17,9,False
12634,19550593600,47,9,1,0,2,15,28,28,39,False
1856,17623708813,1,40,4,0,3,25,31,31,24,False
8218,15165929133,35,15,4,0,0,27,19,19,0,False
13579,19859608897,39,4,4,0,3,44,45,45,19,False
7816,13943039298,34,1,4,0,0,19,20,20,20,True
1289,15735414945,35,2,1,0,0,29,21,21,9,False
10000,17527328008,20,6,4,0,0,11,20,20,39,False
3724,13130819298,5,15,4,0,0,26,10,10,1,False
8643,15167050060,9,11,4,0,2,33,39,39,39,True
1480,15735414945,26,2,4,0,3,11,40,40,39,False
3212,19831701219,45,24,4,0,0,35,1,1,9,False
1912,17623708813,7,4,4,0,0,25,19,19,19,True
4158,13670356740,38,3,4,0,3,38,6,6,9,False
1021,15661502139,15,4,3,0,0,19,8,8,1,False
3063,19831701219,46,0,4,0,1,12,21,21,15,False
254,13513580369,4,9,4,0,0,14,7,7,1,False
5415,18702113651,41,3,2,0,0,10,33,33,39,False
1529,15735414945,25,10,4,0,3,19,28,28,9,False
4826,15797725211,4,5,4,0,3,15,5,5,24,False
8917,16630722126,40,49,4,0,0,20,13,13,9,False
6722,19881266563,44,18,4,0,3,23,25,25,39,False
12062,18765816132,26,23,4,0,0,10,9,9,8,False
4419,15079495784,48,1,3,0,3,11,39,39,39,True
4560,15079495784,39,5,4,0,1,33,42,42,9,False
8394,15167050060,10,18,2,0,0,11,4,4,8,False
9255,16726368276,27,12,4,0,1,3,9,9,9,True
6889,13074255915,10,21,4,0,1,25,21,21,14,False
9149,16726368276,21,2,2,0,2,31,45,45,24,False
12141,18765816132,5,3,4,0,0,39,31,31,24,False
7750,13943039298,18,8,3,0,1,43,42,42,1,False
11311,18664891854,27,0,3,0,2,2,40,40,39,False
3420,19970957519,2,19,4,0,2,30,24,24,1,False
10536,18365196069,4,2,2,0,1,47,41,41,13,False
2249,17713196465,43,11,4,0,1,30,31,31,39,False
1466,15735414945,12,2,4,0,0,41,46,46,8,False
5768,18802233956,43,3,2,0,0,13,20,20,20,True
7430,13401917913,50,21,4,0,1,15,8,8,0,False
1928,17623708813,23,39,4,0,2,31,16,16,9,False
12132,18765816132,46,14,4,0,3,45,46,46,19,False
9267,16726368276,39,0,4,0,3,40,17,17,1,False
6495,19881266563,18,0,3,0,2,3,40,40,39,False
2633,17807329663,26,16,4,0,1,37,15,15,9,False
13752,19948700293,11,9,3,0,1,40,39,39,1,False
5294,18053307086,21,2,4,0,2,11,25,25,39,False
2502,17807329663,45,30,4,0,2,18,25,25,24,False
10590,18365196069,8,3,3,0,3,33,27,27,20,False
2275,17713196465,19,3,4,0,0,16,15,15,24,False
300,13513580369,50,2,4,0,1,19,31,31,39,False
2255,17713196465,49,15,4,0,2,26,45,45,39,False
545,13932780308,44,21,4,0,3,13,6,6,1,False
1545,15735414945,41,0,4,0,0,30,34,34,39,False
7428,13401917913,48,1,4,0,2,25,40,40,24,False
6154,19852999776,28,0,3,0,1,9,7,7,1,False
3735,13130819298,16,27,4,0,3,2,16,16,39,False
4993,18053307086,21,3,1,0,1,40,39,39,39,True
5609,18702113651,35,9,4,0,1,33,32,32,9,False
11715,18758415613,30,7,4,0,3,40,20,20,11,False
10765,18365196069,33,11,4,0,1,23,8,8,8,True
8934,16630722126,7,29,4,0,1,8,1,1,1,True
197,13513580369,47,11,4,0,0,29,1,1,19,False
13135,19834840803,46,2,4,0,1,18,24,24,9,False
4825,15797725211,3,29,4,0,0,30,23,23,20,False
13469,19859608897,29,4,4,0,2,11,16,16,15,False
2837,18991311567,29,15,4,0,0,20,7,7,9,False
1739,17623708813,34,6,3,0,2,28,31,31,39,False
3627,13130819298,8,8,2,0,0,17,44,44,39,False
4852,15797725211,30,32,4,0,2,9,23,23,39,False
814,15260233525,9,6,4,0,0,27,20,20,9,False
3581,13130819298,13,7,1,0,0,29,22,22,19,False
7808,13943039298,26,6,4,0,2,3,5,5,39,False
8917,16630722126,40,7,4,0,1,40,13,13,11,False
1773,17623708813,18,24,4,0,3,36,33,33,19,False
2874,19831701219,8,3,1,0,3,32,13,13,13,True
2511,17807329663,4,6,4,0,3,3,47,47,39,False
6216,19852999776,40,15,4,0,0,19,11,11,9,False
5977,18802233956,2,8,4,0,3,4,46,46,39,False
2228,17713196465,22,33,4,0,2,27,19,19,9,False
3836,13130819298,17,6,4,0,0,23,25,25,39,False
5309,18053307086,36,7,4,0,3,10,25,25,39,False
2501,17807329663,44,4,4,0,0,24,23,23,9,False
10317,17731093916,36,2,4,0,2,4,11,11,39,False
7062,13074255915,33,1,4,0,0,40,26,26,11,False
10393,17731093916,12,1,4,0,3,29,31,31,13,False
1692,17623708813,37,4,2,0,2,28,39,39,39,True
7602,13630678332,21,22,4,0,3,33,39,39,39,True
1225,15661502139,21,22,4,0,3,11,32,32,39,False
12807,19550593600,19,25,4,0,1,13,19,19,39,False
10286,17731093916,5,3,4,0,0,9,31,31,1,False
6140,19852999776,14,10,3,0,1,12,11,11,9,False
9151,16726368276,23,0,2,0,2,20,45,45,15,False
11330,18664891854,46,3,3,0,2,3,27,27,39,False
12740,19550593600,2,3,4,0,2,25,33,33,9,False
5322,18053307086,49,10,4,0,2,31,46,46,39,False
4841,15797725211,19,23,4,0,0,36,16,16,9,False
13777,19948700293,36,0,3,0,1,46,43,43,8,False
1096,15661502139,40,13,4,0,0,15,8,8,8,True
1834,17623708813,1,0,4,0,0,9,33,33,39,False
12651,19550593600,8,11,2,0,3,46,47,47,20,False
1792,17623708813,37,10,4,0,0,28,10,10,39,False
12607,19550593600,20,6,1,0,1,3,8,8,9,False
9315,16726368276,37,11,4,0,1,18,48,48,39,False
408,13932780308,7,5,2,0,0,33,17,17,9,False
7740,13943039298,8,9,3,0,2,30,36,36,39,False
7154,13401917913,24,1,2,0,3,16,19,19,24,False
1362,15735414945,7,5,3,0,3,14,9,9,39,False
1656,17623708813,1,4,2,0,1,38,22,22,0,False
13152,19834840803,13,4,4,0,0,40,10,10,1,False
14009,19948700293,20,10,4,0,1,33,31,31,0,False
8213,15165929133,30,8,4,0,1,47,40,40,20,False
11702,18758415613,17,12,4,0,2,17,10,10,1,False
3962,13670356740,43,3,1,0,2,12,20,20,19,False
6412,19881266563,36,5,1,0,0,22,14,14,0,False
2853,18991311567,45,0,4,0,0,11,7,7,39,False
12609,19550593600,22,1,1,0,3,38,39,39,24,False
13332,19859608897,43,9,1,0,1,17,9,9,1,False
3285,19970957519,17,2,2,0,2,16,46,46,39,False
3549,19970957519,31,4,4,0,2,3,32,32,39,False
7997,15165929133,15,1,1,0,1,13,23,23,39,False
10665,18365196069,33,1,4,0,2,23,24,24,39,False
12737,19550593600,49,1,3,0,1,8,24,24,39,False
248,13513580369,48,17,4,0,2,16,31,31,24,False
11752,18758415613,17,1,4,0,0,28,22,22,19,False
5508,18702113651,34,21,4,0,1,2,9,9,24,False
6212,19852999776,36,35,4,0,0,11,2,2,0,False
10387,17731093916,6,6,4,0,0,32,25,25,1,False
3021,19831701219,4,6,4,0,1,10,15,15,0,False
4476,15079495784,5,1,4,0,0,33,0,0,0,True
11010,18636055184,27,17,4,0,2,25,47,47,39,False
4786,15797725211,14,15,4,0,3,18,12,12,9,False
12773,19550593600,32,28,4,0,1,41,40,40,24,False
1384,15735414945,29,7,3,0,0,33,17,17,9,False
2579,17807329663,22,5,4,0,2,2,1,1,24,False
13160,19834840803,21,6,4,0,0,9,3,3,1,False
4740,15797725211,18,38,3,0,3,12,20,20,20,True
4517,15079495784,46,6,4,0,0,26,7,7,1,False
6070,19852999776,45,6,1,0,0,19,2,2,9,False
652,15260233525,49,0,2,0,3,32,5,5,13,False
12757,19550593600,16,9,4,0,2,11,10,10,39,False
6372,19852999776,46,15,4,0,3,22,16,16,19,False
8429,15167050060,45,8,2,0,0,32,27,27,20,False
10307,17731093916,26,2,4,0,2,7,15,15,39,False
11656,18758415613,21,0,3,0,1,32,30,30,9,False
6104,19852999776,28,3,2,0,1,12,9,9,9,True
6991,13074255915,12,13,4,0,0,17,2,2,9,False
9354,16726368276,26,0,4,0,1,15,2,2,19,False
11529,18664891854,45,4,4,0,0,19,34,34,20,False
8202,15165929133,19,9,4,0,3,9,11,11,39,False
3644,13130819298,25,3,2,0,1,12,1,1,9,False
3051,19831701219,34,2,4,0,1,3,14,14,39,False
11206,18664891854,23,8,1,0,3,38,39,39,24,False
6466,19881266563,39,0,2,0,0,38,11,11,9,False
1186,15661502139,32,1,4,0,1,17,44,44,39,False
3906,13130819298,37,9,4,0,3,25,46,46,24,False
2621,17807329663,14,3,4,0,1,17,46,46,39,False
5375,18702113651,1,15,2,0,1,3,9,9,9,True
2535,17807329663,28,13,4,0,1,19,33,33,39,False
1673,17623708813,18,10,2,0,0,22,1,1,20,False
12918,19550593600,30,8,4,0,0,31,24,24,9,False
10563,18365196069,31,21,2,0,2,16,0,0,24,False
260,13513580369,10,6,4,0,0,35,21,21,9,False
13941,19948700293,35,4,4,0,3,37,38,38,39,False
13286,19834840803,47,14,4,0,1,23,29,29,39,False
8924,16630722126,47,11,4,0,3,11,20,20,39,False
2796,18991311567,38,2,3,0,3,3,40,40,39,False
3594,13130819298,26,0,1,0,0,46,47,47,19,False
6369,19852999776,43,11,4,0,2,18,39,39,39,True
9994,17527328008,14,4,4,0,3,40,34,34,1,False
3812,13130819298,43,22,4,0,2,12,25,25,39,False
9645,17331496902,16,9,4,0,2,39,48,48,39,False
9473,17331496902,45,10,1,0,0,22,15,15,0,False
8300,15165929133,17,20,4,0,0,11,12,12,8,False
12884,19550593600,46,7,4,0,2,34,46,46,39,False
12766,19550593600,25,14,4,0,2,25,28,28,9,False
11608,18758415613,23,9,2,0,3,44,45,45,20,False
2769,18991311567,11,16,3,0,1,9,0,0,1,False
68,13513580369,18,2,2,0,3,33,3,3,1,False
5887,18802233956,12,6,4,0,0,10,1,1,0,False
4529,15079495784,8,12,4,0,1,11,23,23,0,False
85,13513580369,35,0,2,0,1,26,24,24,9,False
4710,15797725211,38,7,2,0,1,12,9,9,9,True
8306,15165929133,23,5,4,0,1,17,14,14,9,False
6814,13074255915,35,6,2,0,2,18,38,38,39,False
10652,18365196069,20,4,4,0,3,15,1,1,9,False
3376,19970957519,8,10,4,0,2,10,17,17,39,False
2160,17713196465,4,12,4,0,0,33,9,9,0,False
3078,19831701219,11,7,4,0,1,9,7,7,1,False
675,15260233525,22,17,3,0,3,11,38,38,39,False
2995,19831701219,28,15,3,0,1,40,45,45,39,False
12638,19550593600,51,13,1,0,2,30,47,47,39,False
5965,18802233956,40,24,4,0,2,15,21,21,39,False
1788,17623708813,33,42,4,0,0,31,24,24,9,False
9115,16726368276,38,0,1,0,1,27,41,41,0,False
11024,18636055184,41,4,4,0,0,19,8,8,20,False
3684,13130819298,15,0,3,0,2,7,43,43,39,False
7158,13401917913,28,3,2,0,1,8,16,16,39,False
2201,17713196465,45,15,4,0,0,18,17,17,9,False
5950,18802233956,25,10,4,0,2,35,43,43,39,False
11041,18636055184,8,5,4,0,0,22,15,15,0,False
8923,16630722126,46,5,4,0,0,31,24,24,9,False
13371,19859608897,31,7,2,0,1,45,38,38,20,False
11730,18758415613,45,7,4,0,2,2,1,1,24,False
13920,19948700293,14,7,4,0,1,31,23,23,9,False
13998,19948700293,9,12,4,0,1,20,19,19,9,False
3130,19831701219,13,20,4,0,3,24,25,25,8,False
6189,19852999776,13,8,4,0,3,25,7,7,8,False
5771,18802233956,46,10,2,0,2,16,9,9,24,False
2052,17713196465,46,9,2,0,3,25,31,31,24,False
198,13513580369,48,2,4,0,0,17,20,20,19,False
1793,17623708813,38,0,4,0,3,14,34,34,39,False
6422,19881266563,46,4,1,0,2,10,24,24,39,False
8662,15167050060,28,5,4,0,0,32,3,3,1,False
6453,19881266563,26,0,2,0,2,23,36,36,39,False
5290,18053307086,17,1,4,0,0,15,10,10,19,False
2506,17807329663,49,2,4,0,0,44,41,41,19,False
11947,18765816132,11,9,2,0,3,39,40,40,19,False
13810,19948700293,4,2,3,0,3,0,1,1,24,False
2726,18991311567,18,2,2,0,2,8,39,39,39,True
6250,19852999776,24,0,4,0,2,10,36,36,39,False
8684,15167050060,50,8,4,0,3,30,24,24,1,False
13080,19834840803,41,10,3,0,2,10,39,39,39,True
12700,19550593600,12,2,3,0,2,7,40,40,39,False
11511,18664891854,27,7,4,0,1,17,9,9,1,False
1331,15735414945,26,1,2,0,1,44,42,42,1,False
8611,15167050060,27,23,4,0,0,22,14,14,1,False
13302,19859608897,13,6,1,0,2,30,37,37,39,False
2105,17713196465,49,7,3,0,1,30,44,44,39,False
2683,18991311567,26,3,1,0,1,37,7,7,1,False
7732,13943039298,50,8,2,0,3,32,47,47,39,False
12748,19550593600,7,3,4,0,3,16,24,24,39,False
6139,19852999776,13,10,3,0,2,5,11,11,20,False
3797,13130819298,28,10,4,0,3,36,32,32,39,False
7395,13401917913,15,16,4,0,1,22,21,21,0,False
11337,18664891854,3,12,4,0,1,18,3,3,9,False
2561,17807329663,4,10,4,0,0,11,3,3,0,False
4159,13670356740,39,17,4,0,0,44,28,28,9,False
7358,13401917913,28,0,4,0,0,31,2,2,8,False
4467,15079495784,46,6,4,0,3,5,20,20,39,False
2237,17713196465,31,24,4,0,2,10,16,16,39,False
1298,15735414945,44,1,1,0,3,16,7,7,24,False
7810,13943039298,28,10,4,0,0,39,26,26,19,False
1736,17623708813,31,6,3,0,1,17,24,24,39,False
6630,19881266563,3,13,4,0,2,30,24,24,1,False
13182,19834840803,43,3,4,0,3,1,40,40,9,False
5153,18053307086,30,9,4,0,2,8,7,7,39,False
1843,17623708813,10,10,4,0,2,9,16,16,1,False
3483,19970957519,15,1,4,0,3,18,10,10,9,False
3017,19831701219,50,39,3,0,1,19,27,27,0,False
4773,15797725211,1,13,4,0,0,25,16,16,8,False
11733,18758415613,48,11,4,0,3,21,36,36,39,False
1502,15735414945,48,7,4,0,3,14,23,23,9,False
4470,15079495784,49,51,4,0,3,37,29,29,9,False
591,15260233525,39,6,1,0,3,29,16,16,19,False
3596,13130819298,28,0,1,0,1,17,43,43,39,False
2235,17713196465,29,0,4,0,2,9,43,43,24,False
8160,15165929133,27,19,4,0,2,27,47,47,9,False
2640,17807329663,33,19,4,0,2,36,46,46,39,False
1413,15735414945,8,14,4,0,2,11,32,32,39,False
8399,15167050060,15,8,2,0,1,37,22,22,9,False
10656,18365196069,24,7,4,0,0,30,14,14,8,False
6201,19852999776,25,8,4,0,1,18,7,7,9,False
12375,18989781863,38,10,3,0,1,9,1,1,1,True
13857,19948700293,1,28,4,0,1,15,8,8,0,False
14031,19948700293,9,15,4,0,1,2,8,8,0,False
11313,18664891854,29,2,3,0,0,32,11,11,10,False
12433,18989781863,46,13,4,0,0,15,8,8,0,False
2273,17713196465,17,17,4,0,3,18,6,6,9,False
11795,18758415613,10,5,4,0,0,17,10,10,0,False
4788,15797725211,16,8,4,0,0,25,0,0,9,False
13385,19859608897,45,8,2,0,1,17,9,9,1,False
13571,19859608897,31,3,4,0,0,22,0,0,0,True
4487,15079495784,16,14,4,0,0,23,24,24,19,False
6046,19852999776,21,4,1,0,0,33,3,3,1,False
12251,18989781863,15,0,1,0,2,2,47,47,39,False
4683,15797725211,11,0,2,0,3,8,19,19,39,False
11288,18664891854,4,6,3,0,2,11,24,24,39,False
3730,13130819298,11,7,4,0,0,24,17,17,8,False
3308,19970957519,40,6,2,0,3,31,17,17,24,False
2833,18991311567,25,29,4,0,3,29,30,30,19,False
2125,17713196465,19,8,4,0,3,30,44,44,39,False
5160,18053307086,37,4,4,0,1,4,39,39,39,True
13668,19948700293,28,11,1,0,3,12,20,20,20,True
7421,13401917913,41,0,4,0,0,15,11,11,39,False
14044,19948700293,22,34,4,0,1,5,9,9,20,False
1883,17623708813,28,22,4,0,1,32,39,39,0,False
5859,18802233956,34,26,4,0,1,17,24,24,39,False
4218,13670356740,48,4,4,0,2,33,36,36,0,False
7016,13074255915,37,6,4,0,3,2,48,48,39,False
3062,19831701219,45,28,4,0,1,25,39,39,24,False
11400,18664891854,16,14,4,0,0,15,1,1,9,False
7264,13401917913,34,8,4,0,2,39,48,48,39,False
1740,17623708813,35,0,3,0,0,31,28,28,15,False
2369,17807329663,12,14,2,0,0,8,0,0,0,True
8254,15165929133,21,8,4,0,3,18,12,12,19,False
7267,13401917913,37,30,4,0,2,25,34,34,24,False
8117,15165929133,34,2,3,0,1,45,37,37,20,False
2605,17807329663,48,15,4,0,3,23,31,31,39,False
13262,19834840803,23,9,4,0,0,38,39,39,39,True
6647,19881266563,20,36,4,0,2,37,23,23,9,False
12799,19550593600,11,1,4,0,0,30,33,33,39,False
4619,15079495784,48,50,4,0,1,12,24,24,15,False
5653,18702113651,29,10,4,0,1,16,15,15,24,False
12754,19550593600,13,10,4,0,0,18,20,20,39,False
6050,19852999776,25,2,1,0,2,31,29,29,24,False
10466,17731093916,35,13,4,0,2,6,12,12,24,False
2057,17713196465,1,3,3,0,2,31,12,12,24,False
8066,15165929133,33,1,2,0,1,46,43,43,24,False
6649,19881266563,22,11,4,0,3,11,25,25,39,False
7476,13630678332,46,7,1,0,3,32,48,48,39,False
3864,13130819298,45,28,4,0,0,8,0,0,0,True
5848,18802233956,23,15,4,0,3,28,21,21,9,False
9958,17527328008,28,6,4,0,0,10,2,2,0,False
13671,19948700293,31,2,1,0,0,10,48,48,39,False
4277,15079495784,7,3,1,0,1,37,42,42,0,False
2042,17713196465,36,6,2,0,1,27,6,6,0,False
7827,13943039298,45,36,4,0,0,27,39,39,9,False
3420,19970957519,2,5,4,0,1,18,24,24,9,False
7226,13401917913,46,8,3,0,1,23,21,21,24,False
4971,15797725211,49,17,4,0,0,35,14,14,0,False
13028,19834840803,39,0,2,0,1,27,41,41,0,False
11756,18758415613,21,15,4,0,1,2,8,8,0,False
5975,18802233956,50,22,4,0,3,16,31,31,39,False
4660,15797725211,39,9,1,0,2,3,40,40,39,False
2587,17807329663,30,15,4,0,0,38,31,31,9,False
13448,19859608897,8,2,4,0,3,14,28,28,39,False
11243,18664891854,9,8,2,0,3,46,47,47,19,False
13868,19948700293,12,40,4,0,2,2,8,8,9,False
12539,18989781863,2,18,4,0,0,11,20,20,39,False
13448,19859608897,8,6,4,0,2,23,28,28,39,False
1913,17623708813,8,23,4,0,1,18,47,47,39,False
1370,15735414945,15,1,3,0,3,25,39,39,24,False
5730,18802233956,5,14,2,0,3,25,34,34,24,False
13090,19834840803,1,17,4,0,3,31,39,39,39,True
3033,19831701219,16,5,4,0,3,22,23,23,39,False
5768,18802233956,43,5,2,0,2,5,20,20,47,False
13301,19859608897,12,1,1,0,2,39,29,29,24,False
12804,19550593600,16,18,4,0,3,17,24,24,39,False
12860,19550593600,22,4,4,0,2,39,4,4,24,False
1537,15735414945,33,27,4,0,3,18,9,9,9,True
426,13932780308,25,4,2,0,1,33,0,0,1,False
882,15260233525,27,7,4,0,0,29,22,22,19,False
6176,19852999776,50,11,3,0,3,11,40,40,39,False
13970,19948700293,14,9,4,0,0,38,31,31,1,False
11715,18758415613,30,20,4,0,3,12,20,20,39,False
11703,18758415613,18,0,4,0,0,39,37,37,9,False
81,13513580369,31,22,2,0,2,18,24,24,9,False
10591,18365196069,9,4,3,0,0,25,9,9,1,False
7588,13630678332,7,2,4,0,2,4,2,2,15,False
7105,13401917913,26,0,1,0,2,39,13,13,19,False
863,15260233525,8,5,4,0,2,22,23,23,39,False
11087,18636055184,4,5,4,0,3,31,39,39,39,True
3155,19831701219,38,10,4,0,1,26,3,3,1,False
10518,18365196069,37,7,1,0,0,22,15,15,0,False
1254,15661502139,50,16,4,0,3,17,46,46,39,False
4158,13670356740,38,0,4,0,0,24,6,6,9,False
6605,19881266563,28,8,4,0,2,3,11,11,39,False
8577,15167050060,43,6,4,0,3,8,22,22,39,False
9248,16726368276,20,14,4,0,2,15,31,31,39,False
873,15260233525,18,12,4,0,1,11,9,9,0,False
1008,15661502139,2,4,3,0,3,29,33,33,39,False
5803,18802233956,28,9,3,0,1,27,5,5,0,False
1506,15735414945,2,11,4,0,3,31,2,2,24,False
8667,15167050060,33,3,4,0,3,38,39,39,24,False
5852,18802233956,27,15,4,0,0,36,9,9,9,True
8153,15165929133,20,16,4,0,1,16,0,0,9,False
173,13513580369,23,3,4,0,3,8,25,25,39,False
6968,13074255915,39,6,4,0,3,8,30,30,39,False
9980,17527328008,50,9,4,0,0,12,18,18,20,False
14034,19948700293,12,4,4,0,1,19,34,34,20,False
258,13513580369,8,14,4,0,2,39,45,45,39,False
12815,19550593600,27,6,4,0,1,18,10,10,9,False
4358,15079495784,37,3,2,0,2,26,37,37,39,False
10629,18365196069,47,7,3,0,3,46,48,48,19,False
1781,17623708813,26,12,4,0,2,5,37,37,39,False
3703,13130819298,34,22,3,0,1,19,24,24,9,False
5842,18802233956,17,0,4,0,0,23,14,14,8,False
3212,19831701219,45,0,4,0,1,26,1,1,8,False
8483,15167050060,49,2,3,0,3,2,6,6,39,False
11623,18758415613,38,4,2,0,0,7,1,1,9,False
9661,17331496902,32,1,4,0,1,34,20,20,9,False
10564,18365196069,32,10,2,0,0,22,0,0,1,False
4611,15079495784,40,11,4,0,0,28,0,0,1,False
172,13513580369,22,0,4,0,1,11,31,31,39,False
11152,18636055184,19,10,4,0,0,41,10,10,8,False
4550,15079495784,29,9,4,0,0,18,2,2,9,False
5583,18702113651,9,1,4,0,0,25,17,17,8,False
2135,17713196465,29,10,4,0,2,30,38,38,39,False
5529,18702113651,5,30,4,0,1,11,3,3,9,False
1489,15735414945,35,2,4,0,1,25,40,40,24,False
1605,17623708813,1,1,1,0,1,33,11,11,1,False
10878,18636055184,46,4,1,0,1,38,39,39,24,False
11712,18758415613,27,0,4,0,3,31,46,46,19,False
11454,18664891854,20,1,4,0,2,20,19,19,15,False
654,15260233525,1,9,3,0,1,12,11,11,9,False
11578,18758415613,44,2,1,0,0,7,1,1,1,True
4131,13670356740,11,11,4,0,1,6,2,2,0,False
1022,15661502139,16,2,3,0,3,14,44,44,39,False
5181,18053307086,8,1,4,0,0,7,10,10,19,False
12567,18989781863,30,2,4,0,1,5,3,3,40,False
1567,15735414945,13,15,4,0,3,42,44,44,19,False
6324,19852999776,48,13,4,0,2,11,34,34,39,False
10589,18365196069,7,7,3,0,2,23,30,30,39,False
12232,18765816132,46,10,4,0,0,30,23,23,20,False
220,13513580369,20,3,4,0,3,2,32,32,39,False
4139,13670356740,19,30,4,0,2,10,16,16,39,False
4091,13670356740,21,8,4,0,0,12,0,0,9,False
13801,19948700293,10,2,4,0,1,41,38,38,20,False
3212,19831701219,45,4,4,0,0,18,1,1,9,False
1809,17623708813,4,22,4,0,3,37,47,47,39,False
5220,18053307086,47,2,4,0,3,22,16,16,39,False
113,13513580369,13,8,3,0,1,17,23,23,39,False
1347,15735414945,42,14,2,0,2,31,23,23,9,False
1202,15661502139,48,29,4,0,1,26,10,10,9,False
5820,18802233956,45,3,3,0,1,26,14,14,9,False
10744,18365196069,12,27,4,0,3,9,6,6,39,False
4400,15079495784,29,6,3,0,3,18,5,5,9,False
9186,16726368276,8,0,3,0,1,45,43,43,20,False
246,13513580369,46,3,4,0,1,45,43,43,20,False
3547,19970957519,29,4,4,0,1,20,15,15,9,False
750,15260233525,45,11,4,0,0,25,5,5,19,False
10113,17527328008,33,0,4,0,2,24,25,25,9,False
12342,18989781863,5,3,3,0,1,34,32,32,0,False
6321,19852999776,45,15,4,0,1,3,0,0,9,False
1781,17623708813,26,20,4,0,1,13,37,37,39,False
6639,19881266563,12,40,4,0,2,12,41,41,39,False
9627,17331496902,48,7,4,0,0,11,12,12,19,False
4059,13670356740,39,1,3,0,1,33,30,30,9,False
328,13513580369,28,2,4,0,3,32,11,11,10,False
12159,18765816132,23,2,4,0,1,31,30,30,9,False
2108,17713196465,2,0,4,0,1,3,0,0,39,False
4271,15079495784,1,8,1,0,0,8,1,1,1,True
5446,18702113651,22,10,3,0,3,28,21,21,9,False
8209,15165929133,26,1,4,0,3,38,48,48,39,False
11420,18664891854,36,30,4,0,2,34,47,47,39,False
11865,18758415613,30,8,4,0,0,33,18,18,9,False
10913,18636055184,30,3,2,0,3,8,31,31,20,False
1275,15735414945,21,2,1,0,3,4,47,47,24,False
10958,18636055184,25,6,3,0,1,18,8,8,9,False
3905,13130819298,36,6,4,0,2,25,10,10,24,False
7803,13943039298,21,5,4,0,3,47,48,48,19,False
7972,13943039298,40,14,4,0,0,17,1,1,0,False
9698,17331496902,19,5,4,0,2,23,37,37,39,False
12251,18989781863,15,10,1,0,2,30,47,47,39,False
6659,19881266563,32,6,4,0,0,23,16,16,8,False
5146,18053307086,23,17,4,0,2,31,2,2,9,False
3778,13130819298,9,7,4,0,3,18,19,19,19,True
5164,18053307086,41,24,4,0,0,22,0,0,0,True
2504,17807329663,47,18,4,0,2,25,24,24,8,False
7257,13401917913,27,12,4,0,0,35,15,15,9,False
12871,19550593600,33,3,4,0,0,32,25,25,10,False
7754,13943039298,22,2,3,0,3,22,25,25,39,False
9015,16630722126,38,1,4,0,1,40,25,25,1,False
3319,19970957519,1,13,3,0,1,30,31,31,1,False
11821,18758415613,36,12,4,0,3,39,40,40,19,False
822,15260233525,17,8,4,0,3,38,46,46,24,False
10711,18365196069,29,12,4,0,3,16,24,24,39,False
3090,19831701219,23,5,4,0,0,16,7,7,9,False
12918,19550593600,30,3,4,0,3,17,24,24,39,False
13799,19948700293,8,10,4,0,0,10,3,3,0,False
8961,16630722126,34,7,4,0,3,8,6,6,12,False
4607,15079495784,36,19,4,0,2,26,37,37,24,False
1919,17623708813,14,16,4,0,0,37,3,3,9,False
202,13513580369,2,16,4,0,1,26,13,13,9,False
2739,18991311567,31,6,2,0,0,21,16,16,19,False
10370,17731093916,39,11,4,0,0,16,7,7,9,False
5182,18053307086,9,13,4,0,0,18,6,6,9,False
11786,18758415613,1,13,4,0,2,11,9,9,14,False
12301,18989781863,14,0,2,0,3,39,33,33,19,False
11152,18636055184,19,1,4,0,1,39,10,10,8,False
6230,19852999776,4,2,4,0,3,11,27,27,20,False
5967,18802233956,42,9,4,0,3,45,18,18,20,False
11914,18765816132,29,9,1,0,3,32,33,33,39,False
5873,18802233956,48,2,4,0,0,38,17,17,9,False
2038,17713196465,32,4,2,0,3,14,9,9,39,False
11927,18765816132,42,9,1,0,2,39,47,47,39,False
5531,18702113651,7,27,4,0,3,37,32,32,12,False
8812,16630722126,27,14,3,0,2,34,41,41,39,False
4041,13670356740,21,16,3,0,3,45,46,46,20,False
847,15260233525,42,3,4,0,1,26,12,12,9,False
1877,17623708813,22,15,4,0,1,13,12,12,39,False
10807,18365196069,25,2,4,0,2,9,19,19,24,False
13181,19834840803,42,0,4,0,1,4,15,15,24,False
5240,18053307086,17,5,4,0,0,16,8,8,9,False
5688,18802233956,14,4,1,0,3,18,5,5,9,False
7420,13401917913,40,12,4,0,2,34,47,47,39,False
3109,19831701219,42,3,4,0,0,40,11,11,11,True
7317,13401917913,37,9,4,0,0,29,21,21,9,False
6221,19852999776,45,35,4,0,3,35,24,24,19,False
6513,19881266563,36,10,3,0,1,22,21,21,8,False
3968,13670356740,49,0,1,0,0,44,25,25,20,False
694,15260233525,41,2,3,0,0,27,13,13,0,False
14036,19948700293,14,12,4,0,2,23,25,25,39,False
1569,15735414945,15,17,4,0,1,24,3,3,9,False
3977,13670356740,7,1,2,0,1,38,1,1,1,True
11895,18765816132,10,8,1,0,0,7,0,0,9,False
3196,19831701219,29,5,4,0,1,25,38,38,24,False
6014,18802233956,39,7,4,0,2,38,46,46,24,False
4625,15797725211,4,11,1,0,2,23,24,24,24,True
3583,13130819298,15,5,1,0,0,35,22,22,9,False
12886,19550593600,48,17,4,0,1,40,48,48,39,False
5568,18702113651,44,9,4,0,0,26,13,13,9,False
12260,18989781863,24,2,1,0,0,41,13,13,20,False
8126,15165929133,43,1,3,0,0,9,27,27,20,False
6909,13074255915,30,3,4,0,3,39,20,20,9,False
13870,19948700293,14,1,4,0,1,32,30,30,0,False
7110,13401917913,31,6,1,0,3,7,5,5,39,False
10993,18636055184,10,8,4,0,3,39,33,33,19,False
12675,19550593600,32,5,2,0,2,4,28,28,24,False
5833,18802233956,8,14,4,0,2,15,23,23,39,False
4472,15079495784,1,17,4,0,1,26,25,25,1,False
1235,15661502139,31,3,4,0,3,24,11,11,8,False
10310,17731093916,29,8,4,0,3,37,24,24,39,False
9372,16726368276,44,2,4,0,1,33,20,20,9,False
8918,16630722126,41,18,4,0,2,38,48,48,39,False
3758,13130819298,39,25,4,0,0,35,21,21,0,False
780,15260233525,25,7,4,0,2,12,20,20,39,False
2309,17807329663,3,16,1,0,2,31,36,36,24,False
1018,15661502139,12,11,3,0,1,33,24,24,9,False
9412,16726368276,34,3,4,0,3,31,13,13,9,False
4596,15079495784,25,5,4,0,1,20,6,6,9,False
5653,18702113651,29,3,4,0,1,12,15,15,9,False
9652,17331496902,23,0,4,0,2,31,45,45,40,False
4266,13670356740,46,10,4,0,3,25,31,31,39,False
6728,19881266563,50,23,4,0,2,20,0,0,9,False
868,15260233525,13,7,4,0,1,37,15,15,0,False
1910,17623708813,5,19,4,0,1,2,0,0,9,False
4157,13670356740,37,9,4,0,2,32,46,46,39,False
2480,17807329663,23,15,4,0,0,28,9,9,19,False
5542,18702113651,18,15,4,0,2,38,41,41,24,False
3094,19831701219,27,8,4,0,3,23,26,26,39,False
1933,17623708813,28,2,4,0,1,25,32,32,24,False
11216,18664891854,33,1,1,0,2,10,11,11,39,False
5259,18053307086,36,28,4,0,1,3,9,9,9,True
4852,15797725211,30,80,4,0,3,8,23,23,39,False
2401,17807329663,44,1,2,0,3,12,27,27,39,False
10054,17527328008,24,7,4,0,0,35,23,23,19,False
12296,18989781863,9,0,2,0,3,8,47,47,39,False
3038,19831701219,21,11,4,0,2,12,26,26,39,False
8966,16630722126,39,2,4,0,1,34,33,33,9,False
1505,15735414945,1,6,4,0,1,11,9,9,9,True
6597,19881266563,20,9,4,0,1,37,22,22,0,False
6438,19881266563,11,3,2,0,2,22,35,35,39,False
8956,16630722126,29,1,4,0,1,20,40,40,15,False
8946,16630722126,19,3,4,0,1,1,30,30,9,False
5539,18702113651,15,9,4,0,2,40,47,47,39,False
1163,15661502139,9,5,4,0,2,31,23,23,9,False
3859,13130819298,40,37,4,0,3,28,17,17,39,False
5875,18802233956,50,39,4,0,2,8,0,0,9,False
3030,19831701219,13,13,4,0,2,3,18,18,39,False
4357,15079495784,36,8,2,0,1,29,37,37,24,False
7679,13943039298,48,5,1,0,0,18,11,11,1,False
10766,18365196069,34,4,4,0,0,34,20,20,0,False
7056,13074255915,27,9,4,0,3,2,47,47,39,False
3897,13130819298,28,8,4,0,3,29,39,39,39,True
8143,15165929133,10,5,4,0,0,47,33,33,20,False
2599,17807329663,42,15,4,0,0,28,1,1,9,False
5555,18702113651,31,9,4,0,1,11,3,3,0,False
6324,19852999776,48,15,4,0,2,12,34,34,39,False
4550,15079495784,29,4,4,0,0,33,2,2,1,False
1848,17623708813,15,3,4,0,0,40,10,10,1,False
2154,17713196465,48,3,4,0,2,24,16,16,9,False
3208,19831701219,41,8,4,0,2,30,34,34,39,False
6940,13074255915,11,7,4,0,3,7,3,3,39,False
12069,18765816132,33,5,4,0,2,40,48,48,39,False
6822,13074255915,43,11,2,0,2,16,24,24,24,True
5545,18702113651,21,2,4,0,1,25,42,42,24,False
1719,17623708813,14,4,3,0,2,23,25,25,39,False
6710,19881266563,32,2,4,0,1,16,0,0,24,False
1182,15661502139,28,3,4,0,1,16,8,8,9,False
5529,18702113651,5,19,4,0,1,27,3,3,0,False
6637,19881266563,10,21,4,0,1,20,2,2,9,False
7931,13943039298,49,15,4,0,1,47,5,5,13,False
11705,18758415613,20,6,4,0,1,34,20,20,9,False
8877,16630722126,50,10,3,0,0,10,9,9,0,False
10542,18365196069,10,4,2,0,0,10,8,8,0,False
11683,18758415613,48,5,3,0,0,11,12,12,8,False
4885,15797725211,13,9,4,0,0,26,10,10,1,False
5322,18053307086,49,0,4,0,2,6,46,46,39,False
3758,13130819298,39,29,4,0,1,22,21,21,9,False
1858,17623708813,3,25,4,0,3,9,12,12,39,False
1949,17623708813,44,9,4,0,2,2,9,9,24,False
9017,16630722126,40,4,4,0,2,16,23,23,24,False
4230,13670356740,10,1,4,0,2,1,25,25,39,False
527,13932780308,26,12,4,0,1,17,22,22,14,False
8903,16630722126,26,4,4,0,3,22,36,36,39,False
1503,15735414945,49,8,4,0,2,18,33,33,39,False
10650,18365196069,18,6,4,0,2,22,43,43,39,False
1694,17623708813,39,5,2,0,1,32,39,39,0,False
324,13513580369,24,12,4,0,3,31,32,32,39,False
2860,18991311567,2,1,4,0,1,20,1,1,15,False
1432,15735414945,27,24,4,0,1,25,7,7,9,False
1050,15661502139,44,11,3,0,3,25,26,26,19,False
7548,13630678332,17,2,3,0,0,17,9,9,1,False
1796,17623708813,41,94,4,0,0,15,0,0,9,False
6148,19852999776,22,4,3,0,2,31,36,36,9,False
12919,19550593600,31,3,4,0,0,16,0,0,9,False
5804,18802233956,29,20,3,0,0,22,15,15,20,False
7876,13943039298,44,12,4,0,0,18,6,6,1,False
11415,18664891854,31,11,4,0,3,32,40,40,39,False
1802,17623708813,47,32,4,0,2,25,6,6,39,False
3653,13130819298,34,3,2,0,2,3,11,11,39,False
7447,13630678332,17,14,1,0,1,41,39,39,0,False
9227,16726368276,49,0,3,0,1,18,8,8,9,False
7511,13630678332,30,9,2,0,1,34,32,32,0,False
7544,13630678332,13,5,3,0,3,17,46,46,39,False
2201,17713196465,45,3,4,0,0,24,17,17,8,False
4206,13670356740,36,4,4,0,0,13,3,3,0,False
5527,18702113651,3,0,4,0,3,32,13,13,13,True
13144,19834840803,5,10,4,0,2,34,41,41,39,False
4553,15079495784,32,21,4,0,1,30,0,0,1,False
8275,15165929133,42,6,4,0,3,3,12,12,39,False
4488,15079495784,17,5,4,0,0,14,19,19,39,False
2573,17807329663,16,15,4,0,3,11,18,18,39,False
5638,18702113651,14,0,4,0,3,32,3,3,1,False
8582,15167050060,48,8,4,0,0,10,15,15,0,False
7627,13630678332,46,1,4,0,0,47,1,1,20,False
7790,13943039298,8,4,4,0,2,4,3,3,0,False
8768,16630722126,33,9,2,0,0,11,8,8,0,False
8168,15165929133,35,9,4,0,0,30,1,1,0,False
8193,15165929133,10,17,4,0,2,12,19,19,39,False
12087,18765816132,1,4,4,0,1,45,14,14,20,False
8322,15165929133,39,2,4,0,3,9,10,10,1,False
2251,17713196465,45,18,4,0,2,25,39,39,39,True
3842,13130819298,23,38,4,0,3,11,27,27,39,False
13207,19834840803,18,1,4,0,3,22,39,39,39,True
8028,15165929133,46,5,1,0,3,35,31,31,19,False
12904,19550593600,16,25,4,0,2,30,24,24,1,False
12728,19550593600,40,6,3,0,1,26,30,30,9,False
9841,17527328008,11,10,2,0,3,46,33,33,46,False
424,13932780308,23,0,2,0,1,5,0,0,43,False
1130,15661502139,24,0,4,0,1,32,15,15,1,False
6765,13074255915,37,5,1,0,0,19,41,41,20,False
5968,18802233956,43,3,4,0,0,19,3,3,9,False
10006,17527328008,26,12,4,0,0,31,14,14,9,False
5904,18802233956,29,2,4,0,1,32,29,29,0,False
6078,19852999776,2,2,2,0,1,15,0,0,0,True
6201,19852999776,25,20,4,0,0,10,7,7,8,False
4165,13670356740,45,11,4,0,2,2,1,1,24,False
7571,13630678332,40,6,3,0,2,33,41,41,39,False
4561,15079495784,40,13,4,0,0,29,14,14,19,False
11473,18664891854,39,4,4,0,0,9,24,24,39,False
11860,18758415613,25,18,4,0,2,25,33,33,9,False
11532,18664891854,48,25,4,0,1,41,48,48,39,False
10453,17731093916,22,0,4,0,1,15,36,36,39,False
10232,17731093916,1,13,3,0,0,23,8,8,0,False
3146,19831701219,29,7,4,0,3,29,18,18,39,False
3892,13130819298,23,5,4,0,0,25,31,31,24,False
1335,15735414945,30,6,2,0,1,37,42,42,0,False
8541,15167050060,7,1,4,0,1,19,11,11,39,False
9210,16726368276,32,0,3,0,1,9,22,22,1,False
1462,15735414945,8,1,4,0,1,39,30,30,9,False
5554,18702113651,30,2,4,0,0,45,25,25,20,False
1185,15661502139,31,19,4,0,1,12,3,3,9,False
8450,15167050060,16,5,3,0,1,18,3,3,9,False
1155,15661502139,1,20,4,0,0,35,30,30,19,False
8914,16630722126,37,2,4,0,2,27,34,34,39,False
4552,15079495784,31,17,4,0,0,22,7,7,9,False
1389,15735414945,34,2,3,0,2,0,4,4,39,False
5582,18702113651,8,9,4,0,2,11,25,25,39,False
1881,17623708813,26,0,4,0,0,12,5,5,19,False
10170,17731093916,40,0,1,0,3,28,15,15,39,False
4178,13670356740,8,11,4,0,1,17,8,8,21,False
6913,13074255915,34,2,4,0,1,33,48,48,39,False
3013,19831701219,46,0,3,0,1,32,17,17,1,False
1542,15735414945,38,12,4,0,0,15,16,16,9,False
5873,18802233956,48,16,4,0,1,20,17,17,9,False
1922,17623708813,17,11,4,0,3,16,19,19,19,True
10050,17527328008,20,1,4,0,2,16,9,9,24,False
5962,18802233956,37,23,4,0,1,9,16,16,1,False
13872,19948700293,16,2,4,0,2,19,21,21,20,False
3557,19970957519,39,7,4,0,0,7,0,0,9,False
2142,17713196465,36,10,4,0,2,10,17,17,39,False
4846,15797725211,24,6,4,0,3,7,5,5,39,False
10691,18365196069,9,8,4,0,2,34,41,41,39,False
6399,19881266563,23,9,1,0,2,18,26,26,24,False
5904,18802233956,29,0,4,0,2,26,29,29,8,False
12656,19550593600,13,9,2,0,2,5,12,12,39,False
3576,13130819298,8,3,1,0,0,29,25,25,19,False
8964,16630722126,37,25,4,0,0,10,9,9,8,False
1185,15661502139,31,10,4,0,3,32,3,3,1,False
7654,13943039298,23,2,1,0,0,46,41,41,13,False
10610,18365196069,28,8,3,0,2,33,40,40,20,False
6923,13074255915,44,11,4,0,0,30,23,23,8,False
11504,18664891854,20,3,4,0,2,10,19,19,39,False
13279,19834840803,40,6,4,0,3,26,40,40,39,False
11894,18765816132,9,6,1,0,2,30,31,31,39,False
3026,19831701219,9,22,4,0,2,24,9,9,9,True
3288,19970957519,20,5,2,0,1,30,46,46,39,False
1054,15661502139,48,6,3,0,2,23,24,24,24,True
51,13513580369,1,3,2,0,0,31,17,17,9,False
8522,15167050060,38,0,4,0,2,31,30,30,15,False
977,15661502139,21,4,2,0,2,24,6,6,24,False
7815,13943039298,33,5,4,0,0,40,8,8,1,False
4119,13670356740,49,20,4,0,0,45,38,38,20,False
1925,17623708813,20,25,4,0,0,24,16,16,9,False
13691,19948700293,51,10,1,0,2,34,41,41,39,False
3854,13130819298,35,7,4,0,1,33,32,32,9,False
8905,16630722126,28,4,4,0,0,17,9,9,0,False
5113,18053307086,40,5,3,0,3,8,10,10,10,True
5063,18053307086,40,7,2,0,1,19,32,32,9,False
3440,19970957519,22,14,4,0,2,30,24,24,1,False
4643,15797725211,22,12,1,0,1,19,27,27,20,False
6879,13074255915,50,5,3,0,0,18,12,12,1,False
5492,18702113651,18,21,4,0,1,31,30,30,9,False
6571,19881266563,44,20,4,0,0,19,6,6,1,False
12393,18989781863,6,16,4,0,3,38,45,45,39,False
481,13932780308,30,10,3,0,2,18,24,24,9,False
5833,18802233956,8,2,4,0,3,9,23,23,24,False
13000,19834840803,11,9,2,0,1,29,28,28,9,False
1506,15735414945,2,30,4,0,0,10,2,2,0,False
11111,18636055184,28,19,4,0,0,31,17,17,9,False
2169,17713196465,13,15,4,0,0,29,16,16,19,False
3422,19970957519,4,25,4,0,2,25,39,39,39,True
1106,15661502139,50,3,4,0,0,25,16,16,8,False
7315,13401917913,35,20,4,0,2,17,22,22,14,False
11494,18664891854,10,5,4,0,0,23,19,19,24,False
12201,18765816132,15,15,4,0,0,37,9,9,9,True
11178,18636055184,45,5,4,0,2,30,43,43,39,False
5233,18053307086,10,20,4,0,0,16,21,21,24,False
10620,18365196069,38,0,3,0,3,39,4,4,19,False
6878,13074255915,49,6,3,0,1,23,8,8,24,False
2524,17807329663,17,27,4,0,0,20,9,9,9,True
9932,17527328008,2,1,4,0,3,14,21,21,39,False
10137,17731093916,7,0,1,0,0,42,40,40,13,False
1351,15735414945,46,7,2,0,2,16,9,9,24,False
13275,19834840803,36,13,4,0,3,26,19,19,19,True
6696,19881266563,18,0,4,0,3,39,32,32,19,False
7606,13630678332,25,0,4,0,2,8,15,15,39,False
5498,18702113651,24,5,4,0,0,24,0,0,9,False
11188,18664891854,5,11,1,0,0,32,26,26,10,False
3414,19970957519,46,32,4,0,1,15,21,21,9,False
1716,17623708813,11,9,3,0,0,44,45,45,20,False
2095,17713196465,39,1,3,0,0,38,0,0,0,True
12884,19550593600,46,8,4,0,2,41,46,46,39,False
10105,17527328008,25,1,4,0,0,41,24,24,8,False
1527,15735414945,23,31,4,0,3,25,33,33,39,False
7070,13074255915,41,0,4,0,0,37,1,1,9,False
13814,19948700293,8,0,3,0,0,19,9,9,20,False
3779,13130819298,10,0,4,0,3,32,13,13,13,True
1929,17623708813,24,10,4,0,0,9,5,5,12,False
8022,15165929133,40,4,1,0,0,10,3,3,1,False
7362,13401917913,32,2,4,0,1,34,20,20,9,False
6675,19881266563,48,14,4,0,3,32,25,25,10,False
10312,17731093916,31,5,4,0,0,46,34,34,19,False
7850,13943039298,18,2,4,0,3,17,20,20,39,False
1669,17623708813,14,3,2,0,0,29,21,21,19,False
11391,18664891854,7,5,4,0,0,16,1,1,8,False
3450,19970957519,32,7,4,0,2,22,46,46,39,False
6938,13074255915,9,14,4,0,1,15,8,8,9,False
2125,17713196465,19,12,4,0,3,35,44,44,39,False
11531,18664891854,47,1,4,0,3,36,8,8,9,False
3334,19970957519,16,0,3,0,0,45,29,29,20,False
6075,19852999776,50,4,1,0,2,18,27,27,39,False
1022,15661502139,16,1,3,0,2,7,44,44,39,False
11098,18636055184,15,3,4,0,1,31,21,21,9,False
2592,17807329663,35,20,4,0,2,38,41,41,24,False
429,13932780308,28,6,2,0,1,38,36,36,0,False
11771,18758415613,36,7,4,0,3,22,28,28,39,False
4052,13670356740,32,10,3,0,0,33,18,18,13,False
8766,16630722126,31,2,2,0,1,32,8,8,1,False
1443,15735414945,38,13,4,0,0,33,25,25,9,False
5665,18702113651,41,0,4,0,3,43,39,39,9,False
8751,16630722126,16,0,2,0,0,43,1,1,9,False
6957,13074255915,28,4,4,0,0,35,22,22,9,False
12746,19550593600,5,3,4,0,3,17,24,24,39,False
9440,17331496902,12,2,1,0,0,22,15,15,0,False
8276,15165929133,43,8,4,0,0,38,31,31,1,False
5295,18053307086,22,12,4,0,0,34,19,19,9,False
6992,13074255915,13,4,4,0,1,11,9,9,9,True
4100,13670356740,30,7,4,0,0,14,7,7,0,False
2451,17807329663,44,6,3,0,2,26,32,32,39,False
4862,15797725211,40,4,4,0,0,25,17,17,9,False
4,13513580369,5,12,1,0,2,16,0,0,24,False
6383,19881266563,7,3,1,0,3,8,2,2,9,False
5025,18053307086,2,5,2,0,2,28,43,43,39,False
9627,17331496902,48,6,4,0,0,18,12,12,19,False
5773,18802233956,48,5,2,0,3,18,9,9,9,True
6182,19852999776,6,16,4,0,1,38,30,30,0,False
3735,13130819298,16,28,4,0,2,3,16,16,39,False
8643,15167050060,9,8,4,0,3,31,39,39,39,True
13531,19859608897,41,3,4,0,3,40,33,33,1,False
6550,19881266563,23,7,4,0,2,1,0,0,9,False
2274,17713196465,18,18,4,0,2,11,41,41,39,False
791,15260233525,36,1,4,0,1,13,46,46,39,False
5223,18053307086,50,25,4,0,2,22,23,23,20,False
4797,15797725211,25,8,4,0,3,25,27,27,39,False
7066,13074255915,37,13,4,0,3,22,47,47,39,False
10030,17527328008,50,0,4,0,0,25,14,14,8,False
2859,18991311567,1,25,4,0,2,18,17,17,9,False
6956,13074255915,27,0,4,0,2,39,38,38,9,False
11965,18765816132,29,2,2,0,3,32,47,47,20,False
1797,17623708813,42,75,4,0,1,20,10,10,9,False
4409,15079495784,38,3,3,0,0,10,8,8,0,False
12106,18765816132,20,22,4,0,0,26,19,19,19,True
6590,19881266563,13,18,4,0,1,25,39,39,39,True
1089,15661502139,33,25,4,0,1,18,9,9,9,True
6542,19881266563,15,4,4,0,0,40,10,10,1,False
1953,17623708813,48,5,4,0,2,22,34,34,39,False
654,15260233525,1,8,3,0,0,19,11,11,1,False
12192,18765816132,6,16,4,0,1,33,26,26,13,False
10778,18365196069,46,24,4,0,0,14,1,1,1,True
11863,18758415613,28,11,4,0,3,11,12,12,8,False
11307,18664891854,23,3,3,0,3,37,39,39,39,True
6622,19881266563,45,14,4,0,0,37,22,22,0,False
11811,18758415613,26,5,4,0,3,8,2,2,10,False
1921,17623708813,16,62,4,0,3,25,24,24,24,True
5052,18053307086,29,8,2,0,1,38,2,2,9,False
5333,18702113651,10,1,1,0,1,15,21,21,9,False
8329,15165929133,46,24,4,0,1,16,1,1,9,False
2127,17713196465,21,12,4,0,1,32,16,16,1,False
12574,18989781863,37,0,4,0,0,41,13,13,8,False
8676,15167050060,42,12,4,0,2,33,39,39,39,True
5499,18702113651,25,10,4,0,0,36,14,14,9,False
8921,16630722126,44,9,4,0,3,26,19,19,39,False
3119,19831701219,2,6,4,0,2,18,40,40,39,False
13753,19948700293,12,11,3,0,3,22,28,28,39,False
10820,18365196069,38,5,4,0,1,44,29,29,13,False
3071,19831701219,4,9,4,0,2,22,39,39,39,True
11141,18636055184,8,8,4,0,2,17,26,26,39,False
13756,19948700293,15,9,3,0,1,3,2,2,9,False
5700,18802233956,26,0,1,0,0,21,30,30,19,False
13598,19859608897,8,5,4,0,3,17,26,26,39,False
1921,17623708813,16,40,4,0,2,17,24,24,39,False
6698,19881266563,20,13,4,0,2,29,46,46,24,False
6786,13074255915,7,1,2,0,3,14,6,6,19,False
4113,13670356740,43,7,4,0,1,18,24,24,9,False
6712,19881266563,34,5,4,0,2,40,46,46,39,False
11810,18758415613,25,8,4,0,2,16,14,14,9,False
5776,18802233956,1,7,3,0,0,19,10,10,1,False
7590,13630678332,9,0,4,0,0,36,1,1,9,False
5050,18053307086,27,5,2,0,3,8,2,2,10,False
13481,19859608897,41,4,4,0,3,2,24,24,39,False
1437,15735414945,32,0,4,0,2,0,46,46,39,False
8668,15167050060,34,10,4,0,3,26,20,20,39,False
13171,19834840803,32,5,4,0,1,11,8,8,39,False
3888,13130819298,19,12,4,0,1,37,16,16,9,False
1902,17623708813,47,4,4,0,2,29,45,45,39,False
1795,17623708813,40,2,4,0,2,17,45,45,39,False
2524,17807329663,17,48,4,0,3,28,9,9,1,False
3893,13130819298,24,12,4,0,2,17,33,33,39,False
2185,17713196465,29,1,4,0,2,17,25,25,39,False
12968,19834840803,30,3,1,0,1,17,29,29,8,False
10673,18365196069,41,13,4,0,0,10,9,9,8,False
1192,15661502139,38,22,4,0,2,19,32,32,39,False
10785,18365196069,3,3,4,0,0,23,7,7,8,False
6234,19852999776,8,7,4,0,2,20,13,13,9,False
2524,17807329663,17,28,4,0,2,20,9,9,9,True
4276,15079495784,6,14,1,0,2,1,7,7,9,False
12174,18765816132,38,5,4,0,3,33,41,41,39,False
5446,18702113651,22,8,3,0,1,36,21,21,9,False
3054,19831701219,37,2,4,0,1,10,1,1,8,False
13232,19834840803,43,13,4,0,2,33,47,47,39,False
9946,17527328008,16,0,4,0,1,39,25,25,19,False
10285,17731093916,4,15,4,0,0,30,7,7,1,False
9090,16726368276,13,7,1,0,1,17,30,30,0,False
4635,15797725211,14,7,1,0,3,25,33,33,24,False
1142,15661502139,36,16,4,0,2,28,44,44,39,False
4410,15079495784,39,3,3,0,2,12,33,33,39,False
12820,19550593600,32,0,4,0,2,21,29,29,39,False
11685,18758415613,50,0,3,0,2,15,12,12,24,False
1311,15735414945,6,8,2,0,1,12,7,7,9,False
3757,13130819298,38,12,4,0,0,35,1,1,9,False
12423,18989781863,36,4,4,0,3,9,46,46,39,False
12961,19834840803,23,4,1,0,0,9,10,10,1,False
4709,15797725211,37,3,2,0,3,37,9,9,13,False
6989,13074255915,10,1,4,0,2,27,41,41,39,False
5843,18802233956,18,9,4,0,2,22,46,46,39,False
2401,17807329663,44,6,2,0,3,25,27,27,19,False
8291,15165929133,8,41,4,0,0,10,8,8,8,True
5823,18802233956,48,5,3,0,3,25,43,43,24,False
12752,19550593600,11,16,4,0,3,5,20,20,39,False
10550,18365196069,18,18,2,0,3,47,48,48,19,False
4201,13670356740,31,9,4,0,3,16,31,31,39,False
3162,19831701219,45,11,4,0,3,16,3,3,24,False
13275,19834840803,36,14,4,0,0,27,19,19,0,False
4832,15797725211,10,12,4,0,0,24,0,0,9,False
499,13932780308,48,8,3,0,2,10,8,8,20,False
7565,13630678332,34,2,3,0,2,33,39,39,39,True
9042,16630722126,15,7,4,0,1,30,21,21,0,False
2296,17713196465,40,2,4,0,0,21,10,10,19,False
7227,13401917913,47,10,3,0,1,38,46,46,24,False
5054,18053307086,31,17,2,0,3,37,46,46,19,False
932,15661502139,27,2,1,0,1,29,31,31,24,False
13720,19948700293,29,10,2,0,0,27,19,19,0,False
2197,17713196465,41,14,4,0,2,4,19,19,39,False
2266,17713196465,10,45,4,0,3,29,23,23,39,False
13345,19859608897,5,6,2,0,3,25,26,26,39,False
1915,17623708813,10,27,4,0,1,1,0,0,9,False
1372,15735414945,17,0,3,0,2,10,40,40,39,False
1537,15735414945,33,10,4,0,3,24,9,9,9,True
10979,18636055184,46,12,3,0,2,2,9,9,39,False
6631,19881266563,4,7,4,0,0,25,10,10,8,False
8929,16630722126,2,10,4,0,2,7,22,22,15,False
219,13513580369,19,31,4,0,2,20,17,17,9,False
2886,19831701219,20,1,1,0,1,38,30,30,0,False
8941,16630722126,14,10,4,0,2,12,19,19,39,False
11173,18636055184,40,11,4,0,1,31,23,23,9,False
9134,16726368276,6,4,2,0,3,16,6,6,12,False
6820,13074255915,41,5,2,0,2,39,24,24,24,True
1432,15735414945,27,69,4,0,3,32,7,7,9,False
2704,18991311567,47,4,1,0,3,47,48,48,13,False
4612,15079495784,41,16,4,0,2,5,12,12,39,False
4677,15797725211,5,8,2,0,3,18,11,11,9,False
5199,18053307086,26,2,4,0,0,15,19,19,39,False
9721,17331496902,42,22,4,0,0,13,23,23,0,False
4435,15079495784,14,26,4,0,2,17,40,40,39,False
10666,18365196069,34,1,4,0,2,6,40,40,39,False
12340,18989781863,3,10,3,0,3,16,24,24,24,True
710,15260233525,5,4,4,0,1,30,43,43,39,False
12534,18989781863,47,4,4,0,2,11,15,15,39,False
8666,15167050060,32,23,4,0,2,11,3,3,0,False
1766,17623708813,11,17,4,0,2,13,19,19,39,False
5271,18053307086,48,20,4,0,3,11,46,46,39,False
13987,19948700293,31,16,4,0,0,22,14,14,0,False
4690,15797725211,18,4,2,0,1,11,16,16,9,False
12603,19550593600,16,7,1,0,0,14,9,9,1,False
9579,17331496902,50,3,3,0,2,25,22,22,9,False
9721,17331496902,42,12,4,0,3,25,23,23,8,False
10029,17527328008,49,22,4,0,0,35,1,1,9,False
6933,13074255915,4,8,4,0,3,37,31,31,39,False
14000,19948700293,11,1,4,0,0,38,39,39,39,True
13747,19948700293,6,3,3,0,0,25,9,9,9,True
12229,18765816132,43,6,4,0,0,33,5,5,13,False
13193,19834840803,4,3,4,0,1,26,18,18,9,False
4187,13670356740,17,10,4,0,1,38,9,9,9,True
6189,19852999776,13,22,4,0,1,38,7,7,0,False
13738,19948700293,47,5,2,0,3,44,47,47,20,False
1202,15661502139,48,10,4,0,2,24,10,10,24,False
2024,17713196465,18,0,2,0,2,24,18,18,24,False
6550,19881266563,23,0,4,0,1,10,0,0,20,False
6233,19852999776,7,17,4,0,1,26,12,12,9,False
1172,15661502139,18,16,4,0,3,17,41,41,39,False
13082,19834840803,43,4,3,0,1,22,0,0,0,True
10395,17731093916,14,11,4,0,2,30,34,34,39,False
9473,17331496902,45,0,1,0,1,6,15,15,0,False
1135,15661502139,29,8,4,0,2,24,15,15,9,False
1602,15735414945,48,10,4,0,3,26,7,7,9,False
3273,19970957519,5,11,2,0,1,3,1,1,9,False
6948,13074255915,19,1,4,0,1,24,15,15,9,False
3018,19831701219,1,5,4,0,1,22,16,16,39,False
5228,18053307086,5,3,4,0,3,7,10,10,9,False
13183,19834840803,44,2,4,0,3,10,20,20,39,False
4530,15079495784,9,7,4,0,0,37,28,28,0,False
6102,19852999776,26,1,2,0,1,37,9,9,9,True
9770,17331496902,41,6,4,0,2,34,46,46,39,False
4525,15079495784,4,8,4,0,0,38,32,32,24,False
13833,19948700293,27,2,3,0,3,2,6,6,39,False
5187,18053307086,14,22,4,0,1,36,15,15,9,False
5657,18702113651,33,3,4,0,2,6,25,25,39,False
3684,13130819298,15,12,3,0,2,37,43,43,39,False
13766,19948700293,25,1,3,0,0,9,25,25,39,False
8600,15167050060,16,6,4,0,1,22,14,14,0,False
8578,15167050060,44,9,4,0,3,30,3,3,20,False
11817,18758415613,32,2,4,0,1,1,31,31,9,False
10898,18636055184,15,2,2,0,0,14,9,9,1,False
5082,18053307086,9,1,3,0,2,7,11,11,39,False
7801,13943039298,19,12,4,0,1,16,9,9,9,True
701,15260233525,48,18,3,0,1,19,39,39,0,False
13711,19948700293,20,13,2,0,3,0,1,1,24,False
12047,18765816132,11,8,4,0,2,34,39,39,39,True
10791,18365196069,9,2,4,0,2,3,10,10,39,False
1990,17713196465,35,6,1,0,3,16,19,19,24,False
3368,19970957519,50,5,3,0,1,19,27,27,0,False
635,15260233525,32,6,2,0,3,2,3,3,39,False
13046,19834840803,7,1,3,0,0,12,16,16,9,False
10277,17731093916,46,8,3,0,2,4,2,2,24,False
6559,19881266563,32,1,4,0,2,11,14,14,15,False
11405,18664891854,21,18,4,0,2,20,39,39,39,True
896,15260233525,41,18,4,0,3,36,46,46,39,False
9177,16726368276,49,2,2,0,1,32,47,47,0,False
1524,15735414945,20,14,4,0,0,32,9,9,1,False
7676,13943039298,45,3,1,0,2,20,27,27,39,False
824,15260233525,19,7,4,0,1,26,6,6,9,False
2988,19831701219,21,0,3,0,1,11,15,15,39,False
5954,18802233956,29,1,4,0,3,15,16,16,39,False
1937,17623708813,32,13,4,0,3,2,39,39,39,True
6739,13074255915,11,19,1,0,2,15,28,28,39,False
8094,15165929133,11,13,3,0,0,30,14,14,0,False
2168,17713196465,12,1,4,0,3,39,32,32,9,False
5818,18802233956,43,15,3,0,1,3,14,14,9,False
6765,13074255915,37,9,1,0,2,11,41,41,39,False
8364,15167050060,31,1,1,0,1,45,17,17,20,False
3107,19831701219,40,12,4,0,0,17,18,18,24,False
557,15260233525,5,10,1,0,2,2,7,7,39,False
7324,13401917913,44,0,4,0,3,11,12,12,19,False
4435,15079495784,14,11,4,0,2,2,40,40,39,False
11664,18758415613,29,5,3,0,0,41,33,33,20,False
10798,18365196069,16,15,4,0,0,37,9,9,9,True
7934,13943039298,2,4,4,0,0,12,14,14,20,False
8825,16630722126,40,9,3,0,1,26,24,24,9,False
8592,15167050060,8,6,4,0,0,24,9,9,9,True
2238,17713196465,32,18,4,0,1,33,32,32,9,False
10218,17731093916,37,1,2,0,3,2,26,26,39,False
1508,15735414945,4,23,4,0,2,18,47,47,39,False
8193,15165929133,10,1,4,0,3,22,19,19,24,False
12296,18989781863,9,9,2,0,3,33,47,47,39,False
1754,17623708813,49,0,3,0,2,2,39,39,39,True
7271,13401917913,41,11,4,0,2,32,40,40,39,False
347,13513580369,47,4,4,0,2,18,39,39,39,True
5560,18702113651,36,2,4,0,0,15,16,16,24,False
13506,19859608897,16,9,4,0,3,28,0,0,1,False
4052,13670356740,32,8,3,0,3,31,18,18,24,False
7055,13074255915,26,5,4,0,0,18,13,13,19,False
4897,15797725211,25,1,4,0,1,5,0,0,15,False
336,13513580369,36,3,4,0,1,26,8,8,1,False
5060,18053307086,37,9,2,0,3,16,32,32,39,False
2466,17807329663,9,39,4,0,0,22,23,23,20,False
2149,17713196465,43,8,4,0,0,24,21,21,9,False
10266,17731093916,35,8,3,0,1,23,29,29,39,False
4271,15079495784,1,5,1,0,1,2,1,1,24,False
2485,17807329663,28,7,4,0,3,21,32,32,19,False
1985,17713196465,30,4,1,0,3,18,2,2,9,False
5418,18702113651,44,1,2,0,2,18,33,33,39,False
9804,17527328008,25,63,1,0,1,5,9,9,43,False
2621,17807329663,14,2,4,0,3,17,46,46,39,False
1659,17623708813,4,2,2,0,3,18,22,22,9,False
11460,18664891854,26,0,4,0,0,21,1,1,39,False
1908,17623708813,3,15,4,0,0,22,23,23,20,False
10394,17731093916,13,6,4,0,0,46,40,40,19,False
13357,19859608897,17,3,2,0,2,15,21,21,24,False
3767,13130819298,48,33,4,0,1,40,46,46,39,False
6640,19881266563,13,35,4,0,1,44,30,30,13,False
3751,13130819298,32,39,4,0,3,19,34,34,39,False
6652,19881266563,25,5,4,0,3,30,31,31,39,False
11503,18664891854,19,10,4,0,3,17,11,11,39,False
13526,19859608897,36,9,4,0,0,21,7,7,1,False
8166,15165929133,33,1,4,0,3,8,25,25,39,False
11402,18664891854,18,12,4,0,3,17,4,4,39,False
4348,15079495784,27,9,2,0,3,35,36,36,39,False
6363,19852999776,37,19,4,0,1,46,44,44,8,False
5288,18053307086,15,5,4,0,1,38,36,36,8,False
5922,18802233956,47,30,4,0,2,38,45,45,39,False
3337,19970957519,19,14,3,0,1,19,18,18,20,False
6239,19852999776,13,1,4,0,0,17,18,18,39,False
5833,18802233956,8,3,4,0,3,9,23,23,1,False
11053,18636055184,20,7,4,0,3,11,19,19,39,False
10919,18636055184,36,4,2,0,1,15,1,1,0,False
64,13513580369,14,5,2,0,2,23,1,1,24,False
1531,15735414945,27,11,4,0,3,31,2,2,9,False
12900,19550593600,12,7,4,0,2,17,24,24,24,True
9221,16726368276,43,11,3,0,1,22,21,21,0,False
11178,18636055184,45,0,4,0,1,22,43,43,39,False
11113,18636055184,30,11,4,0,1,16,15,15,9,False
5633,18702113651,9,2,4,0,1,26,10,10,1,False
906,15661502139,1,14,1,0,1,17,31,31,39,False
1520,15735414945,16,1,4,0,3,10,18,18,39,False
5573,18702113651,49,5,4,0,2,28,37,37,39,False
7134,13401917913,4,3,2,0,2,37,43,43,39,False
854,15260233525,49,1,4,0,1,32,14,14,0,False
13955,19948700293,49,8,4,0,0,21,14,14,19,False
4560,15079495784,39,8,4,0,1,31,42,42,9,False
1542,15735414945,38,1,4,0,3,14,16,16,9,False
4510,15079495784,39,7,4,0,1,9,0,0,1,False
1504,15735414945,50,17,4,0,1,30,39,39,39,True
9841,17527328008,11,33,2,0,2,31,33,33,39,False
6017,18802233956,42,7,4,0,3,26,1,1,1,True
441,13932780308,40,12,2,0,1,12,11,11,9,False
7016,13074255915,37,2,4,0,3,9,48,48,39,False
8202,15165929133,19,10,4,0,2,9,11,11,39,False
9672,17331496902,43,6,4,0,1,41,47,47,39,False
4747,15797725211,25,2,3,0,0,30,33,33,8,False
890,15260233525,35,4,4,0,3,45,46,46,19,False
3441,19970957519,23,1,4,0,1,10,7,7,39,False
11906,18765816132,21,7,1,0,2,39,46,46,24,False
1186,15661502139,32,2,4,0,2,16,44,44,39,False
4509,15079495784,38,3,4,0,2,0,3,3,39,False
4406,15079495784,35,0,3,0,1,46,0,0,8,False
5527,18702113651,3,2,4,0,0,26,13,13,13,True
12806,19550593600,18,8,4,0,3,11,12,12,8,False
2589,17807329663,32,2,4,0,2,24,1,1,9,False
5843,18802233956,18,35,4,0,1,32,46,46,39,False
14099,19948700293,27,14,4,0,3,37,24,24,39,False
5506,18702113651,32,12,4,0,2,32,41,41,39,False
2225,17713196465,19,23,4,0,3,35,24,24,39,False
5880,18802233956,5,16,4,0,1,38,37,37,8,False
7542,13630678332,11,6,3,0,0,10,2,2,0,False
4524,15079495784,3,21,4,0,3,25,33,33,39,False
7301,13401917913,21,9,4,0,3,1,2,2,9,False
2202,17713196465,46,20,4,0,3,18,6,6,9,False
9758,17331496902,29,1,4,0,1,25,24,24,8,False
9311,16726368276,33,38,4,0,2,4,17,17,15,False
12668,19550593600,25,1,2,0,0,46,32,32,20,False
5922,18802233956,47,28,4,0,0,44,45,45,19,False
13158,19834840803,19,4,4,0,2,14,43,43,39,False
2801,18991311567,43,7,3,0,3,26,27,27,20,False
4564,15079495784,43,4,4,0,3,32,41,41,39,False
11119,18636055184,36,8,4,0,0,14,1,1,1,True
3603,13130819298,35,2,1,0,3,2,10,10,39,False
2189,17713196465,33,3,4,0,1,26,2,2,1,False
1711,17623708813,6,5,3,0,1,38,9,9,1,False
9678,17331496902,49,12,4,0,3,22,16,16,39,False
12208,18765816132,22,6,4,0,0,11,19,19,19,True
4953,15797725211,31,10,4,0,3,18,11,11,9,False
8037,15165929133,4,6,2,0,2,18,32,32,39,False
6621,19881266563,44,50,4,0,0,9,20,20,20,True
13069,19834840803,30,13,3,0,0,22,8,8,0,False
11426,18664891854,42,18,4,0,1,24,0,0,9,False
4098,13670356740,28,2,4,0,0,23,9,9,9,True
4095,13670356740,25,1,4,0,1,9,36,36,24,False
4518,15079495784,47,0,4,0,1,18,0,0,9,False
11686,18758415613,1,8,4,0,2,6,26,26,39,False
13096,19834840803,7,18,4,0,1,22,14,14,0,False
10998,18636055184,15,3,4,0,2,25,33,33,24,False
1115,15661502139,9,32,4,0,1,31,25,25,9,False
4539,15079495784,18,12,4,0,1,20,12,12,9,False
5936,18802233956,11,0,4,0,0,38,17,17,9,False
2994,19831701219,27,6,3,0,1,17,16,16,8,False
2224,17713196465,18,2,4,0,1,10,1,1,8,False
10644,18365196069,12,1,4,0,1,12,3,3,39,False
6884,13074255915,5,14,4,0,2,2,8,8,24,False
1053,15661502139,47,0,3,0,0,17,9,9,1,False
6595,19881266563,18,21,4,0,2,12,20,20,39,False
4827,15797725211,5,0,4,0,1,34,0,0,8,False
9111,16726368276,34,2,1,0,3,2,12,12,39,False
4808,15797725211,36,0,4,0,2,3,25,25,39,False
4791,15797725211,19,29,4,0,1,18,24,24,9,False
9213,16726368276,35,9,3,0,3,21,7,7,19,False
2180,17713196465,24,25,4,0,1,25,31,31,24,False
1858,17623708813,3,0,4,0,2,31,12,12,19,False
11467,18664891854,33,20,4,0,3,32,27,27,10,False
9269,16726368276,41,26,4,0,3,21,15,15,1,False
11446,18664891854,12,0,4,0,2,13,33,33,39,False
8142,15165929133,9,8,4,0,0,12,9,9,20,False
558,15260233525,6,2,1,0,1,9,7,7,1,False
9379,16726368276,1,13,4,0,2,13,20,20,39,False
10081,17527328008,1,5,4,0,1,36,14,14,0,False
4461,15079495784,40,14,4,0,0,30,44,44,39,False
12507,18989781863,20,2,4,0,3,40,32,32,1,False
10294,17731093916,13,8,4,0,1,15,7,7,9,False
6308,19852999776,32,0,4,0,2,2,25,25,39,False
11650,18758415613,15,8,3,0,1,32,45,45,39,False
9981,17527328008,1,3,4,0,2,9,32,32,24,False
10363,17731093916,32,3,4,0,0,33,26,26,9,False
7427,13401917913,47,31,4,0,3,19,20,20,39,False
6300,19852999776,24,4,4,0,0,45,23,23,20,False
10006,17527328008,26,15,4,0,0,24,14,14,9,False
10825,18365196069,43,4,4,0,1,47,33,33,13,False
589,15260233525,37,6,1,0,0,25,16,16,8,False
6298,19852999776,22,2,4,0,1,3,8,8,9,False
11351,18664891854,17,8,4,0,0,40,42,42,39,False
1225,15661502139,21,25,4,0,2,18,32,32,24,False
10867,18636055184,35,1,1,0,1,3,1,1,9,False
9426,16726368276,48,10,4,0,0,32,4,4,1,False
8641,15167050060,7,13,4,0,2,33,45,45,39,False
12635,19550593600,48,3,1,0,2,7,28,28,39,False
10328,17731093916,47,9,4,0,3,33,41,41,39,False
6756,13074255915,28,3,1,0,0,37,30,30,9,False
4966,15797725211,44,105,4,0,2,17,41,41,39,False
13048,19834840803,9,0,3,0,3,7,31,31,39,False
3773,13130819298,4,5,4,0,2,22,39,39,39,True
3187,19831701219,20,40,4,0,2,3,23,23,39,False
13117,19834840803,28,14,4,0,0,10,9,9,0,False
2203,17713196465,47,0,4,0,1,17,1,1,9,False
11751,18758415613,16,9,4,0,2,26,48,48,9,False
9503,17331496902,24,15,2,0,0,10,1,1,0,False
6513,19881266563,36,9,3,0,0,29,21,21,13,False
2725,18991311567,17,6,2,0,1,19,39,39,0,False
6182,19852999776,6,12,4,0,0,24,30,30,9,False
1155,15661502139,1,19,4,0,1,36,30,30,9,False
10590,18365196069,8,7,3,0,0,32,27,27,20,False
4184,13670356740,14,6,4,0,2,38,25,25,39,False
2498,17807329663,41,20,4,0,0,22,14,14,0,False
7258,13401917913,28,8,4,0,1,40,31,31,39,False
2432,17807329663,25,5,3,0,0,30,37,37,1,False
7503,13630678332,22,4,2,0,3,32,33,33,39,False
10808,18365196069,26,2,4,0,3,23,24,24,39,False
4080,13670356740,10,9,4,0,2,4,25,25,39,False
13694,19948700293,3,6,2,0,0,23,14,14,0,False
4889,15797725211,17,16,4,0,2,18,20,20,39,False
4915,15797725211,43,16,4,0,2,13,18,18,39,False
713,15260233525,8,4,4,0,2,7,4,4,39,False
11004,18636055184,21,12,4,0,1,41,40,40,24,False
6437,19881266563,10,3,2,0,2,26,17,17,24,False
11702,18758415613,17,34,4,0,0,16,10,10,9,False
6797,13074255915,18,3,2,0,0,18,19,19,39,False
11670,18758415613,35,0,3,0,0,43,7,7,9,False
5987,18802233956,12,18,4,0,3,12,13,13,9,False
3971,13670356740,1,11,2,0,1,11,3,3,1,False
2824,18991311567,16,2,4,0,0,22,32,32,20,False
4832,15797725211,10,36,4,0,0,7,0,0,9,False
5542,18702113651,18,16,4,0,3,45,41,41,20,False
2345,17807329663,39,2,1,0,1,3,8,8,9,False
4502,15079495784,31,7,4,0,3,15,32,32,39,False
432,13932780308,31,0,2,0,0,25,28,28,8,False
8130,15165929133,47,6,3,0,2,18,34,34,39,False
4860,15797725211,38,9,4,0,3,8,3,3,1,False
3501,19970957519,33,6,4,0,0,29,9,9,19,False
11954,18765816132,18,11,2,0,0,22,9,9,1,False
4727,15797725211,5,17,3,0,3,33,6,6,13,False
4523,15079495784,2,7,4,0,1,25,14,14,0,False
4434,15079495784,13,4,4,0,1,45,29,29,20,False
6987,13074255915,8,13,4,0,2,16,14,14,24,False
637,15260233525,34,2,2,0,0,25,3,3,9,False
1253,15661502139,49,9,4,0,0,31,14,14,9,False
7947,13943039298,15,0,4,0,0,41,8,8,8,True
7427,13401917913,47,4,4,0,3,32,20,20,10,False
2989,19831701219,22,3,3,0,0,8,1,1,1,True
4746,15797725211,24,24,3,0,0,23,24,24,24,True
10770,18365196069,38,1,4,0,1,48,2,2,1,False
3443,19970957519,25,0,4,0,3,36,10,10,9,False
4705,15797725211,33,8,2,0,2,31,1,1,9,False
2274,17713196465,18,24,4,0,1,19,41,41,20,False
12509,18989781863,22,10,4,0,3,33,39,39,39,True
11165,18636055184,32,8,4,0,0,41,26,26,8,False
3780,13130819298,11,5,4,0,0,25,7,7,8,False
6069,19852999776,44,6,1,0,0,19,2,2,9,False
8259,15165929133,26,14,4,0,2,32,39,39,39,True
2785,18991311567,27,4,3,0,3,10,33,33,39,False
1426,15735414945,21,6,4,0,0,38,39,39,24,False
1408,15735414945,3,4,4,0,1,24,9,9,9,True
7900,13943039298,18,1,4,0,1,19,9,9,20,False
7258,13401917913,28,7,4,0,0,40,31,31,8,False
2955,19831701219,38,19,2,0,2,10,17,17,39,False
11089,18636055184,6,10,4,0,0,9,21,21,1,False
2404,17807329663,47,17,2,0,1,15,7,7,0,False
7418,13401917913,38,2,4,0,0,35,7,7,0,False
11444,18664891854,10,13,4,0,2,39,47,47,39,False
6877,13074255915,48,2,3,0,1,3,12,12,39,False
4884,15797725211,12,10,4,0,2,2,1,1,24,False
13085,19834840803,46,7,3,0,1,23,14,14,0,False
5952,18802233956,27,20,4,0,1,19,20,20,20,True
11421,18664891854,37,7,4,0,3,33,40,40,39,False
873,15260233525,18,13,4,0,0,10,9,9,8,False
1810,17623708813,5,10,4,0,1,11,33,33,39,False
7184,13401917913,4,22,3,0,1,23,24,24,39,False
6292,19852999776,16,12,4,0,1,17,14,14,8,False
11105,18636055184,22,8,4,0,2,29,36,36,39,False
5233,18053307086,10,19,4,0,0,23,21,21,8,False
6551,19881266563,24,17,4,0,2,31,8,8,9,False
12486,18989781863,49,13,4,0,2,17,24,24,24,True
12458,18989781863,21,4,4,0,2,25,24,24,24,True
3224,19970957519,7,9,1,0,1,27,13,13,0,False
9492,17331496902,13,17,2,0,0,20,13,13,9,False
10318,17731093916,37,2,4,0,1,4,10,10,39,False
9791,17527328008,12,3,1,0,0,14,28,28,39,False
3924,13670356740,5,16,1,0,2,26,31,31,39,False
1380,15735414945,25,3,3,0,1,36,21,21,9,False
10392,17731093916,11,18,4,0,3,44,48,48,19,False
10752,18365196069,20,4,4,0,3,7,11,11,39,False
7545,13630678332,14,5,3,0,2,40,48,48,39,False
7306,13401917913,26,8,4,0,3,29,36,36,39,False
1071,15661502139,15,10,4,0,1,8,0,0,9,False
2121,17713196465,15,20,4,0,3,31,25,25,9,False
8846,16630722126,19,7,3,0,2,2,1,1,39,False
2602,17807329663,45,7,4,0,2,24,21,21,9,False
11518,18664891854,34,26,4,0,3,29,14,14,9,False
81,13513580369,31,23,2,0,3,25,24,24,24,True
24,13513580369,25,4,1,0,1,32,23,23,1,False
4516,15079495784,45,3,4,0,0,44,25,25,20,False
5533,18702113651,9,29,4,0,2,3,23,23,39,False
7083,13401917913,4,4,1,0,1,37,36,36,20,False
8962,16630722126,35,13,4,0,1,34,8,8,0,False
7488,13630678332,7,0,2,0,0,9,26,26,20,False
8434,15167050060,50,9,2,0,1,38,45,45,39,False
8924,16630722126,47,7,4,0,0,25,20,20,20,True
8824,16630722126,39,5,3,0,2,18,34,34,39,False
6981,13074255915,2,7,4,0,0,7,1,1,9,False
469,13932780308,18,7,3,0,2,26,40,40,39,False
13056,19834840803,17,0,3,0,3,32,40,40,20,False
11273,18664891854,39,4,2,0,1,26,34,34,39,False
6225,19852999776,49,2,4,0,0,16,8,8,9,False
5455,18702113651,31,4,3,0,0,8,0,0,0,True
2484,17807329663,27,3,4,0,0,38,17,17,9,False
2856,18991311567,48,18,4,0,0,35,21,21,0,False
5185,18053307086,12,4,4,0,2,0,12,12,39,False
4776,15797725211,4,10,4,0,2,29,44,44,24,False
8932,16630722126,5,4,4,0,2,18,40,40,39,False
4423,15079495784,2,4,4,0,1,10,0,0,0,True
13250,19834840803,11,0,4,0,1,26,24,24,8,False
11532,18664891854,48,6,4,0,2,26,48,48,39,False
7132,13401917913,2,4,2,0,2,23,43,43,39,False
5370,18702113651,47,4,1,0,3,28,23,23,39,False
6712,19881266563,34,16,4,0,2,31,46,46,39,False
232,13513580369,32,20,4,0,1,3,1,1,0,False
13116,19834840803,27,10,4,0,2,4,15,15,24,False
716,15260233525,11,9,4,0,0,11,20,20,39,False
8396,15167050060,12,2,2,0,2,7,22,22,9,False
892,15260233525,37,6,4,0,3,26,20,20,39,False
1741,17623708813,36,0,3,0,0,38,25,25,1,False
13667,19948700293,27,8,1,0,0,30,22,22,1,False
13286,19834840803,47,1,4,0,2,19,29,29,20,False
9900,17527328008,20,3,3,0,0,25,20,20,20,True
4549,15079495784,28,0,4,0,1,18,44,44,39,False
10740,18365196069,8,13,4,0,0,22,8,8,0,False
12172,18765816132,36,2,4,0,2,0,21,21,39,False
4163,13670356740,43,3,4,0,1,31,22,22,9,False
703,15260233525,50,11,3,0,3,18,12,12,9,False
2546,17807329663,39,1,4,0,2,10,26,26,39,False
7404,13401917913,24,5,4,0,3,46,48,48,19,False
3445,19970957519,27,24,4,0,2,19,26,26,39,False
3438,19970957519,20,3,4,0,1,18,2,2,9,False
4129,13670356740,9,4,4,0,2,15,44,44,39,False
8157,15165929133,24,24,4,0,3,7,28,28,39,False
1809,17623708813,4,13,4,0,0,30,47,47,39,False
3811,13130819298,42,29,4,0,3,18,11,11,9,False
