sample_id,subid,trial,step,task,replan,target,state,goal,true_state,pred_state,correct_state
2174,17713196465,18,51,4,0,0,22,6,22,29,False
1264,15735414945,10,2,1,0,2,28,7,28,18,False
12064,18765816132,28,8,4,0,0,38,40,38,23,False
4155,13670356740,35,8,4,0,3,4,25,4,25,False
11518,18664891854,34,15,4,0,2,11,14,11,11,True
5427,18702113651,3,8,3,0,1,12,16,12,18,False
10798,18365196069,16,17,4,0,0,23,9,23,17,False
10059,17527328008,29,2,4,0,2,7,45,7,18,False
2574,17807329663,17,6,4,0,2,23,33,23,18,False
9498,17331496902,19,7,2,0,3,37,24,37,37,True
4860,15797725211,38,5,4,0,2,7,3,7,18,False
12926,19550593600,38,2,4,0,3,17,20,17,10,False
3087,19831701219,20,28,4,0,0,28,2,28,18,False
4966,15797725211,44,108,4,0,2,11,41,11,10,False
4843,15797725211,21,8,4,0,0,7,0,7,18,False
2591,17807329663,34,3,4,0,3,10,19,10,25,False
1545,15735414945,41,8,4,0,3,11,34,11,11,True
3743,13130819298,24,10,4,0,0,19,17,19,32,False
6242,19852999776,16,25,4,0,2,16,22,16,24,False
5252,18053307086,29,4,4,0,3,7,16,7,18,False
1062,15661502139,6,28,4,0,1,19,39,19,19,True
10070,17527328008,40,3,4,0,2,3,5,3,3,True
678,15260233525,25,1,3,0,1,27,10,27,9,False
4542,15079495784,21,3,4,0,1,30,21,30,38,False
1318,15735414945,13,4,2,0,0,26,3,26,32,False
11396,18664891854,12,5,4,0,3,30,31,30,9,False
3547,19970957519,29,16,4,0,1,3,15,3,3,True
303,13513580369,3,3,4,0,1,3,14,3,3,True
13140,19834840803,1,0,4,0,2,17,31,17,23,False
4232,13670356740,12,6,4,0,1,19,40,19,10,False
2478,17807329663,21,14,4,0,2,10,23,10,23,False
13824,19948700293,18,0,3,0,2,5,34,5,37,False
6668,19881266563,41,30,4,0,3,19,34,19,32,False
11673,18758415613,38,3,3,0,2,3,10,3,3,True
5368,18702113651,45,1,1,0,2,12,24,12,18,False
881,15260233525,26,12,4,0,0,35,30,35,29,False
7998,15165929133,16,5,1,0,2,23,39,23,18,False
2128,17713196465,22,0,4,0,1,33,22,33,18,False
2589,17807329663,32,11,4,0,0,36,1,36,18,False
1299,15735414945,45,4,1,0,0,29,7,29,25,False
5537,18702113651,13,2,4,0,1,11,8,11,11,True
7610,13630678332,29,12,4,0,0,10,4,10,9,False
4552,15079495784,31,0,4,0,2,4,7,4,24,False
514,13932780308,13,0,4,0,3,8,32,8,18,False
9827,17527328008,48,4,1,0,2,35,42,35,18,False
9815,17527328008,36,7,1,0,0,11,12,11,25,False
5140,18053307086,17,4,4,0,1,24,21,24,25,False
3771,13130819298,2,49,4,0,2,8,24,8,9,False
6584,19881266563,7,3,4,0,2,33,38,33,12,False
2566,17807329663,9,6,4,0,3,26,6,26,32,False
778,15260233525,23,2,4,0,1,27,30,27,18,False
5530,18702113651,6,3,4,0,2,39,3,39,24,False
13299,19859608897,10,4,1,0,0,44,29,44,19,False
5877,18802233956,2,6,4,0,1,26,15,26,18,False
8380,15167050060,47,1,1,0,3,4,12,4,16,False
8062,15165929133,29,3,2,0,0,23,16,23,23,True
6374,19852999776,48,5,4,0,0,9,23,9,32,False
379,13932780308,29,3,1,0,1,11,3,11,32,False
3701,13130819298,32,31,3,0,2,12,27,12,8,False
606,15260233525,3,2,2,0,0,17,9,17,17,True
90,13513580369,40,9,2,0,0,19,10,19,32,False
7669,13943039298,38,2,1,0,1,41,47,41,3,False
8714,16630722126,30,1,1,0,1,34,20,34,9,False
12115,18765816132,29,15,4,0,3,11,20,11,25,False
9972,17527328008,42,2,4,0,0,29,1,29,25,False
11637,18758415613,2,6,3,0,0,44,2,44,19,False
3400,19970957519,32,26,4,0,1,12,16,12,18,False
374,13932780308,24,3,1,0,2,4,26,4,32,False
7295,13401917913,15,2,4,0,3,32,48,32,32,True
8048,15165929133,15,2,2,0,1,46,42,46,9,False
1488,15735414945,34,0,4,0,1,41,21,41,26,False
5960,18802233956,35,3,4,0,3,17,25,17,9,False
2292,17713196465,36,9,4,0,3,2,16,2,25,False
1244,15661502139,40,10,4,0,3,9,11,9,9,True
845,15260233525,40,10,4,0,3,10,11,10,32,False
12753,19550593600,12,14,4,0,0,23,8,23,25,False
13453,19859608897,13,5,4,0,2,23,45,23,10,False
13736,19948700293,45,0,2,0,1,1,22,1,18,False
1549,15735414945,45,60,4,0,3,8,9,8,32,False
6300,19852999776,24,4,4,0,0,45,23,45,45,True
6363,19852999776,37,9,4,0,2,40,44,40,3,False
375,13932780308,25,9,1,0,2,1,0,1,18,False
1197,15661502139,43,11,4,0,2,28,43,28,18,False
1146,15661502139,40,1,4,0,0,30,33,30,30,True
5238,18053307086,15,6,4,0,1,32,43,32,32,True
689,15260233525,36,36,3,0,3,10,20,10,10,True
9561,17331496902,32,2,3,0,3,47,3,47,32,False
13494,19859608897,4,5,4,0,1,18,15,18,18,True
3827,13130819298,8,20,4,0,3,31,32,31,25,False
6496,19881266563,19,7,3,0,1,29,21,29,26,False
713,15260233525,8,0,4,0,3,7,4,7,18,False
11395,18664891854,11,10,4,0,2,38,46,38,9,False
828,15260233525,23,1,4,0,2,12,32,12,12,True
8599,15167050060,15,7,4,0,2,3,10,3,32,False
6016,18802233956,41,6,4,0,3,26,27,26,25,False
2110,17713196465,4,17,4,0,0,42,47,42,29,False
523,13932780308,22,1,4,0,3,43,18,43,32,False
13475,19859608897,35,7,4,0,1,18,21,18,18,True
5960,18802233956,35,7,4,0,2,11,25,11,32,False
10578,18365196069,46,4,2,0,0,38,33,38,17,False
3046,19831701219,29,1,4,0,2,23,32,23,18,False
1115,15661502139,9,66,4,0,2,11,25,11,11,True
8712,16630722126,28,12,1,0,2,13,20,13,10,False
1530,15735414945,26,16,4,0,3,16,32,16,18,False
12816,19550593600,28,8,4,0,2,17,22,17,10,False
4083,13670356740,13,26,4,0,2,24,17,24,24,True
12226,18765816132,40,11,4,0,3,11,19,11,25,False
2462,17807329663,5,1,4,0,2,25,37,25,25,True
7536,13630678332,5,5,3,0,1,37,1,37,32,False
6077,19852999776,1,9,2,0,1,1,0,1,18,False
12627,19550593600,40,1,1,0,0,46,32,46,29,False
5315,18053307086,42,25,4,0,0,46,47,46,23,False
1335,15735414945,30,8,2,0,2,35,42,35,18,False
13204,19834840803,15,4,4,0,2,4,8,4,24,False
5542,18702113651,18,15,4,0,2,38,41,38,25,False
2058,17713196465,2,5,3,0,2,6,20,6,3,False
3713,13130819298,44,4,3,0,2,28,43,28,18,False
9286,16726368276,8,2,4,0,1,18,10,18,25,False
13562,19859608897,22,0,4,0,1,27,39,27,18,False
4334,15079495784,13,12,2,0,3,16,2,16,16,True
5996,18802233956,21,13,4,0,3,5,25,5,29,False
5934,18802233956,9,5,4,0,0,38,12,38,18,False
9596,17331496902,17,1,4,0,2,7,30,7,18,False
1297,15735414945,43,3,1,0,1,17,7,17,30,False
13975,19948700293,19,9,4,0,3,17,24,17,17,True
5641,18702113651,17,0,4,0,0,15,19,15,17,False
10727,18365196069,45,3,4,0,1,37,42,37,32,False
4080,13670356740,10,22,4,0,0,30,25,30,30,True
6426,19881266563,50,7,1,0,1,12,11,12,18,False
7184,13401917913,4,12,3,0,1,17,24,17,17,True
2972,19831701219,5,1,3,0,2,23,20,23,9,False
6246,19852999776,20,23,4,0,1,11,10,11,32,False
3945,13670356740,26,11,1,0,0,19,9,19,32,False
7680,13943039298,49,2,1,0,1,26,41,26,32,False
6971,13074255915,42,16,4,0,2,41,48,41,26,False
3236,19970957519,19,10,1,0,3,28,30,28,18,False
2358,17807329663,1,5,2,0,2,10,9,10,10,True
63,13513580369,13,0,2,0,1,11,1,11,19,False
9753,17331496902,24,2,4,0,1,46,42,46,38,False
10638,18365196069,6,4,4,0,3,23,26,23,23,True
8329,15165929133,46,8,4,0,1,24,1,24,24,True
4290,15079495784,20,14,1,0,2,24,16,24,24,True
4470,15079495784,49,31,4,0,0,31,29,31,18,False
5054,18053307086,31,0,2,0,0,21,46,21,25,False
3400,19970957519,32,17,4,0,2,20,16,20,18,False
3135,19831701219,18,3,4,0,0,25,9,25,25,True
4973,18053307086,1,4,1,0,0,25,6,25,23,False
11553,18758415613,19,0,1,0,3,47,40,47,37,False
4650,15797725211,29,12,1,0,0,19,10,19,32,False
3086,19831701219,19,0,4,0,2,21,18,21,25,False
5888,18802233956,13,31,4,0,2,24,10,24,24,True
13751,19948700293,10,9,3,0,0,22,8,22,17,False
3901,13130819298,32,1,4,0,2,17,19,17,23,False
3167,19831701219,50,19,4,0,2,28,46,28,23,False
10308,17731093916,27,3,4,0,0,11,19,11,11,True
11152,18636055184,19,7,4,0,1,39,10,39,24,False
8917,16630722126,40,18,4,0,3,47,13,47,29,False
3993,13670356740,23,4,2,0,2,2,14,2,23,False
91,13513580369,41,2,2,0,0,46,39,46,29,False
8755,16630722126,20,2,2,0,0,32,1,32,32,True
13240,19834840803,1,12,4,0,2,25,41,25,18,False
9399,16726368276,21,6,4,0,3,7,2,7,18,False
7877,13943039298,45,1,4,0,1,20,33,20,11,False
10991,18636055184,8,10,4,0,2,11,20,11,10,False
11776,18758415613,41,18,4,0,1,41,40,41,30,False
5530,18702113651,6,183,4,0,2,29,3,29,29,True
3155,19831701219,38,6,4,0,0,32,3,32,32,True
553,15260233525,1,1,1,0,1,3,1,3,3,True
13689,19948700293,49,5,1,0,2,33,41,33,32,False
4488,15079495784,17,23,4,0,2,5,19,5,3,False
278,13513580369,28,5,4,0,1,30,43,30,30,True
5511,18702113651,37,4,4,0,2,19,27,19,10,False
159,13513580369,9,8,4,0,2,19,26,19,10,False
4210,13670356740,40,5,4,0,3,8,18,8,29,False
6145,19852999776,19,2,3,0,0,40,13,40,32,False
2226,17713196465,20,22,4,0,1,11,10,11,32,False
480,13932780308,29,11,3,0,2,12,24,12,24,False
254,13513580369,4,7,4,0,2,8,7,8,10,False
4432,15079495784,11,5,4,0,2,35,46,35,18,False
13447,19859608897,7,4,4,0,2,39,46,39,18,False
4966,15797725211,44,33,4,0,0,7,41,7,18,False
7234,13401917913,4,16,4,0,2,40,47,40,30,False
11591,18758415613,6,13,2,0,3,4,6,4,25,False
12754,19550593600,13,4,4,0,1,34,20,34,38,False
8612,15167050060,28,7,4,0,3,17,19,17,25,False
4604,15079495784,33,4,4,0,3,17,46,17,17,True
8615,15167050060,31,5,4,0,3,40,31,40,30,False
6995,13074255915,16,14,4,0,3,4,5,4,25,False
12242,18989781863,6,4,1,0,0,41,34,41,30,False
2756,18991311567,48,0,2,0,1,12,7,12,12,True
8024,15165929133,42,4,1,0,0,10,3,10,17,False
4864,15797725211,42,0,4,0,1,12,9,12,12,True
2601,17807329663,44,8,4,0,3,47,41,47,32,False
2960,19831701219,43,1,2,0,1,38,21,38,17,False
8140,15165929133,7,1,4,0,1,33,30,33,32,False
4805,15797725211,33,20,4,0,0,26,2,26,24,False
7837,13943039298,5,4,4,0,2,39,31,39,24,False
1774,17623708813,19,85,4,0,1,45,6,45,45,True
9680,17331496902,1,0,4,0,1,40,13,40,32,False
1154,15661502139,48,10,4,0,3,2,11,2,9,False
12522,18989781863,35,0,4,0,2,26,34,26,19,False
5907,18802233956,32,6,4,0,1,24,2,24,24,True
1135,15661502139,29,19,4,0,0,28,15,28,18,False
11257,18664891854,23,3,2,0,0,12,30,12,29,False
3765,13130819298,46,30,4,0,3,15,16,15,17,False
14088,19948700293,16,6,4,0,0,44,24,44,37,False
8129,15165929133,46,0,3,0,2,24,25,24,25,False
3566,19970957519,48,0,4,0,3,7,34,7,18,False
3021,19831701219,4,4,4,0,3,16,15,16,24,False
10679,18365196069,47,7,4,0,3,44,46,44,37,False
7249,13401917913,19,16,4,0,1,2,0,2,3,False
9495,17331496902,16,10,2,0,0,25,24,25,25,True
2683,18991311567,26,3,1,0,1,37,7,37,32,False
400,13932780308,50,6,1,0,2,24,11,24,24,True
3742,13130819298,23,0,4,0,2,16,21,16,25,False
7329,13401917913,49,8,4,0,2,11,23,11,11,True
5511,18702113651,37,0,4,0,2,6,27,6,17,False
12435,18989781863,48,1,4,0,0,47,41,47,29,False
12231,18765816132,45,9,4,0,1,41,40,41,30,False
2509,17807329663,2,12,4,0,1,31,2,31,24,False
1151,15661502139,45,13,4,0,0,17,24,17,9,False
11325,18664891854,41,9,3,0,3,17,11,17,17,True
6750,13074255915,22,3,1,0,3,2,10,2,32,False
11732,18758415613,47,8,4,0,2,36,43,36,11,False
9001,16630722126,24,1,4,0,1,38,45,38,9,False
3178,19831701219,11,12,4,0,1,31,2,31,25,False
10832,18365196069,50,5,4,0,3,28,8,28,18,False
9576,17331496902,47,2,3,0,1,36,42,36,32,False
12872,19550593600,34,2,4,0,1,12,14,12,12,True
4966,15797725211,44,120,4,0,2,5,41,5,9,False
13306,19859608897,17,13,1,0,1,30,29,30,19,False
10649,18365196069,17,6,4,0,1,46,33,46,29,False
1127,15661502139,21,6,4,0,3,9,19,9,9,True
6393,19881266563,17,6,1,0,0,29,7,29,32,False
7127,13401917913,48,3,1,0,1,26,33,26,19,False
12404,18989781863,17,3,4,0,3,31,48,31,18,False
6785,13074255915,6,7,2,0,3,1,6,1,18,False
6665,19881266563,38,11,4,0,0,20,6,20,18,False
11377,18664891854,43,9,4,0,2,35,42,35,11,False
3066,19831701219,49,16,4,0,3,17,24,17,9,False
12701,19550593600,13,2,3,0,1,22,14,22,10,False
10585,18365196069,3,17,3,0,3,17,24,17,9,False
5296,18053307086,23,7,4,0,2,9,19,9,9,True
11813,18758415613,28,7,4,0,3,4,5,4,25,False
12904,19550593600,16,3,4,0,0,46,24,46,23,False
698,15260233525,45,4,3,0,3,8,10,8,32,False
5840,18802233956,15,53,4,0,0,36,21,36,18,False
1834,17623708813,1,17,4,0,2,23,33,23,23,True
10029,17527328008,49,147,4,0,1,2,1,2,3,False
1079,15661502139,23,24,4,0,3,25,24,25,25,True
13106,19834840803,17,0,4,0,3,22,31,22,10,False
11081,18636055184,48,12,4,0,2,40,48,40,26,False
17,13513580369,18,7,1,0,0,42,43,42,32,False
13738,19948700293,47,6,2,0,3,45,47,45,29,False
9320,16726368276,42,14,4,0,0,36,23,36,37,False
9784,17527328008,5,6,1,0,3,33,34,33,32,False
3586,13130819298,18,0,1,0,2,12,20,12,29,False
240,13513580369,40,13,4,0,0,33,19,33,32,False
8609,15167050060,25,5,4,0,1,11,10,11,25,False
1774,17623708813,19,38,4,0,0,24,6,24,18,False
11718,18758415613,33,6,4,0,3,8,39,8,3,False
5221,18053307086,48,19,4,0,0,23,31,23,25,False
1151,15661502139,45,8,4,0,3,30,24,30,9,False
12031,18765816132,45,2,3,0,1,33,26,33,37,False
1687,17623708813,32,14,2,0,2,33,40,33,32,False
11626,18758415613,41,32,2,0,2,16,24,16,18,False
1797,17623708813,42,130,4,0,0,20,10,20,18,False
12189,18765816132,3,29,4,0,0,15,9,15,18,False
919,15661502139,14,1,1,0,3,29,46,29,29,True
6677,19881266563,50,9,4,0,3,11,18,11,11,True
13998,19948700293,9,5,4,0,3,18,19,18,23,False
13131,19834840803,42,9,4,0,0,25,11,25,25,True
11708,18758415613,23,0,4,0,3,8,12,8,18,False
11725,18758415613,40,6,4,0,3,9,31,9,9,True
1832,17623708813,27,22,4,0,3,8,2,8,18,False
12937,19550593600,49,4,4,0,1,2,14,2,11,False
10876,18636055184,44,0,1,0,0,19,18,19,19,True
4938,15797725211,16,3,4,0,1,0,23,0,16,False
604,15260233525,1,16,2,0,0,19,9,19,32,False
3764,13130819298,45,9,4,0,0,26,5,26,29,False
3873,13130819298,4,4,4,0,1,38,44,38,23,False
9069,16630722126,42,5,4,0,3,14,21,14,32,False
12173,18765816132,37,42,4,0,1,40,48,40,26,False
2462,17807329663,5,12,4,0,1,38,37,38,23,False
4966,15797725211,44,156,4,0,3,46,41,46,23,False
7385,13401917913,5,3,4,0,0,39,7,39,24,False
3803,13130819298,34,14,4,0,2,12,19,12,16,False
12033,18765816132,47,10,3,0,1,3,1,3,32,False
11236,18664891854,2,4,2,0,1,34,25,34,9,False
5527,18702113651,3,2,4,0,0,26,13,26,32,False
3349,19970957519,31,24,3,0,0,26,16,26,9,False
2184,17713196465,28,18,4,0,3,35,31,35,18,False
11764,18758415613,29,2,4,0,0,39,17,39,25,False
4235,13670356740,15,1,4,0,2,2,43,2,16,False
11780,18758415613,45,7,4,0,3,37,40,37,32,False
5109,18053307086,36,2,3,0,0,45,38,45,45,True
2851,18991311567,43,11,4,0,1,5,18,5,29,False
13125,19834840803,36,2,4,0,2,39,8,39,24,False
2364,17807329663,7,19,2,0,2,39,45,39,24,False
11575,18758415613,41,9,1,0,0,23,24,23,23,True
471,13932780308,20,13,3,0,1,32,31,32,32,True
11650,18758415613,15,11,3,0,2,37,45,37,9,False
12440,18989781863,3,3,4,0,3,39,11,39,24,False
4587,15079495784,16,4,4,0,1,2,38,2,16,False
2470,17807329663,13,41,4,0,3,3,25,3,32,False
5564,18702113651,40,1,4,0,3,14,10,14,18,False
10647,18365196069,15,6,4,0,3,30,31,30,17,False
10637,18365196069,5,7,4,0,1,16,8,16,25,False
4436,15079495784,15,10,4,0,0,42,31,42,29,False
1413,15735414945,8,0,4,0,2,8,32,8,18,False
12685,19550593600,42,1,2,0,3,9,26,9,9,True
9081,16726368276,4,8,1,0,3,32,34,32,32,True
9602,17331496902,23,7,4,0,3,26,27,26,25,False
7673,13943039298,42,1,1,0,2,20,33,20,25,False
7358,13401917913,28,33,4,0,1,16,2,16,16,True
12892,19550593600,4,6,4,0,3,38,45,38,17,False
6563,19881266563,36,41,4,0,3,23,24,23,25,False
8448,15167050060,14,0,3,0,1,34,20,34,18,False
1149,15661502139,43,33,4,0,1,30,22,30,17,False
4791,15797725211,19,7,4,0,1,17,24,17,9,False
1648,17623708813,44,11,1,0,2,38,46,38,9,False
12392,18989781863,5,10,4,0,0,16,3,16,18,False
1042,15661502139,36,0,3,0,1,13,20,13,19,False
436,13932780308,35,2,2,0,1,37,28,37,32,False
1401,15735414945,46,1,3,0,0,29,24,29,29,True
12348,18989781863,11,7,3,0,0,27,19,27,17,False
2648,17807329663,41,4,4,0,3,9,12,9,9,True
12145,18765816132,9,0,4,0,1,9,1,9,9,True
4609,15079495784,38,8,4,0,2,16,44,16,16,True
8222,15165929133,39,5,4,0,0,33,5,33,29,False
9642,17331496902,13,1,4,0,1,18,23,18,18,True
8299,15165929133,16,4,4,0,3,44,31,44,37,False
10259,17731093916,28,15,3,0,1,30,28,30,9,False
6568,19881266563,41,0,4,0,0,17,9,17,18,False
5168,18053307086,45,25,4,0,1,4,33,4,9,False
9308,16726368276,30,8,4,0,0,35,29,35,29,False
5495,18702113651,21,50,4,0,3,11,34,11,11,True
12591,19550593600,4,9,1,0,3,4,12,4,16,False
6765,13074255915,37,2,1,0,1,13,41,13,10,False
10886,18636055184,3,4,2,0,2,20,30,20,25,False
12750,19550593600,9,0,4,0,2,8,18,8,18,False
5224,18053307086,1,23,4,0,2,37,39,37,16,False
6396,19881266563,20,23,1,0,0,30,17,30,30,True
1743,17623708813,38,7,3,0,3,2,4,2,32,False
13598,19859608897,8,7,4,0,3,25,26,25,10,False
2737,18991311567,29,3,2,0,3,2,20,2,32,False
545,13932780308,44,24,4,0,1,12,6,12,18,False
6913,13074255915,34,1,4,0,2,33,48,33,18,False
4603,15079495784,32,26,4,0,3,30,38,30,9,False
8594,15167050060,10,7,4,0,1,34,16,34,38,False
5156,18053307086,33,11,4,0,2,19,26,19,10,False
13793,19948700293,2,6,4,0,1,17,8,17,18,False
2414,17807329663,7,11,3,0,3,35,37,35,32,False
11469,18664891854,35,10,4,0,3,37,19,37,29,False
2190,17713196465,34,11,4,0,2,20,6,20,18,False
5369,18702113651,46,1,1,0,1,37,23,37,37,True
1796,17623708813,41,30,4,0,2,1,0,1,18,False
11658,18758415613,23,6,3,0,1,27,41,27,9,False
5261,18053307086,38,16,4,0,0,7,0,7,18,False
13872,19948700293,16,7,4,0,1,5,21,5,11,False
4945,15797725211,23,56,4,0,2,17,32,17,9,False
6633,19881266563,6,37,4,0,2,14,21,14,10,False
8043,15165929133,10,5,2,0,2,11,18,11,25,False
11012,18636055184,29,6,4,0,0,25,17,25,11,False
9080,16726368276,3,1,1,0,1,17,24,17,9,False
9035,16630722126,8,12,4,0,0,32,4,32,19,False
7998,15165929133,16,4,1,0,2,16,39,16,16,True
4552,15079495784,31,2,4,0,2,3,7,3,3,True
9804,17527328008,25,28,1,0,1,8,9,8,32,False
7900,13943039298,18,17,4,0,1,3,9,3,32,False
11545,18758415613,11,6,1,0,2,3,28,3,3,True
3789,13130819298,20,11,4,0,1,36,2,36,37,False
5082,18053307086,9,12,3,0,3,10,11,10,32,False
2246,17713196465,40,7,4,0,3,45,39,45,29,False
9257,16726368276,29,8,4,0,3,24,25,24,25,False
2011,17713196465,5,3,2,0,1,12,1,12,18,False
13182,19834840803,43,14,4,0,3,30,40,30,10,False
12104,18765816132,18,10,4,0,0,41,34,41,30,False
7287,13401917913,7,0,4,0,0,45,32,45,45,True
9629,17331496902,50,2,4,0,2,10,31,10,10,True
4592,15079495784,21,4,4,0,1,26,0,26,18,False
6553,19881266563,26,11,4,0,1,38,22,38,18,False
8721,16630722126,37,6,1,0,3,45,47,45,29,False
4004,13670356740,34,1,2,0,3,25,38,25,25,True
3225,19970957519,8,9,1,0,0,19,13,19,32,False
2067,17713196465,11,4,3,0,3,28,22,28,18,False
3950,13670356740,31,1,1,0,1,15,17,15,18,False
1802,17623708813,47,65,4,0,1,18,6,18,18,True
7330,13401917913,50,4,4,0,2,23,29,23,10,False
2039,17713196465,33,13,2,0,3,8,9,8,32,False
11017,18636055184,34,4,4,0,2,23,39,23,10,False
12141,18765816132,5,20,4,0,3,17,31,17,17,True
6596,19881266563,19,50,4,0,3,31,29,31,24,False
6208,19852999776,32,6,4,0,3,29,27,29,29,True
7119,13401917913,40,6,1,0,1,33,40,33,32,False
1604,15735414945,50,1,4,0,2,38,18,38,17,False
4332,15079495784,11,14,2,0,3,18,2,18,18,True
8660,15167050060,26,6,4,0,3,24,9,24,24,True
6598,19881266563,21,16,4,0,1,19,25,19,10,False
965,15661502139,9,2,2,0,1,17,38,17,17,True
10403,17731093916,22,14,4,0,0,11,12,11,25,False
3521,19970957519,3,25,4,0,1,17,23,17,10,False
966,15661502139,10,18,2,0,2,31,38,31,18,False
12971,19834840803,33,2,1,0,3,14,36,14,32,False
5198,18053307086,25,8,4,0,0,36,15,36,37,False
9980,17527328008,50,12,4,0,2,11,18,11,25,False
7862,13943039298,30,24,4,0,2,34,41,34,18,False
6018,18802233956,43,11,4,0,3,10,31,10,25,False
13359,19859608897,19,2,2,0,3,29,21,29,25,False
8611,15167050060,27,19,4,0,1,23,14,23,23,True
14122,19948700293,50,7,4,0,2,25,24,25,24,False
10044,17527328008,14,4,4,0,1,33,13,33,19,False
5779,18802233956,4,13,3,0,1,12,22,12,12,True
13673,19948700293,33,11,1,0,1,41,48,41,19,False
449,13932780308,48,3,2,0,0,33,5,33,32,False
181,13513580369,31,5,4,0,1,38,29,38,38,True
1397,15735414945,42,3,3,0,2,22,37,22,9,False
3026,19831701219,9,32,4,0,0,19,9,19,32,False
10563,18365196069,31,27,2,0,1,15,0,15,38,False
3374,19970957519,6,43,4,0,3,28,9,28,18,False
12193,18765816132,7,16,4,0,2,3,38,3,3,True
9566,17331496902,37,2,3,0,3,22,31,22,32,False
13264,19834840803,25,13,4,0,0,20,19,20,18,False
8509,15167050060,25,11,4,0,1,22,0,22,30,False
12209,18765816132,23,4,4,0,2,31,15,31,24,False
2178,17713196465,22,9,4,0,2,11,18,11,32,False
10970,18636055184,37,10,3,0,0,22,15,22,17,False
8318,15165929133,35,13,4,0,2,25,33,25,18,False
3735,13130819298,16,10,4,0,0,37,16,37,18,False
1657,17623708813,2,5,2,0,1,36,22,36,24,False
8928,16630722126,1,16,4,0,0,7,8,7,18,False
2235,17713196465,29,15,4,0,3,36,43,36,11,False
5160,18053307086,37,16,4,0,3,3,39,3,18,False
1013,15661502139,7,6,3,0,1,29,31,29,29,True
10698,18365196069,16,5,4,0,1,4,8,4,25,False
11263,18664891854,29,4,2,0,1,45,22,45,19,False
2521,17807329663,14,3,4,0,0,38,25,38,38,True
7004,13074255915,25,5,4,0,0,33,13,33,29,False
10644,18365196069,12,10,4,0,0,10,3,10,17,False
3661,13130819298,42,3,2,0,0,35,7,35,32,False
3020,19831701219,3,1,4,0,3,11,27,11,18,False
2100,17713196465,44,27,3,0,1,4,14,4,23,False
1872,17623708813,17,3,4,0,3,10,20,10,25,False
6306,19852999776,30,1,4,0,0,25,36,25,25,True
3189,19831701219,22,24,4,0,1,19,25,19,19,True
13082,19834840803,43,4,3,0,1,22,0,22,30,False
11715,18758415613,30,2,4,0,1,40,20,40,32,False
5130,18053307086,7,15,4,0,0,18,13,18,18,True
208,13513580369,8,0,4,0,2,7,10,7,18,False
12711,19550593600,23,3,3,0,2,25,46,25,25,True
329,13513580369,29,6,4,0,3,45,39,45,29,False
2609,17807329663,2,12,4,0,0,18,11,18,18,True
2814,18991311567,6,26,4,0,2,19,46,19,3,False
5634,18702113651,10,9,4,0,0,22,0,22,19,False
11469,18664891854,35,30,4,0,0,27,19,27,19,False
689,15260233525,36,26,3,0,2,12,20,12,29,False
13433,19859608897,43,4,3,0,0,22,1,22,17,False
2888,19831701219,22,2,1,0,1,3,1,3,32,False
4797,15797725211,25,3,4,0,2,19,27,19,10,False
1408,15735414945,3,27,4,0,0,27,9,27,32,False
13354,19859608897,14,7,2,0,3,23,25,23,23,True
6119,19852999776,43,3,2,0,3,2,11,2,32,False
12032,18765816132,46,2,3,0,1,5,18,5,5,True
4454,15079495784,33,10,4,0,3,32,9,32,32,True
4529,15079495784,8,1,4,0,1,34,23,34,18,False
4834,15797725211,12,30,4,0,0,29,1,29,25,False
380,13932780308,30,4,1,0,0,10,3,10,30,False
1802,17623708813,47,40,4,0,1,34,6,34,38,False
10779,18365196069,47,3,4,0,0,39,10,39,24,False
12158,18765816132,22,5,4,0,1,12,18,12,29,False
3509,19970957519,41,38,4,0,3,37,34,37,29,False
9089,16726368276,12,5,1,0,3,22,28,22,3,False
10029,17527328008,49,47,4,0,1,8,1,8,32,False
9307,16726368276,29,13,4,0,0,11,19,11,11,True
10039,17527328008,9,3,4,0,2,11,29,11,11,True
10084,17527328008,4,1,4,0,1,15,1,15,18,False
726,15260233525,21,5,4,0,2,18,33,18,18,True
8936,16630722126,9,11,4,0,1,3,2,3,32,False
12583,18989781863,46,2,4,0,3,8,4,8,32,False
102,13513580369,2,4,3,0,0,25,5,25,18,False
1836,17623708813,3,6,4,0,2,30,31,30,9,False
1734,17623708813,29,9,3,0,2,18,27,18,18,True
6266,19852999776,40,2,4,0,0,44,39,44,29,False
1216,15661502139,12,3,4,0,0,13,4,13,19,False
5767,18802233956,42,10,2,0,2,18,20,18,18,True
11444,18664891854,10,7,4,0,1,41,47,41,3,False
12398,18989781863,11,3,4,0,1,46,30,46,29,False
3086,19831701219,19,2,4,0,3,14,18,14,18,False
4312,15079495784,42,3,1,0,3,2,10,2,32,False
12170,18765816132,34,0,4,0,1,1,29,1,18,False
6010,18802233956,35,1,4,0,2,11,27,11,11,True
13761,19948700293,20,19,3,0,3,0,1,0,18,False
2703,18991311567,46,0,1,0,3,45,48,45,45,True
4430,15079495784,9,2,4,0,0,19,5,19,32,False
3891,13130819298,22,5,4,0,2,18,31,18,3,False
9588,17331496902,9,17,4,0,2,41,45,41,30,False
1828,17623708813,23,6,4,0,2,22,33,22,18,False
4018,13670356740,48,14,2,0,1,19,20,19,19,True
10867,18636055184,35,6,1,0,3,0,1,0,18,False
10758,18365196069,26,3,4,0,1,22,28,22,10,False
6013,18802233956,38,38,4,0,3,10,31,10,9,False
11523,18664891854,39,11,4,0,0,25,5,25,17,False
4100,13670356740,30,6,4,0,1,15,7,15,18,False
4541,15079495784,20,13,4,0,3,12,13,12,18,False
9525,17331496902,46,8,2,0,2,31,28,31,18,False
8050,15165929133,17,8,2,0,3,25,34,25,25,True
10150,17731093916,20,0,1,0,0,19,20,19,19,True
4056,13670356740,36,9,3,0,3,10,38,10,32,False
1817,17623708813,12,3,4,0,2,19,7,19,32,False
59,13513580369,9,3,2,0,2,15,45,15,23,False
11694,18758415613,9,0,4,0,3,28,21,28,17,False
3035,19831701219,18,2,4,0,0,18,17,18,18,True
12428,18989781863,41,4,4,0,0,23,17,23,23,True
12503,18989781863,16,4,4,0,3,19,39,19,19,True
5045,18053307086,22,3,2,0,1,12,8,12,18,False
278,13513580369,28,10,4,0,2,37,43,37,24,False
11958,18765816132,22,5,2,0,2,11,30,11,25,False
12567,18989781863,30,1,4,0,0,12,3,12,18,False
5223,18053307086,50,25,4,0,2,22,23,22,10,False
9425,16726368276,47,19,4,0,3,17,27,17,9,False
5325,18702113651,2,0,1,0,2,7,28,7,18,False
12728,19550593600,40,7,3,0,2,25,30,25,25,True
6322,19852999776,46,0,4,0,3,14,11,14,17,False
5258,18053307086,35,25,4,0,2,19,25,19,10,False
4581,15079495784,10,0,4,0,2,16,18,16,18,False
10798,18365196069,16,18,4,0,0,16,9,16,25,False
6150,19852999776,24,21,3,0,1,32,24,32,32,True
4841,15797725211,19,12,4,0,1,24,16,24,24,True
12606,19550593600,19,6,1,0,0,23,8,23,17,False
9074,16630722126,47,0,4,0,3,24,20,24,18,False
12324,18989781863,37,3,2,0,0,7,0,7,18,False
11711,18758415613,26,8,4,0,3,21,14,21,25,False
1079,15661502139,23,5,4,0,0,30,24,30,9,False
6657,19881266563,30,23,4,0,1,27,12,27,18,False
12052,18765816132,16,5,4,0,1,24,22,24,25,False
6633,19881266563,6,12,4,0,1,31,21,31,24,False
5779,18802233956,4,21,3,0,0,29,22,29,26,False
8712,16630722126,28,7,1,0,3,4,20,4,32,False
677,15260233525,24,6,3,0,0,17,46,17,9,False
3335,19970957519,17,4,3,0,1,32,37,32,32,True
5615,18702113651,41,8,4,0,1,13,20,13,10,False
2821,18991311567,13,4,4,0,1,9,7,9,9,True
716,15260233525,11,5,4,0,2,13,20,13,10,False
7375,13401917913,45,2,4,0,2,15,40,15,10,False
10142,17731093916,12,3,1,0,2,18,34,18,18,True
2116,17713196465,10,2,4,0,0,20,12,20,18,False
5929,18802233956,4,2,4,0,2,10,7,10,19,False
6305,19852999776,29,0,4,0,2,19,43,19,19,True
4289,15079495784,19,42,1,0,3,28,16,28,25,False
9533,17331496902,4,6,3,0,2,30,44,30,9,False
4941,15797725211,19,9,4,0,2,20,6,20,18,False
5952,18802233956,27,9,4,0,2,5,20,5,37,False
1054,15661502139,48,5,3,0,2,16,24,16,16,True
9726,17331496902,47,4,4,0,1,4,15,4,24,False
7494,13630678332,13,20,2,0,1,33,40,33,32,False
7009,13074255915,30,17,4,0,2,32,41,32,32,True
7938,13943039298,6,9,4,0,3,25,26,25,10,False
4301,15079495784,31,0,1,0,0,22,23,22,17,False
1581,15735414945,27,11,4,0,1,22,7,22,19,False
3409,19970957519,41,11,4,0,3,30,31,30,9,False
11415,18664891854,31,9,4,0,2,25,40,25,18,False
5865,18802233956,40,29,4,0,3,9,16,9,9,True
1774,17623708813,19,56,4,0,0,18,6,18,18,True
5952,18802233956,27,2,4,0,1,12,20,12,18,False
1656,17623708813,1,3,2,0,0,45,22,45,19,False
1555,15735414945,1,8,4,0,0,28,21,28,25,False
11710,18758415613,25,5,4,0,0,11,3,11,24,False
1450,15735414945,45,11,4,0,3,26,3,26,25,False
7151,13401917913,21,1,2,0,2,10,19,10,32,False
8660,15167050060,26,22,4,0,1,3,9,3,32,False
3288,19970957519,20,1,2,0,2,10,46,10,10,True
12464,18989781863,27,8,4,0,3,32,47,32,32,True
7615,13630678332,34,5,4,0,1,26,19,26,29,False
3044,19831701219,27,32,4,0,2,25,17,25,25,True
13267,19834840803,28,3,4,0,0,9,23,9,9,True
1740,17623708813,35,2,3,0,2,31,28,31,24,False
8666,15167050060,32,19,4,0,1,11,3,11,25,False
5816,18802233956,41,4,3,0,2,22,23,22,32,False
1365,15735414945,10,5,3,0,0,31,15,31,24,False
6608,19881266563,31,2,4,0,3,9,10,9,9,True
7986,15165929133,4,2,1,0,2,0,10,0,3,False
2201,17713196465,45,11,4,0,0,26,17,26,32,False
5107,18053307086,34,7,3,0,1,11,15,11,19,False
7746,13943039298,14,2,3,0,0,25,9,25,18,False
13152,19834840803,13,11,4,0,0,32,10,32,32,True
8191,15165929133,8,5,4,0,0,11,15,11,18,False
1132,15661502139,26,0,4,0,0,43,41,43,37,False
13235,19834840803,46,5,4,0,2,15,4,15,18,False
1768,17623708813,13,9,4,0,3,42,46,42,29,False
8362,15167050060,29,0,1,0,1,48,24,48,45,False
9423,16726368276,45,0,4,0,1,25,9,25,25,True
10604,18365196069,22,0,3,0,1,29,1,29,29,True
11430,18664891854,46,13,4,0,1,23,0,23,23,True
10337,17731093916,6,0,4,0,2,8,18,8,18,False
1932,17623708813,27,11,4,0,1,38,42,38,23,False
8356,15167050060,23,6,1,0,0,18,5,18,18,True
4518,15079495784,47,6,4,0,1,11,0,11,32,False
220,13513580369,20,5,4,0,2,4,32,4,32,False
4243,13670356740,23,8,4,0,1,3,2,3,3,True
8648,15167050060,14,7,4,0,1,18,23,18,18,True
6181,19852999776,5,40,4,0,2,18,17,18,18,True
366,13932780308,16,3,1,0,1,37,7,37,32,False
11728,18758415613,43,8,4,0,2,31,39,31,18,False
10463,17731093916,32,7,4,0,0,11,19,11,25,False
6626,19881266563,49,24,4,0,1,38,0,38,38,True
5837,18802233956,12,10,4,0,2,17,41,17,9,False
5923,18802233956,48,1,4,0,1,32,30,32,32,True
1525,15735414945,21,27,4,0,1,19,18,19,32,False
11507,18664891854,23,13,4,0,0,22,8,22,32,False
4625,15797725211,4,19,1,0,2,9,24,9,9,True
13091,19834840803,2,30,4,0,2,33,46,33,32,False
2152,17713196465,46,12,4,0,1,26,25,26,32,False
12436,18989781863,49,6,4,0,3,37,31,37,9,False
6756,13074255915,28,2,1,0,1,38,30,38,9,False
5804,18802233956,29,19,3,0,0,29,15,29,26,False
10393,17731093916,12,1,4,0,3,29,31,29,29,True
6691,19881266563,13,0,4,0,0,40,17,40,30,False
10453,17731093916,22,6,4,0,2,23,36,23,10,False
4022,13670356740,2,2,3,0,0,47,46,47,32,False
7147,13401917913,17,10,2,0,2,23,21,23,17,False
155,13513580369,5,17,4,0,2,12,39,12,24,False
8902,16630722126,25,8,4,0,3,8,6,8,32,False
12452,18989781863,15,7,4,0,0,25,8,25,18,False
6997,13074255915,18,10,4,0,0,27,20,27,32,False
8007,15165929133,25,1,1,0,1,27,34,27,10,False
10029,17527328008,49,92,4,0,2,24,1,24,24,True
13908,19948700293,2,1,4,0,2,30,40,30,30,True
6763,13074255915,35,9,1,0,3,4,12,4,16,False
2467,17807329663,10,6,4,0,2,38,39,38,9,False
847,15260233525,42,2,4,0,1,27,12,27,18,False
5723,18802233956,49,8,1,0,0,33,11,33,32,False
3351,19970957519,33,1,3,0,3,36,18,36,29,False
5924,18802233956,49,15,4,0,2,12,39,12,16,False
3863,13130819298,44,11,4,0,1,32,17,32,32,True
6570,19881266563,43,26,4,0,0,26,14,26,32,False
12751,19550593600,10,11,4,0,2,23,39,23,10,False
880,15260233525,25,11,4,0,1,5,1,5,19,False
3597,13130819298,29,1,1,0,2,16,43,16,16,True
4798,15797725211,26,7,4,0,1,31,10,31,25,False
9427,16726368276,49,15,4,0,0,31,23,31,18,False
5853,18802233956,28,10,4,0,0,33,25,33,32,False
6801,13074255915,22,13,2,0,1,38,45,38,38,True
11447,18664891854,13,7,4,0,2,31,23,31,24,False
14069,19948700293,47,12,4,0,1,26,41,26,26,True
4287,15079495784,17,7,1,0,1,15,21,15,18,False
500,13932780308,49,6,3,0,0,27,13,27,30,False
1833,17623708813,28,0,4,0,0,41,38,41,26,False
7041,13074255915,12,1,4,0,0,25,9,25,25,True
3502,19970957519,34,0,4,0,3,19,5,19,19,True
2423,17807329663,16,9,3,0,1,30,32,30,9,False
2640,17807329663,33,20,4,0,3,36,46,36,3,False
14023,19948700293,1,19,4,0,1,31,16,31,24,False
11386,18664891854,2,22,4,0,0,25,14,25,25,True
11286,18664891854,2,12,3,0,1,9,0,9,9,True
5479,18702113651,5,3,4,0,0,18,11,18,18,True
266,13513580369,16,2,4,0,1,33,36,33,32,False
9624,17331496902,45,5,4,0,1,23,0,23,23,True
8931,16630722126,4,10,4,0,2,33,39,33,32,False
8235,15165929133,2,3,4,0,1,5,9,5,29,False
10207,17731093916,26,3,2,0,2,7,21,7,18,False
7598,13630678332,17,8,4,0,0,23,16,23,9,False
3624,13130819298,5,25,2,0,2,38,46,38,17,False
6550,19881266563,23,4,4,0,1,9,0,9,9,True
4137,13670356740,17,1,4,0,1,9,38,9,9,True
8167,15165929133,34,12,4,0,3,31,39,31,25,False
11384,18664891854,50,9,4,0,1,5,3,5,12,False
12921,19550593600,33,5,4,0,0,38,39,38,9,False
1858,17623708813,3,26,4,0,0,9,12,9,9,True
1601,15735414945,47,9,4,0,2,28,31,28,23,False
5987,18802233956,12,6,4,0,3,26,13,26,32,False
5490,18702113651,16,11,4,0,1,10,15,10,10,True
13378,19859608897,38,10,2,0,0,10,3,10,17,False
11634,18758415613,49,3,2,0,2,39,47,39,18,False
13827,19948700293,21,7,3,0,3,31,40,31,32,False
1095,15661502139,39,22,4,0,0,19,36,19,32,False
12113,18765816132,27,5,4,0,3,16,9,16,18,False
4640,15797725211,19,16,1,0,1,33,24,33,32,False
4633,15797725211,12,2,1,0,3,14,8,14,32,False
8734,16630722126,50,4,1,0,2,34,41,34,18,False
12404,18989781863,17,23,4,0,3,44,48,44,29,False
5928,18802233956,3,11,4,0,2,20,12,20,18,False
1140,15661502139,34,19,4,0,1,23,37,23,23,True
5928,18802233956,3,10,4,0,1,20,12,20,18,False
11997,18765816132,11,3,3,0,3,14,38,14,32,False
2008,17713196465,2,14,2,0,1,9,1,9,9,True
4145,13670356740,25,11,4,0,2,29,31,29,16,False
2278,17713196465,22,3,4,0,1,16,8,16,24,False
920,15661502139,15,5,1,0,0,23,46,23,25,False
12624,19550593600,37,11,1,0,0,22,8,22,17,False
13317,19859608897,28,2,1,0,1,26,34,26,32,False
8955,16630722126,28,3,4,0,1,38,45,38,9,False
2821,18991311567,13,8,4,0,2,1,7,1,18,False
7238,13401917913,8,0,4,0,1,9,15,9,9,True
13286,19834840803,47,9,4,0,2,11,29,11,11,True
2258,17713196465,2,19,4,0,1,37,15,37,38,False
12064,18765816132,28,10,4,0,2,32,40,32,32,True
2174,17713196465,18,54,4,0,3,9,6,9,9,True
12569,18989781863,32,1,4,0,1,34,20,34,38,False
3284,19970957519,16,14,2,0,2,18,46,18,18,True
797,15260233525,42,11,4,0,1,29,15,29,29,True
968,15661502139,12,6,2,0,1,12,8,12,18,False
10696,18365196069,14,12,4,0,2,30,36,30,10,False
11980,18765816132,44,5,2,0,3,21,29,21,10,False
9993,17527328008,13,0,4,0,1,42,40,42,29,False
1796,17623708813,41,143,4,0,3,28,0,28,18,False
9426,16726368276,48,16,4,0,0,13,4,13,17,False
2348,17807329663,42,18,1,0,3,29,24,29,29,True
10461,17731093916,30,1,4,0,2,20,15,20,11,False
2734,18991311567,26,4,2,0,3,16,20,16,16,True
4257,13670356740,37,7,4,0,1,15,14,15,18,False
4551,15079495784,30,14,4,0,0,19,16,19,32,False
11503,18664891854,19,4,4,0,0,9,11,9,9,True
2330,17807329663,24,1,1,0,1,37,29,37,32,False
289,13513580369,39,0,4,0,3,2,45,2,18,False
13519,19859608897,29,7,4,0,1,33,20,33,19,False
12834,19550593600,46,1,4,0,3,9,31,9,9,True
14112,19948700293,40,2,4,0,0,22,24,22,18,False
5181,18053307086,8,15,4,0,2,3,10,3,32,False
1342,15735414945,37,1,2,0,2,7,36,7,18,False
13390,19859608897,50,9,2,0,3,11,19,11,11,True
1523,15735414945,19,6,4,0,0,33,18,33,32,False
11109,18636055184,26,8,4,0,1,5,28,5,12,False
1548,15735414945,44,8,4,0,0,14,7,14,17,False
11326,18664891854,42,2,3,0,1,32,24,32,32,True
2755,18991311567,47,5,2,0,2,10,7,10,10,True
3426,19970957519,8,5,4,0,2,26,24,26,25,False
13096,19834840803,7,21,4,0,3,21,14,21,25,False
6545,19881266563,18,1,4,0,3,9,39,9,9,True
12423,18989781863,36,5,4,0,2,9,46,9,9,True
10048,17527328008,18,0,4,0,1,1,31,1,18,False
525,13932780308,24,0,4,0,1,19,8,19,19,True
5964,18802233956,39,18,4,0,0,42,45,42,29,False
10346,17731093916,15,4,4,0,1,44,43,44,45,False
8572,15167050060,38,12,4,0,1,33,2,33,38,False
681,15260233525,28,11,3,0,1,33,32,33,32,False
2669,18991311567,12,9,1,0,0,30,23,30,30,True
12086,18765816132,50,6,4,0,1,10,9,10,17,False
11392,18664891854,8,4,4,0,0,39,40,39,29,False
7227,13401917913,47,10,3,0,1,38,46,38,38,True
8915,16630722126,38,5,4,0,3,37,39,37,9,False
6849,13074255915,20,0,3,0,1,34,20,34,18,False
5844,18802233956,19,4,4,0,3,38,39,38,9,False
12881,19550593600,43,12,4,0,2,25,45,25,18,False
3725,13130819298,6,14,4,0,2,28,46,28,23,False
2464,17807329663,7,28,4,0,2,10,17,10,23,False
5758,18802233956,33,2,2,0,1,26,1,26,9,False
11790,18758415613,5,23,4,0,0,22,9,22,17,False
1176,15661502139,22,3,4,0,3,16,8,16,24,False
13277,19834840803,38,5,4,0,0,44,29,44,19,False
1257,15735414945,3,6,1,0,0,19,0,19,32,False
5877,18802233956,2,22,4,0,2,24,15,24,24,True
7953,13943039298,21,2,4,0,2,17,24,17,10,False
1865,17623708813,10,2,4,0,3,32,26,32,32,True
3769,13130819298,50,5,4,0,2,18,14,18,18,True
10210,17731093916,29,3,2,0,0,37,21,37,38,False
3334,19970957519,16,5,3,0,3,28,29,28,18,False
8868,16630722126,41,15,3,0,3,33,39,33,32,False
13886,19948700293,30,9,4,0,3,24,9,24,24,True
346,13513580369,46,2,4,0,1,30,22,30,17,False
7792,13943039298,10,9,4,0,3,37,38,37,45,False
9970,17527328008,40,5,4,0,2,7,31,7,18,False
10857,18636055184,25,0,1,0,0,46,24,46,29,False
7061,13074255915,32,20,4,0,1,17,0,17,18,False
8978,16630722126,1,6,4,0,1,46,24,46,29,False
7073,13074255915,44,5,4,0,1,11,3,11,25,False
3393,19970957519,25,1,4,0,2,18,38,18,18,True
14061,19948700293,39,0,4,0,2,1,30,1,18,False
12698,19550593600,10,5,3,0,3,29,8,29,32,False
6830,13074255915,1,1,3,0,2,0,30,0,16,False
1788,17623708813,33,39,4,0,2,26,24,26,18,False
12495,18989781863,8,0,4,0,0,11,10,11,11,True
4589,15079495784,18,30,4,0,3,2,3,2,32,False
2313,17807329663,7,0,1,0,0,40,9,40,30,False
4125,13670356740,5,1,4,0,1,12,15,12,12,True
12111,18765816132,25,32,4,0,1,17,24,17,23,False
10320,17731093916,39,0,4,0,1,48,31,48,29,False
1162,15661502139,8,9,4,0,3,11,12,11,32,False
14084,19948700293,12,0,4,0,3,21,24,21,18,False
6172,19852999776,46,3,3,0,1,3,9,3,32,False
3793,13130819298,24,10,4,0,2,20,13,20,18,False
5172,18053307086,49,10,4,0,2,33,38,33,11,False
4151,13670356740,31,6,4,0,0,32,13,32,32,True
5498,18702113651,24,21,4,0,0,12,0,12,18,False
4801,15797725211,29,19,4,0,3,30,31,30,9,False
1108,15661502139,2,3,4,0,3,24,11,24,25,False
6474,19881266563,47,6,2,0,3,3,5,3,18,False
5274,18053307086,1,6,4,0,0,33,17,33,32,False
11570,18758415613,36,2,1,0,3,2,12,2,32,False
1036,15661502139,30,13,3,0,2,14,21,14,10,False
8375,15167050060,42,6,1,0,0,27,20,27,17,False
8661,15167050060,27,12,4,0,3,22,24,22,18,False
4137,13670356740,17,29,4,0,3,16,38,16,18,False
3911,13130819298,42,7,4,0,2,29,41,29,18,False
13964,19948700293,8,2,4,0,3,31,18,31,25,False
4185,13670356740,15,7,4,0,2,4,10,4,23,False
8979,16630722126,2,4,4,0,3,39,27,39,29,False
10198,17731093916,17,9,2,0,1,47,40,47,32,False
769,15260233525,14,11,4,0,1,26,1,26,32,False
6780,13074255915,1,8,2,0,2,10,16,10,32,False
9029,16630722126,2,3,4,0,0,46,25,46,19,False
837,15260233525,32,1,4,0,3,4,18,4,30,False
6437,19881266563,10,19,2,0,0,9,17,9,9,True
5459,18702113651,35,10,3,0,0,27,13,27,17,False
6182,19852999776,6,12,4,0,0,24,30,24,24,True
1487,15735414945,33,4,4,0,0,28,2,28,18,False
7666,13943039298,35,1,1,0,2,25,24,25,25,True
12891,19550593600,3,14,4,0,2,25,39,25,25,True
13761,19948700293,20,13,3,0,0,10,1,10,30,False
13242,19834840803,3,2,4,0,2,16,7,16,24,False
4116,13670356740,46,11,4,0,1,44,7,44,37,False
7023,13074255915,44,1,4,0,3,10,6,10,32,False
2101,17713196465,45,11,3,0,3,10,46,10,32,False
12584,18989781863,47,5,4,0,1,29,28,29,26,False
11639,18758415613,4,14,3,0,0,14,8,14,17,False
3897,13130819298,28,16,4,0,2,28,39,28,18,False
2180,17713196465,24,19,4,0,3,11,31,11,11,True
1188,15661502139,34,20,4,0,0,7,0,7,18,False
12858,19550593600,20,2,4,0,2,9,19,9,9,True
2850,18991311567,42,6,4,0,1,31,16,31,25,False
2202,17713196465,46,22,4,0,0,12,6,12,18,False
6888,13074255915,9,6,4,0,1,22,21,22,38,False
3635,13130819298,16,8,2,0,3,10,39,10,32,False
147,13513580369,47,3,3,0,3,23,39,23,23,True
2588,17807329663,31,10,4,0,1,38,0,38,38,True
6725,19881266563,47,21,4,0,2,39,16,39,24,False
7460,13630678332,30,1,1,0,1,29,8,29,26,False
7848,13943039298,16,5,4,0,0,33,5,33,32,False
4677,15797725211,5,0,2,0,3,36,11,36,37,False
6563,19881266563,36,44,4,0,0,16,24,16,16,True
5828,18802233956,3,7,4,0,0,36,29,36,29,False
1090,15661502139,34,3,4,0,1,25,7,25,25,True
73,13513580369,23,8,2,0,2,37,43,37,26,False
9337,16726368276,9,3,4,0,1,8,36,8,3,False
7186,13401917913,6,11,3,0,0,17,31,17,9,False
2455,17807329663,48,1,3,0,1,46,38,46,45,False
11198,18664891854,15,5,1,0,0,20,19,20,25,False
12705,19550593600,17,0,3,0,0,9,6,9,9,True
1488,15735414945,34,23,4,0,0,29,21,29,25,False
13987,19948700293,31,6,4,0,1,38,14,38,38,True
4480,15079495784,9,22,4,0,0,18,10,18,18,True
8212,15165929133,29,26,4,0,0,34,20,34,25,False
2655,17807329663,48,3,4,0,2,3,24,3,3,True
5495,18702113651,21,45,4,0,2,17,34,17,9,False
3184,19831701219,17,16,4,0,1,30,38,30,9,False
8769,16630722126,34,14,2,0,3,16,8,16,25,False
13657,19948700293,17,4,1,0,1,45,38,45,45,True
5778,18802233956,3,10,3,0,1,38,29,38,9,False
11426,18664891854,42,12,4,0,1,32,0,32,32,True
4934,15797725211,12,0,4,0,1,11,4,11,26,False
10314,17731093916,33,1,4,0,3,30,31,30,10,False
6149,19852999776,23,4,3,0,3,26,18,26,32,False
12888,19550593600,50,4,4,0,3,23,4,23,9,False
7958,13943039298,26,5,4,0,3,25,13,25,17,False
4838,15797725211,16,8,4,0,3,30,24,30,9,False
9747,17331496902,18,5,4,0,0,41,23,41,30,False
5899,18802233956,24,10,4,0,1,26,19,26,32,False
8199,15165929133,16,20,4,0,2,23,46,23,10,False
467,13932780308,16,8,3,0,1,36,30,36,32,False
826,15260233525,21,9,4,0,1,19,32,19,3,False
9419,16726368276,41,26,4,0,3,32,34,32,32,True
1838,17623708813,5,4,4,0,0,38,9,38,18,False
13744,19948700293,3,12,3,0,3,22,39,22,10,False
12828,19550593600,40,1,4,0,2,2,16,2,37,False
5707,18802233956,33,2,1,0,0,30,37,30,30,True
9686,17331496902,7,0,4,0,3,39,16,39,25,False
8626,15167050060,42,10,4,0,0,22,15,22,17,False
2838,18991311567,30,2,4,0,2,1,10,1,18,False
3348,19970957519,30,7,3,0,0,14,0,14,18,False
3305,19970957519,37,10,2,0,3,36,17,36,37,False
10113,17527328008,33,0,4,0,2,24,25,24,25,False
12211,18765816132,25,14,4,0,0,16,8,16,24,False
11608,18758415613,23,2,2,0,1,26,45,26,19,False
61,13513580369,11,6,2,0,0,22,1,22,19,False
13859,19948700293,3,5,4,0,0,39,34,39,18,False
7016,13074255915,37,20,4,0,2,32,48,32,3,False
8076,15165929133,43,4,2,0,3,46,48,46,37,False
4267,13670356740,47,4,4,0,3,32,17,32,32,True
13979,19948700293,23,1,4,0,2,47,38,47,32,False
5218,18053307086,45,15,4,0,0,43,21,43,18,False
9039,16630722126,12,9,4,0,2,10,41,10,32,False
5094,18053307086,21,1,3,0,3,37,41,37,37,True
4528,15079495784,7,3,4,0,3,7,18,7,18,False
7270,13401917913,40,6,4,0,2,15,45,15,18,False
9543,17331496902,14,14,3,0,1,15,14,15,18,False
8619,15167050060,35,15,4,0,2,16,15,16,25,False
1534,15735414945,30,10,4,0,3,19,26,19,32,False
6585,19881266563,8,15,4,0,1,11,14,11,18,False
1443,15735414945,38,12,4,0,3,32,25,32,32,True
11956,18765816132,20,0,2,0,1,5,9,5,19,False
6452,19881266563,25,0,2,0,1,19,0,19,19,True
1840,17623708813,7,5,4,0,0,28,9,28,18,False
5874,18802233956,49,1,4,0,2,0,23,0,9,False
2710,18991311567,2,7,2,0,1,46,42,46,9,False
711,15260233525,6,1,4,0,3,39,47,39,18,False
2093,17713196465,37,4,3,0,0,23,31,23,23,True
8160,15165929133,27,3,4,0,3,8,47,8,32,False
2846,18991311567,38,9,4,0,1,24,17,24,24,True
8395,15167050060,11,9,2,0,0,30,22,30,32,False
14044,19948700293,22,49,4,0,0,14,9,14,17,False
6773,13074255915,45,2,1,0,0,7,1,7,18,False
10728,18365196069,46,17,4,0,0,38,31,38,9,False
9007,16630722126,30,3,4,0,0,10,11,10,10,True
5428,18702113651,4,13,3,0,0,19,9,19,32,False
8917,16630722126,40,42,4,0,2,11,13,11,11,True
7556,13630678332,25,14,3,0,0,10,0,10,10,True
7785,13943039298,3,1,4,0,1,24,9,24,25,False
3687,13130819298,18,7,3,0,1,12,0,12,18,False
2348,17807329663,42,23,1,0,3,10,24,10,32,False
8275,15165929133,42,2,4,0,2,17,12,17,37,False
2775,18991311567,17,1,3,0,3,14,11,14,32,False
5665,18702113651,41,2,4,0,0,44,39,44,29,False
8160,15165929133,27,0,4,0,1,1,47,1,18,False
4575,15079495784,4,18,4,0,0,24,5,24,18,False
9360,16726368276,32,14,4,0,3,22,31,22,3,False
4870,15797725211,48,9,4,0,0,30,34,30,10,False
6038,19852999776,13,7,1,0,1,33,31,33,32,False
12555,18989781863,18,7,4,0,0,38,39,38,17,False
5657,18702113651,33,4,4,0,1,13,25,13,3,False
4147,13670356740,27,8,4,0,0,28,8,28,18,False
2945,19831701219,28,3,2,0,1,23,8,23,9,False
5424,18702113651,50,1,2,0,2,4,26,4,9,False
6661,19881266563,34,65,4,0,0,27,20,27,18,False
13055,19834840803,16,9,3,0,1,40,39,40,9,False
10082,17527328008,2,4,4,0,0,44,30,44,45,False
13886,19948700293,30,11,4,0,3,24,9,24,24,True
8225,15165929133,42,0,4,0,3,33,47,33,23,False
1198,15661502139,44,5,4,0,0,33,13,33,32,False
6410,19881266563,34,2,1,0,2,23,14,23,23,True
4789,15797725211,17,12,4,0,2,12,25,12,24,False
13871,19948700293,15,5,4,0,1,38,45,38,38,True
8457,15167050060,23,4,3,0,1,30,36,30,30,True
13533,19859608897,43,2,4,0,0,44,31,44,37,False
9083,16726368276,6,0,1,0,2,5,34,5,37,False
2930,19831701219,13,0,2,0,3,3,18,3,3,True
13251,19834840803,12,6,4,0,3,8,9,8,32,False
5454,18702113651,30,4,3,0,2,3,32,3,3,True
6083,19852999776,7,13,2,0,1,6,5,6,18,False
9844,17527328008,14,2,2,0,1,26,33,26,19,False
5312,18053307086,39,15,4,0,1,18,9,18,18,True
709,15260233525,4,16,4,0,2,12,33,12,16,False
8574,15167050060,40,0,4,0,2,38,46,38,17,False
1898,17623708813,43,25,4,0,0,23,18,23,9,False
2869,19831701219,3,1,1,0,2,22,36,22,10,False
4466,15079495784,45,18,4,0,3,14,17,14,32,False
12518,18989781863,31,1,4,0,0,16,0,16,25,False
10133,17731093916,3,0,1,0,0,19,2,19,19,True
11454,18664891854,20,4,4,0,1,26,19,26,29,False
11442,18664891854,8,6,4,0,2,24,0,24,24,True
12535,18989781863,48,7,4,0,2,38,40,38,17,False
12661,19550593600,18,3,2,0,2,25,31,25,25,True
4101,13670356740,31,12,4,0,0,38,16,38,18,False
493,13932780308,42,0,3,0,0,17,1,17,17,True
11582,18758415613,48,0,1,0,1,45,42,45,45,True
10110,17527328008,30,4,4,0,0,38,40,38,9,False
12097,18765816132,11,10,4,0,1,17,16,17,18,False
3555,19970957519,37,31,4,0,2,17,36,17,30,False
831,15260233525,26,9,4,0,0,29,15,29,29,True
4450,15079495784,29,42,4,0,3,28,18,28,25,False
1693,17623708813,38,14,2,0,3,45,39,45,37,False
6702,19881266563,24,13,4,0,1,30,24,30,30,True
6150,19852999776,24,18,3,0,3,25,24,25,24,False
3085,19831701219,18,11,4,0,1,20,8,20,18,False
6391,19881266563,15,3,1,0,2,10,17,10,32,False
8685,16630722126,1,5,1,0,1,45,37,45,45,True
8857,16630722126,30,2,3,0,0,12,8,12,18,False
6130,19852999776,4,2,3,0,0,31,23,31,31,True
12201,18765816132,15,6,4,0,1,39,9,39,24,False
12106,18765816132,20,6,4,0,1,8,19,8,17,False
12249,18989781863,13,0,1,0,2,2,47,2,18,False
6514,19881266563,37,2,3,0,2,23,44,23,3,False
10706,18365196069,24,4,4,0,1,45,42,45,45,True
1095,15661502139,39,8,4,0,3,11,36,11,11,True
1550,15735414945,46,10,4,0,3,22,14,22,32,False
10829,18365196069,47,9,4,0,2,19,29,19,19,True
334,13513580369,34,6,4,0,1,36,28,36,18,False
5996,18802233956,21,9,4,0,3,3,25,3,32,False
6698,19881266563,20,1,4,0,3,10,46,10,10,True
2400,17807329663,43,0,2,0,3,8,27,8,29,False
4740,15797725211,18,31,3,0,2,3,20,3,9,False
11067,18636055184,34,1,4,0,0,20,14,20,11,False
5835,18802233956,10,9,4,0,0,30,39,30,30,True
171,13513580369,21,3,4,0,1,11,17,11,11,True
12129,18765816132,43,10,4,0,3,38,45,38,9,False
70,13513580369,20,1,2,0,3,14,3,14,32,False
4824,15797725211,2,5,4,0,2,15,23,15,18,False
8455,15167050060,21,11,3,0,1,33,40,33,32,False
9815,17527328008,36,4,1,0,2,10,12,10,32,False
5227,18053307086,4,8,4,0,2,2,7,2,11,False
1889,17623708813,34,12,4,0,0,8,11,8,32,False
4663,15797725211,42,11,1,0,1,37,22,37,18,False
534,13932780308,33,0,4,0,1,24,1,24,25,False
10246,17731093916,15,3,3,0,1,37,0,37,9,False
360,13932780308,10,8,1,0,2,24,30,24,24,True
356,13932780308,6,1,1,0,0,45,43,45,45,True
1465,15735414945,11,21,4,0,3,25,9,25,25,True
9150,16726368276,22,0,2,0,2,13,45,13,10,False
9113,16726368276,36,1,1,0,0,9,12,9,9,True
6712,19881266563,34,7,4,0,0,47,46,47,19,False
11056,18636055184,23,7,4,0,0,17,8,17,31,False
5434,18702113651,10,8,3,0,3,28,0,28,18,False
11481,18664891854,47,2,4,0,2,22,28,22,32,False
3440,19970957519,22,19,4,0,0,17,24,17,9,False
7049,13074255915,20,31,4,0,2,26,41,26,11,False
11416,18664891854,32,19,4,0,0,14,8,14,17,False
12888,19550593600,50,2,4,0,2,15,4,15,38,False
1931,17623708813,26,2,4,0,2,20,13,20,11,False
9691,17331496902,12,1,4,0,2,7,33,7,18,False
9645,17331496902,16,0,4,0,2,10,48,10,10,True
6542,19881266563,15,22,4,0,3,28,10,28,17,False
3390,19970957519,22,18,4,0,0,43,36,43,18,False
7945,13943039298,13,1,4,0,3,1,3,1,18,False
10995,18636055184,12,6,4,0,0,39,24,39,24,False
6200,19852999776,24,12,4,0,2,28,44,28,18,False
2500,17807329663,43,15,4,0,3,31,17,31,24,False
6670,19881266563,43,29,4,0,0,37,22,37,38,False
6071,19852999776,46,3,1,0,3,16,31,16,18,False
5179,18053307086,6,21,4,0,2,31,15,31,25,False
12810,19550593600,22,35,4,0,0,37,8,37,38,False
1410,15735414945,5,5,4,0,1,24,19,24,24,True
11357,18664891854,23,16,4,0,1,23,22,23,23,True
3871,13130819298,2,14,4,0,0,19,16,19,32,False
11915,18765816132,30,0,1,0,1,13,33,13,19,False
886,15260233525,31,8,4,0,3,11,39,11,32,False
6909,13074255915,30,15,4,0,0,46,20,46,29,False
8970,16630722126,43,2,4,0,0,24,3,24,24,True
9119,16726368276,42,0,1,0,1,48,24,48,45,False
2335,17807329663,29,5,1,0,1,12,11,12,18,False
6013,18802233956,38,43,4,0,1,25,31,25,25,True
2656,17807329663,49,5,4,0,3,24,17,24,24,True
9957,17527328008,27,6,4,0,1,38,46,38,38,True
5362,18702113651,39,6,1,0,3,35,45,35,29,False
3773,13130819298,4,27,4,0,2,32,39,32,32,True
793,15260233525,38,1,4,0,0,19,0,19,32,False
5955,18802233956,30,20,4,0,1,15,28,15,18,False
8399,15167050060,15,9,2,0,0,36,22,36,32,False
6538,19881266563,11,14,4,0,3,17,20,17,17,True
9210,16726368276,32,1,3,0,1,8,22,8,8,True
2095,17713196465,39,15,3,0,2,2,0,2,23,False
3836,13130819298,17,4,4,0,0,30,25,30,10,False
7627,13630678332,46,17,4,0,2,16,1,16,24,False
2122,17713196465,16,9,4,0,2,20,13,20,18,False
4198,13670356740,28,1,4,0,0,9,33,9,9,True
9156,16726368276,28,6,2,0,2,23,29,23,10,False
11311,18664891854,27,13,3,0,3,32,40,32,32,True
9495,17331496902,16,3,2,0,0,9,24,9,9,True
298,13513580369,48,0,4,0,2,21,46,21,18,False
8911,16630722126,34,10,4,0,1,41,40,41,30,False
11801,18758415613,16,8,4,0,2,30,40,30,9,False
7315,13401917913,35,22,4,0,2,16,22,16,25,False
5903,18802233956,28,5,4,0,2,6,39,6,23,False
304,13513580369,4,8,4,0,0,14,0,14,17,False
9096,16726368276,19,2,1,0,1,48,40,48,37,False
4700,15797725211,28,5,2,0,0,45,44,45,45,True
5485,18702113651,11,2,4,0,1,23,21,23,23,True
5506,18702113651,32,2,4,0,2,15,41,15,10,False
9410,16726368276,32,21,4,0,1,4,3,4,23,False
5347,18702113651,24,4,1,0,1,11,8,11,19,False
10127,17527328008,47,5,4,0,3,29,8,29,25,False
759,15260233525,4,28,4,0,2,14,21,14,15,False
6955,13074255915,26,20,4,0,2,39,26,39,25,False
12227,18765816132,41,14,4,0,1,38,45,38,9,False
10674,18365196069,42,18,4,0,3,33,34,33,32,False
11178,18636055184,45,6,4,0,1,37,43,37,3,False
6974,13074255915,45,1,4,0,3,16,2,16,16,True
258,13513580369,8,2,4,0,3,2,45,2,9,False
9475,17331496902,47,0,1,0,0,22,8,22,17,False
8077,15165929133,44,11,2,0,2,34,48,34,18,False
5522,18702113651,48,34,4,0,0,15,8,15,18,False
12134,18765816132,48,6,4,0,3,26,48,26,18,False
615,15260233525,12,3,2,0,1,32,2,32,32,True
5428,18702113651,4,5,3,0,2,24,9,24,24,True
7871,13943039298,39,8,4,0,0,18,5,18,18,True
1934,17623708813,29,2,4,0,3,18,15,18,18,True
11247,18664891854,13,3,2,0,0,25,18,25,32,False
4568,15079495784,47,9,4,0,3,29,19,29,29,True
11973,18765816132,37,9,2,0,0,27,19,27,17,False
1760,17623708813,5,26,4,0,1,31,17,31,18,False
7879,13943039298,47,10,4,0,2,34,40,34,18,False
6778,13074255915,50,0,1,0,2,16,14,16,24,False
7319,13401917913,39,15,4,0,2,6,20,6,3,False
364,13932780308,14,3,1,0,2,10,17,10,32,False
4060,13670356740,40,9,3,0,3,10,31,10,10,True
9686,17331496902,7,10,4,0,1,17,16,17,18,False
3687,13130819298,18,8,3,0,1,11,0,11,32,False
5867,18802233956,42,2,4,0,2,30,41,30,10,False
3657,13130819298,38,0,2,0,3,45,47,45,45,True
11008,18636055184,25,14,4,0,0,22,7,22,32,False
3344,19970957519,26,14,3,0,2,37,43,37,26,False
2514,17807329663,7,8,4,0,0,18,9,18,18,True
12295,18989781863,8,0,2,0,2,3,47,3,3,True
2801,18991311567,43,1,3,0,2,6,27,6,18,False
10621,18365196069,39,6,3,0,0,32,13,32,19,False
2464,17807329663,7,21,4,0,3,18,17,18,18,True
11727,18758415613,42,4,4,0,0,23,1,23,17,False
2958,19831701219,41,1,2,0,3,35,21,35,32,False
2341,17807329663,35,4,1,0,1,32,44,32,32,True
12956,19834840803,18,0,1,0,3,16,39,16,18,False
12474,18989781863,37,1,4,0,3,1,47,1,18,False
2826,18991311567,18,1,4,0,2,4,46,4,18,False
10286,17731093916,5,6,4,0,2,10,31,10,32,False
10420,17731093916,39,1,4,0,3,22,31,22,10,False
7755,13943039298,23,5,3,0,2,15,31,15,10,False
11329,18664891854,45,3,3,0,2,15,22,15,18,False
2791,18991311567,33,3,3,0,3,29,45,29,29,True
11358,18664891854,24,7,4,0,3,10,19,10,10,True
13762,19948700293,21,4,3,0,0,37,32,37,37,True
6224,19852999776,48,14,4,0,0,44,39,44,29,False
11746,18758415613,11,2,4,0,1,31,30,31,25,False
2174,17713196465,18,52,4,0,0,15,6,15,17,False
7600,13630678332,19,9,4,0,3,22,24,22,18,False
12814,19550593600,26,10,4,0,0,35,21,35,31,False
3032,19831701219,15,15,4,0,2,12,39,12,24,False
8089,15165929133,6,3,3,0,2,28,8,28,25,False
8314,15165929133,31,8,4,0,1,33,24,33,18,False
11162,18636055184,29,3,4,0,1,47,41,47,29,False
7313,13401917913,33,3,4,0,2,3,4,3,18,False
2095,17713196465,39,1,3,0,0,38,0,38,17,False
7671,13943039298,40,2,1,0,1,27,33,27,3,False
7893,13943039298,11,9,4,0,0,16,2,16,18,False
7853,13943039298,21,3,4,0,0,8,1,8,9,False
7753,13943039298,21,0,3,0,3,39,32,39,29,False
13835,19948700293,29,3,3,0,2,3,38,3,3,True
5865,18802233956,40,17,4,0,1,37,16,37,18,False
8546,15167050060,12,11,4,0,2,7,6,7,18,False
11641,18758415613,6,16,3,0,1,23,8,23,9,False
1434,15735414945,29,3,4,0,1,16,36,16,25,False
6976,13074255915,47,15,4,0,2,32,41,32,32,True
3523,19970957519,5,23,4,0,1,15,0,15,38,False
8754,16630722126,19,15,2,0,1,18,1,18,18,True
13986,19948700293,30,8,4,0,1,33,25,33,29,False
1762,17623708813,7,28,4,0,2,16,41,16,16,True
13995,19948700293,6,3,4,0,3,31,17,31,25,False
4678,15797725211,6,1,2,0,0,30,25,30,9,False
1009,15661502139,3,6,3,0,0,30,16,30,30,True
11682,18758415613,47,0,3,0,1,29,7,29,29,True
7821,13943039298,39,14,4,0,3,9,3,9,9,True
3315,19970957519,47,10,2,0,3,12,5,12,18,False
3882,13130819298,13,9,4,0,2,28,44,28,23,False
13376,19859608897,36,8,2,0,1,18,3,18,18,True
3528,19970957519,10,12,4,0,1,27,0,27,18,False
2276,17713196465,20,8,4,0,2,18,27,18,9,False
9304,16726368276,26,5,4,0,1,8,16,8,3,False
6517,19881266563,40,0,3,0,3,37,17,37,37,True
9971,17527328008,41,3,4,0,2,39,24,39,24,False
9712,17331496902,33,4,4,0,0,32,17,32,32,True
6461,19881266563,34,7,2,0,1,29,28,29,37,False
5847,18802233956,22,11,4,0,1,26,19,26,29,False
10762,18365196069,30,1,4,0,3,44,40,44,29,False
1760,17623708813,5,4,4,0,1,24,17,24,24,True
3859,13130819298,40,37,4,0,3,28,17,28,25,False
3628,13130819298,9,20,2,0,1,38,44,38,9,False
7865,13943039298,33,1,4,0,1,4,10,4,25,False
7628,13630678332,47,10,4,0,0,11,20,11,11,True
13541,19859608897,1,2,4,0,1,34,13,34,19,False
6663,19881266563,36,4,4,0,1,19,39,19,10,False
4175,13670356740,5,0,4,0,1,19,33,19,19,True
4783,15797725211,11,1,4,0,0,7,16,7,18,False
7995,15165929133,13,12,1,0,0,30,23,30,19,False
5820,18802233956,45,1,3,0,1,34,14,34,9,False
10680,18365196069,48,15,4,0,3,16,9,16,16,True
4198,13670356740,28,14,4,0,1,34,33,34,23,False
13099,19834840803,10,1,4,0,1,2,1,2,26,False
3291,19970957519,23,19,2,0,2,8,0,8,32,False
1793,17623708813,38,14,4,0,3,17,34,17,9,False
11072,18636055184,39,8,4,0,1,33,5,33,29,False
13724,19948700293,33,11,2,0,0,22,8,22,17,False
1437,15735414945,32,18,4,0,2,30,46,30,30,True
2771,18991311567,13,4,3,0,0,9,10,9,9,True
5530,18702113651,6,111,4,0,2,22,3,22,9,False
4460,15079495784,39,10,4,0,0,8,6,8,45,False
8334,15167050060,1,12,1,0,1,29,28,29,26,False
6224,19852999776,48,11,4,0,3,36,39,36,25,False
5226,18053307086,3,6,4,0,0,32,12,32,32,True
1567,15735414945,13,21,4,0,2,38,44,38,9,False
13674,19948700293,34,11,1,0,3,17,24,17,9,False
2561,17807329663,4,11,4,0,1,11,3,11,18,False
4076,13670356740,6,3,4,0,2,25,23,25,25,True
5940,18802233956,15,6,4,0,1,19,43,19,32,False
4707,15797725211,35,2,2,0,0,15,1,15,18,False
5893,18802233956,18,3,4,0,0,25,10,25,24,False
5177,18053307086,4,4,4,0,0,18,3,18,18,True
14112,19948700293,40,4,4,0,3,22,24,22,17,False
13756,19948700293,15,2,3,0,2,4,2,4,23,False
8508,15167050060,24,15,4,0,3,32,39,32,32,True
5490,18702113651,16,2,4,0,1,26,15,26,24,False
3761,13130819298,42,10,4,0,0,27,9,27,32,False
2749,18991311567,41,8,2,0,1,12,15,12,18,False
3771,13130819298,2,58,4,0,2,22,24,22,32,False
5109,18053307086,36,0,3,0,2,39,38,39,12,False
6632,19881266563,5,11,4,0,1,30,15,30,9,False
1602,15735414945,48,8,4,0,3,25,7,25,24,False
6471,19881266563,44,5,2,0,0,25,12,25,23,False
203,13513580369,3,5,4,0,0,27,12,27,32,False
5541,18702113651,17,4,4,0,3,31,6,31,18,False
5384,18702113651,10,4,2,0,3,35,41,35,29,False
10759,18365196069,27,10,4,0,2,37,45,37,9,False
4614,15079495784,43,15,4,0,3,30,43,30,30,True
4855,15797725211,33,8,4,0,1,17,25,17,17,True
4883,15797725211,11,12,4,0,1,37,30,37,18,False
763,15260233525,8,0,4,0,2,39,0,39,25,False
5391,18702113651,17,7,2,0,1,37,35,37,32,False
6498,19881266563,21,2,3,0,2,38,46,38,9,False
1098,15661502139,42,27,4,0,0,13,41,13,10,False
1792,17623708813,37,13,4,0,0,22,10,22,32,False
544,13932780308,43,11,4,0,1,22,14,22,32,False
6832,13074255915,3,2,3,0,1,40,48,40,19,False
7594,13630678332,13,22,4,0,0,33,39,33,32,False
4952,15797725211,30,4,4,0,1,37,21,37,38,False
4810,15797725211,38,5,4,0,3,22,19,22,9,False
1629,17623708813,25,7,1,0,3,18,3,18,18,True
1803,17623708813,48,0,4,0,0,19,5,19,19,True
10984,18636055184,1,12,4,0,3,18,12,18,17,False
8331,15165929133,48,7,4,0,1,16,15,16,25,False
179,13513580369,29,19,4,0,0,9,16,9,9,True
8510,15167050060,26,1,4,0,2,34,47,34,23,False
13743,19948700293,2,1,3,0,2,10,4,10,32,False
3962,13670356740,43,6,1,0,1,13,20,13,10,False
6338,19852999776,12,0,4,0,0,48,46,48,29,False
2215,17713196465,9,10,4,0,0,23,25,23,23,True
6174,19852999776,48,12,3,0,3,25,46,25,25,True
822,15260233525,17,6,4,0,3,36,46,36,18,False
9806,17527328008,27,9,1,0,1,18,9,18,18,True
3533,19970957519,15,2,4,0,2,17,18,17,23,False
11549,18758415613,15,2,1,0,2,4,30,4,23,False
4258,13670356740,38,31,4,0,2,18,17,18,18,True
4450,15079495784,29,35,4,0,2,31,18,31,16,False
14008,19948700293,19,4,4,0,3,2,19,2,17,False
5859,18802233956,34,13,4,0,3,30,24,30,9,False
2940,19831701219,23,6,2,0,1,11,0,11,32,False
5750,18802233956,25,0,2,0,0,13,40,13,19,False
11030,18636055184,47,4,4,0,0,15,11,15,23,False
4533,15079495784,12,14,4,0,0,35,14,35,31,False
2834,18991311567,26,24,4,0,0,20,16,20,18,False
1342,15735414945,37,0,2,0,2,0,36,0,16,False
3665,13130819298,46,7,2,0,3,18,3,18,18,True
6643,19881266563,16,9,4,0,1,3,15,3,3,True
6723,19881266563,45,1,4,0,0,37,9,37,18,False
1447,15735414945,42,7,4,0,3,18,16,18,18,True
8528,15167050060,44,6,4,0,3,14,37,14,32,False
3731,13130819298,12,9,4,0,0,30,16,30,30,True
8714,16630722126,30,3,1,0,0,32,20,32,19,False
1651,17623708813,47,3,1,0,3,5,20,5,32,False
13328,19859608897,39,0,1,0,3,21,39,21,25,False
6975,13074255915,46,3,4,0,2,31,29,31,24,False
5373,18702113651,50,2,1,0,3,25,20,25,25,True
5629,18702113651,5,18,4,0,1,15,0,15,38,False
3919,13130819298,50,7,4,0,3,31,18,31,25,False
13798,19948700293,7,4,4,0,2,10,12,10,10,True
4643,15797725211,22,14,1,0,3,25,27,25,25,True
5124,18053307086,1,18,4,0,0,37,21,37,38,False
9179,16726368276,1,9,3,0,3,22,30,22,32,False
10674,18365196069,42,16,4,0,2,25,34,25,18,False
6685,19881266563,7,28,4,0,1,1,7,1,32,False
11990,18765816132,4,5,3,0,3,25,20,25,25,True
4081,13670356740,11,2,4,0,0,25,2,25,18,False
11199,18664891854,16,4,1,0,3,16,24,16,18,False
2637,17807329663,30,16,4,0,2,8,7,8,18,False
2167,17713196465,11,11,4,0,1,18,3,18,18,True
1899,17623708813,44,26,4,0,1,15,14,15,18,False
9986,17527328008,6,0,4,0,3,22,25,22,17,False
13959,19948700293,3,2,4,0,1,19,10,19,19,True
5915,18802233956,40,3,4,0,1,17,27,17,17,True
12337,18989781863,50,3,2,0,1,32,48,32,32,True
6368,19852999776,42,0,4,0,2,0,19,0,23,False
2829,18991311567,21,49,4,0,0,36,23,36,37,False
1079,15661502139,23,20,4,0,1,19,24,19,19,True
286,13513580369,36,9,4,0,2,2,9,2,18,False
9981,17527328008,1,5,4,0,2,8,32,8,9,False
5530,18702113651,6,100,4,0,2,0,3,0,32,False
1002,15661502139,46,1,2,0,3,14,42,14,18,False
1878,17623708813,23,2,4,0,2,26,46,26,25,False
13455,19859608897,15,0,4,0,1,32,30,32,32,True
12218,18765816132,32,10,4,0,3,11,5,11,25,False
8047,15165929133,14,2,2,0,1,45,42,45,45,True
3684,13130819298,15,6,3,0,1,29,43,29,24,False
7610,13630678332,29,1,4,0,0,15,4,15,23,False
1253,15661502139,49,45,4,0,1,18,14,18,18,True
6507,19881266563,30,5,3,0,0,9,24,9,9,True
3984,13670356740,14,4,2,0,2,15,37,15,23,False
5312,18053307086,39,6,4,0,3,24,9,24,24,True
4966,15797725211,44,65,4,0,0,14,41,14,18,False
12536,18989781863,49,8,4,0,0,7,1,7,18,False
8878,16630722126,1,14,4,0,1,40,39,40,9,False
3786,13130819298,17,5,4,0,0,36,29,36,24,False
81,13513580369,31,4,2,0,2,10,24,10,32,False
13279,19834840803,40,7,4,0,2,27,40,27,32,False
3815,13130819298,46,1,4,0,3,10,18,10,23,False
37,13513580369,38,2,1,0,0,23,19,23,23,True
9754,17331496902,25,0,4,0,3,22,25,22,17,False
3658,13130819298,39,9,2,0,2,40,47,40,19,False
3027,19831701219,10,10,4,0,3,23,45,23,25,False
11587,18758415613,2,0,2,0,1,9,16,9,9,True
3422,19970957519,4,10,4,0,2,30,39,30,30,True
2605,17807329663,48,17,4,0,3,16,31,16,25,False
8276,15165929133,43,0,4,0,1,46,31,46,29,False
480,13932780308,29,9,3,0,3,10,24,10,32,False
10538,18365196069,6,6,2,0,1,9,8,9,9,True
10773,18365196069,41,13,4,0,3,28,14,28,18,False
5892,18802233956,17,1,4,0,2,10,20,10,29,False
4383,15079495784,12,6,3,0,0,30,23,30,30,True
4222,13670356740,2,3,4,0,2,29,32,29,25,False
2833,18991311567,25,8,4,0,0,38,30,38,18,False
6275,19852999776,49,8,4,0,2,19,45,19,3,False
3888,13130819298,19,3,4,0,2,24,16,24,24,True
7824,13943039298,42,10,4,0,1,46,2,46,29,False
12556,18989781863,19,5,4,0,2,3,34,3,3,True
11229,18664891854,46,2,1,0,0,38,40,38,9,False
14008,19948700293,19,12,4,0,3,25,19,25,25,True
4308,15079495784,38,7,1,0,0,30,16,30,30,True
1829,17623708813,24,21,4,0,0,45,36,45,45,True
2704,18991311567,47,2,1,0,3,39,48,39,16,False
10634,18365196069,2,0,4,0,3,10,11,10,10,True
12696,19550593600,8,4,3,0,2,30,40,30,9,False
2098,17713196465,42,3,3,0,1,38,16,38,38,True
13358,19859608897,18,2,2,0,2,7,21,7,18,False
5877,18802233956,2,1,4,0,0,27,15,27,17,False
9491,17331496902,12,1,2,0,3,31,13,31,16,False
11386,18664891854,2,26,4,0,2,16,14,16,18,False
6267,19852999776,41,17,4,0,1,16,30,16,9,False
2276,17713196465,20,10,4,0,3,26,27,26,25,False
1438,15735414945,33,9,4,0,1,47,42,47,37,False
3644,13130819298,25,5,2,0,0,10,1,10,30,False
9719,17331496902,40,6,4,0,0,17,9,17,18,False
11507,18664891854,23,11,4,0,0,21,8,21,23,False
1866,17623708813,11,8,4,0,1,37,30,37,29,False
4622,15797725211,1,4,1,0,0,11,15,11,11,True
6977,13074255915,48,6,4,0,1,17,8,17,18,False
9985,17527328008,5,6,4,0,2,8,3,8,32,False
11069,18636055184,36,1,4,0,2,3,20,3,3,True
3297,19970957519,29,7,2,0,0,29,8,29,37,False
6398,19881266563,22,4,1,0,3,5,26,5,32,False
2786,18991311567,28,3,3,0,2,26,39,26,24,False
2573,17807329663,16,3,4,0,0,15,18,15,23,False
12609,19550593600,22,5,1,0,3,32,39,32,32,True
9783,17527328008,4,16,1,0,0,32,34,32,32,True
5285,18053307086,12,8,4,0,1,20,3,20,18,False
8666,15167050060,32,26,4,0,0,10,3,10,17,False
8889,16630722126,12,8,4,0,2,3,31,3,3,True
6196,19852999776,20,9,4,0,1,15,14,15,18,False
6994,13074255915,15,10,4,0,2,34,39,34,11,False
12939,19834840803,1,0,1,0,3,0,3,0,16,False
12229,18765816132,43,7,4,0,3,33,5,33,32,False
5118,18053307086,45,2,3,0,2,26,43,26,24,False
13569,19859608897,29,5,4,0,2,12,19,12,37,False
6327,19852999776,1,9,4,0,2,2,7,2,3,False
738,15260233525,33,2,4,0,3,24,1,24,24,True
1172,15661502139,18,5,4,0,3,22,41,22,3,False
4410,15079495784,39,5,3,0,1,19,33,19,32,False
4484,15079495784,13,7,4,0,2,18,25,18,23,False
1760,17623708813,5,18,4,0,0,38,17,38,18,False
5052,18053307086,29,1,2,0,3,37,2,37,37,True
6092,19852999776,16,2,2,0,1,19,28,19,32,False
8945,16630722126,18,4,4,0,0,29,21,29,25,False
7536,13630678332,5,20,3,0,3,8,1,8,32,False
710,15260233525,5,2,4,0,2,16,43,16,25,False
4540,15079495784,19,16,4,0,2,38,18,38,18,False
9132,16726368276,4,10,2,0,0,25,16,25,32,False
12827,19550593600,39,7,4,0,3,46,48,46,29,False
10695,18365196069,13,17,4,0,2,24,8,24,24,True
7616,13630678332,35,7,4,0,0,38,31,38,9,False
2462,17807329663,5,2,4,0,3,25,37,25,25,True
1791,17623708813,36,28,4,0,1,39,2,39,25,False
429,13932780308,28,7,2,0,1,37,36,37,37,True
1622,17623708813,18,3,1,0,3,3,12,3,3,True
4083,13670356740,13,1,4,0,3,43,17,43,32,False
13966,19948700293,10,3,4,0,3,30,12,30,29,False
9248,16726368276,20,5,4,0,2,8,31,8,32,False
834,15260233525,29,0,4,0,2,7,18,7,18,False
3501,19970957519,33,4,4,0,0,35,9,35,29,False
2179,17713196465,23,14,4,0,3,38,39,38,9,False
4494,15079495784,23,30,4,0,0,33,16,33,32,False
3831,13130819298,12,0,4,0,0,33,5,33,32,False
8555,15167050060,21,9,4,0,2,18,27,18,10,False
6912,13074255915,33,26,4,0,3,25,39,25,18,False
8770,16630722126,35,0,2,0,1,33,8,33,32,False
5597,18702113651,23,0,4,0,2,7,46,7,18,False
4561,15079495784,40,9,4,0,0,35,14,35,18,False
4488,15079495784,17,9,4,0,3,7,19,7,18,False
8588,15167050060,4,28,4,0,2,37,32,37,9,False
4252,13670356740,32,6,4,0,2,8,44,8,9,False
8531,15167050060,47,15,4,0,3,15,4,15,9,False
6024,18802233956,49,22,4,0,2,8,0,8,17,False
7462,13630678332,32,16,1,0,2,37,46,37,9,False
3810,13130819298,41,3,4,0,1,46,15,46,38,False
48,13513580369,49,27,1,0,3,15,16,15,17,False
11074,18636055184,41,2,4,0,0,43,0,43,18,False
1422,15735414945,17,6,4,0,3,24,11,24,25,False
7311,13401917913,31,1,4,0,1,24,14,24,25,False
6203,19852999776,27,36,4,0,1,19,31,19,19,True
4068,13670356740,48,9,3,0,3,32,13,32,32,True
6337,19852999776,11,15,4,0,1,11,9,11,32,False
6062,19852999776,37,3,1,0,1,15,0,15,9,False
11175,18636055184,42,4,4,0,0,23,16,23,23,True
1776,17623708813,21,7,4,0,1,23,14,23,23,True
8804,16630722126,19,0,3,0,3,16,9,16,16,True
6967,13074255915,38,7,4,0,3,23,24,23,25,False
4332,15079495784,11,15,2,0,0,19,2,19,32,False
1712,17623708813,7,12,3,0,1,17,16,17,17,True
7367,13401917913,37,1,4,0,0,41,13,41,23,False
2206,17713196465,50,5,4,0,0,24,15,24,25,False
12784,19550593600,43,6,4,0,1,40,48,40,11,False
8427,15167050060,43,4,2,0,1,48,27,48,37,False
3674,13130819298,5,1,3,0,1,17,36,17,17,True
1378,15735414945,23,6,3,0,0,32,10,32,32,True
9340,16726368276,12,5,4,0,3,30,24,30,9,False
2139,17713196465,33,0,4,0,3,18,20,18,25,False
9857,17527328008,27,4,2,0,3,14,29,14,32,False
2828,18991311567,20,3,4,0,3,12,20,12,12,True
2086,17713196465,30,13,3,0,1,26,6,26,37,False
7080,13401917913,1,15,1,0,1,34,48,34,3,False
3686,13130819298,17,2,3,0,2,37,43,37,26,False
1125,15661502139,19,8,4,0,1,25,0,25,24,False
10694,18365196069,12,3,4,0,1,47,34,47,29,False
1986,17713196465,31,2,1,0,1,26,11,26,32,False
3591,13130819298,23,0,1,0,1,36,15,36,32,False
7296,13401917913,16,15,4,0,1,23,22,23,23,True
1774,17623708813,19,135,4,0,0,20,6,20,18,False
277,13513580369,27,7,4,0,2,18,20,18,23,False
1392,15735414945,37,11,3,0,0,17,33,17,9,False
5522,18702113651,48,17,4,0,1,11,8,11,32,False
4085,13670356740,15,3,4,0,1,40,39,40,30,False
1428,15735414945,23,8,4,0,2,2,0,2,3,False
2629,17807329663,22,3,4,0,2,13,26,13,3,False
13148,19834840803,9,3,4,0,3,36,40,36,29,False
3014,19831701219,47,9,3,0,2,18,38,18,18,True
2501,17807329663,44,12,4,0,1,37,23,37,37,True
12253,18989781863,17,8,1,0,3,29,36,29,26,False
8531,15167050060,47,20,4,0,0,17,4,17,32,False
11085,18636055184,2,3,4,0,0,39,25,39,25,False
4806,15797725211,34,4,4,0,1,8,0,8,17,False
4274,15079495784,4,5,1,0,2,2,7,2,11,False
13761,19948700293,20,18,3,0,0,7,1,7,18,False
3343,19970957519,25,3,3,0,2,26,24,26,24,False
13314,19859608897,25,21,1,0,0,31,24,31,18,False
3381,19970957519,13,4,4,0,3,15,18,15,23,False
10209,17731093916,28,2,2,0,1,45,21,45,19,False
8163,15165929133,30,0,4,0,2,31,47,31,18,False
6573,19881266563,46,18,4,0,0,30,27,30,30,True
1796,17623708813,41,191,4,0,1,40,0,40,9,False
3062,19831701219,45,27,4,0,2,25,39,25,25,True
802,15260233525,47,9,4,0,2,38,44,38,23,False
4583,15079495784,12,25,4,0,0,16,46,16,18,False
2505,17807329663,48,7,4,0,3,24,22,24,24,True
1198,15661502139,44,15,4,0,0,25,13,25,18,False
173,13513580369,23,6,4,0,3,3,25,3,32,False
10736,18365196069,4,1,4,0,0,42,40,42,29,False
5792,18802233956,17,6,3,0,0,23,17,23,23,True
7267,13401917913,37,29,4,0,1,26,34,26,26,True
5865,18802233956,40,0,4,0,0,31,16,31,25,False
844,15260233525,39,4,4,0,2,2,0,2,11,False
2034,17713196465,28,2,2,0,0,25,16,25,25,True
2608,17807329663,1,20,4,0,0,38,31,38,18,False
4921,15797725211,49,18,4,0,3,32,39,32,32,True
6150,19852999776,24,0,3,0,0,23,24,23,23,True
9898,17527328008,18,5,3,0,1,18,8,18,18,True
6996,13074255915,17,20,4,0,2,31,29,31,18,False
13627,19859608897,37,11,4,0,2,2,9,2,18,False
1768,17623708813,13,15,4,0,2,38,46,38,9,False
10433,17731093916,2,0,4,0,3,45,25,45,45,True
6656,19881266563,29,4,4,0,0,25,38,25,24,False
3044,19831701219,27,54,4,0,0,28,17,28,25,False
470,13932780308,19,5,3,0,2,26,21,26,24,False
4619,15079495784,48,48,4,0,2,13,24,13,10,False
4164,13670356740,44,0,4,0,0,21,12,21,25,False
1410,15735414945,5,12,4,0,0,26,19,26,32,False
9358,16726368276,30,2,4,0,3,22,8,22,30,False
1118,15661502139,12,26,4,0,3,17,46,17,9,False
13411,19859608897,21,6,3,0,1,32,31,32,32,True
4112,13670356740,42,6,4,0,3,11,25,11,11,True
2861,18991311567,3,0,4,0,2,2,16,2,18,False
11802,18758415613,17,1,4,0,1,39,33,39,18,False
893,15260233525,38,3,4,0,2,28,46,28,18,False
9488,17331496902,9,5,2,0,0,38,32,38,17,False
458,13932780308,7,7,3,0,3,22,23,22,19,False
10739,18365196069,7,1,4,0,1,5,11,5,3,False
6387,19881266563,11,1,1,0,0,38,30,38,17,False
1052,15661502139,46,7,3,0,2,1,0,1,18,False
8572,15167050060,38,15,4,0,0,24,2,24,25,False
13909,19948700293,3,26,4,0,2,37,39,37,9,False
5944,18802233956,19,5,4,0,1,19,14,19,19,True
5554,18702113651,30,6,4,0,3,39,25,39,25,False
2192,17713196465,36,34,4,0,0,28,9,28,18,False
1936,17623708813,31,16,4,0,1,29,32,29,29,True
1806,17623708813,1,12,4,0,0,46,9,46,10,False
1297,15735414945,43,13,1,0,1,9,7,9,9,True
740,15260233525,35,5,4,0,3,32,5,32,32,True
3087,19831701219,20,6,4,0,1,25,2,25,25,True
2545,17807329663,38,0,4,0,2,21,16,21,18,False
1797,17623708813,42,203,4,0,2,24,10,24,24,True
1452,15735414945,47,0,4,0,2,18,32,18,18,True
1149,15661502139,43,4,4,0,0,40,22,40,30,False
3905,13130819298,36,24,4,0,3,16,10,16,29,False
8597,15167050060,13,5,4,0,3,36,40,36,29,False
9900,17527328008,20,8,3,0,3,26,20,26,29,False
5691,18802233956,17,10,1,0,3,18,6,18,18,True
9330,16726368276,2,4,4,0,3,31,41,31,25,False
10247,17731093916,16,9,3,0,0,11,12,11,25,False
7411,13401917913,31,3,4,0,0,12,10,12,12,True
11257,18664891854,23,5,2,0,2,4,30,4,23,False
1762,17623708813,7,5,4,0,2,0,41,0,18,False
4142,13670356740,22,16,4,0,3,11,25,11,11,True
4083,13670356740,13,3,4,0,0,37,17,37,37,True
2179,17713196465,23,11,4,0,3,35,39,35,25,False
990,15661502139,34,13,2,0,1,3,20,3,9,False
5531,18702113651,7,27,4,0,3,37,32,37,16,False
12223,18765816132,37,5,4,0,2,30,39,30,10,False
1809,17623708813,4,28,4,0,0,39,47,39,25,False
5943,18802233956,18,6,4,0,2,26,32,26,11,False
2961,19831701219,44,2,2,0,3,16,21,16,25,False
13610,19859608897,20,2,4,0,0,32,1,32,32,True
8315,15165929133,32,2,4,0,3,23,17,23,23,True
4046,13670356740,26,1,3,0,1,5,38,5,37,False
7053,13074255915,24,18,4,0,2,31,45,31,18,False
7521,13630678332,40,0,2,0,1,40,43,40,3,False
7733,13943039298,1,3,3,0,1,17,14,17,18,False
5459,18702113651,35,2,3,0,0,33,13,33,32,False
10653,18365196069,21,21,4,0,0,10,1,10,30,False
5915,18802233956,40,26,4,0,2,18,27,18,9,False
5126,18053307086,3,0,4,0,0,16,0,16,25,False
13277,19834840803,38,7,4,0,1,30,29,30,23,False
4924,15797725211,2,5,4,0,1,19,40,19,19,True
6470,19881266563,43,4,2,0,0,25,12,25,25,True
6867,13074255915,38,0,3,0,3,8,10,8,37,False
1039,15661502139,33,0,3,0,0,30,32,30,30,True
10740,18365196069,8,10,4,0,1,16,8,16,24,False
3425,19970957519,7,9,4,0,2,23,24,23,9,False
12867,19550593600,29,11,4,0,0,25,20,25,17,False
10260,17731093916,29,0,3,0,2,15,19,15,38,False
3092,19831701219,25,8,4,0,3,22,10,22,32,False
10931,18636055184,48,5,2,0,0,11,19,11,11,True
287,13513580369,37,10,4,0,0,9,16,9,9,True
6830,13074255915,1,0,3,0,1,1,30,1,18,False
9946,17527328008,16,19,4,0,0,33,25,33,37,False
10118,17527328008,38,5,4,0,3,16,9,16,16,True
3620,13130819298,1,1,2,0,2,23,46,23,18,False
7730,13943039298,48,1,2,0,3,31,47,31,32,False
10812,18365196069,30,9,4,0,0,36,22,36,18,False
8996,16630722126,19,4,4,0,0,40,10,40,32,False
2104,17713196465,48,8,3,0,3,10,39,10,32,False
12675,19550593600,32,10,2,0,1,23,28,23,23,True
12105,18765816132,19,1,4,0,3,9,11,9,9,True
3771,13130819298,2,27,4,0,2,8,24,8,9,False
2092,17713196465,36,10,3,0,2,16,24,16,16,True
11427,18664891854,43,20,4,0,1,23,21,23,18,False
2347,17807329663,41,6,1,0,3,16,24,16,16,True
13092,19834840803,3,8,4,0,2,19,40,19,19,True
3453,19970957519,35,0,4,0,3,21,10,21,25,False
11966,18765816132,30,7,2,0,2,39,47,39,18,False
1231,15661502139,27,24,4,0,0,25,18,25,23,False
6712,19881266563,34,0,4,0,1,48,46,48,29,False
4443,15079495784,22,1,4,0,0,35,2,35,18,False
12463,18989781863,26,7,4,0,0,32,13,32,19,False
1982,17713196465,27,5,1,0,2,28,36,28,18,False
9934,17527328008,4,15,4,0,1,16,2,16,16,True
8993,16630722126,16,3,4,0,1,12,15,12,12,True
5564,18702113651,40,0,4,0,0,21,10,21,25,False
5230,18053307086,7,0,4,0,2,10,47,10,10,True
8643,15167050060,9,0,4,0,2,42,39,42,29,False
5145,18053307086,22,0,4,0,1,18,8,18,18,True
12641,19550593600,3,12,2,0,1,9,15,9,9,True
5734,18802233956,9,3,2,0,3,29,43,29,29,True
14019,19948700293,30,9,4,0,2,10,17,10,32,False
1954,17623708813,49,32,4,0,0,19,9,19,32,False
4526,15079495784,5,26,4,0,3,37,24,37,16,False
4934,15797725211,12,2,4,0,3,3,4,3,32,False
2812,18991311567,4,3,4,0,3,0,3,0,32,False
6814,13074255915,35,2,2,0,3,2,38,2,18,False
3993,13670356740,23,6,2,0,2,8,14,8,8,True
211,13513580369,11,3,4,0,0,17,9,17,18,False
13213,19834840803,24,19,4,0,2,2,8,2,24,False
12111,18765816132,25,2,4,0,1,39,24,39,25,False
5526,18702113651,2,8,4,0,1,23,15,23,25,False
2602,17807329663,45,26,4,0,0,22,21,22,18,False
9704,17331496902,25,4,4,0,1,33,18,33,37,False
3148,19831701219,31,10,4,0,3,32,11,32,32,True
6433,19881266563,6,7,2,0,0,29,17,29,29,True
2598,17807329663,41,3,4,0,2,16,1,16,24,False
7526,13630678332,45,14,2,0,3,4,12,4,16,False
11443,18664891854,9,8,4,0,3,21,0,21,25,False
2566,17807329663,9,3,4,0,0,34,6,34,18,False
13741,19948700293,50,13,2,0,3,44,47,44,37,False
11951,18765816132,15,12,2,0,0,38,40,38,17,False
13637,19859608897,47,1,4,0,2,39,21,39,25,False
3115,19831701219,48,3,4,0,2,18,32,18,23,False
6173,19852999776,47,1,3,0,3,31,25,31,16,False
10371,17731093916,40,1,4,0,1,18,23,18,18,True
10784,18365196069,2,6,4,0,3,19,30,19,19,True
9527,17331496902,48,10,2,0,3,22,28,22,32,False
5978,18802233956,3,22,4,0,1,19,18,19,19,True
3425,19970957519,7,18,4,0,3,3,24,3,18,False
7283,13401917913,3,5,4,0,2,11,10,11,30,False
7061,13074255915,32,26,4,0,0,10,0,10,17,False
1155,15661502139,1,18,4,0,0,36,30,36,29,False
11938,18765816132,2,5,2,0,1,18,16,18,18,True
13372,19859608897,32,3,2,0,1,46,38,46,45,False
2936,19831701219,19,6,2,0,1,40,46,40,30,False
14026,19948700293,4,10,4,0,1,33,31,33,27,False
1550,15735414945,46,28,4,0,1,23,14,23,17,False
8042,15165929133,9,3,2,0,0,25,18,25,32,False
13197,19834840803,8,0,4,0,0,31,0,31,25,False
5530,18702113651,6,157,4,0,0,42,3,42,29,False
6641,19881266563,14,1,4,0,3,43,2,43,18,False
5915,18802233956,40,22,4,0,3,19,27,19,10,False
4822,15797725211,50,10,4,0,2,26,40,26,25,False
4649,15797725211,28,1,1,0,0,40,10,40,30,False
11666,18758415613,31,16,3,0,0,7,1,7,18,False
8588,15167050060,4,26,4,0,2,23,32,23,23,True
2201,17713196465,45,10,4,0,0,33,17,33,32,False
8224,15165929133,41,17,4,0,0,8,0,8,32,False
13014,19834840803,25,12,2,0,3,4,12,4,16,False
4412,15079495784,41,4,3,0,2,20,13,20,24,False
8109,15165929133,26,17,3,0,2,2,1,2,23,False
4490,15079495784,19,17,4,0,1,27,16,27,18,False
3295,19970957519,27,4,2,0,0,35,8,35,18,False
5474,18702113651,50,1,3,0,0,33,6,33,32,False
9737,17331496902,8,8,4,0,1,46,30,46,29,False
11841,18758415613,6,14,4,0,0,38,40,38,23,False
576,15260233525,24,3,1,0,2,18,39,18,18,True
1722,17623708813,17,5,3,0,3,3,5,3,18,False
3060,19831701219,43,17,4,0,3,45,40,45,29,False
508,13932780308,7,2,4,0,2,9,16,9,9,True
2165,17713196465,9,23,4,0,3,25,41,25,25,True
9301,16726368276,23,1,4,0,0,16,8,16,18,False
3413,19970957519,45,4,4,0,3,29,39,29,29,True
11626,18758415613,41,12,2,0,0,23,24,23,23,True
4986,18053307086,14,6,1,0,0,29,22,29,29,True
1799,17623708813,44,5,4,0,3,17,20,17,9,False
10995,18636055184,12,26,4,0,0,31,24,31,18,False
11150,18636055184,17,1,4,0,2,10,15,10,10,True
9970,17527328008,40,2,4,0,2,1,31,1,18,False
2802,18991311567,44,11,3,0,0,8,0,8,9,False
7155,13401917913,25,5,2,0,0,18,19,18,10,False
10002,17527328008,22,6,4,0,2,10,12,10,32,False
3420,19970957519,2,32,4,0,1,26,24,26,25,False
4835,15797725211,13,20,4,0,2,15,25,15,17,False
9107,16726368276,30,0,1,0,2,24,30,24,25,False
7911,13943039298,29,5,4,0,2,4,18,4,9,False
953,15661502139,48,0,1,0,2,20,16,20,11,False
11690,18758415613,5,4,4,0,1,29,8,29,32,False
2206,17713196465,50,9,4,0,1,31,15,31,25,False
10830,18365196069,48,13,4,0,3,25,20,25,25,True
6278,19852999776,2,0,4,0,3,10,27,10,10,True
14017,19948700293,28,12,4,0,3,18,20,18,23,False
6233,19852999776,7,8,4,0,3,26,12,26,32,False
11327,18664891854,43,4,3,0,2,4,17,4,23,False
5251,18053307086,28,1,4,0,1,17,43,17,17,True
10095,17527328008,15,0,4,0,1,47,8,47,45,False
2867,19831701219,1,7,1,0,3,35,36,35,32,False
1182,15661502139,28,7,4,0,0,23,8,23,25,False
7822,13943039298,40,8,4,0,2,30,24,30,30,True
7936,13943039298,4,7,4,0,2,10,32,10,32,False
6551,19881266563,24,10,4,0,1,31,8,31,38,False
9798,17527328008,19,6,1,0,1,48,40,48,37,False
1791,17623708813,36,11,4,0,0,33,2,33,32,False
11469,18664891854,35,31,4,0,1,20,19,20,18,False
2945,19831701219,28,7,2,0,0,10,8,10,10,True
5530,18702113651,6,152,4,0,0,36,3,36,29,False
8356,15167050060,23,2,1,0,3,22,5,22,9,False
485,13932780308,34,1,3,0,1,29,44,29,29,True
11343,18664891854,9,9,4,0,0,19,18,19,19,True
1095,15661502139,39,50,4,0,2,37,36,37,12,False
5140,18053307086,17,8,4,0,1,38,21,38,18,False
2626,17807329663,19,12,4,0,3,32,2,32,32,True
5347,18702113651,24,0,1,0,0,25,8,25,25,True
1559,15735414945,5,7,4,0,2,24,7,24,24,True
11080,18636055184,47,12,4,0,3,16,8,16,24,False
9535,17331496902,6,5,3,0,1,41,48,41,19,False
3255,19970957519,38,3,1,0,3,28,9,28,25,False
3863,13130819298,44,47,4,0,3,28,17,28,25,False
7107,13401917913,28,5,1,0,1,40,46,40,30,False
6301,19852999776,25,18,4,0,2,3,19,3,32,False
1453,15735414945,48,4,4,0,0,25,12,25,18,False
67,13513580369,17,14,2,0,1,27,3,27,9,False
4410,15079495784,39,6,3,0,2,18,33,18,23,False
1910,17623708813,5,20,4,0,2,2,0,2,24,False
8202,15165929133,19,14,4,0,3,3,11,3,32,False
4800,15797725211,28,16,4,0,2,19,46,19,3,False
13190,19834840803,1,5,4,0,3,38,40,38,25,False
11358,18664891854,24,19,4,0,1,13,19,13,19,False
5432,18702113651,8,9,3,0,3,37,31,37,37,True
4773,15797725211,1,3,4,0,0,26,16,26,18,False
5947,18802233956,22,1,4,0,3,33,6,33,32,False
9489,17331496902,10,3,2,0,1,45,32,45,45,True
12088,18765816132,2,5,4,0,0,44,30,44,45,False
3911,13130819298,42,14,4,0,3,45,41,45,29,False
9521,17331496902,42,4,2,0,3,39,41,39,29,False
11325,18664891854,41,2,3,0,1,46,11,46,45,False
5200,18053307086,27,8,4,0,2,9,19,9,9,True
6682,19881266563,4,15,4,0,0,29,0,29,25,False
2013,17713196465,7,4,2,0,3,28,22,28,18,False
8970,16630722126,43,1,4,0,0,31,3,31,25,False
7882,13943039298,50,21,4,0,1,10,9,10,10,True
8926,16630722126,49,0,4,0,2,41,48,41,29,False
13082,19834840803,43,1,3,0,1,17,0,17,17,True
13838,19948700293,32,4,3,0,1,34,5,34,9,False
5146,18053307086,23,22,4,0,0,35,2,35,19,False
5762,18802233956,37,2,2,0,1,26,10,26,37,False
7788,13943039298,6,0,4,0,0,31,10,31,25,False
10587,18365196069,5,8,3,0,3,22,29,22,32,False
1509,15735414945,5,1,4,0,2,19,33,19,19,True
978,15661502139,22,7,2,0,3,26,6,26,32,False
4910,15797725211,38,3,4,0,0,21,41,21,25,False
11313,18664891854,29,4,3,0,0,18,11,18,18,True
9742,17331496902,13,12,4,0,2,7,8,7,18,False
6142,19852999776,16,1,3,0,0,38,2,38,17,False
13618,19859608897,28,0,4,0,3,8,20,8,12,False
9955,17527328008,25,8,4,0,0,10,3,10,17,False
11658,18758415613,23,8,3,0,1,26,41,26,19,False
988,15661502139,32,8,2,0,2,16,20,16,29,False
10717,18365196069,35,4,4,0,2,4,2,4,24,False
1475,15735414945,21,0,4,0,2,0,11,0,23,False
8805,16630722126,20,7,3,0,0,20,1,20,24,False
4145,13670356740,25,1,4,0,3,30,31,30,9,False
2348,17807329663,42,32,1,0,0,31,24,31,18,False
10796,18365196069,14,10,4,0,2,22,47,22,18,False
6246,19852999776,20,18,4,0,0,25,10,25,25,True
10368,17731093916,37,23,4,0,0,17,9,17,18,False
3843,13130819298,24,26,4,0,0,30,23,30,10,False
4028,13670356740,8,4,3,0,2,34,41,34,15,False
11121,18636055184,38,4,4,0,0,28,7,28,18,False
10043,17527328008,13,1,4,0,0,20,19,20,18,False
2571,17807329663,14,21,4,0,0,36,15,36,18,False
2621,17807329663,14,13,4,0,2,29,46,29,25,False
1108,15661502139,2,4,4,0,0,24,11,24,24,True
8044,15165929133,11,2,2,0,1,36,42,36,32,False
2123,17713196465,17,16,4,0,2,28,31,28,23,False
10155,17731093916,25,9,1,0,1,27,34,27,17,False
9016,16630722126,39,11,4,0,0,32,7,32,32,True
6501,19881266563,24,2,3,0,3,25,1,25,24,False
4100,13670356740,30,1,4,0,1,3,7,3,32,False
11080,18636055184,47,8,4,0,0,30,8,30,32,False
10130,17527328008,50,3,4,0,0,14,4,14,23,False
1787,17623708813,32,12,4,0,0,15,11,15,17,False
7493,13630678332,12,0,2,0,2,30,40,30,30,True
2430,17807329663,23,2,3,0,1,12,3,12,32,False
13266,19834840803,27,5,4,0,3,23,5,23,25,False
1597,15735414945,43,32,4,0,2,14,21,14,10,False
2066,17713196465,10,5,3,0,1,19,47,19,37,False
6292,19852999776,16,18,4,0,0,29,14,29,31,False
10734,18365196069,2,14,4,0,1,3,2,3,32,False
7971,13943039298,39,4,4,0,2,2,1,2,26,False
3689,13130819298,20,9,3,0,0,42,44,42,19,False
2099,17713196465,43,5,3,0,1,30,25,30,9,False
7053,13074255915,24,7,4,0,1,19,45,19,19,True
1188,15661502139,34,3,4,0,1,17,0,17,10,False
2028,17713196465,22,5,2,0,1,29,35,29,37,False
11480,18664891854,46,1,4,0,0,15,4,15,23,False
6110,19852999776,34,14,2,0,3,25,32,25,25,True
1252,15661502139,48,11,4,0,2,19,33,19,30,False
4393,15079495784,22,1,3,0,2,26,38,26,26,True
10241,17731093916,10,1,3,0,2,37,46,37,9,False
10596,18365196069,14,8,3,0,3,26,20,26,32,False
1765,17623708813,10,64,4,0,2,24,13,24,18,False
3818,13130819298,49,3,4,0,3,22,25,22,32,False
248,13513580369,48,25,4,0,3,36,31,36,29,False
13090,19834840803,1,48,4,0,0,37,39,37,9,False
2608,17807329663,1,7,4,0,1,17,31,17,9,False
10778,18365196069,46,5,4,0,0,33,1,33,38,False
8250,15165929133,17,1,4,0,3,22,16,22,17,False
5277,18053307086,4,12,4,0,3,18,17,18,18,True
8203,15165929133,20,19,4,0,0,27,19,27,32,False
11064,18636055184,31,30,4,0,1,3,2,3,32,False
4068,13670356740,48,0,3,0,0,46,13,46,37,False
4462,15079495784,41,6,4,0,0,26,0,26,24,False
176,13513580369,26,8,4,0,1,18,3,18,18,True
5035,18053307086,12,10,2,0,1,11,15,11,19,False
11628,18758415613,43,6,2,0,0,31,24,31,18,False
3197,19831701219,30,15,4,0,0,26,12,26,37,False
6801,13074255915,22,15,2,0,2,44,45,44,37,False
7687,13943039298,5,9,2,0,1,18,14,18,18,True
1888,17623708813,33,13,4,0,2,20,19,20,18,False
203,13513580369,3,0,4,0,0,32,12,32,32,True
13181,19834840803,42,2,4,0,1,11,15,11,11,True
9039,16630722126,12,18,4,0,2,34,41,34,18,False
5077,18053307086,4,10,3,0,3,18,17,18,18,True
6798,13074255915,19,1,2,0,3,17,19,17,17,True
7186,13401917913,6,15,3,0,0,9,31,9,9,True
11801,18758415613,16,3,4,0,2,17,40,17,10,False
278,13513580369,28,1,4,0,1,17,43,17,17,True
8372,15167050060,39,0,1,0,2,10,11,10,10,True
7179,13401917913,49,2,2,0,2,7,47,7,18,False
11796,18758415613,11,1,4,0,2,21,29,21,10,False
2156,17713196465,50,19,4,0,3,11,33,11,32,False
13198,19834840803,9,4,4,0,2,2,0,2,11,False
12089,18765816132,3,1,4,0,1,1,8,1,18,False
651,15260233525,48,12,2,0,3,4,5,4,32,False
5922,18802233956,47,29,4,0,3,37,45,37,29,False
4247,13670356740,27,18,4,0,0,21,46,21,23,False
10836,18636055184,4,0,1,0,0,9,11,9,9,True
13894,19948700293,38,0,4,0,1,20,19,20,12,False
9671,17331496902,42,7,4,0,2,15,32,15,18,False
1427,15735414945,22,10,4,0,0,15,46,15,10,False
12099,18765816132,13,3,4,0,3,15,1,15,18,False
5891,18802233956,16,1,4,0,2,39,38,39,25,False
11467,18664891854,33,29,4,0,3,31,27,31,18,False
12658,19550593600,15,6,2,0,3,17,12,17,17,True
4594,15079495784,23,11,4,0,2,12,19,12,25,False
10384,17731093916,3,6,4,0,3,1,2,1,32,False
9400,16726368276,22,0,4,0,1,48,38,48,29,False
11087,18636055184,4,10,4,0,1,41,39,41,23,False
9373,16726368276,45,0,4,0,0,28,22,28,18,False
10773,18365196069,41,15,4,0,3,29,14,29,25,False
13417,19859608897,27,3,3,0,3,5,20,5,37,False
12088,18765816132,2,1,4,0,2,39,30,39,24,False
11686,18758415613,1,7,4,0,3,5,26,5,29,False
11083,18636055184,50,5,4,0,0,23,4,23,25,False
5297,18053307086,24,25,4,0,0,19,0,19,32,False
634,15260233525,31,12,2,0,3,18,3,18,18,True
12901,19550593600,13,12,4,0,1,9,15,9,9,True
9954,17527328008,24,10,4,0,0,11,26,11,11,True
5336,18702113651,13,1,1,0,1,9,33,9,9,True
4834,15797725211,12,7,4,0,1,25,1,25,24,False
4699,15797725211,27,11,2,0,0,3,44,3,3,True
1093,15661502139,37,13,4,0,1,2,7,2,11,False
10356,17731093916,25,3,4,0,0,30,2,30,19,False
11996,18765816132,10,9,3,0,1,23,15,23,23,True
6829,13074255915,50,1,2,0,2,31,47,31,18,False
6393,19881266563,17,12,1,0,0,14,7,14,18,False
4458,15079495784,37,23,4,0,0,16,39,16,18,False
9813,17527328008,34,3,1,0,2,3,12,3,3,True
224,13513580369,24,0,4,0,1,17,36,17,17,True
8660,15167050060,26,5,4,0,0,24,9,24,24,True
1625,17623708813,21,1,1,0,2,8,43,8,3,False
7402,13401917913,22,0,4,0,1,15,36,15,18,False
8309,15165929133,26,5,4,0,3,21,28,21,25,False
9891,17527328008,11,3,3,0,2,4,29,4,23,False
1525,15735414945,21,6,4,0,2,14,18,14,32,False
5716,18802233956,42,2,1,0,3,39,47,39,16,False
8078,15165929133,45,5,2,0,3,33,48,33,32,False
9939,17527328008,9,3,4,0,0,30,21,30,32,False
5525,18702113651,1,4,4,0,0,45,30,45,29,False
140,13513580369,40,5,3,0,3,32,6,32,32,True
1777,17623708813,22,3,4,0,1,9,46,9,9,True
6895,13074255915,16,14,4,0,0,48,25,48,29,False
9375,16726368276,47,3,4,0,2,15,28,15,16,False
7075,13074255915,46,5,4,0,3,9,16,9,9,True
10904,18636055184,21,1,2,0,3,39,11,39,25,False
7287,13401917913,7,1,4,0,3,45,32,45,45,True
5498,18702113651,24,19,4,0,3,18,0,18,18,True
880,15260233525,25,14,4,0,2,2,1,2,3,False
5303,18053307086,30,3,4,0,1,13,47,13,3,False
12040,18765816132,4,7,4,0,1,5,3,5,12,False
198,13513580369,48,5,4,0,3,4,20,4,32,False
5698,18802233956,24,0,1,0,2,18,16,18,18,True
9728,17331496902,49,21,4,0,2,2,1,2,3,False
7872,13943039298,40,4,4,0,1,37,42,37,17,False
6486,19881266563,9,4,3,0,3,11,26,11,11,True
5072,18053307086,49,4,2,0,2,23,36,23,9,False
661,15260233525,8,10,3,0,1,36,14,36,32,False
2072,17713196465,16,3,3,0,2,22,37,22,3,False
8857,16630722126,30,4,3,0,2,4,8,4,23,False
13725,19948700293,34,3,2,0,1,17,8,17,9,False
5256,18053307086,33,13,4,0,2,26,47,26,25,False
11829,18758415613,44,9,4,0,3,33,20,33,29,False
5403,18702113651,29,9,2,0,2,37,43,37,26,False
4966,15797725211,44,11,4,0,0,21,41,21,25,False
8622,15167050060,38,30,4,0,2,6,13,6,18,False
3783,13130819298,14,16,4,0,0,23,10,23,23,True
11899,18765816132,14,4,1,0,0,25,17,25,32,False
4714,15797725211,42,11,2,0,1,26,2,26,37,False
3037,19831701219,20,5,4,0,2,13,24,13,10,False
12101,18765816132,15,14,4,0,0,15,8,15,18,False
9164,16726368276,36,15,2,0,3,8,1,8,32,False
11704,18758415613,19,4,4,0,1,23,22,23,25,False
4346,15079495784,25,3,2,0,2,1,11,1,18,False
6720,19881266563,42,2,4,0,1,10,7,10,10,True
14,13513580369,15,3,1,0,2,22,28,22,3,False
6184,19852999776,8,5,4,0,1,1,0,1,32,False
11834,18758415613,49,3,4,0,1,16,1,16,25,False
8459,15167050060,25,11,3,0,0,22,15,22,17,False
4551,15079495784,30,18,4,0,2,10,16,10,10,True
3035,19831701219,18,29,4,0,1,32,17,32,19,False
11049,18636055184,16,34,4,0,1,40,46,40,30,False
5912,18802233956,37,18,4,0,1,38,16,38,18,False
10594,18365196069,12,11,3,0,2,4,10,4,24,False
6858,13074255915,29,6,3,0,0,41,33,41,30,False
1107,15661502139,1,23,4,0,2,30,31,30,30,True
10597,18365196069,15,3,3,0,3,25,20,25,25,True
11519,18664891854,35,6,4,0,2,10,19,10,32,False
258,13513580369,8,4,4,0,3,10,45,10,3,False
3880,13130819298,11,16,4,0,1,11,10,11,32,False
9469,17331496902,41,2,1,0,2,25,41,25,18,False
4621,15079495784,50,5,4,0,2,22,11,22,9,False
4027,13670356740,7,8,3,0,1,19,18,19,32,False
1858,17623708813,3,12,4,0,1,38,12,38,38,True
2145,17713196465,39,5,4,0,2,25,24,25,25,True
12853,19550593600,15,14,4,0,0,31,8,31,18,False
11019,18636055184,36,13,4,0,3,21,14,21,25,False
241,13513580369,41,1,4,0,0,10,1,10,10,True
3339,19970957519,21,7,3,0,2,23,15,23,25,False
6606,19881266563,29,4,4,0,0,15,33,15,23,False
11540,18758415613,6,6,1,0,3,33,34,33,32,False
1524,15735414945,20,23,4,0,1,36,9,36,32,False
1910,17623708813,5,30,4,0,0,7,0,7,18,False
9543,17331496902,14,8,3,0,1,17,14,17,18,False
11565,18758415613,31,6,1,0,1,22,14,22,10,False
14086,19948700293,14,6,4,0,1,31,23,31,18,False
3497,19970957519,29,6,4,0,2,39,38,39,25,False
2957,19831701219,40,11,2,0,0,9,17,9,9,True
2470,17807329663,13,21,4,0,3,23,25,23,38,False
1806,17623708813,1,68,4,0,1,26,9,26,18,False
4391,15079495784,20,4,3,0,0,1,10,1,18,False
2850,18991311567,42,23,4,0,0,36,16,36,32,False
13659,19948700293,19,0,1,0,2,39,37,39,24,False
1536,15735414945,32,18,4,0,2,31,37,31,18,False
2461,17807329663,4,5,4,0,1,12,2,12,18,False
3709,13130819298,40,6,3,0,2,20,12,20,24,False
8478,15167050060,44,11,3,0,0,23,8,23,30,False
12805,19550593600,17,15,4,0,3,17,24,17,17,True
198,13513580369,48,9,4,0,1,13,20,13,30,False
10047,17527328008,17,7,4,0,0,2,10,2,32,False
13361,19859608897,21,2,2,0,1,32,29,32,32,True
6394,19881266563,18,2,1,0,1,37,7,37,9,False
6889,13074255915,10,20,4,0,2,18,21,18,18,True
8212,15165929133,29,14,4,0,1,33,20,33,29,False
3153,19831701219,36,10,4,0,2,30,15,30,9,False
1990,17713196465,35,9,1,0,3,11,19,11,11,True
2799,18991311567,41,5,3,0,1,30,41,30,9,False
1212,15661502139,8,15,4,0,0,37,16,37,18,False
7382,13401917913,2,9,4,0,0,34,25,34,23,False
1460,15735414945,6,0,4,0,3,16,24,16,18,False
1892,17623708813,37,37,4,0,1,17,16,17,23,False
2,13513580369,3,6,1,0,3,18,10,18,18,True
2660,18991311567,3,2,1,0,3,18,11,18,18,True
6518,19881266563,41,10,3,0,2,28,31,28,18,False
4117,13670356740,47,2,4,0,2,16,31,16,9,False
6492,19881266563,15,11,3,0,1,11,2,11,19,False
9678,17331496902,49,12,4,0,3,22,16,22,9,False
11888,18765816132,3,3,1,0,1,9,1,9,9,True
6502,19881266563,25,16,3,0,1,17,20,17,17,True
1476,15735414945,22,10,4,0,1,26,25,26,32,False
6451,19881266563,24,6,2,0,3,28,0,28,18,False
4442,15079495784,21,6,4,0,2,25,31,25,25,True
2554,17807329663,47,18,4,0,1,30,32,30,9,False
1297,15735414945,43,17,1,0,2,8,7,8,32,False
5285,18053307086,12,2,4,0,0,33,3,33,32,False
3645,13130819298,26,6,2,0,1,26,18,26,32,False
10997,18636055184,14,4,4,0,2,7,46,7,18,False
3860,13130819298,41,19,4,0,1,15,14,15,18,False
6223,19852999776,47,8,4,0,1,26,17,26,32,False
13216,19834840803,27,7,4,0,2,34,41,34,18,False
9508,17331496902,29,6,2,0,1,33,11,33,32,False
6739,13074255915,11,11,1,0,3,8,28,8,32,False
5143,18053307086,20,7,4,0,0,17,9,17,18,False
7792,13943039298,10,4,4,0,2,39,38,39,23,False
9372,16726368276,44,3,4,0,0,32,20,32,19,False
7447,13630678332,17,8,1,0,2,18,39,18,10,False
1791,17623708813,36,5,4,0,0,24,2,24,25,False
9617,17331496902,38,3,4,0,0,18,20,18,17,False
13014,19834840803,25,13,2,0,2,5,12,5,37,False
1578,15735414945,24,8,4,0,2,23,33,23,23,True
6228,19852999776,2,15,4,0,0,18,15,18,18,True
6115,19852999776,39,0,2,0,0,45,42,45,45,True
13585,19859608897,45,4,4,0,3,25,26,25,25,True
10280,17731093916,49,0,3,0,3,26,12,26,29,False
13834,19948700293,28,0,3,0,2,25,39,25,25,True
9841,17527328008,11,1,2,0,0,46,33,46,37,False
2238,17713196465,32,8,4,0,3,10,32,10,32,False
9432,17331496902,4,3,1,0,2,12,3,12,29,False
5755,18802233956,30,0,2,0,1,36,0,36,32,False
9282,16726368276,4,4,4,0,3,33,27,33,32,False
2738,18991311567,30,8,2,0,1,13,20,13,19,False
8247,15165929133,14,4,4,0,0,18,4,18,18,True
3653,13130819298,34,3,2,0,2,3,11,3,32,False
3188,19831701219,21,6,4,0,3,3,18,3,32,False
8568,15167050060,34,7,4,0,3,18,20,18,23,False
3142,19831701219,25,32,4,0,0,33,10,33,32,False
6631,19881266563,4,5,4,0,0,33,10,33,32,False
5221,18053307086,48,14,4,0,3,23,31,23,25,False
14091,19948700293,19,2,4,0,2,38,40,38,23,False
13153,19834840803,14,8,4,0,3,30,24,30,9,False
13920,19948700293,14,2,4,0,1,27,23,27,18,False
5140,18053307086,17,7,4,0,2,31,21,31,24,False
4230,13670356740,10,3,4,0,0,9,25,9,9,True
76,13513580369,26,2,2,0,3,32,13,32,32,True
3908,13130819298,39,13,4,0,3,23,40,23,25,False
10093,17527328008,13,3,4,0,1,16,1,16,24,False
3729,13130819298,10,3,4,0,1,9,47,9,9,True
8150,15165929133,17,0,4,0,1,41,27,41,19,False
1123,15661502139,17,2,4,0,3,37,2,37,37,True
11566,18758415613,32,0,1,0,2,4,14,4,24,False
2159,17713196465,3,1,4,0,0,16,2,16,16,True
10127,17527328008,47,2,4,0,1,36,8,36,32,False
12079,18765816132,43,5,4,0,0,24,21,24,24,True
5249,18053307086,26,11,4,0,1,38,37,38,23,False
5320,18053307086,47,14,4,0,3,29,30,29,29,True
4867,15797725211,45,6,4,0,2,24,25,24,25,False
6065,19852999776,40,5,1,0,1,15,21,15,18,False
4853,15797725211,31,33,4,0,2,18,32,18,3,False
5176,18053307086,3,14,4,0,0,19,12,19,32,False
4291,15079495784,21,7,1,0,1,37,16,37,37,True
11771,18758415613,36,1,4,0,1,8,28,8,3,False
7476,13630678332,46,10,1,0,1,41,48,41,26,False
4397,15079495784,26,7,3,0,1,12,23,12,12,True
13932,19948700293,26,10,4,0,2,24,9,24,24,True
3908,13130819298,39,10,4,0,3,30,40,30,19,False
1229,15661502139,25,21,4,0,1,12,10,12,18,False
4887,15797725211,15,25,4,0,1,11,2,11,32,False
55,13513580369,5,6,2,0,1,11,17,11,19,False
12244,18989781863,8,3,1,0,1,40,32,40,30,False
7956,13943039298,24,12,4,0,2,37,45,37,9,False
7743,13943039298,11,2,3,0,3,37,39,37,32,False
4566,15079495784,45,20,4,0,2,7,17,7,10,False
11806,18758415613,21,9,4,0,3,17,12,17,10,False
10224,17731093916,43,2,2,0,3,40,18,40,30,False
8944,16630722126,17,22,4,0,2,23,24,23,9,False
13700,19948700293,9,3,2,0,3,40,27,40,19,False
3842,13130819298,23,18,4,0,3,30,27,30,9,False
13932,19948700293,26,23,4,0,1,3,9,3,32,False
13788,19948700293,47,1,3,0,2,0,8,0,16,False
9397,16726368276,19,13,4,0,2,30,24,30,30,True
4884,15797725211,12,5,4,0,0,17,1,17,32,False
835,15260233525,30,2,4,0,1,38,21,38,18,False
2270,17713196465,14,13,4,0,1,38,28,38,17,False
459,13932780308,8,2,3,0,3,8,11,8,32,False
11458,18664891854,24,13,4,0,0,16,8,16,18,False
3174,19831701219,7,1,4,0,1,26,16,26,32,False
11363,18664891854,29,0,4,0,3,0,16,0,23,False
12397,18989781863,10,23,4,0,1,16,2,16,18,False
6378,19881266563,2,0,1,0,3,43,8,43,32,False
776,15260233525,21,13,4,0,1,46,45,46,29,False
11516,18664891854,32,4,4,0,0,22,8,22,17,False
13887,19948700293,31,4,4,0,1,33,20,33,37,False
1059,15661502139,3,23,4,0,1,37,42,37,18,False
5856,18802233956,31,19,4,0,3,37,46,37,29,False
12735,19550593600,47,4,3,0,1,32,39,32,32,True
7808,13943039298,26,3,4,0,0,9,5,9,9,True
2628,17807329663,21,15,4,0,0,35,0,35,31,False
2487,17807329663,30,5,4,0,3,2,25,2,9,False
2792,18991311567,34,3,3,0,0,15,9,15,23,False
2875,19831701219,9,16,1,0,0,19,13,19,32,False
3894,13130819298,25,7,4,0,0,20,12,20,18,False
4452,15079495784,31,0,4,0,1,24,18,24,25,False
7537,13630678332,6,21,3,0,3,0,1,0,18,False
13518,19859608897,28,1,4,0,0,22,12,22,9,False
2039,17713196465,33,9,2,0,3,28,9,28,18,False
6233,19852999776,7,6,4,0,0,33,12,33,32,False
7899,13943039298,17,0,4,0,1,34,27,34,18,False
10692,18365196069,10,3,4,0,3,16,24,16,25,False
7754,13943039298,22,7,3,0,3,31,25,31,32,False
11249,18664891854,15,7,2,0,0,30,18,30,30,True
4470,15079495784,49,1,4,0,3,32,29,32,32,True
5922,18802233956,47,21,4,0,3,42,45,42,29,False
7260,13401917913,30,7,4,0,0,23,16,23,9,False
5258,18053307086,35,5,4,0,0,17,25,17,9,False
13784,19948700293,43,1,3,0,3,40,15,40,30,False
12869,19550593600,31,10,4,0,0,17,2,17,18,False
11749,18758415613,14,3,4,0,0,12,11,12,12,True
12215,18765816132,29,0,4,0,2,1,8,1,18,False
1500,15735414945,46,3,4,0,0,33,16,33,32,False
8662,15167050060,28,5,4,0,0,32,3,32,32,True
10244,17731093916,13,4,3,0,1,34,26,34,32,False
1470,15735414945,16,2,4,0,1,25,3,25,25,True
13788,19948700293,47,0,3,0,1,1,8,1,18,False
13404,19859608897,14,2,3,0,2,25,41,25,18,False
484,13932780308,33,0,3,0,2,8,23,8,37,False
8248,15165929133,15,8,4,0,2,25,46,25,18,False
2161,17713196465,5,1,4,0,0,39,21,39,25,False
5098,18053307086,25,10,3,0,3,12,13,12,18,False
6785,13074255915,6,15,2,0,3,10,6,10,32,False
9285,16726368276,7,13,4,0,0,32,16,32,32,True
1177,15661502139,23,6,4,0,0,30,33,30,10,False
2184,17713196465,28,9,4,0,2,16,31,16,9,False
11476,18664891854,42,20,4,0,0,38,32,38,17,False
6528,19881266563,1,3,4,0,0,9,10,9,9,True
11621,18758415613,36,6,2,0,1,23,1,23,30,False
8880,16630722126,3,9,4,0,2,25,40,25,18,False
13827,19948700293,21,9,3,0,3,33,40,33,32,False
929,15661502139,24,7,1,0,2,10,16,10,10,True
12453,18989781863,16,12,4,0,1,2,0,2,3,False
1222,15661502139,18,1,4,0,0,26,9,26,18,False
2474,17807329663,17,27,4,0,0,23,38,23,23,True
4863,15797725211,41,5,4,0,3,31,39,31,25,False
4575,15079495784,4,23,4,0,2,31,5,31,18,False
11158,18636055184,25,1,4,0,0,29,2,29,29,True
1822,17623708813,17,13,4,0,0,18,9,18,18,True
11687,18758415613,2,32,4,0,1,29,21,29,38,False
217,13513580369,17,11,4,0,2,26,33,26,25,False
13183,19834840803,44,6,4,0,2,18,20,18,10,False
3692,13130819298,23,10,3,0,0,23,24,23,25,False
2895,19831701219,29,8,1,0,0,35,28,35,18,False
13987,19948700293,31,17,4,0,1,15,14,15,18,False
4546,15079495784,25,7,4,0,0,12,6,12,18,False
8361,15167050060,28,1,1,0,1,47,24,47,45,False
13158,19834840803,19,5,4,0,3,14,43,14,32,False
12916,19550593600,28,19,4,0,0,32,3,32,32,True
1506,15735414945,2,2,4,0,1,31,2,31,18,False
3562,19970957519,44,4,4,0,3,8,9,8,32,False
7365,13401917913,35,8,4,0,2,18,19,18,25,False
1768,17623708813,13,0,4,0,1,30,46,30,30,True
3181,19831701219,14,22,4,0,3,22,2,22,18,False
4247,13670356740,27,27,4,0,3,37,46,37,29,False
2815,18991311567,7,1,4,0,3,14,16,14,18,False
13146,19834840803,7,4,4,0,1,12,26,12,29,False
6342,19852999776,16,1,4,0,1,26,3,26,32,False
2362,17807329663,5,8,2,0,1,3,9,3,32,False
1860,17623708813,5,7,4,0,2,25,37,25,25,True
8153,15165929133,20,11,4,0,2,4,0,4,24,False
4212,13670356740,42,12,4,0,2,10,17,10,10,True
4470,15079495784,49,61,4,0,1,26,29,26,32,False
359,13932780308,9,4,1,0,0,9,2,9,9,True
12814,19550593600,26,3,4,0,1,24,21,24,24,True
9994,17527328008,14,0,4,0,2,47,34,47,37,False
12234,18765816132,48,3,4,0,3,18,12,18,25,False
3612,13130819298,44,5,1,0,1,9,0,9,9,True
1539,15735414945,35,25,4,0,0,18,9,18,18,True
166,13513580369,16,0,4,0,3,14,25,14,10,False
13150,19834840803,11,5,4,0,1,11,9,11,25,False
4355,15079495784,34,6,2,0,1,11,3,11,9,False
4922,15797725211,50,7,4,0,2,9,19,9,9,True
5830,18802233956,5,8,4,0,0,19,15,19,32,False
5660,18702113651,36,3,4,0,1,36,2,36,37,False
9539,17331496902,10,12,3,0,0,20,19,20,11,False
5696,18802233956,22,4,1,0,2,10,16,10,10,True
8620,15167050060,36,18,4,0,2,38,39,38,38,True
12138,18765816132,2,2,4,0,0,23,1,23,17,False
13168,19834840803,29,21,4,0,1,41,48,41,30,False
13214,19834840803,25,5,4,0,0,18,11,18,17,False
10815,18365196069,33,20,4,0,1,17,2,17,18,False
172,13513580369,22,7,4,0,2,30,31,30,9,False
2487,17807329663,30,14,4,0,2,12,25,12,23,False
6083,19852999776,7,0,2,0,0,38,5,38,37,False
11473,18664891854,39,6,4,0,3,9,24,9,9,True
3808,13130819298,39,14,4,0,3,17,33,17,17,True
10503,18365196069,22,1,1,0,1,38,46,38,38,True
3787,13130819298,18,28,4,0,3,28,8,28,18,False
3768,13130819298,49,10,4,0,3,16,39,16,18,False
13109,19834840803,20,6,4,0,1,22,7,22,30,False
6619,19881266563,42,5,4,0,1,31,1,31,25,False
9059,16630722126,32,1,4,0,0,20,19,20,12,False
3625,13130819298,6,16,2,0,2,31,44,31,18,False
9855,17527328008,25,9,2,0,2,37,45,37,9,False
3042,19831701219,25,10,4,0,1,40,38,40,32,False
2865,18991311567,7,0,4,0,1,11,15,11,11,True
8730,16630722126,46,1,1,0,0,14,11,14,23,False
1846,17623708813,13,8,4,0,0,17,34,17,17,True
13610,19859608897,20,4,4,0,1,18,1,18,18,True
13884,19948700293,28,14,4,0,3,30,46,30,17,False
5531,18702113651,7,17,4,0,0,29,32,29,29,True
1059,15661502139,3,13,4,0,0,46,42,46,38,False
13877,19948700293,21,11,4,0,2,36,43,36,11,False
8686,16630722126,2,4,1,0,0,44,37,44,19,False
13197,19834840803,8,28,4,0,2,16,0,16,24,False
4483,15079495784,12,12,4,0,1,24,1,24,24,True
6189,19852999776,13,1,4,0,0,33,7,33,38,False
13185,19834840803,46,6,4,0,0,9,2,9,32,False
8183,15165929133,50,6,4,0,3,33,39,33,32,False
9325,16726368276,47,11,4,0,1,8,15,8,10,False
13809,19948700293,3,5,3,0,0,27,20,27,17,False
11663,18758415613,28,7,3,0,0,23,10,23,17,False
3342,19970957519,24,3,3,0,2,31,0,31,24,False
7094,13401917913,15,19,1,0,2,6,20,6,3,False
1143,15661502139,37,17,4,0,1,22,21,22,32,False
6816,13074255915,37,1,2,0,0,7,1,7,18,False
5354,18702113651,31,1,1,0,0,44,18,44,37,False
10656,18365196069,24,5,4,0,0,44,14,44,19,False
6330,19852999776,4,3,4,0,3,31,1,31,24,False
12519,18989781863,32,4,4,0,2,4,11,4,3,False
2306,17713196465,50,2,4,0,3,12,5,12,18,False
7075,13074255915,46,12,4,0,3,22,16,22,9,False
7878,13943039298,46,10,4,0,0,44,2,44,19,False
7844,13943039298,12,4,4,0,0,39,2,39,24,False
13019,19834840803,30,1,2,0,1,46,38,46,45,False
13080,19834840803,41,3,3,0,3,7,39,7,18,False
9259,16726368276,31,0,4,0,1,22,9,22,17,False
6448,19881266563,21,0,2,0,0,45,0,45,32,False
9183,16726368276,5,11,3,0,1,29,28,29,26,False
1449,15735414945,44,18,4,0,3,35,40,35,18,False
7065,13074255915,36,8,4,0,0,29,15,29,25,False
263,13513580369,13,1,4,0,2,7,6,7,25,False
12312,18989781863,25,2,2,0,0,32,27,32,32,True
1027,15661502139,21,5,3,0,0,30,41,30,9,False
2321,17807329663,15,8,1,0,1,11,17,11,19,False
3174,19831701219,7,32,4,0,1,12,16,12,18,False
8149,15165929133,16,11,4,0,3,24,10,24,24,True
419,13932780308,18,3,2,0,1,15,7,15,17,False
6334,19852999776,8,6,4,0,0,37,30,37,38,False
565,15260233525,13,5,1,0,3,28,15,28,18,False
5599,18702113651,25,4,4,0,1,9,0,9,9,True
12872,19550593600,34,24,4,0,0,16,14,16,25,False
1473,15735414945,19,0,4,0,0,39,21,39,25,False
4773,15797725211,1,19,4,0,2,25,16,25,24,False
7441,13630678332,11,0,1,0,2,20,41,20,12,False
11559,18758415613,25,8,1,0,0,10,9,10,19,False
9573,17331496902,44,2,3,0,1,47,33,47,37,False
11666,18758415613,31,12,3,0,1,15,1,15,18,False
8588,15167050060,4,23,4,0,3,30,32,30,9,False
42,13513580369,43,7,1,0,1,19,39,19,32,False
12917,19550593600,29,9,4,0,1,8,1,8,32,False
12540,18989781863,3,5,4,0,0,23,16,23,23,True
4550,15079495784,29,14,4,0,3,12,2,12,18,False
9533,17331496902,4,1,3,0,2,7,44,7,23,False
5249,18053307086,26,6,4,0,3,25,37,25,24,False
9556,17331496902,27,8,3,0,0,11,5,11,18,False
5122,18053307086,49,3,3,0,2,31,22,31,24,False
3819,13130819298,50,5,4,0,0,18,23,18,18,True
8013,15165929133,31,4,1,0,1,17,9,17,9,False
8438,15167050060,4,6,3,0,1,36,21,36,32,False
641,15260233525,38,11,2,0,2,28,37,28,18,False
4932,15797725211,10,24,4,0,3,29,30,29,29,True
7379,13401917913,49,1,4,0,2,0,16,0,18,False
9973,17527328008,43,1,4,0,3,23,39,23,18,False
11058,18636055184,25,15,4,0,0,23,24,23,25,False
4773,15797725211,1,10,4,0,0,26,16,26,32,False
13874,19948700293,18,2,4,0,3,31,48,31,18,False
3701,13130819298,32,28,3,0,3,5,27,5,19,False
12868,19550593600,30,4,4,0,3,32,40,32,32,True
2479,17807329663,22,13,4,0,2,29,38,29,25,False
2220,17713196465,14,17,4,0,1,19,32,19,19,True
10267,17731093916,36,6,3,0,0,17,8,17,17,True
12758,19550593600,17,12,4,0,2,15,46,15,18,False
10004,17527328008,24,3,4,0,2,5,12,5,32,False
4558,15079495784,37,22,4,0,1,10,23,10,10,True
3627,13130819298,8,8,2,0,0,17,44,17,9,False
13303,19859608897,14,4,1,0,3,22,37,22,3,False
5851,18802233956,26,17,4,0,2,5,25,5,29,False
207,13513580369,7,5,4,0,3,23,39,23,18,False
4452,15079495784,31,10,4,0,3,32,18,32,32,True
4834,15797725211,12,19,4,0,1,24,1,24,24,True
7539,13630678332,8,6,3,0,2,11,9,11,25,False
3867,13130819298,48,6,4,0,3,22,34,22,32,False
8531,15167050060,47,12,4,0,2,7,4,7,18,False
5059,18053307086,36,12,2,0,2,18,32,18,18,True
2062,17713196465,6,2,3,0,3,3,4,3,18,False
10292,17731093916,11,4,4,0,3,2,26,2,9,False
5824,18802233956,49,11,3,0,0,13,6,13,30,False
11418,18664891854,34,1,4,0,3,31,46,31,18,False
38,13513580369,39,4,1,0,0,17,19,17,9,False
9802,17527328008,23,0,1,0,0,7,10,7,18,False
8324,15165929133,41,12,4,0,0,28,14,28,18,False
4334,15079495784,13,0,2,0,1,37,2,37,37,True
5893,18802233956,18,9,4,0,1,11,10,11,32,False
6013,18802233956,38,6,4,0,2,17,31,17,17,True
5105,18053307086,32,9,3,0,1,30,39,30,9,False
1435,15735414945,30,9,4,0,3,36,45,36,32,False
1944,17623708813,39,6,4,0,1,6,0,6,3,False
7271,13401917913,41,3,4,0,1,27,40,27,23,False
7632,13943039298,1,0,1,0,1,40,37,40,30,False
10306,17731093916,25,19,4,0,0,14,8,14,17,False
13923,19948700293,17,8,4,0,2,32,39,32,32,True
6719,19881266563,41,16,4,0,1,39,29,39,24,False
1527,15735414945,23,32,4,0,2,26,33,26,25,False
8798,16630722126,13,0,3,0,0,44,8,44,19,False
13433,19859608897,43,8,3,0,3,0,1,0,18,False
13644,19948700293,4,2,1,0,1,18,9,18,18,True
10613,18365196069,31,0,3,0,0,23,12,23,38,False
5676,18802233956,2,10,1,0,1,9,7,9,9,True
6321,19852999776,45,13,4,0,1,11,0,11,9,False
8321,15165929133,38,26,4,0,2,24,2,24,24,True
5930,18802233956,5,3,4,0,3,15,10,15,18,False
12650,19550593600,7,4,2,0,2,10,47,10,3,False
3862,13130819298,43,12,4,0,0,29,14,29,25,False
12351,18989781863,14,4,3,0,1,32,45,32,32,True
6475,19881266563,48,5,2,0,0,25,5,25,18,False
13377,19859608897,37,2,2,0,3,7,3,7,18,False
1618,17623708813,14,9,1,0,3,29,32,29,29,True
3569,13130819298,1,9,1,0,1,37,18,37,37,True
8127,15165929133,44,10,3,0,1,23,8,23,9,False
8383,15167050060,50,4,1,0,1,34,31,34,32,False
116,13513580369,16,6,3,0,3,25,33,25,25,True
6463,19881266563,36,7,2,0,2,3,11,3,32,False
11305,18664891854,21,0,3,0,2,24,47,24,18,False
8293,15165929133,10,0,4,0,2,22,43,22,10,False
1073,15661502139,17,14,4,0,1,19,32,19,32,False
8926,16630722126,49,1,4,0,1,41,48,41,12,False
3735,13130819298,16,27,4,0,3,2,16,2,25,False
8096,15165929133,13,6,3,0,3,32,40,32,32,True
11718,18758415613,33,20,4,0,3,37,39,37,9,False
6264,19852999776,38,16,4,0,2,28,38,28,23,False
1576,15735414945,22,36,4,0,3,37,31,37,37,True
6936,13074255915,7,6,4,0,3,40,25,40,30,False
4741,15797725211,19,0,3,0,0,30,19,30,30,True
14024,19948700293,2,9,4,0,1,4,29,4,23,False
9023,16630722126,46,1,4,0,3,21,43,21,25,False
7666,13943039298,35,2,1,0,1,32,24,32,32,True
3564,19970957519,46,8,4,0,0,43,7,43,18,False
8987,16630722126,10,11,4,0,1,16,2,16,18,False
6200,19852999776,24,19,4,0,2,37,44,37,16,False
11364,18664891854,30,1,4,0,0,28,7,28,18,False
10302,17731093916,21,5,4,0,0,41,34,41,19,False
7023,13074255915,44,3,4,0,3,17,6,17,17,True
4526,15079495784,5,27,4,0,3,38,24,38,18,False
10946,18636055184,13,14,3,0,1,41,39,41,9,False
8754,16630722126,19,7,2,0,2,24,1,24,24,True
12950,19834840803,12,0,1,0,2,5,41,5,37,False
5154,18053307086,31,39,4,0,3,22,16,22,17,False
811,15260233525,6,4,4,0,2,3,17,3,3,True
2247,17713196465,41,7,4,0,2,31,30,31,18,False
3474,19970957519,6,0,4,0,3,8,23,8,18,False
14065,19948700293,43,3,4,0,2,9,29,9,30,False
2716,18991311567,8,7,2,0,0,32,10,32,32,True
5456,18702113651,32,5,3,0,3,2,19,2,32,False
2309,17807329663,3,4,1,0,0,17,36,17,30,False
8363,15167050060,30,10,1,0,2,30,24,30,9,False
1408,15735414945,3,5,4,0,3,24,9,24,24,True
8860,16630722126,33,11,3,0,2,25,41,25,18,False
12184,18765816132,48,22,4,0,3,11,20,11,25,False
5973,18802233956,48,22,4,0,2,26,46,26,11,False
10792,18365196069,10,2,4,0,0,29,14,29,25,False
5348,18702113651,25,5,1,0,0,29,31,29,29,True
11813,18758415613,28,6,4,0,0,11,5,11,25,False
5896,18802233956,21,15,4,0,1,36,35,36,18,False
10285,17731093916,4,19,4,0,1,15,7,15,18,False
5768,18802233956,43,3,2,0,0,13,20,13,19,False
5642,18702113651,18,0,4,0,3,25,8,25,25,True
3565,19970957519,47,2,4,0,1,12,0,12,18,False
871,15260233525,16,5,4,0,0,12,7,12,18,False
6399,19881266563,23,5,1,0,3,10,26,10,10,True
4552,15079495784,31,13,4,0,1,28,7,28,18,False
13783,19948700293,42,1,3,0,0,30,1,30,32,False
1809,17623708813,4,3,4,0,2,9,47,9,9,True
3340,19970957519,22,1,3,0,2,2,1,2,24,False
7476,13630678332,46,7,1,0,3,32,48,32,32,True
3614,13130819298,46,6,1,0,0,9,4,9,9,True
3460,19970957519,42,26,4,0,3,37,11,37,37,True
1103,15661502139,47,16,4,0,2,10,8,10,10,True
11932,18765816132,47,9,1,0,3,33,48,33,32,False
5882,18802233956,7,5,4,0,2,12,33,12,16,False
1774,17623708813,19,80,4,0,1,39,6,39,23,False
8576,15167050060,42,1,4,0,1,46,38,46,29,False
817,15260233525,12,4,4,0,1,5,4,5,37,False
7827,13943039298,45,38,4,0,0,20,39,20,18,False
7125,13401917913,46,11,1,0,1,13,33,13,10,False
4621,15079495784,50,0,4,0,2,7,11,7,18,False
12867,19550593600,29,7,4,0,1,34,20,34,18,False
7389,13401917913,9,1,4,0,3,8,47,8,3,False
8264,15165929133,31,5,4,0,2,36,43,36,11,False
13801,19948700293,10,4,4,0,1,40,38,40,32,False
7689,13943039298,7,0,2,0,3,39,27,39,29,False
13868,19948700293,12,3,4,0,0,12,8,12,12,True
12183,18765816132,47,3,4,0,3,32,40,32,32,True
2113,17713196465,7,12,4,0,3,30,17,30,29,False
3062,19831701219,45,6,4,0,2,30,39,30,30,True
11352,18664891854,18,4,4,0,1,32,31,32,32,True
4264,13670356740,44,6,4,0,2,6,19,6,3,False
12562,18989781863,25,4,4,0,3,10,11,10,32,False
535,13932780308,34,26,4,0,0,46,41,46,23,False
5107,18053307086,34,11,3,0,1,23,15,23,23,True
11829,18758415613,44,10,4,0,0,34,20,34,18,False
13857,19948700293,1,30,4,0,3,7,8,7,18,False
4464,15079495784,43,36,4,0,1,3,2,3,32,False
5154,18053307086,31,22,4,0,0,39,16,39,24,False
3168,19831701219,1,8,4,0,1,22,14,22,32,False
5180,18053307086,7,6,4,0,3,30,39,30,9,False
8541,15167050060,7,5,4,0,3,12,11,12,19,False
3279,19970957519,11,3,2,0,3,37,18,37,37,True
1495,15735414945,41,11,4,0,3,28,14,28,18,False
11758,18758415613,23,6,4,0,2,34,45,34,11,False
6314,19852999776,38,12,4,0,0,22,1,22,19,False
8176,15165929133,43,12,4,0,1,11,9,11,25,False
13013,19834840803,24,9,2,0,2,5,12,5,37,False
4905,15797725211,33,9,4,0,0,20,19,20,18,False
3884,13130819298,15,6,4,0,1,24,3,24,24,True
4320,15079495784,50,1,1,0,1,29,37,29,29,True
3899,13130819298,30,5,4,0,0,32,19,32,32,True
7759,13943039298,27,17,3,0,2,34,41,34,18,False
1813,17623708813,8,2,4,0,2,10,8,10,10,True
9024,16630722126,47,8,4,0,0,44,21,44,19,False
2407,17807329663,50,6,2,0,2,1,7,1,18,False
5288,18053307086,15,21,4,0,1,38,36,38,38,True
11189,18664891854,6,3,1,0,2,18,26,18,10,False
3590,13130819298,22,8,1,0,1,26,15,26,32,False
5981,18802233956,6,3,4,0,3,14,33,14,32,False
3952,13670356740,33,2,1,0,0,30,17,30,30,True
8551,15167050060,17,6,4,0,1,15,12,15,9,False
7299,13401917913,19,17,4,0,3,17,24,17,17,True
9063,16630722126,36,4,4,0,3,16,1,16,24,False
519,13932780308,18,7,4,0,2,23,39,23,18,False
8394,15167050060,10,18,2,0,0,11,4,11,11,True
12867,19550593600,29,9,4,0,1,33,20,33,29,False
5530,18702113651,6,58,4,0,2,9,3,9,9,True
3209,19831701219,42,37,4,0,3,8,23,8,32,False
12516,18989781863,29,6,4,0,3,17,19,17,17,True
10375,17731093916,44,5,4,0,2,25,34,25,18,False
646,15260233525,43,11,2,0,3,28,30,28,18,False
6725,19881266563,47,1,4,0,1,26,16,26,32,False
4890,15797725211,18,2,4,0,1,25,10,25,25,True
12129,18765816132,43,13,4,0,0,38,45,38,9,False
3071,19831701219,4,8,4,0,2,15,39,15,10,False
2495,17807329663,38,17,4,0,3,28,21,28,17,False
1956,17713196465,1,2,1,0,3,31,39,31,32,False
896,15260233525,41,0,4,0,0,21,46,21,18,False
8523,15167050060,39,22,4,0,0,22,2,22,17,False
1216,15661502139,12,1,4,0,0,12,4,12,25,False
12953,19834840803,15,3,1,0,2,15,21,15,18,False
12381,18989781863,44,12,3,0,3,36,22,36,32,False
5978,18802233956,3,2,4,0,3,15,18,15,23,False
3620,13130819298,1,5,2,0,0,17,46,17,9,False
754,15260233525,49,8,4,0,3,11,34,11,32,False
4825,15797725211,3,12,4,0,0,29,23,29,25,False
10514,18365196069,33,1,1,0,3,37,8,37,31,False
5955,18802233956,30,25,4,0,0,21,28,21,23,False
5977,18802233956,2,14,4,0,2,6,46,6,18,False
9455,17331496902,27,10,1,0,3,0,1,0,18,False
4055,13670356740,35,1,3,0,0,44,28,44,19,False
10718,18365196069,36,19,4,0,0,15,7,15,17,False
9276,16726368276,48,1,4,0,2,10,4,10,10,True
12763,19550593600,22,0,4,0,1,12,2,12,12,True
13003,19834840803,14,8,2,0,2,23,28,23,23,True
1134,15661502139,28,16,4,0,1,15,7,15,18,False
13117,19834840803,28,6,4,0,1,4,9,4,25,False
2325,17807329663,19,0,1,0,3,8,31,8,29,False
9496,17331496902,17,6,2,0,1,32,24,32,32,True
5145,18053307086,22,17,4,0,2,10,8,10,10,True
1230,15661502139,26,22,4,0,2,25,15,25,25,True
3154,19831701219,37,11,4,0,2,15,16,15,17,False
840,15260233525,35,5,4,0,1,30,21,30,9,False
11466,18664891854,32,11,4,0,0,18,20,18,10,False
4832,15797725211,10,12,4,0,0,24,0,24,24,True
2462,17807329663,5,6,4,0,1,40,37,40,9,False
1291,15735414945,37,0,1,0,2,6,24,6,18,False
11178,18636055184,45,7,4,0,2,36,43,36,26,False
11048,18636055184,15,10,4,0,0,44,8,44,19,False
10093,17527328008,13,4,4,0,2,16,1,16,24,False
5219,18053307086,46,2,4,0,1,45,43,45,45,True
2577,17807329663,20,22,4,0,0,17,32,17,9,False
13964,19948700293,8,0,4,0,3,24,18,24,25,False
695,15260233525,42,2,3,0,2,22,45,22,10,False
8613,15167050060,29,10,4,0,3,17,25,17,17,True
4044,13670356740,24,10,3,0,0,17,26,17,9,False
6004,18802233956,29,6,4,0,0,23,33,23,23,True
13511,19859608897,21,8,4,0,2,5,12,5,32,False
12437,18989781863,50,5,4,0,0,22,15,22,17,False
13994,19948700293,5,1,4,0,0,43,44,43,18,False
2790,18991311567,32,2,3,0,0,25,23,25,25,True
4065,13670356740,45,12,3,0,0,8,2,8,32,False
3242,19970957519,25,5,1,0,2,12,25,12,18,False
14101,19948700293,29,3,4,0,0,17,1,17,32,False
2137,17713196465,31,13,4,0,0,23,39,23,23,True
5274,18053307086,1,11,4,0,2,18,17,18,18,True
1027,15661502139,21,10,3,0,3,11,41,11,10,False
11299,18664891854,15,9,3,0,0,18,4,18,18,True
10252,17731093916,21,6,3,0,0,10,2,10,10,True
8710,16630722126,26,0,1,0,1,40,22,40,9,False
3462,19970957519,44,23,4,0,0,7,0,7,18,False
12924,19550593600,36,14,4,0,3,46,47,46,29,False
4110,13670356740,40,7,4,0,0,30,46,30,30,True
3805,13130819298,36,5,4,0,1,25,37,25,25,True
5963,18802233956,38,8,4,0,1,15,0,15,38,False
3872,13130819298,3,17,4,0,3,22,23,22,17,False
1107,15661502139,1,21,4,0,3,30,31,30,9,False
10709,18365196069,27,4,4,0,0,14,12,14,23,False
12641,19550593600,3,8,2,0,0,17,15,17,17,True
6571,19881266563,44,21,4,0,0,12,6,12,18,False
11113,18636055184,30,6,4,0,1,26,15,26,18,False
7358,13401917913,28,22,4,0,0,16,2,16,18,False
13867,19948700293,11,3,4,0,2,23,29,23,10,False
13363,19859608897,23,1,2,0,2,15,29,15,23,False
12560,18989781863,23,0,4,0,1,31,45,31,18,False
1948,17623708813,43,11,4,0,2,38,46,38,9,False
4565,15079495784,44,6,4,0,0,25,11,25,25,True
7395,13401917913,15,8,4,0,1,36,21,36,32,False
12461,18989781863,24,0,4,0,1,13,45,13,11,False
3076,19831701219,9,1,4,0,0,26,19,26,37,False
10128,17527328008,48,11,4,0,3,46,48,46,29,False
1037,15661502139,31,6,3,0,3,11,38,11,32,False
2248,17713196465,42,6,4,0,1,40,37,40,9,False
1597,15735414945,43,6,4,0,1,25,21,25,25,True
8751,16630722126,16,2,2,0,0,37,1,37,32,False
5913,18802233956,38,12,4,0,3,4,41,4,32,False
10398,17731093916,17,2,4,0,3,36,14,36,32,False
5768,18802233956,43,10,2,0,3,11,20,11,32,False
733,15260233525,28,17,4,0,1,15,21,15,23,False
1248,15661502139,44,13,4,0,3,10,41,10,18,False
5813,18802233956,38,1,3,0,2,7,32,7,18,False
10871,18636055184,39,3,1,0,3,0,1,0,18,False
1687,17623708813,32,1,2,0,1,17,40,17,17,True
4468,15079495784,47,0,4,0,1,38,25,38,17,False
4410,15079495784,39,7,3,0,3,25,33,25,25,True
1207,15661502139,3,11,4,0,2,10,30,10,23,False
4432,15079495784,11,13,4,0,3,45,46,45,29,False
10382,17731093916,1,3,4,0,3,2,32,2,9,False
4400,15079495784,29,1,3,0,2,27,5,27,38,False
4664,15797725211,43,12,1,0,2,37,44,37,37,True
11725,18758415613,40,5,4,0,2,9,31,9,9,True
4154,13670356740,34,14,4,0,3,26,20,26,25,False
5867,18802233956,42,7,4,0,2,17,41,17,9,False
3874,13130819298,5,13,4,0,0,22,7,22,18,False
3225,19970957519,8,10,1,0,3,12,13,12,18,False
13653,19948700293,13,6,1,0,1,37,36,37,26,False
471,13932780308,20,1,3,0,0,30,31,30,30,True
6212,19852999776,36,32,4,0,3,18,2,18,18,True
8103,15165929133,20,0,3,0,1,41,26,41,30,False
9031,16630722126,4,7,4,0,3,24,39,24,25,False
13488,19859608897,48,3,4,0,2,23,40,23,18,False
1064,15661502139,8,5,4,0,0,45,46,45,45,True
6769,13074255915,41,7,1,0,0,30,24,30,30,True
6829,13074255915,50,5,2,0,2,33,47,33,32,False
825,15260233525,20,12,4,0,1,17,22,17,10,False
3628,13130819298,9,19,2,0,2,31,44,31,18,False
10713,18365196069,31,1,4,0,3,15,19,15,23,False
7504,13630678332,23,7,2,0,3,25,33,25,18,False
12508,18989781863,21,3,4,0,3,22,1,22,32,False
5440,18702113651,16,6,3,0,3,2,5,2,32,False
14092,19948700293,20,2,4,0,0,29,7,29,25,False
10931,18636055184,48,6,2,0,3,4,19,4,18,False
6626,19881266563,49,17,4,0,0,31,0,31,18,False
219,13513580369,19,27,4,0,0,27,17,27,32,False
6624,19881266563,47,11,4,0,0,18,3,18,18,True
1585,15735414945,31,5,4,0,2,37,39,37,18,False
5409,18702113651,35,0,2,0,1,26,1,26,24,False
1276,15735414945,22,2,1,0,3,25,26,25,25,True
4089,13670356740,19,14,4,0,2,23,44,23,23,True
4222,13670356740,2,4,4,0,1,29,32,29,29,True
10044,17527328008,14,7,4,0,3,26,13,26,25,False
12469,18989781863,32,18,4,0,1,2,0,2,3,False
7620,13630678332,39,1,4,0,3,32,39,32,32,True
1815,17623708813,10,11,4,0,1,18,10,18,18,True
244,13513580369,44,2,4,0,3,45,41,45,29,False
5497,18702113651,23,10,4,0,3,35,36,35,18,False
7035,13074255915,6,9,4,0,3,25,26,25,25,True
5203,18053307086,30,12,4,0,2,23,31,23,18,False
7138,13401917913,8,2,2,0,3,40,32,40,30,False
6581,19881266563,4,7,4,0,0,25,14,25,25,True
4804,15797725211,32,7,4,0,3,24,21,24,24,True
10649,18365196069,17,11,4,0,3,38,33,38,17,False
10844,18636055184,12,0,1,0,2,3,5,3,3,True
7027,13074255915,48,7,4,0,0,23,20,23,23,True
6647,19881266563,20,71,4,0,2,16,23,16,23,False
10301,17731093916,20,5,4,0,1,3,9,3,32,False
4891,15797725211,19,17,4,0,2,17,23,17,10,False
11753,18758415613,18,4,4,0,3,30,39,30,17,False
5767,18802233956,42,1,2,0,0,17,20,17,17,True
3751,13130819298,32,12,4,0,0,17,34,17,17,True
5425,18702113651,1,2,3,0,1,44,22,44,32,False
2567,17807329663,10,5,4,0,0,25,11,25,23,False
1766,17623708813,11,5,4,0,0,15,19,15,23,False
4843,15797725211,21,1,4,0,1,2,0,2,26,False
3309,19970957519,41,3,2,0,0,35,21,35,32,False
8262,15165929133,29,0,4,0,0,45,20,45,45,True
8257,15165929133,24,14,4,0,0,23,16,23,9,False
8358,15167050060,25,1,1,0,0,31,29,31,18,False
2961,19831701219,44,5,2,0,1,3,21,3,3,True
8793,16630722126,8,9,3,0,2,23,36,23,10,False
9101,16726368276,24,0,1,0,3,7,10,7,18,False
5180,18053307086,7,13,4,0,0,17,39,17,17,True
7708,13943039298,26,7,2,0,2,18,19,18,25,False
1980,17713196465,25,2,1,0,2,23,36,23,9,False
12828,19550593600,40,8,4,0,1,9,16,9,9,True
10841,18636055184,9,1,1,0,1,47,33,47,37,False
2640,17807329663,33,11,4,0,2,23,46,23,10,False
4873,15797725211,1,2,4,0,0,25,31,25,25,True
1482,15735414945,28,7,4,0,2,2,1,2,3,False
12346,18989781863,9,4,3,0,0,10,8,10,10,True
13163,19834840803,24,7,4,0,3,17,2,17,18,False
525,13932780308,24,5,4,0,2,25,8,25,24,False
4482,15079495784,11,16,4,0,0,20,19,20,18,False
1059,15661502139,3,22,4,0,1,38,42,38,18,False
9420,16726368276,42,25,4,0,1,11,10,11,25,False
7337,13401917913,7,6,4,0,3,37,38,37,17,False
8634,15167050060,50,20,4,0,1,37,14,37,38,False
3304,19970957519,36,13,2,0,1,12,17,12,18,False
13794,19948700293,3,11,4,0,1,4,9,4,24,False
4583,15079495784,12,46,4,0,1,19,46,19,10,False
12506,18989781863,19,10,4,0,2,7,37,7,15,False
2365,17807329663,8,0,2,0,2,15,45,15,15,True
5964,18802233956,39,7,4,0,2,30,45,30,9,False
1354,15735414945,49,1,2,0,3,14,9,14,32,False
4087,13670356740,17,3,4,0,1,38,21,38,18,False
8628,15167050060,44,1,4,0,3,31,40,31,18,False
756,15260233525,1,1,4,0,0,44,46,44,29,False
8927,16630722126,50,2,4,0,0,38,39,38,9,False
372,13932780308,22,12,1,0,3,16,26,16,16,True
8000,15165929133,18,3,1,0,1,18,39,18,18,True
9208,16726368276,30,8,3,0,0,20,13,20,24,False
538,13932780308,37,16,4,0,0,35,29,35,18,False
2976,19831701219,9,0,3,0,3,39,11,39,29,False
6153,19852999776,27,2,3,0,2,15,38,15,18,False
13118,19834840803,29,0,4,0,3,8,10,8,18,False
12212,18765816132,26,3,4,0,0,32,26,32,19,False
2395,17807329663,38,6,2,0,1,12,10,12,18,False
6880,13074255915,1,1,4,0,2,19,26,19,17,False
1504,15735414945,50,11,4,0,2,23,39,23,18,False
424,13932780308,23,0,2,0,1,5,0,5,19,False
5872,18802233956,47,28,4,0,2,19,26,19,32,False
13685,19948700293,45,0,1,0,0,19,27,19,19,True
2734,18991311567,26,5,2,0,0,17,20,17,17,True
1476,15735414945,22,5,4,0,2,24,25,24,24,True
7031,13074255915,2,7,4,0,1,4,14,4,11,False
10544,18365196069,12,14,2,0,1,23,7,23,9,False
589,15260233525,37,10,1,0,1,33,16,33,32,False
1550,15735414945,46,31,4,0,3,16,14,16,24,False
12066,18765816132,30,2,4,0,2,22,31,22,3,False
6635,19881266563,8,9,4,0,1,29,43,29,29,True
12845,19550593600,7,0,4,0,3,30,32,30,30,True
4583,15079495784,12,41,4,0,3,5,46,5,29,False
1097,15661502139,41,37,4,0,0,22,6,22,23,False
9892,17527328008,12,6,3,0,3,40,47,40,30,False
3536,19970957519,18,1,4,0,0,18,8,18,18,True
12481,18989781863,44,2,4,0,1,5,3,5,12,False
4558,15079495784,37,57,4,0,0,30,23,30,10,False
3510,19970957519,42,6,4,0,2,20,17,20,18,False
12885,19550593600,47,10,4,0,1,10,8,10,17,False
1812,17623708813,7,1,4,0,1,20,9,20,11,False
13550,19859608897,10,6,4,0,1,30,28,30,32,False
3061,19831701219,44,4,4,0,3,24,18,24,25,False
2791,18991311567,33,5,3,0,1,30,45,30,30,True
6525,19881266563,48,8,3,0,0,10,8,10,10,True
9804,17527328008,25,38,1,0,3,14,9,14,32,False
6645,19881266563,18,5,4,0,0,25,14,25,25,True
3248,19970957519,31,2,1,0,2,8,23,8,8,True
11610,18758415613,25,0,2,0,2,24,45,24,25,False
5968,18802233956,43,4,4,0,3,12,3,12,18,False
2588,17807329663,31,18,4,0,1,22,0,22,32,False
3586,13130819298,18,2,1,0,2,18,20,18,18,True
1725,17623708813,20,5,3,0,0,30,31,30,30,True
5984,18802233956,9,0,4,0,1,11,0,11,19,False
1141,15661502139,35,2,4,0,2,11,18,11,11,True
3418,19970957519,50,11,4,0,2,17,41,17,17,True
8817,16630722126,32,5,3,0,0,32,8,32,32,True
1834,17623708813,1,4,4,0,3,9,33,9,9,True
6619,19881266563,42,18,4,0,0,8,1,8,32,False
10742,18365196069,10,2,4,0,2,21,43,21,10,False
11793,18758415613,8,4,4,0,1,8,31,8,3,False
2629,17807329663,22,5,4,0,2,12,26,12,3,False
3511,19970957519,43,4,4,0,1,26,10,26,32,False
10521,18365196069,40,5,1,0,1,40,47,40,30,False
3428,19970957519,10,7,4,0,2,20,13,20,18,False
10753,18365196069,21,7,4,0,0,32,27,32,19,False
9246,16726368276,18,3,4,0,1,4,16,4,11,False
266,13513580369,16,4,4,0,1,31,36,31,18,False
740,15260233525,35,9,4,0,3,18,5,18,18,True
13112,19834840803,23,9,4,0,3,11,9,11,11,True
10466,17731093916,35,14,4,0,1,13,12,13,9,False
2134,17713196465,28,11,4,0,3,25,40,25,25,True
2758,18991311567,50,13,2,0,2,36,7,36,32,False
7089,13401917913,10,14,1,0,0,11,9,11,11,True
10673,18365196069,41,3,4,0,1,4,9,4,25,False
873,15260233525,18,11,4,0,1,12,9,12,18,False
1921,17623708813,16,52,4,0,3,17,24,17,9,False
1113,15661502139,7,13,4,0,1,17,15,17,17,True
2516,17807329663,9,3,4,0,2,29,41,29,29,True
11337,18664891854,3,3,4,0,1,19,3,19,19,True
671,15260233525,18,11,3,0,1,19,25,19,19,True
271,13513580369,21,2,4,0,3,3,19,3,32,False
12439,18989781863,2,12,4,0,1,18,14,18,18,True
5549,18702113651,25,5,4,0,3,2,25,2,32,False
3418,19970957519,50,72,4,0,2,17,41,17,17,True
161,13513580369,11,7,4,0,1,2,14,2,11,False
1077,15661502139,21,0,4,0,1,25,9,25,25,True
8438,15167050060,4,13,3,0,1,22,21,22,38,False
1815,17623708813,10,1,4,0,0,39,10,39,25,False
9639,17331496902,10,0,4,0,2,24,47,24,18,False
1429,15735414945,24,50,4,0,1,12,3,12,18,False
12971,19834840803,33,3,1,0,2,15,36,15,10,False
10285,17731093916,4,18,4,0,0,15,7,15,18,False
10903,18636055184,20,7,2,0,1,5,10,5,19,False
13360,19859608897,20,3,2,0,0,29,21,29,19,False
8169,15165929133,36,5,4,0,0,30,14,30,32,False
1422,15735414945,17,3,4,0,1,32,11,32,32,True
11143,18636055184,10,16,4,0,3,16,2,16,16,True
11000,18636055184,17,29,4,0,3,26,27,26,30,False
6451,19881266563,24,1,2,0,0,45,0,45,19,False
1756,17623708813,1,40,4,0,3,1,15,1,18,False
8973,16630722126,46,4,4,0,2,11,8,11,25,False
6968,13074255915,39,6,4,0,3,8,30,8,18,False
6680,19881266563,2,20,4,0,2,29,46,29,25,False
7080,13401917913,1,5,1,0,1,41,48,41,26,False
11687,18758415613,2,7,4,0,3,2,21,2,24,False
11469,18664891854,35,2,4,0,1,30,19,30,9,False
5246,18053307086,23,25,4,0,2,25,39,25,25,True
3587,13130819298,19,1,1,0,2,10,25,10,32,False
1291,15735414945,37,28,1,0,1,32,24,32,32,True
12205,18765816132,19,6,4,0,3,44,48,44,29,False
1151,15661502139,45,14,4,0,3,10,24,10,30,False
5261,18053307086,38,3,4,0,2,3,0,3,32,False
5674,18702113651,50,2,4,0,0,44,41,44,29,False
1860,17623708813,5,8,4,0,1,25,37,25,25,True
4776,15797725211,4,7,4,0,2,30,44,30,30,True
5004,18053307086,32,8,1,0,1,40,46,40,30,False
3041,19831701219,24,15,4,0,0,10,2,10,23,False
1125,15661502139,19,29,4,0,1,8,0,8,32,False
616,15260233525,13,11,2,0,1,12,2,12,18,False
2222,17713196465,16,21,4,0,2,10,22,10,10,True
9243,16726368276,15,3,4,0,2,17,24,17,25,False
4193,13670356740,23,15,4,0,1,19,33,19,10,False
14039,19948700293,17,2,4,0,2,25,24,25,25,True
3460,19970957519,42,24,4,0,3,43,11,43,18,False
11798,18758415613,13,19,4,0,0,26,19,26,25,False
4507,15079495784,36,28,4,0,0,8,2,8,32,False
9324,16726368276,46,3,4,0,2,16,15,16,23,False
3387,19970957519,19,1,4,0,0,12,4,12,25,False
1936,17623708813,31,19,4,0,3,36,32,36,29,False
10730,18365196069,48,7,4,0,2,37,45,37,9,False
1100,15661502139,44,21,4,0,1,22,21,22,32,False
4466,15079495784,45,19,4,0,3,15,17,15,23,False
6006,18802233956,31,4,4,0,2,3,10,3,32,False
4007,13670356740,37,14,2,0,0,25,13,25,25,True
2374,17807329663,17,7,2,0,1,13,25,13,10,False
12259,18989781863,23,5,1,0,0,32,13,32,19,False
309,13513580369,9,1,4,0,3,32,6,32,32,True
1101,15661502139,45,7,4,0,3,23,31,23,18,False
10485,18365196069,4,7,1,0,0,41,34,41,30,False
1450,15735414945,45,10,4,0,0,26,3,26,25,False
12713,19550593600,25,0,3,0,1,1,30,1,18,False
7186,13401917913,6,12,3,0,0,10,31,10,10,True
12747,19550593600,6,3,4,0,2,30,39,30,30,True
9935,17527328008,5,10,4,0,3,24,8,24,24,True
13104,19834840803,15,4,4,0,0,23,32,23,23,True
4916,15797725211,44,10,4,0,1,38,14,38,38,True
3134,19831701219,17,18,4,0,1,25,46,25,25,True
2613,17807329663,6,17,4,0,0,36,29,36,29,False
13174,19834840803,35,3,4,0,1,24,0,24,24,True
3205,19831701219,38,1,4,0,2,24,6,24,24,True
12654,19550593600,11,5,2,0,2,5,12,5,37,False
2540,17807329663,33,15,4,0,2,24,9,24,24,True
13634,19859608897,44,0,4,0,2,20,34,20,12,False
8632,15167050060,48,7,4,0,1,39,25,39,24,False
2765,18991311567,7,6,3,0,0,9,16,9,9,True
460,13932780308,9,1,3,0,3,16,26,16,16,True
10557,18365196069,25,0,2,0,2,39,43,39,24,False
11070,18636055184,37,8,4,0,0,36,28,36,9,False
3346,19970957519,28,0,3,0,2,15,45,15,15,True
12535,18989781863,48,4,4,0,2,30,40,30,10,False
6716,19881266563,38,30,4,0,2,18,33,18,9,False
1149,15661502139,43,23,4,0,1,11,22,11,18,False
13482,19859608897,42,0,4,0,2,18,20,18,25,False
2505,17807329663,48,5,4,0,1,24,22,24,25,False
4263,13670356740,43,15,4,0,1,19,25,19,19,True
535,13932780308,34,4,4,0,3,30,41,30,9,False
4698,15797725211,26,4,2,0,3,14,44,14,32,False
12717,19550593600,29,19,3,0,2,6,13,6,18,False
5897,18802233956,22,4,4,0,3,2,12,2,9,False
4458,15079495784,37,29,4,0,1,23,39,23,23,True
10901,18636055184,18,4,2,0,2,3,10,3,3,True
4358,15079495784,37,2,2,0,3,25,37,25,25,True
153,13513580369,3,2,4,0,1,38,7,38,38,True
3402,19970957519,34,7,4,0,1,23,14,23,23,True
12913,19550593600,25,15,4,0,1,30,9,30,30,True
2961,19831701219,44,8,2,0,2,8,21,8,32,False
11626,18758415613,41,8,2,0,0,44,24,44,19,False
2861,18991311567,3,1,4,0,2,9,16,9,9,True
12524,18989781863,37,16,4,0,3,33,48,33,32,False
11198,18664891854,15,1,1,0,2,18,19,18,18,True
4079,13670356740,9,0,4,0,1,39,0,39,25,False
3111,19831701219,44,7,4,0,0,26,0,26,32,False
5047,18053307086,24,5,2,0,3,18,8,18,18,True
13613,19859608897,23,2,4,0,0,18,12,18,17,False
12803,19550593600,15,7,4,0,3,4,19,4,32,False
4307,15079495784,37,23,1,0,0,30,16,30,30,True
7185,13401917913,5,2,3,0,0,10,1,10,30,False
13882,19948700293,26,9,4,0,1,30,29,30,23,False
13889,19948700293,33,9,4,0,2,16,24,16,9,False
14074,19948700293,2,10,4,0,0,47,40,47,29,False
12631,19550593600,44,2,1,0,2,34,39,34,18,False
9368,16726368276,40,3,4,0,2,33,48,33,32,False
4727,15797725211,5,26,3,0,1,26,6,26,29,False
6324,19852999776,48,18,4,0,1,19,34,19,32,False
4162,13670356740,42,23,4,0,0,35,23,35,29,False
7905,13943039298,23,0,4,0,2,11,24,11,11,True
1054,15661502139,48,1,3,0,1,4,24,4,9,False
11798,18758415613,13,1,4,0,3,9,19,9,9,True
6081,19852999776,5,22,2,0,0,7,0,7,18,False
78,13513580369,28,10,2,0,3,12,13,12,18,False
10799,18365196069,17,4,4,0,2,2,1,2,26,False
3344,19970957519,26,12,3,0,2,36,43,36,32,False
11422,18664891854,38,1,4,0,0,34,27,34,23,False
8206,15165929133,23,9,4,0,3,16,8,16,24,False
5035,18053307086,12,0,2,0,0,46,15,46,29,False
11575,18758415613,41,13,1,0,2,25,24,25,25,True
9542,17331496902,13,8,3,0,3,0,1,0,18,False
5582,18702113651,8,0,4,0,3,23,25,23,18,False
11977,18765816132,41,7,2,0,3,28,29,28,18,False
261,13513580369,11,13,4,0,0,25,17,25,25,True
3209,19831701219,42,42,4,0,2,3,23,3,3,True
11401,18664891854,17,10,4,0,2,31,2,31,24,False
7976,13943039298,44,7,4,0,2,11,3,11,30,False
8532,15167050060,48,10,4,0,0,26,20,26,11,False
655,15260233525,2,30,3,0,0,31,24,31,18,False
7847,13943039298,15,16,4,0,3,38,39,38,38,True
4439,15079495784,18,12,4,0,1,9,16,9,9,True
4025,13670356740,5,9,3,0,2,18,38,18,18,True
9847,17527328008,17,7,2,0,2,12,19,12,37,False
4574,15079495784,3,26,4,0,0,22,0,22,19,False
13306,19859608897,17,6,1,0,1,32,29,32,32,True
305,13513580369,5,7,4,0,1,3,8,3,32,False
11777,18758415613,42,11,4,0,3,17,32,17,17,True
10945,18636055184,12,0,3,0,1,33,8,33,32,False
11860,18758415613,25,18,4,0,2,25,33,25,18,False
2608,17807329663,1,19,4,0,3,37,31,37,16,False
13404,19859608897,14,0,3,0,1,27,41,27,38,False
2239,17713196465,33,2,4,0,3,38,39,38,17,False
877,15260233525,22,4,4,0,3,18,19,18,18,True
8170,15165929133,37,7,4,0,3,39,40,39,18,False
5230,18053307086,7,10,4,0,2,29,47,29,25,False
4978,18053307086,6,30,1,0,1,11,17,11,19,False
5080,18053307086,7,7,3,0,1,26,13,26,37,False
674,15260233525,21,2,3,0,2,10,16,10,32,False
13036,19834840803,47,4,2,0,3,39,3,39,24,False
11266,18664891854,32,2,2,0,1,22,28,22,3,False
6171,19852999776,45,1,3,0,1,30,44,30,9,False
5998,18802233956,23,8,4,0,2,25,40,25,18,False
2666,18991311567,9,6,1,0,2,20,13,20,24,False
13017,19834840803,28,9,2,0,2,18,38,18,10,False
4151,13670356740,31,19,4,0,3,18,13,18,18,True
4196,13670356740,26,2,4,0,3,29,32,29,29,True
1937,17623708813,32,18,4,0,1,17,39,17,9,False
2671,18991311567,14,11,1,0,2,31,38,31,18,False
550,13932780308,49,30,4,0,1,19,34,19,19,True
10771,18365196069,39,15,4,0,0,17,10,17,32,False
916,15661502139,11,3,1,0,2,28,37,28,18,False
9985,17527328008,5,7,4,0,3,8,3,8,32,False
8952,16630722126,25,8,4,0,0,27,19,27,32,False
9995,17527328008,15,6,4,0,3,15,10,15,9,False
14004,19948700293,15,14,4,0,3,44,46,44,29,False
6402,19881266563,26,5,1,0,0,22,0,22,19,False
13976,19948700293,20,17,4,0,1,13,19,13,30,False
2011,17713196465,5,9,2,0,0,8,1,8,9,False
2505,17807329663,48,8,4,0,3,24,22,24,24,True
13939,19948700293,33,6,4,0,0,38,39,38,17,False
7913,13943039298,31,9,4,0,3,23,24,23,9,False
6692,19881266563,14,9,4,0,3,4,19,4,9,False
6992,13074255915,13,9,4,0,1,16,9,16,18,False
2380,17807329663,23,6,2,0,1,27,13,27,9,False
11440,18664891854,6,3,4,0,1,38,30,38,18,False
5336,18702113651,13,12,1,0,2,12,33,12,12,True
11736,18758415613,1,3,4,0,0,36,40,36,29,False
11073,18636055184,40,2,4,0,3,21,36,21,25,False
10278,17731093916,47,6,3,0,3,7,1,7,18,False
2854,18991311567,46,4,4,0,2,22,31,22,10,False
1796,17623708813,41,168,4,0,2,17,0,17,10,False
3590,13130819298,22,11,1,0,3,18,15,18,18,True
7823,13943039298,41,9,4,0,3,17,31,17,17,True
8543,15167050060,9,6,4,0,2,3,32,3,3,True
10315,17731093916,34,3,4,0,3,22,20,22,17,False
4267,13670356740,47,18,4,0,2,10,17,10,10,True
6874,13074255915,45,1,3,0,0,12,21,12,11,False
9822,17527328008,43,3,1,0,3,0,1,0,18,False
11764,18758415613,29,5,4,0,3,40,17,40,30,False
704,15260233525,1,14,4,0,1,32,21,32,32,True
1366,15735414945,11,18,3,0,3,37,38,37,29,False
7970,13943039298,38,8,4,0,0,34,20,34,18,False
13587,19859608897,47,2,4,0,2,17,15,17,18,False
1670,17623708813,15,15,2,0,1,15,21,15,3,False
7267,13401917913,37,23,4,0,2,18,34,18,10,False
3859,13130819298,40,41,4,0,3,15,17,15,17,False
11415,18664891854,31,11,4,0,3,32,40,32,32,True
1941,17623708813,36,25,4,0,1,12,2,12,18,False
9875,17527328008,45,6,2,0,0,30,24,30,19,False
14075,19948700293,3,14,4,0,1,26,39,26,3,False
8109,15165929133,26,10,3,0,3,29,1,29,32,False
11323,18664891854,39,2,3,0,0,41,47,41,19,False
7053,13074255915,24,14,4,0,2,18,45,18,3,False
9929,17527328008,49,2,3,0,2,16,8,16,24,False
10416,17731093916,35,18,4,0,0,22,15,22,17,False
1579,15735414945,25,9,4,0,0,27,12,27,32,False
4740,15797725211,18,27,3,0,0,13,20,13,19,False
802,15260233525,47,3,4,0,0,47,44,47,29,False
6407,19881266563,31,2,1,0,0,15,10,15,9,False
12251,18989781863,15,2,1,0,3,8,47,8,9,False
7881,13943039298,49,7,4,0,1,18,2,18,18,True
5973,18802233956,48,3,4,0,3,14,46,14,18,False
7389,13401917913,9,20,4,0,2,37,47,37,9,False
681,15260233525,28,6,3,0,2,12,32,12,16,False
5804,18802233956,29,8,3,0,0,25,15,25,31,False
861,15260233525,6,5,4,0,3,18,11,18,18,True
5632,18702113651,8,0,4,0,3,5,47,5,18,False
185,13513580369,35,12,4,0,0,17,47,17,9,False
2556,17807329663,49,4,4,0,3,16,14,16,24,False
5300,18053307086,27,7,4,0,0,37,22,37,38,False
13471,19859608897,31,3,4,0,0,38,24,38,17,False
7388,13401917913,8,11,4,0,3,16,4,16,37,False
8205,15165929133,22,9,4,0,0,33,4,33,37,False
7945,13943039298,13,8,4,0,0,9,3,9,9,True
9180,16726368276,2,0,3,0,1,47,2,47,32,False
3451,19970957519,33,7,4,0,1,30,7,30,9,False
12387,18989781863,50,6,3,0,3,21,14,21,23,False
12897,19550593600,9,11,4,0,2,34,39,34,11,False
13807,19948700293,1,9,3,0,1,38,39,38,38,True
8251,15165929133,18,5,4,0,1,23,1,23,23,True
3990,13670356740,20,3,2,0,0,32,18,32,32,True
402,13932780308,1,0,2,0,3,37,13,37,37,True
8257,15165929133,24,11,4,0,3,15,16,15,9,False
5931,18802233956,6,11,4,0,0,35,30,35,29,False
7794,13943039298,12,3,4,0,1,16,1,16,23,False
13857,19948700293,1,13,4,0,1,37,8,37,38,False
12705,19550593600,17,4,3,0,2,10,6,10,32,False
11952,18765816132,16,5,2,0,0,11,9,11,11,True
6302,19852999776,26,15,4,0,0,33,20,33,30,False
867,15260233525,12,11,4,0,3,12,3,12,18,False
9053,16630722126,26,11,4,0,1,24,28,24,18,False
10296,17731093916,15,2,4,0,1,13,18,13,10,False
3721,13130819298,2,16,4,0,3,35,47,35,18,False
5522,18702113651,48,21,4,0,0,16,8,16,25,False
10328,17731093916,47,7,4,0,2,25,41,25,18,False
2509,17807329663,2,16,4,0,0,33,2,33,32,False
7067,13074255915,38,7,4,0,0,32,20,32,19,False
7427,13401917913,47,28,4,0,3,4,20,4,32,False
2509,17807329663,2,17,4,0,0,26,2,26,32,False
11390,18664891854,6,12,4,0,1,18,17,18,18,True
5273,18053307086,50,1,4,0,2,12,31,12,12,True
8235,15165929133,2,13,4,0,1,10,9,10,17,False
4571,15079495784,50,7,4,0,2,2,14,2,25,False
1460,15735414945,6,21,4,0,2,12,24,12,24,False
2816,18991311567,8,5,4,0,0,40,25,40,32,False
768,15260233525,13,8,4,0,2,24,17,24,24,True
5058,18053307086,35,1,2,0,0,47,46,47,45,False
13089,19834840803,50,10,3,0,0,10,9,10,19,False
13801,19948700293,10,5,4,0,2,39,38,39,23,False
8231,15165929133,48,5,4,0,2,18,48,18,18,True
9062,16630722126,35,9,4,0,3,18,12,18,9,False
1586,15735414945,32,1,4,0,0,17,19,17,23,False
5297,18053307086,24,16,4,0,1,25,0,25,25,True
11084,18636055184,1,11,4,0,3,23,24,23,18,False
11235,18664891854,1,3,2,0,1,34,25,34,9,False
3622,13130819298,3,8,2,0,3,10,46,10,32,False
1569,15735414945,15,24,4,0,1,37,3,37,37,True
7847,13943039298,15,40,4,0,0,45,39,45,29,False
74,13513580369,24,5,2,0,3,35,43,35,18,False
3273,19970957519,5,6,2,0,3,18,1,18,18,True
860,15260233525,5,7,4,0,1,12,2,12,18,False
4384,15079495784,13,7,3,0,1,26,17,26,32,False
5332,18702113651,9,0,1,0,1,13,47,13,10,False
8604,15167050060,20,6,4,0,0,18,20,18,23,False
3834,13130819298,15,6,4,0,2,15,23,15,18,False
3060,19831701219,43,11,4,0,2,28,40,28,23,False
1711,17623708813,6,13,3,0,3,8,9,8,32,False
7255,13401917913,25,11,4,0,2,23,24,23,23,True
8223,15165929133,40,1,4,0,2,22,36,22,10,False
6341,19852999776,15,17,4,0,1,13,27,13,10,False
6198,19852999776,22,18,4,0,0,22,2,22,17,False
1973,17713196465,18,5,1,0,2,10,30,10,10,True
4756,15797725211,34,0,3,0,1,3,1,3,3,True
4182,13670356740,12,12,4,0,1,5,7,5,19,False
7019,13074255915,40,1,4,0,2,39,42,39,25,False
11121,18636055184,38,13,4,0,1,23,7,23,23,True
2505,17807329663,48,21,4,0,0,29,22,29,25,False
11801,18758415613,16,9,4,0,3,37,40,37,32,False
11578,18758415613,44,0,1,0,1,9,1,9,9,True
2187,17713196465,31,20,4,0,3,36,46,36,18,False
9275,16726368276,47,6,4,0,3,15,23,15,18,False
6046,19852999776,21,3,1,0,0,40,3,40,30,False
2937,19831701219,20,19,2,0,2,26,46,26,24,False
8623,15167050060,39,7,4,0,0,29,31,29,26,False
4583,15079495784,12,5,4,0,3,21,46,21,25,False
7769,13943039298,37,4,3,0,0,44,38,44,19,False
14085,19948700293,13,10,4,0,0,23,15,23,17,False
6292,19852999776,16,11,4,0,2,10,14,10,10,True
13875,19948700293,19,7,4,0,3,16,20,16,25,False
6624,19881266563,47,6,4,0,3,32,3,32,32,True
9698,17331496902,19,5,4,0,2,23,37,23,10,False
4237,13670356740,17,2,4,0,0,9,26,9,17,False
655,15260233525,2,12,3,0,2,15,24,15,17,False
4178,13670356740,8,9,4,0,1,10,8,10,10,True
12068,18765816132,32,5,4,0,1,18,9,18,18,True
3138,19831701219,21,7,4,0,0,30,32,30,30,True
10513,18365196069,32,2,1,0,3,28,8,28,18,False
6821,13074255915,42,8,2,0,0,38,24,38,18,False
8228,15165929133,45,2,4,0,2,27,34,27,23,False
5804,18802233956,29,4,3,0,0,32,15,32,32,True
204,13513580369,4,12,4,0,0,33,3,33,32,False
754,15260233525,49,18,4,0,3,33,34,33,18,False
6671,19881266563,44,11,4,0,2,5,12,5,16,False
4370,15079495784,49,0,2,0,3,32,5,32,32,True
2495,17807329663,38,13,4,0,1,22,21,22,10,False
8298,15165929133,15,7,4,0,0,11,12,11,25,False
6615,19881266563,38,37,4,0,1,32,31,32,32,True
2227,17713196465,21,8,4,0,2,24,15,24,24,True
971,15661502139,15,0,2,0,0,23,8,23,23,True
3794,13130819298,25,20,4,0,0,19,10,19,32,False
10029,17527328008,49,152,4,0,1,9,1,9,9,True
9111,16726368276,34,2,1,0,3,2,12,2,32,False
10746,18365196069,14,9,4,0,2,27,41,27,23,False
1372,15735414945,17,9,3,0,3,37,40,37,29,False
245,13513580369,45,19,4,0,1,3,21,3,3,True
4619,15079495784,48,32,4,0,2,19,24,19,11,False
11740,18758415613,5,5,4,0,3,14,22,14,32,False
8259,15165929133,26,9,4,0,2,20,39,20,25,False
5734,18802233956,9,7,2,0,3,35,43,35,18,False
11765,18758415613,30,8,4,0,1,18,3,18,18,True
1797,17623708813,42,194,4,0,2,39,10,39,24,False
7291,13401917913,11,4,4,0,3,26,41,26,26,True
1825,17623708813,20,0,4,0,0,31,9,31,25,False
7054,13074255915,25,12,4,0,3,3,11,3,3,True
11448,18664891854,14,0,4,0,3,19,11,19,19,True
762,15260233525,7,7,4,0,1,11,2,11,18,False
2376,17807329663,19,6,2,0,1,32,25,32,32,True
946,15661502139,41,3,1,0,1,3,9,3,32,False
4791,15797725211,19,4,4,0,2,10,24,10,3,False
10546,18365196069,14,2,2,0,3,29,7,29,32,False
1802,17623708813,47,117,4,0,0,16,6,16,29,False
4245,13670356740,25,4,4,0,3,25,33,25,18,False
8636,15167050060,2,9,4,0,0,31,40,31,16,False
12604,19550593600,17,3,1,0,1,3,9,3,32,False
4247,13670356740,27,19,4,0,3,14,46,14,18,False
2259,17713196465,3,14,4,0,0,19,13,19,19,True
8193,15165929133,10,17,4,0,2,12,19,12,18,False
811,15260233525,6,15,4,0,0,11,17,11,18,False
3056,19831701219,39,13,4,0,2,10,32,10,3,False
12198,18765816132,12,3,4,0,2,30,24,30,9,False
1576,15735414945,22,23,4,0,2,16,31,16,9,False
5035,18053307086,12,11,2,0,1,10,15,10,10,True
12451,18989781863,14,3,4,0,2,8,40,8,9,False
8144,15165929133,11,1,4,0,0,41,0,41,30,False
6633,19881266563,6,13,4,0,0,31,21,31,24,False
1126,15661502139,20,12,4,0,2,18,26,18,18,True
4669,15797725211,48,10,1,0,2,18,46,18,18,True
8163,15165929133,30,14,4,0,1,40,47,40,3,False
376,13932780308,26,11,1,0,0,7,0,7,18,False
11147,18636055184,14,2,4,0,2,24,25,24,25,False
12029,18765816132,43,3,3,0,3,22,43,22,3,False
5570,18702113651,46,5,4,0,0,25,13,25,18,False
8455,15167050060,21,9,3,0,2,25,40,25,18,False
8650,15167050060,16,12,4,0,0,41,24,41,30,False
2971,19831701219,4,0,3,0,0,21,36,21,25,False
4844,15797725211,22,29,4,0,0,15,8,15,17,False
863,15260233525,8,7,4,0,0,30,23,30,10,False
14099,19948700293,27,13,4,0,2,30,24,30,9,False
3771,13130819298,2,17,4,0,1,11,24,11,18,False
10445,17731093916,14,1,4,0,1,22,29,22,10,False
1580,15735414945,26,6,4,0,3,18,11,18,18,True
2127,17713196465,21,20,4,0,2,31,16,31,24,False
6931,13074255915,2,12,4,0,1,25,29,25,25,True
6546,19881266563,19,2,4,0,0,38,41,38,17,False
1159,15661502139,5,2,4,0,1,39,3,39,24,False
10737,18365196069,5,20,4,0,0,16,0,16,25,False
1797,17623708813,42,23,4,0,1,34,10,34,9,False
5100,18053307086,27,10,3,0,1,30,31,30,9,False
12937,19550593600,49,15,4,0,0,21,14,21,23,False
5586,18702113651,12,9,4,0,2,2,8,2,12,False
1885,17623708813,30,35,4,0,3,26,20,26,25,False
8291,15165929133,8,12,4,0,1,32,8,32,32,True
4209,13670356740,39,7,4,0,2,18,26,18,18,True
953,15661502139,48,3,1,0,0,25,16,25,25,True
11947,18765816132,11,1,2,0,2,31,40,31,18,False
6720,19881266563,42,7,4,0,2,16,7,16,24,False
6538,19881266563,11,32,4,0,3,32,20,32,32,True
8996,16630722126,19,18,4,0,1,24,10,24,24,True
8625,15167050060,41,10,4,0,2,34,40,34,18,False
6261,19852999776,35,5,4,0,1,26,10,26,32,False
6576,19881266563,49,17,4,0,3,10,34,10,18,False
4061,13670356740,41,4,3,0,0,17,24,17,9,False
1760,17623708813,5,42,4,0,0,30,17,30,25,False
7423,13401917913,43,10,4,0,1,36,29,36,32,False
7198,13401917913,18,5,3,0,3,39,33,39,37,False
5094,18053307086,21,2,3,0,2,38,41,38,17,False
12504,18989781863,17,9,4,0,0,19,27,19,19,True
4309,15079495784,39,5,1,0,3,28,16,28,25,False
4581,15079495784,10,7,4,0,2,28,18,28,25,False
2487,17807329663,30,7,4,0,2,4,25,4,32,False
242,13513580369,42,4,4,0,3,24,1,24,24,True
9645,17331496902,16,4,4,0,3,32,48,32,3,False
4538,15079495784,17,17,4,0,1,13,12,13,9,False
11018,18636055184,35,1,4,0,1,40,1,40,30,False
1155,15661502139,1,6,4,0,0,38,30,38,18,False
11792,18758415613,7,8,4,0,1,36,42,36,19,False
6201,19852999776,25,9,4,0,0,18,7,18,18,True
5196,18053307086,23,2,4,0,0,12,5,12,18,False
7836,13943039298,4,6,4,0,0,33,26,33,19,False
7438,13630678332,8,0,1,0,3,2,12,2,18,False
13735,19948700293,44,3,2,0,1,24,22,24,24,True
4488,15079495784,17,18,4,0,3,9,19,9,9,True
3829,13130819298,10,15,4,0,3,11,34,11,11,True
13289,19834840803,50,8,4,0,1,3,8,3,32,False
1500,15735414945,46,8,4,0,0,18,16,18,18,True
1019,15661502139,13,16,3,0,3,2,16,2,25,False
3314,19970957519,46,5,2,0,0,25,5,25,18,False
6351,19852999776,25,0,4,0,3,46,21,46,25,False
6508,19881266563,31,5,3,0,1,32,23,32,32,True
1806,17623708813,1,40,4,0,3,24,9,24,24,True
2266,17713196465,10,14,4,0,2,25,23,25,24,False
3472,19970957519,4,20,4,0,2,40,47,40,32,False
7849,13943039298,17,0,4,0,2,19,29,19,19,True
1504,15735414945,50,6,4,0,2,10,39,10,10,True
9062,16630722126,35,2,4,0,3,15,12,15,25,False
7514,13630678332,33,8,2,0,2,25,24,25,25,True
2423,17807329663,16,4,3,0,1,11,32,11,19,False
3445,19970957519,27,7,4,0,3,15,26,15,17,False
3034,19831701219,17,1,4,0,2,9,11,9,9,True
9395,16726368276,17,6,4,0,3,38,33,38,17,False
5200,18053307086,27,17,4,0,3,10,19,10,25,False
3863,13130819298,44,6,4,0,3,24,17,24,24,True
7835,13943039298,3,17,4,0,3,32,48,32,32,True
736,15260233525,31,1,4,0,0,33,12,33,32,False
11385,18664891854,1,8,4,0,3,14,29,14,32,False
11646,18758415613,11,6,3,0,1,17,29,17,18,False
4520,15079495784,49,18,4,0,1,26,9,26,32,False
4373,15079495784,2,6,3,0,2,17,24,17,9,False
2277,17713196465,21,4,4,0,2,26,42,26,25,False
7857,13943039298,25,13,4,0,3,11,13,11,25,False
595,15260233525,43,5,1,0,2,28,36,28,18,False
12909,19550593600,21,16,4,0,3,32,33,32,32,True
3948,13670356740,29,11,1,0,0,9,17,9,9,True
4702,15797725211,30,28,2,0,2,40,44,40,30,False
11672,18758415613,37,12,3,0,1,18,17,18,18,True
11169,18636055184,36,4,4,0,1,18,24,18,18,True
9088,16726368276,11,11,1,0,3,22,28,22,3,False
6613,19881266563,36,15,4,0,3,18,13,18,18,True
6721,19881266563,43,23,4,0,1,25,0,25,24,False
11108,18636055184,25,8,4,0,2,17,34,17,17,True
3767,13130819298,48,11,4,0,3,23,46,23,25,False
1647,17623708813,43,9,1,0,1,29,46,29,29,True
1941,17623708813,36,12,4,0,3,31,2,31,24,False
4842,15797725211,20,12,4,0,1,17,16,17,23,False
10919,18636055184,36,8,2,0,0,7,1,7,18,False
274,13513580369,24,2,4,0,3,32,25,32,32,True
3287,19970957519,19,5,2,0,3,25,46,25,25,True
8712,16630722126,28,11,1,0,3,12,20,12,29,False
7934,13943039298,2,38,4,0,3,29,14,29,32,False
6203,19852999776,27,9,4,0,1,17,31,17,9,False
12569,18989781863,32,4,4,0,0,32,20,32,19,False
4137,13670356740,17,43,4,0,1,40,38,40,32,False
506,13932780308,5,15,4,0,3,36,43,36,11,False
8711,16630722126,27,7,1,0,1,23,22,23,17,False
11285,18664891854,1,3,3,0,3,5,20,5,37,False
1750,17623708813,45,7,3,0,2,12,20,12,29,False
11199,18664891854,16,5,1,0,3,17,24,17,9,False
11690,18758415613,5,5,4,0,0,28,8,28,18,False
13198,19834840803,9,1,4,0,0,10,0,10,10,True
3553,19970957519,35,6,4,0,2,37,14,37,38,False
13188,19834840803,49,10,4,0,2,33,39,33,32,False
7625,13630678332,44,6,4,0,1,18,3,18,18,True
5494,18702113651,20,3,4,0,0,29,22,29,25,False
12937,19550593600,49,18,4,0,0,15,14,15,18,False
6677,19881266563,50,10,4,0,2,12,18,12,24,False
3863,13130819298,44,34,4,0,1,33,17,33,37,False
1765,17623708813,10,107,4,0,0,36,13,36,37,False
8606,15167050060,22,7,4,0,3,3,12,3,18,False
11120,18636055184,37,9,4,0,1,11,17,11,25,False
7045,13074255915,16,5,4,0,0,28,0,28,18,False
3027,19831701219,10,28,4,0,2,32,45,32,32,True
5288,18053307086,15,25,4,0,1,43,36,43,18,False
3132,19831701219,15,11,4,0,2,31,36,31,18,False
13174,19834840803,35,19,4,0,1,17,0,17,18,False
7547,13630678332,16,6,3,0,1,18,17,18,18,True
7604,13630678332,23,1,4,0,0,15,18,15,23,False
11251,18664891854,17,2,2,0,2,13,27,13,10,False
4327,15079495784,6,11,2,0,2,33,47,33,3,False
9667,17331496902,38,6,4,0,2,15,40,15,18,False
741,15260233525,36,25,4,0,2,40,24,40,9,False
240,13513580369,40,14,4,0,0,26,19,26,32,False
4075,13670356740,5,1,4,0,0,47,45,47,45,False
8285,15165929133,2,6,4,0,1,18,2,18,18,True
2846,18991311567,38,13,4,0,3,24,17,24,24,True
13899,19948700293,43,6,4,0,1,36,42,36,19,False
3608,13130819298,40,1,1,0,2,26,32,26,26,True
3786,13130819298,17,4,4,0,1,37,29,37,38,False
3417,19970957519,49,11,4,0,0,31,24,31,18,False
11420,18664891854,36,17,4,0,2,18,47,18,10,False
608,15260233525,5,8,2,0,3,8,9,8,32,False
8382,15167050060,49,9,1,0,0,38,31,38,17,False
1524,15735414945,20,14,4,0,0,32,9,32,32,True
4056,13670356740,36,17,3,0,2,32,38,32,32,True
5558,18702113651,34,0,4,0,2,3,0,3,26,False
13440,19859608897,50,0,3,0,1,8,36,8,8,True
2577,17807329663,20,2,4,0,3,9,32,9,9,True
7939,13943039298,7,15,4,0,0,11,5,11,11,True
13692,19948700293,1,8,2,0,3,28,14,28,18,False
7189,13401917913,9,1,3,0,1,15,19,15,17,False
4224,13670356740,4,0,4,0,2,9,30,9,9,True
1822,17623708813,17,9,4,0,0,33,9,33,32,False
11163,18636055184,30,9,4,0,3,10,11,10,32,False
6696,19881266563,18,2,4,0,1,33,32,33,32,False
2634,17807329663,27,13,4,0,2,28,25,28,23,False
7934,13943039298,2,8,4,0,1,11,14,11,11,True
1040,15661502139,34,2,3,0,2,15,37,15,10,False
4616,15079495784,45,4,4,0,0,36,22,36,18,False
4916,15797725211,44,14,4,0,0,35,14,35,18,False
9245,16726368276,17,8,4,0,1,23,1,23,23,True
10651,18365196069,19,10,4,0,2,25,24,25,25,True
3205,19831701219,38,14,4,0,0,13,6,13,32,False
7758,13943039298,26,3,3,0,2,16,15,16,24,False
12310,18989781863,23,7,2,0,3,25,27,25,29,False
5648,18702113651,24,6,4,0,3,3,5,3,32,False
9423,16726368276,45,9,4,0,1,4,9,4,11,False
362,13932780308,12,6,1,0,3,28,30,28,18,False
13773,19948700293,32,3,3,0,0,44,8,44,19,False
805,15260233525,50,20,4,0,3,22,23,22,17,False
1529,15735414945,25,27,4,0,2,30,28,30,30,True
4946,15797725211,24,38,4,0,2,16,9,16,18,False
1754,17623708813,49,2,3,0,2,8,39,8,9,False
3139,19831701219,22,3,4,0,1,6,5,6,32,False
9331,16726368276,3,1,4,0,1,47,24,47,45,False
8402,15167050060,18,3,2,0,1,9,31,9,9,True
2372,17807329663,15,0,2,0,2,1,0,1,18,False
12713,19550593600,25,3,3,0,3,14,30,14,32,False
7516,13630678332,35,10,2,0,0,31,24,31,18,False
13874,19948700293,18,8,4,0,2,40,48,40,30,False
3015,19831701219,48,3,3,0,2,31,21,31,24,False
524,13932780308,23,16,4,0,0,7,0,7,18,False
5962,18802233956,37,12,4,0,1,6,16,6,18,False
6725,19881266563,47,15,4,0,2,26,16,26,25,False
9573,17331496902,44,9,3,0,0,41,33,41,30,False
2307,17807329663,1,48,1,0,0,45,36,45,45,True
7921,13943039298,39,0,4,0,0,31,23,31,25,False
1759,17623708813,4,23,4,0,0,42,43,42,19,False
2217,17713196465,11,17,4,0,2,26,32,26,25,False
1365,15735414945,10,15,3,0,0,22,15,22,19,False
158,13513580369,8,5,4,0,2,19,25,19,10,False
2337,17807329663,31,10,1,0,3,35,24,35,29,False
11609,18758415613,24,13,2,0,2,37,45,37,3,False
3104,19831701219,37,0,4,0,2,37,39,37,29,False
9746,17331496902,17,1,4,0,1,18,15,18,18,True
3857,13130819298,38,10,4,0,0,37,1,37,38,False
5154,18053307086,31,14,4,0,2,25,16,25,25,True
13080,19834840803,41,1,3,0,1,1,39,1,18,False
12588,19550593600,1,1,1,0,0,47,38,47,32,False
12433,18989781863,46,1,4,0,1,47,8,47,29,False
10888,18636055184,5,3,2,0,0,37,30,37,37,True
4921,15797725211,49,20,4,0,1,40,39,40,30,False
3701,13130819298,32,12,3,0,2,10,27,10,10,True
9915,17527328008,35,3,3,0,3,28,7,28,18,False
13603,19859608897,13,1,4,0,0,22,8,22,17,False
3178,19831701219,11,27,4,0,0,10,2,10,23,False
3658,13130819298,39,4,2,0,1,19,47,19,37,False
13143,19834840803,4,6,4,0,3,16,19,16,25,False
3494,19970957519,26,5,4,0,3,23,32,23,25,False
3968,13670356740,49,4,1,0,1,32,25,32,32,True
10618,18365196069,36,20,3,0,2,33,39,33,32,False
7887,13943039298,5,6,4,0,2,34,41,34,18,False
4046,13670356740,26,4,3,0,2,10,38,10,32,False
5988,18802233956,13,24,4,0,3,45,39,45,29,False
9664,17331496902,35,12,4,0,0,20,19,20,18,False
12069,18765816132,33,9,4,0,3,47,48,47,29,False
3123,19831701219,6,7,4,0,3,30,17,30,29,False
13987,19948700293,31,14,4,0,0,30,14,30,32,False
4873,15797725211,1,7,4,0,2,18,31,18,18,True
8023,15165929133,41,2,1,0,1,18,3,18,18,True
7345,13401917913,15,8,4,0,1,22,8,22,17,False
12819,19550593600,31,6,4,0,3,16,12,16,16,True
4628,15797725211,7,0,1,0,1,26,29,26,32,False
6129,19852999776,3,4,3,0,3,32,18,32,32,True
10348,17731093916,17,4,4,0,0,22,15,22,17,False
13665,19948700293,25,8,1,0,3,28,22,28,18,False
1528,15735414945,24,0,4,0,2,19,36,19,19,True
3305,19970957519,37,29,2,0,0,33,17,33,32,False
4183,13670356740,13,6,4,0,0,30,23,30,10,False
3057,19831701219,40,33,4,0,2,26,34,26,25,False
2903,19831701219,37,9,1,0,0,35,9,35,18,False
8790,16630722126,5,0,3,0,3,8,20,8,29,False
4628,15797725211,7,8,1,0,2,16,29,16,25,False
4985,18053307086,13,0,1,0,0,31,22,31,25,False
10018,17527328008,38,20,4,0,0,27,13,27,32,False
3191,19831701219,24,10,4,0,3,31,18,31,25,False
2478,17807329663,21,8,4,0,0,18,23,18,18,True
8889,16630722126,12,0,4,0,1,9,31,9,9,True
5510,18702113651,36,7,4,0,0,22,5,22,9,False
12911,19550593600,23,5,4,0,0,18,4,18,18,True
14014,19948700293,25,0,4,0,3,38,48,38,17,False
11240,18664891854,6,23,2,0,3,46,47,46,29,False
3872,13130819298,3,26,4,0,2,15,23,15,18,False
1345,15735414945,40,4,2,0,1,23,36,23,9,False
3186,19831701219,19,17,4,0,2,24,16,24,24,True
7422,13401917913,42,1,4,0,1,1,21,1,18,False
6068,19852999776,43,8,1,0,1,11,2,11,19,False
9407,16726368276,29,3,4,0,1,24,8,24,24,True
4610,15079495784,39,31,4,0,2,15,21,15,23,False
1059,15661502139,3,4,4,0,1,25,42,25,24,False
2395,17807329663,38,3,2,0,0,25,10,25,25,True
8165,15165929133,32,5,4,0,0,30,18,30,9,False
6849,13074255915,20,3,3,0,3,25,20,25,29,False
1172,15661502139,18,25,4,0,0,19,41,19,19,True
3098,19831701219,31,9,4,0,3,17,18,17,25,False
7262,13401917913,32,11,4,0,2,33,40,33,32,False
7246,13401917913,16,23,4,0,0,17,8,17,32,False
14109,19948700293,37,1,4,0,3,8,23,8,3,False
6551,19881266563,24,3,4,0,2,18,8,18,18,True
1807,17623708813,2,15,4,0,3,28,2,28,18,False
12078,18765816132,42,5,4,0,2,23,36,23,10,False
3527,19970957519,9,3,4,0,0,32,10,32,32,True
8715,16630722126,31,14,1,0,3,46,48,46,37,False
13930,19948700293,24,13,4,0,3,4,12,4,25,False
11088,18636055184,5,14,4,0,0,16,7,16,25,False
1161,15661502139,7,18,4,0,2,22,32,22,10,False
13889,19948700293,33,0,4,0,2,26,24,26,11,False
10123,17527328008,43,4,4,0,1,41,45,41,30,False
1559,15735414945,5,3,4,0,1,24,7,24,25,False
1593,15735414945,39,21,4,0,2,23,40,23,23,True
3767,13130819298,48,19,4,0,3,11,46,11,11,True
5980,18802233956,5,16,4,0,1,37,42,37,23,False
7246,13401917913,16,9,4,0,1,16,8,16,24,False
5315,18053307086,42,13,4,0,2,23,47,23,23,True
1146,15661502139,40,7,4,0,0,17,33,17,17,True
12918,19550593600,30,5,4,0,1,25,24,25,25,True
13698,19948700293,7,6,2,0,3,25,27,25,29,False
2409,17807329663,2,9,3,0,1,26,9,26,32,False
8353,15167050060,20,0,1,0,0,10,4,10,10,True
1385,15735414945,30,6,3,0,1,33,16,33,32,False
1152,15661502139,46,7,4,0,2,17,24,17,10,False
7354,13401917913,24,8,4,0,2,11,8,11,32,False
1807,17623708813,2,1,4,0,3,37,2,37,37,True
1127,15661502139,21,4,4,0,0,15,19,15,23,False
2035,17713196465,29,10,2,0,0,36,16,36,37,False
11052,18636055184,19,6,4,0,2,10,11,10,10,True
3472,19970957519,4,9,4,0,2,12,47,12,9,False
4966,15797725211,44,89,4,0,2,22,41,22,10,False
6512,19881266563,35,7,3,0,2,28,45,28,18,False
3436,19970957519,18,8,4,0,1,11,8,11,32,False
11069,18636055184,36,0,4,0,3,3,20,3,3,True
8221,15165929133,38,0,4,0,0,21,9,21,25,False
13095,19834840803,6,7,4,0,2,32,45,32,3,False
12393,18989781863,6,3,4,0,3,9,45,9,9,True
4738,15797725211,16,13,3,0,3,12,6,12,18,False
5962,18802233956,37,2,4,0,1,25,16,25,25,True
2402,17807329663,45,4,2,0,2,18,27,18,18,True
10306,17731093916,25,13,4,0,0,16,8,16,18,False
1573,15735414945,19,0,4,0,0,31,16,31,25,False
6733,13074255915,5,4,1,0,3,12,34,12,29,False
1951,17623708813,46,6,4,0,1,38,7,38,38,True
400,13932780308,50,0,1,0,3,39,11,39,29,False
2564,17807329663,7,11,4,0,1,29,39,29,25,False
11833,18758415613,48,6,4,0,0,34,18,34,38,False
9427,16726368276,49,23,4,0,0,30,23,30,17,False
6151,19852999776,25,14,3,0,2,12,32,12,16,False
11767,18758415613,32,12,4,0,1,39,20,39,38,False
10439,17731093916,8,3,4,0,1,33,4,33,37,False
2161,17713196465,5,10,4,0,0,35,21,35,18,False
12193,18765816132,7,20,4,0,2,18,38,18,10,False
5222,18053307086,49,8,4,0,3,10,33,10,18,False
3390,19970957519,22,33,4,0,0,32,36,32,32,True
6365,19852999776,39,0,4,0,0,26,1,26,25,False
7742,13943039298,10,1,3,0,0,44,8,44,19,False
13692,19948700293,1,6,2,0,1,36,14,36,32,False
13764,19948700293,23,1,3,0,1,1,31,1,18,False
1939,17623708813,34,11,4,0,3,12,10,12,18,False
4484,15079495784,13,1,4,0,3,10,25,10,10,True
4844,15797725211,22,5,4,0,3,25,8,25,25,True
11459,18664891854,25,4,4,0,3,17,11,17,17,True
1918,17623708813,13,20,4,0,3,30,25,30,30,True
13425,19859608897,35,2,3,0,0,17,9,17,9,False
466,13932780308,15,13,3,0,3,1,2,1,18,False
11361,18664891854,27,16,4,0,2,26,34,26,3,False
12795,19550593600,7,15,4,0,1,22,21,22,23,False
8875,16630722126,48,1,3,0,1,27,34,27,9,False
12168,18765816132,32,2,4,0,0,12,11,12,29,False
5610,18702113651,36,1,4,0,1,3,8,3,32,False
2726,18991311567,18,7,2,0,2,23,39,23,23,True
12405,18989781863,18,12,4,0,3,38,39,38,38,True
8757,16630722126,22,2,2,0,1,37,42,37,32,False
1134,15661502139,28,7,4,0,1,37,7,37,38,False
2240,17713196465,34,3,4,0,3,15,18,15,18,False
2984,19831701219,17,2,3,0,2,26,37,26,24,False
492,13932780308,41,15,3,0,0,17,31,17,9,False
8635,15167050060,1,1,4,0,3,9,17,9,9,True
11678,18758415613,43,6,3,0,1,36,21,36,32,False
7312,13401917913,32,4,4,0,0,39,3,39,25,False
11220,18664891854,37,1,1,0,2,11,39,11,25,False
6561,19881266563,34,32,4,0,3,47,41,47,32,False
2695,18991311567,38,3,1,0,1,36,15,36,32,False
5154,18053307086,31,17,4,0,3,25,16,25,24,False
12160,18765816132,24,8,4,0,0,44,38,44,45,False
10290,17731093916,9,6,4,0,1,29,28,29,26,False
6710,19881266563,32,32,4,0,0,8,0,8,17,False
12453,18989781863,16,16,4,0,1,8,0,8,32,False
6556,19881266563,29,1,4,0,3,23,47,23,18,False
6080,19852999776,4,11,2,0,0,29,0,29,26,False
12254,18989781863,18,5,1,0,3,22,36,22,10,False
12552,18989781863,15,2,4,0,2,4,8,4,24,False
8157,15165929133,24,44,4,0,3,21,28,21,25,False
3067,19831701219,50,21,4,0,1,19,41,19,19,True
4543,15079495784,22,14,4,0,2,31,10,31,25,False
11678,18758415613,43,8,3,0,3,28,21,28,18,False
2266,17713196465,10,34,4,0,1,38,23,38,18,False
4878,15797725211,6,0,4,0,3,25,43,25,25,True
6207,19852999776,31,6,4,0,1,31,8,31,24,False
4041,13670356740,21,10,3,0,1,29,46,29,29,True
4433,15079495784,12,1,4,0,0,45,14,45,45,True
1486,15735414945,32,2,4,0,1,9,31,9,9,True
14030,19948700293,8,14,4,0,0,16,15,16,24,False
10405,17731093916,24,5,4,0,2,5,12,5,32,False
9885,17527328008,5,8,3,0,3,22,28,22,3,False
13039,19834840803,50,5,2,0,1,11,3,11,25,False
4602,15079495784,31,4,4,0,1,20,15,20,18,False
5375,18702113651,1,14,2,0,0,10,9,10,10,True
5567,18702113651,43,18,4,0,3,35,43,35,18,False
4602,15079495784,31,1,4,0,0,41,15,41,23,False
6984,13074255915,5,6,4,0,1,45,31,45,29,False
2399,17807329663,42,18,2,0,0,29,27,29,29,True
1772,17623708813,17,11,4,0,2,18,20,18,23,False
7000,13074255915,21,3,4,0,0,7,1,7,18,False
7602,13630678332,21,3,4,0,3,15,39,15,10,False
11626,18758415613,41,20,2,0,1,20,24,20,25,False
8300,15165929133,17,18,4,0,0,18,12,18,9,False
10746,18365196069,14,0,4,0,2,5,41,5,18,False
3251,19970957519,34,4,1,0,3,29,36,29,29,True
10802,18365196069,20,9,4,0,0,27,19,27,32,False
11109,18636055184,26,9,4,0,1,4,28,4,23,False
4462,15079495784,41,25,4,0,2,24,0,24,24,True
4202,13670356740,32,6,4,0,2,8,37,8,9,False
8636,15167050060,2,5,4,0,3,38,40,38,23,False
1539,15735414945,35,13,4,0,0,26,9,26,32,False
4261,13670356740,41,3,4,0,2,22,39,22,3,False
9128,16726368276,51,2,1,0,0,22,14,22,10,False
11401,18664891854,17,11,4,0,1,38,2,38,18,False
4154,13670356740,34,13,4,0,3,25,20,25,25,True
1941,17623708813,36,15,4,0,0,33,2,33,32,False
3751,13130819298,32,1,4,0,2,15,34,15,10,False
12079,18765816132,43,20,4,0,0,29,21,29,25,False
4140,13670356740,20,25,4,0,3,9,23,9,9,True
11989,18765816132,3,3,3,0,0,37,9,37,37,True
10419,17731093916,38,12,4,0,3,5,13,5,32,False
9852,17527328008,22,2,2,0,1,27,45,27,3,False
5026,18053307086,3,8,2,0,3,35,43,35,29,False
3085,19831701219,18,29,4,0,1,36,8,36,37,False
4940,15797725211,18,15,4,0,2,24,9,24,24,True
7310,13401917913,30,3,4,0,3,40,25,40,30,False
11518,18664891854,34,9,4,0,1,5,14,5,19,False
8455,15167050060,21,16,3,0,1,41,40,41,9,False
8157,15165929133,24,35,4,0,1,8,28,8,9,False
6140,19852999776,14,4,3,0,3,32,11,32,32,True
9346,16726368276,18,2,4,0,3,2,6,2,17,False
2415,17807329663,8,2,3,0,0,21,38,21,25,False
3174,19831701219,7,8,4,0,3,25,16,25,25,True
12518,18989781863,31,10,4,0,0,7,0,7,18,False
4633,15797725211,12,1,1,0,2,7,8,7,10,False
11311,18664891854,27,15,3,0,1,33,40,33,32,False
4036,13670356740,16,6,3,0,2,23,47,23,18,False
2215,17713196465,9,12,4,0,3,17,25,17,9,False
1889,17623708813,34,15,4,0,3,9,11,9,9,True
13756,19948700293,15,7,3,0,0,17,2,17,38,False
8803,16630722126,18,7,3,0,2,35,42,35,18,False
5242,18053307086,19,24,4,0,0,29,14,29,31,False
321,13513580369,21,5,4,0,3,4,19,4,32,False
4619,15079495784,48,29,4,0,2,11,24,11,11,True
5470,18702113651,46,0,3,0,2,8,46,8,29,False
11091,18636055184,8,12,4,0,0,18,4,18,18,True
3863,13130819298,44,37,4,0,0,24,17,24,25,False
2809,18991311567,1,18,4,0,3,17,46,17,17,True
6335,19852999776,9,13,4,0,3,28,9,28,18,False
9360,16726368276,32,13,4,0,2,15,31,15,10,False
1901,17623708813,46,8,4,0,1,12,3,12,18,False
9927,17527328008,47,1,3,0,0,28,7,28,25,False
12758,19550593600,17,8,4,0,1,8,46,8,3,False
8540,15167050060,6,0,4,0,2,1,23,1,18,False
2372,17807329663,15,8,2,0,2,23,0,23,9,False
8585,15167050060,1,6,4,0,0,9,32,9,17,False
2628,17807329663,21,21,4,0,0,8,0,8,32,False
4333,15079495784,12,5,2,0,0,24,2,24,24,True
1085,15661502139,29,4,4,0,1,31,9,31,25,False
5709,18802233956,35,4,1,0,0,25,11,25,25,True
3305,19970957519,37,18,2,0,0,46,17,46,19,False
875,15260233525,20,8,4,0,1,12,11,12,18,False
6618,19881266563,41,22,4,0,3,25,27,25,25,True
11157,18636055184,24,0,4,0,1,38,45,38,17,False
8580,15167050060,46,22,4,0,1,8,1,8,32,False
10555,18365196069,23,7,2,0,1,37,43,37,19,False
3094,19831701219,27,5,4,0,3,29,26,29,29,True
11394,18664891854,10,3,4,0,2,15,16,15,23,False
7618,13630678332,37,3,4,0,3,10,5,10,32,False
5468,18702113651,44,5,3,0,3,31,19,31,32,False
3702,13130819298,33,7,3,0,2,2,0,2,23,False
2982,19831701219,15,8,3,0,0,25,17,25,25,True
3765,13130819298,46,39,4,0,3,8,16,8,3,False
243,13513580369,43,0,4,0,3,24,8,24,25,False
11427,18664891854,43,9,4,0,2,31,21,31,24,False
4041,13670356740,21,14,3,0,3,37,46,37,29,False
10675,18365196069,43,4,4,0,1,18,2,18,18,True
11932,18765816132,47,2,1,0,2,18,48,18,18,True
11451,18664891854,17,2,4,0,0,30,22,30,19,False
6496,19881266563,19,12,3,0,2,14,21,14,10,False
805,15260233525,50,17,4,0,0,35,23,35,29,False
4555,15079495784,34,17,4,0,3,10,26,10,25,False
5025,18053307086,2,3,2,0,1,30,43,30,9,False
2197,17713196465,41,2,4,0,3,22,19,22,17,False
13385,19859608897,45,0,2,0,0,31,9,31,25,False
106,13513580369,6,1,3,0,1,13,24,13,32,False
4778,15797725211,6,9,4,0,3,24,16,24,24,True
5440,18702113651,16,8,3,0,3,4,5,4,9,False
9269,16726368276,41,13,4,0,1,37,15,37,38,False
6680,19881266563,2,36,4,0,0,44,46,44,29,False
13364,19859608897,24,7,2,0,3,22,29,22,32,False
9699,17331496902,20,1,4,0,3,39,32,39,24,False
540,13932780308,39,10,4,0,2,15,38,15,18,False
501,13932780308,50,0,3,0,2,39,22,39,24,False
2769,18991311567,11,4,3,0,3,32,0,32,32,True
7585,13630678332,4,4,4,0,0,37,8,37,31,False
6745,13074255915,17,3,1,0,1,13,12,13,30,False
3865,13130819298,46,4,4,0,3,15,11,15,17,False
330,13513580369,30,15,4,0,3,26,20,26,25,False
8611,15167050060,27,12,4,0,1,11,14,11,11,True
10105,17527328008,25,3,4,0,1,33,24,33,18,False
7917,13943039298,35,2,4,0,2,3,48,3,3,True
13984,19948700293,28,6,4,0,3,31,17,31,24,False
11943,18765816132,7,9,2,0,3,37,46,37,8,False
378,13932780308,28,0,1,0,3,18,3,18,18,True
9281,16726368276,3,7,4,0,1,41,40,41,30,False
5854,18802233956,29,3,4,0,2,8,33,8,9,False
5956,18802233956,31,9,4,0,3,22,23,22,9,False
6618,19881266563,41,6,4,0,3,10,27,10,18,False
8178,15165929133,45,6,4,0,1,34,11,34,38,False
205,13513580369,5,24,4,0,3,36,24,36,25,False
4186,13670356740,16,3,4,0,3,3,18,3,3,True
8511,15167050060,27,7,4,0,1,38,14,38,38,True
9788,17527328008,9,7,1,0,0,41,20,41,19,False
6475,19881266563,48,6,2,0,3,18,5,18,18,True
4269,13670356740,49,14,4,0,3,18,12,18,18,True
2052,17713196465,46,4,2,0,3,10,31,10,10,True
13253,19834840803,14,20,4,0,3,33,47,33,18,False
2972,19831701219,5,6,3,0,3,8,20,8,32,False
6194,19852999776,18,6,4,0,0,30,25,30,30,True
4544,15079495784,23,3,4,0,3,15,18,15,17,False
1536,15735414945,32,10,4,0,2,18,37,18,3,False
120,13513580369,20,6,3,0,1,26,18,26,32,False
5849,18802233956,24,23,4,0,3,25,0,25,24,False
8235,15165929133,2,5,4,0,2,4,9,4,24,False
2817,18991311567,9,11,4,0,1,37,29,37,18,False
14051,19948700293,29,3,4,0,1,23,15,23,23,True
278,13513580369,28,2,4,0,1,16,43,16,9,False
1114,15661502139,8,6,4,0,0,26,11,26,32,False
4260,13670356740,40,9,4,0,1,13,12,13,9,False
0,13513580369,1,2,1,0,3,39,10,39,24,False
8714,16630722126,30,10,1,0,2,13,20,13,19,False
12850,19550593600,12,4,4,0,2,33,39,33,32,False
7900,13943039298,18,6,4,0,2,4,9,4,24,False
1262,15735414945,8,8,1,0,3,18,19,18,18,True
3615,13130819298,47,7,1,0,0,9,4,9,9,True
4189,13670356740,19,6,4,0,0,32,18,32,32,True
12735,19550593600,47,1,3,0,1,27,39,27,9,False
8427,15167050060,43,16,2,0,3,25,27,25,10,False
2035,17713196465,29,14,2,0,0,29,16,29,29,True
4648,15797725211,27,1,1,0,0,38,47,38,17,False
12087,18765816132,1,8,4,0,1,36,14,36,32,False
2092,17713196465,36,0,3,0,1,26,24,26,32,False
4575,15079495784,4,16,4,0,1,31,5,31,18,False
8868,16630722126,41,11,3,0,3,37,39,37,37,True
4426,15079495784,5,38,4,0,0,31,11,31,25,False
5526,18702113651,2,13,4,0,2,23,15,23,23,True
12193,18765816132,7,6,4,0,3,9,38,9,9,True
8577,15167050060,43,2,4,0,1,1,22,1,18,False
9229,16726368276,1,1,4,0,0,46,21,46,38,False
5446,18702113651,22,10,3,0,3,28,21,28,18,False
8866,16630722126,39,1,3,0,2,18,46,18,10,False
11620,18758415613,35,1,2,0,0,9,38,9,9,True
7888,13943039298,6,3,4,0,1,19,24,19,19,True
13957,19948700293,1,7,4,0,2,10,20,10,10,True
8704,16630722126,20,0,1,0,2,39,37,39,24,False
3784,13130819298,15,1,4,0,3,43,41,43,32,False
8168,15165929133,35,25,4,0,3,0,1,0,18,False
4578,15079495784,7,21,4,0,0,22,15,22,18,False
9786,17527328008,7,14,1,0,0,32,20,32,32,True
11030,18636055184,47,3,4,0,3,15,11,15,9,False
5826,18802233956,1,77,4,0,0,40,16,40,30,False
5619,18702113651,45,2,4,0,1,13,12,13,9,False
1138,15661502139,32,13,4,0,2,31,8,31,24,False
527,13932780308,26,3,4,0,0,25,22,25,25,True
12236,18765816132,50,23,4,0,1,15,8,15,18,False
10029,17527328008,49,27,4,0,3,28,1,28,18,False
6301,19852999776,25,5,4,0,2,30,19,30,9,False
7139,13401917913,9,2,2,0,2,3,32,3,3,True
9346,16726368276,18,9,4,0,3,4,6,4,25,False
5246,18053307086,23,2,4,0,2,30,39,30,10,False
2850,18991311567,42,34,4,0,3,15,16,15,17,False
5449,18702113651,25,0,3,0,2,3,27,3,3,True
11491,18664891854,7,2,4,0,0,38,32,38,9,False
2934,19831701219,17,9,2,0,3,35,46,35,29,False
33,13513580369,34,11,1,0,1,29,24,29,29,True
6526,19881266563,49,0,3,0,0,31,13,31,18,False
9391,16726368276,13,1,4,0,0,19,8,19,19,True
9953,17527328008,23,1,4,0,3,7,12,7,18,False
6216,19852999776,40,10,4,0,0,33,11,33,32,False
6458,19881266563,31,5,2,0,1,38,28,38,38,True
3762,13130819298,43,11,4,0,0,30,47,30,30,True
3477,19970957519,9,0,4,0,3,15,41,15,8,False
13332,19859608897,43,1,1,0,0,12,9,12,32,False
4773,15797725211,1,37,4,0,0,29,16,29,25,False
2854,18991311567,46,36,4,0,1,32,31,32,32,True
3890,13130819298,21,9,4,0,1,26,11,26,32,False
426,13932780308,25,2,2,0,3,25,0,25,24,False
10997,18636055184,14,11,4,0,2,30,46,30,10,False
10327,17731093916,46,6,4,0,2,22,36,22,3,False
1765,17623708813,10,85,4,0,0,25,13,25,18,False
8112,15165929133,29,6,3,0,1,38,45,38,38,True
10461,17731093916,30,4,4,0,0,25,15,25,18,False
586,15260233525,34,5,1,0,3,32,19,32,32,True
3425,19970957519,7,31,4,0,0,25,24,25,25,True
10992,18636055184,9,4,4,0,1,5,9,5,19,False
1911,17623708813,6,16,4,0,2,33,32,33,18,False
13864,19948700293,8,15,4,0,0,38,39,38,38,True
4517,15079495784,46,17,4,0,0,10,7,10,10,True
13072,19834840803,33,3,3,0,2,3,41,3,3,True
8082,15165929133,49,6,2,0,3,17,26,17,9,False
4545,15079495784,24,20,4,0,0,17,32,17,17,True
13865,19948700293,9,18,4,0,3,7,8,7,18,False
4813,15797725211,41,1,4,0,2,18,16,18,18,True
1455,15735414945,1,12,4,0,1,9,7,9,9,True
2578,17807329663,21,5,4,0,1,23,21,23,23,True
10315,17731093916,34,10,4,0,0,26,20,26,25,False
13958,19948700293,2,2,4,0,1,45,31,45,45,True
1079,15661502139,23,17,4,0,3,11,24,11,11,True
4301,15079495784,31,2,1,0,2,15,23,15,18,False
4621,15079495784,50,12,4,0,3,17,11,17,9,False
7273,13401917913,43,15,4,0,0,45,25,45,29,False
4732,15797725211,10,7,3,0,3,18,2,18,18,True
12635,19550593600,48,6,1,0,2,22,28,22,3,False
8941,16630722126,14,2,4,0,1,26,19,26,29,False
2135,17713196465,29,4,4,0,2,8,38,8,9,False
6539,19881266563,12,43,4,0,3,28,13,28,18,False
5227,18053307086,4,2,4,0,1,11,7,11,11,True
8389,15167050060,5,6,2,0,3,4,12,4,16,False
7051,13074255915,22,3,4,0,2,0,45,0,3,False
6661,19881266563,34,64,4,0,3,26,20,26,25,False
3916,13130819298,47,10,4,0,3,23,31,23,25,False
12151,18765816132,15,13,4,0,1,40,39,40,9,False
12955,19834840803,17,6,1,0,1,38,39,38,38,True
7788,13943039298,6,2,4,0,3,24,10,24,24,True
1236,15661502139,32,3,4,0,3,11,18,11,11,True
6221,19852999776,45,30,4,0,1,29,24,29,29,True
2979,19831701219,12,12,3,0,3,35,47,35,29,False
5553,18702113651,29,4,4,0,1,19,25,19,10,False
12816,19550593600,28,6,4,0,2,3,22,3,24,False
2870,19831701219,4,15,1,0,2,22,16,22,9,False
5327,18702113651,4,1,1,0,1,4,32,4,9,False
2498,17807329663,41,5,4,0,2,10,14,10,10,True
12990,19834840803,1,6,2,0,2,18,32,18,10,False
6553,19881266563,26,3,4,0,1,33,22,33,18,False
5177,18053307086,4,7,4,0,0,19,3,19,32,False
2225,17713196465,19,17,4,0,3,22,24,22,10,False
559,15260233525,7,4,1,0,1,36,42,36,32,False
8361,15167050060,28,2,1,0,1,46,24,46,29,False
2979,19831701219,12,14,3,0,3,37,47,37,29,False
4712,15797725211,40,0,2,0,2,0,9,0,16,False
1102,15661502139,46,10,4,0,0,9,3,9,9,True
4334,15079495784,13,6,2,0,0,35,2,35,32,False
3837,13130819298,18,13,4,0,2,10,16,10,10,True
13926,19948700293,20,12,4,0,1,3,7,3,32,False
9339,16726368276,11,2,4,0,3,21,29,21,25,False
5050,18053307086,27,0,2,0,0,7,2,7,18,False
3421,19970957519,3,11,4,0,3,12,34,12,16,False
6647,19881266563,20,52,4,0,3,31,23,31,25,False
1230,15661502139,26,27,4,0,0,31,15,31,18,False
8736,16630722126,1,14,2,0,3,29,14,29,29,True
5644,18702113651,20,6,4,0,2,10,16,10,23,False
9450,17331496902,22,9,1,0,1,38,22,38,38,True
12762,19550593600,21,10,4,0,1,23,8,23,23,True
2582,17807329663,25,18,4,0,2,38,15,38,18,False
12191,18765816132,5,7,4,0,0,23,25,23,25,False
10631,18365196069,49,6,3,0,0,27,19,27,17,False
8744,16630722126,9,8,2,0,3,25,27,25,29,False
9031,16630722126,4,11,4,0,2,33,39,33,32,False
12065,18765816132,29,19,4,0,3,7,8,7,18,False
6168,19852999776,42,9,3,0,0,29,15,29,29,True
4952,15797725211,30,13,4,0,0,22,21,22,18,False
1575,15735414945,21,7,4,0,0,24,11,24,24,True
5050,18053307086,27,2,2,0,2,7,2,7,18,False
1119,15661502139,13,3,4,0,0,9,17,9,9,True
899,15260233525,44,2,4,0,2,15,16,15,23,False
13157,19834840803,18,17,4,0,2,13,34,13,10,False
13247,19834840803,8,5,4,0,2,20,40,20,18,False
1796,17623708813,41,135,4,0,0,44,0,44,19,False
1329,15735414945,24,3,2,0,1,33,35,33,32,False
12848,19550593600,10,12,4,0,2,5,19,5,16,False
1995,17713196465,40,7,1,0,0,35,9,35,18,False
12048,18765816132,12,5,4,0,3,32,48,32,32,True
2129,17713196465,23,3,4,0,2,15,39,15,18,False
929,15661502139,24,3,1,0,3,18,16,18,18,True
11395,18664891854,11,11,4,0,3,38,46,38,17,False
12351,18989781863,14,8,3,0,3,44,45,44,37,False
1774,17623708813,19,39,4,0,0,24,6,24,25,False
11286,18664891854,2,15,3,0,0,7,0,7,18,False
3326,19970957519,8,10,3,0,2,26,33,26,29,False
6314,19852999776,38,1,4,0,1,32,1,32,32,True
9930,17527328008,50,4,3,0,0,17,12,17,9,False
8328,15165929133,45,6,4,0,1,34,26,34,18,False
6537,19881266563,10,16,4,0,0,23,11,23,23,True
10565,18365196069,33,4,2,0,0,7,0,7,18,False
12251,18989781863,15,9,1,0,2,23,47,23,10,False
13015,19834840803,26,3,2,0,0,44,38,44,19,False
9841,17527328008,11,24,2,0,1,26,33,26,19,False
7663,13943039298,32,3,1,0,3,25,48,25,18,False
6553,19881266563,26,9,4,0,2,24,22,24,24,True
11223,18664891854,40,0,1,0,1,3,1,3,3,True
8697,16630722126,13,4,1,0,2,23,36,23,10,False
6320,19852999776,44,11,4,0,1,18,17,18,18,True
8731,16630722126,47,0,1,0,2,15,11,15,38,False
2129,17713196465,23,10,4,0,0,23,39,23,23,True
487,13932780308,36,5,3,0,0,35,21,35,31,False
3977,13670356740,7,1,2,0,1,38,1,38,17,False
3054,19831701219,37,2,4,0,1,10,1,10,10,True
8287,15165929133,4,8,4,0,3,31,40,31,25,False
13876,19948700293,20,2,4,0,2,19,14,19,19,True
10775,18365196069,43,0,4,0,2,1,22,1,18,False
4914,15797725211,42,3,4,0,0,15,16,15,23,False
4492,15079495784,21,4,4,0,1,11,0,11,11,True
1619,17623708813,15,13,1,0,2,3,32,3,9,False
2152,17713196465,46,8,4,0,3,31,25,31,25,False
2600,17807329663,43,9,4,0,0,35,8,35,31,False
12844,19550593600,6,12,4,0,1,13,17,13,19,False
5180,18053307086,7,7,4,0,0,30,39,30,9,False
2267,17713196465,11,8,4,0,2,1,7,1,18,False
9732,17331496902,3,11,4,0,1,15,0,15,18,False
13722,19948700293,31,0,2,0,1,34,8,34,38,False
5706,18802233956,32,20,1,0,0,30,37,30,30,True
1080,15661502139,24,7,4,0,2,19,37,19,32,False
6073,19852999776,48,0,1,0,2,23,31,23,23,True
3728,13130819298,9,6,4,0,1,26,5,26,29,False
12083,18765816132,47,8,4,0,1,33,39,33,32,False
9334,16726368276,6,6,4,0,0,20,13,20,18,False
2737,18991311567,29,15,2,0,0,27,20,27,17,False
166,13513580369,16,15,4,0,2,12,25,12,3,False
13780,19948700293,39,1,3,0,1,8,34,8,8,True
3214,19831701219,47,6,4,0,0,17,19,17,9,False
2806,18991311567,48,9,3,0,3,18,2,18,18,True
12753,19550593600,12,1,4,0,1,45,8,45,45,True
4776,15797725211,4,3,4,0,2,23,44,23,18,False
6954,13074255915,25,0,4,0,1,8,30,8,18,False
7891,13943039298,9,1,4,0,3,40,33,40,32,False
2789,18991311567,31,0,3,0,0,46,3,46,29,False
924,15661502139,19,1,1,0,1,37,8,37,37,True
4225,13670356740,5,4,4,0,2,39,29,39,25,False
2480,17807329663,23,2,4,0,0,24,9,24,25,False
4610,15079495784,39,34,4,0,1,22,21,22,10,False
1534,15735414945,30,8,4,0,2,12,26,12,16,False
6167,19852999776,41,2,3,0,0,10,0,10,10,True
3735,13130819298,16,1,4,0,1,31,16,31,18,False
8547,15167050060,13,7,4,0,2,17,24,17,23,False
5103,18053307086,30,5,3,0,0,19,20,19,19,True
2207,17713196465,1,7,4,0,2,38,44,38,23,False
2689,18991311567,32,5,1,0,0,19,1,19,32,False
12220,18765816132,34,6,4,0,0,31,22,31,18,False
13695,19948700293,4,2,2,0,0,22,14,22,10,False
4722,15797725211,50,3,2,0,0,33,5,33,32,False
11436,18664891854,2,19,4,0,2,18,20,18,10,False
716,15260233525,11,8,4,0,2,11,20,11,11,True
10680,18365196069,48,16,4,0,0,17,9,17,18,False
1422,15735414945,17,5,4,0,0,24,11,24,25,False
5767,18802233956,42,0,2,0,3,16,20,16,29,False
8019,15165929133,37,1,1,0,2,0,30,0,16,False
1481,15735414945,27,6,4,0,1,33,24,33,18,False
12657,19550593600,14,4,2,0,3,4,12,4,16,False
2337,17807329663,31,14,1,0,0,31,24,31,32,False
13823,19948700293,17,0,3,0,2,15,25,15,17,False
3722,13130819298,3,23,4,0,2,40,41,40,10,False
4060,13670356740,40,0,3,0,1,9,31,9,9,True
6432,19881266563,5,5,2,0,3,32,13,32,32,True
8963,16630722126,36,12,4,0,2,21,43,21,10,False
13187,19834840803,48,5,4,0,1,24,9,24,24,True
1151,15661502139,45,19,4,0,1,19,24,19,19,True
3555,19970957519,37,41,4,0,3,35,36,35,18,False
480,13932780308,29,16,3,0,1,33,24,33,32,False
5201,18053307086,28,17,4,0,0,44,45,44,29,False
14065,19948700293,43,5,4,0,0,9,29,9,30,False
5840,18802233956,15,39,4,0,0,38,21,38,18,False
9352,16726368276,24,17,4,0,2,12,19,12,18,False
10359,17731093916,28,1,4,0,3,9,20,9,17,False
9668,17331496902,39,0,4,0,3,7,24,7,18,False
7847,13943039298,15,26,4,0,3,26,39,26,32,False
8296,15165929133,13,0,4,0,2,20,24,20,12,False
398,13932780308,48,7,1,0,1,19,24,19,32,False
86,13513580369,36,6,2,0,3,2,10,2,32,False
2846,18991311567,38,15,4,0,1,31,17,31,25,False
11476,18664891854,42,9,4,0,3,14,32,14,3,False
1140,15661502139,34,7,4,0,2,15,37,15,3,False
8918,16630722126,41,5,4,0,0,8,48,8,3,False
5673,18702113651,49,5,4,0,0,23,9,23,17,False
13826,19948700293,20,4,3,0,0,17,9,17,18,False
1096,15661502139,40,9,4,0,0,29,8,29,25,False
5583,18702113651,9,6,4,0,2,10,17,10,23,False
10977,18636055184,44,3,3,0,1,18,3,18,18,True
12995,19834840803,6,0,2,0,3,8,17,8,37,False
5099,18053307086,26,7,3,0,1,3,1,3,32,False
13419,19859608897,29,17,3,0,3,32,40,32,32,True
6327,19852999776,1,6,4,0,1,11,7,11,18,False
876,15260233525,21,16,4,0,0,16,25,16,25,False
4779,15797725211,7,9,4,0,0,35,30,35,25,False
7372,13401917913,42,7,4,0,2,7,32,7,23,False
7253,13401917913,23,47,4,0,0,18,13,18,23,False
12999,19834840803,10,1,2,0,3,39,17,39,24,False
6982,13074255915,3,34,4,0,3,46,48,46,29,False
12891,19550593600,3,18,4,0,3,33,39,33,32,False
6888,13074255915,9,3,4,0,3,29,21,29,25,False
3842,13130819298,23,40,4,0,3,19,27,19,32,False
2701,18991311567,44,1,1,0,2,16,9,16,18,False
6624,19881266563,47,19,4,0,0,10,3,10,17,False
12118,18765816132,32,8,4,0,1,2,8,2,12,False
4146,13670356740,26,7,4,0,2,3,17,3,3,True
7230,13401917913,50,7,3,0,1,40,39,40,9,False
12836,19550593600,48,7,4,0,0,18,12,18,23,False
4811,15797725211,39,2,4,0,2,9,0,9,9,True
1665,17623708813,10,7,2,0,2,35,42,35,18,False
1885,17623708813,30,29,4,0,2,12,20,12,18,False
9309,16726368276,31,5,4,0,1,15,0,15,18,False
2231,17713196465,25,19,4,0,1,46,29,46,38,False
13829,19948700293,23,1,3,0,2,0,23,0,16,False
2774,18991311567,16,23,3,0,0,17,31,17,9,False
12782,19550593600,41,2,4,0,3,19,27,19,32,False
3870,13130819298,1,6,4,0,1,38,21,38,17,False
9875,17527328008,45,4,2,0,0,44,24,44,19,False
1780,17623708813,25,7,4,0,3,29,46,29,29,True
5602,18702113651,28,2,4,0,0,9,11,9,9,True
2017,17713196465,11,2,2,0,2,28,36,28,18,False
4160,13670356740,40,6,4,0,3,35,34,35,18,False
815,15260233525,10,2,4,0,1,38,30,38,38,True
1407,15735414945,2,0,4,0,1,26,1,26,25,False
7513,13630678332,32,3,2,0,3,17,24,17,9,False
4385,15079495784,14,8,3,0,1,46,29,46,9,False
10333,17731093916,2,10,4,0,1,33,27,33,29,False
6657,19881266563,30,10,4,0,0,39,12,39,29,False
3090,19831701219,23,6,4,0,2,16,7,16,24,False
4520,15079495784,49,8,4,0,0,31,9,31,25,False
5825,18802233956,50,0,3,0,3,16,18,16,29,False
4444,15079495784,23,7,4,0,2,40,39,40,30,False
10131,17731093916,1,7,1,0,0,10,2,10,10,True
10119,17527328008,39,5,4,0,0,32,5,32,19,False
2481,17807329663,24,8,4,0,0,18,3,18,18,True
10008,17527328008,28,4,4,0,3,30,19,30,29,False
7967,13943039298,35,6,4,0,3,39,38,39,24,False
11028,18636055184,45,4,4,0,0,41,11,41,30,False
6967,13074255915,38,16,4,0,0,31,24,31,18,False
7051,13074255915,22,16,4,0,2,38,45,38,9,False
6741,13074255915,13,6,1,0,1,26,30,26,32,False
4468,15079495784,47,24,4,0,0,28,25,28,9,False
8236,15165929133,3,5,4,0,1,31,22,31,18,False
5794,18802233956,19,21,3,0,0,22,15,22,19,False
6483,19881266563,6,7,3,0,3,12,13,12,18,False
3351,19970957519,33,7,3,0,2,24,18,24,24,True
12565,18989781863,28,10,4,0,0,30,2,30,19,False
8745,16630722126,10,3,2,0,3,25,27,25,25,True
11134,18636055184,1,6,4,0,1,45,24,45,29,False
2566,17807329663,9,17,4,0,0,19,6,19,32,False
14070,19948700293,48,21,4,0,0,15,8,15,18,False
6613,19881266563,36,3,4,0,1,27,13,27,18,False
11473,18664891854,39,11,4,0,2,14,24,14,18,False
1139,15661502139,33,6,4,0,1,18,36,18,18,True
13524,19859608897,34,1,4,0,3,33,40,33,32,False
5986,18802233956,11,0,4,0,2,11,36,11,19,False
1530,15735414945,26,22,4,0,3,11,32,11,11,True
10642,18365196069,10,12,4,0,2,37,47,37,9,False
12158,18765816132,22,6,4,0,0,12,18,12,29,False
9661,17331496902,32,3,4,0,0,32,20,32,19,False
2197,17713196465,41,0,4,0,3,15,19,15,17,False
727,15260233525,22,3,4,0,3,37,18,37,37,True
9820,17527328008,41,7,1,0,0,31,24,31,32,False
5,13513580369,6,0,1,0,2,24,0,24,25,False
1924,17623708813,19,8,4,0,0,24,16,24,24,True
4399,15079495784,28,1,3,0,0,23,32,23,23,True
3263,19970957519,46,1,1,0,3,25,38,25,25,True
9782,17527328008,3,0,1,0,2,18,24,18,18,True
7594,13630678332,13,28,4,0,1,32,39,32,32,True
1465,15735414945,11,20,4,0,2,25,9,25,24,False
12872,19550593600,34,23,4,0,0,23,14,23,25,False
3833,13130819298,14,7,4,0,2,22,45,22,10,False
4470,15079495784,49,8,4,0,2,37,29,37,29,False
7916,13943039298,34,16,4,0,1,23,21,23,25,False
3439,19970957519,21,8,4,0,1,26,2,26,32,False
10828,18365196069,46,2,4,0,2,30,39,30,10,False
1363,15735414945,8,7,3,0,3,2,5,2,32,False
7955,13943039298,23,2,4,0,2,33,27,33,29,False
39,13513580369,40,7,1,0,0,35,21,35,31,False
170,13513580369,20,1,4,0,2,7,6,7,25,False
8578,15167050060,44,10,4,0,0,30,3,30,30,True
8269,15165929133,36,0,4,0,1,36,7,36,26,False
9378,16726368276,50,0,4,0,1,40,23,40,30,False
8818,16630722126,33,11,3,0,2,12,19,12,37,False
2355,17807329663,49,12,1,0,3,2,16,2,25,False
1516,15735414945,12,8,4,0,1,32,7,32,32,True
8202,15165929133,19,1,4,0,0,7,11,7,10,False
5701,18802233956,27,0,1,0,0,21,30,21,25,False
8588,15167050060,4,20,4,0,0,30,32,30,23,False
12340,18989781863,3,9,3,0,0,23,24,23,23,True
11914,18765816132,29,1,1,0,2,12,33,12,15,False
11529,18664891854,45,9,4,0,2,20,34,20,25,False
3125,19831701219,8,9,4,0,0,32,16,32,32,True
11706,18758415613,21,18,4,0,0,36,29,36,18,False
10808,18365196069,26,6,4,0,0,23,24,23,25,False
13868,19948700293,12,0,4,0,1,19,8,19,19,True
7044,13074255915,15,22,4,0,1,2,8,2,12,False
3918,13130819298,49,4,4,0,1,26,10,26,18,False
5083,18053307086,10,1,3,0,2,0,1,0,18,False
2099,17713196465,43,0,3,0,2,3,25,3,3,True
9818,17527328008,39,4,1,0,3,33,41,33,32,False
8917,16630722126,40,33,4,0,0,16,13,16,29,False
4930,15797725211,8,16,4,0,3,28,16,28,18,False
13087,19834840803,48,5,3,0,3,33,34,33,32,False
6230,19852999776,4,2,4,0,3,11,27,11,10,False
12057,18765816132,21,19,4,0,3,47,48,47,29,False
8287,15165929133,4,2,4,0,3,35,40,35,29,False
10451,17731093916,20,9,4,0,3,29,21,29,25,False
10940,18636055184,7,1,3,0,0,41,5,41,19,False
2045,17713196465,39,6,2,0,2,24,6,24,16,False
4470,15079495784,49,9,4,0,1,44,29,44,29,False
5158,18053307086,35,1,4,0,3,32,25,32,32,True
6915,13074255915,36,6,4,0,1,17,23,17,18,False
5833,18802233956,8,7,4,0,1,15,23,15,23,False
12885,19550593600,47,9,4,0,0,17,8,17,31,False
12668,19550593600,25,3,2,0,0,40,32,40,30,False
10773,18365196069,41,6,4,0,2,31,14,31,24,False
6292,19852999776,16,12,4,0,1,17,14,17,17,True
1833,17623708813,28,2,4,0,1,33,38,33,12,False
3089,19831701219,22,19,4,0,3,37,24,37,16,False
4728,15797725211,6,0,3,0,2,1,2,1,18,False
7114,13401917913,35,6,1,0,2,30,46,30,9,False
5849,18802233956,24,11,4,0,1,18,0,18,18,True
12267,18989781863,31,3,1,0,0,32,20,32,19,False
11295,18664891854,11,5,3,0,3,8,1,8,32,False
10779,18365196069,47,10,4,0,0,30,10,30,19,False
13355,19859608897,15,0,2,0,3,8,25,8,29,False
10419,17731093916,38,10,4,0,0,11,13,11,25,False
2693,18991311567,36,2,1,0,2,15,22,15,18,False
12865,19550593600,27,32,4,0,0,15,9,15,18,False
14110,19948700293,38,0,4,0,2,10,20,10,10,True
6767,13074255915,39,1,1,0,1,26,41,26,19,False
5230,18053307086,7,48,4,0,0,46,47,46,23,False
5484,18702113651,10,9,4,0,1,23,29,23,23,True
1886,17623708813,31,12,4,0,0,36,9,36,37,False
7611,13630678332,30,10,4,0,2,39,0,39,9,False
1801,17623708813,46,18,4,0,0,17,32,17,17,True
12071,18765816132,35,22,4,0,0,44,25,44,37,False
2974,19831701219,7,15,3,0,1,10,14,10,10,True
4073,13670356740,3,8,4,0,3,28,0,28,18,False
2000,17713196465,45,28,1,0,3,26,20,26,29,False
5721,18802233956,47,1,1,0,3,14,1,14,32,False
13555,19859608897,15,5,4,0,1,26,41,26,11,False
3349,19970957519,31,9,3,0,1,38,16,38,38,True
156,13513580369,6,11,4,0,2,2,15,2,24,False
3806,13130819298,37,2,4,0,0,44,39,44,29,False
2162,17713196465,6,29,4,0,0,23,17,23,23,True
5874,18802233956,49,9,4,0,3,29,23,29,29,True
2390,17807329663,33,1,2,0,1,46,42,46,9,False
6949,13074255915,20,2,4,0,2,38,39,38,9,False
13938,19948700293,32,2,4,0,0,39,3,39,25,False
9978,17527328008,48,8,4,0,2,14,36,14,32,False
12248,18989781863,12,2,1,0,0,17,10,17,17,True
6706,19881266563,28,4,4,0,3,8,19,8,32,False
11428,18664891854,44,9,4,0,2,22,48,22,18,False
6022,18802233956,47,17,4,0,2,32,3,32,32,True
13,13513580369,14,1,1,0,3,14,28,14,32,False
12655,19550593600,12,5,2,0,0,18,12,18,18,True
9829,17527328008,50,3,1,0,1,15,14,15,18,False
5360,18702113651,37,11,1,0,3,36,45,36,32,False
7594,13630678332,13,25,4,0,1,32,39,32,32,True
10414,17731093916,33,4,4,0,1,18,10,18,18,True
2264,17713196465,8,4,4,0,3,4,12,4,32,False
6149,19852999776,23,31,3,0,0,25,18,25,25,True
1966,17713196465,11,3,1,0,2,38,39,38,9,False
8672,15167050060,38,3,4,0,0,18,20,18,10,False
1952,17623708813,47,2,4,0,0,12,0,12,18,False
3753,13130819298,34,11,4,0,0,19,13,19,19,True
2350,17807329663,44,0,1,0,3,5,25,5,37,False
748,15260233525,43,6,4,0,0,22,14,22,17,False
3483,19970957519,15,4,4,0,0,11,10,11,32,False
7599,13630678332,18,6,4,0,1,8,0,8,32,False
2971,19831701219,4,20,3,0,1,37,36,37,37,True
9028,16630722126,1,13,4,0,3,30,24,30,9,False
10695,18365196069,13,4,4,0,2,39,8,39,24,False
5965,18802233956,40,22,4,0,1,9,21,9,9,True
10543,18365196069,11,5,2,0,0,17,7,17,9,False
12038,18765816132,2,5,4,0,3,25,12,25,25,True
7049,13074255915,20,4,4,0,1,26,41,26,26,True
7980,13943039298,48,0,4,0,1,40,47,40,32,False
12219,18765816132,33,13,4,0,2,16,15,16,25,False
11475,18664891854,41,5,4,0,0,38,40,38,23,False
8999,16630722126,22,5,4,0,0,38,40,38,17,False
9157,16726368276,29,12,2,0,2,36,29,36,26,False
8583,15167050060,49,3,4,0,2,27,40,27,32,False
13961,19948700293,5,6,4,0,2,32,40,32,32,True
1524,15735414945,20,6,4,0,1,24,9,24,24,True
12840,19550593600,2,6,4,0,0,37,30,37,29,False
4790,15797725211,18,22,4,0,2,32,46,32,32,True
2423,17807329663,16,14,3,0,0,9,32,9,9,True
9229,16726368276,1,20,4,0,3,29,21,29,25,False
11768,18758415613,33,5,4,0,3,40,27,40,32,False
11805,18758415613,20,12,4,0,1,17,30,17,23,False
992,15661502139,36,13,2,0,0,19,0,19,32,False
8755,16630722126,20,21,2,0,0,7,1,7,18,False
13832,19948700293,26,3,3,0,0,19,45,19,19,True
3176,19831701219,9,15,4,0,0,42,44,42,29,False
6661,19881266563,34,54,4,0,1,13,20,13,30,False
11394,18664891854,10,4,4,0,3,22,16,22,9,False
12554,18989781863,17,1,4,0,3,29,22,29,11,False
4071,13670356740,1,7,4,0,3,24,21,24,24,True
1844,17623708813,11,29,4,0,0,33,26,33,32,False
11898,18765816132,13,0,1,0,0,31,17,31,25,False
3150,19831701219,33,6,4,0,2,23,8,23,25,False
12804,19550593600,16,10,4,0,3,23,24,23,18,False
2280,17713196465,24,2,4,0,2,15,25,15,23,False
4818,15797725211,46,3,4,0,1,46,36,46,9,False
13980,19948700293,24,0,4,0,3,33,39,33,10,False
11860,18758415613,25,17,4,0,1,26,33,26,18,False
11409,18664891854,25,16,4,0,2,6,13,6,18,False
7994,15165929133,12,3,1,0,0,32,26,32,19,False
10678,18365196069,46,1,4,0,2,20,24,20,11,False
9778,17331496902,49,2,4,0,2,34,33,34,19,False
6796,13074255915,17,8,2,0,2,12,19,12,37,False
6282,19852999776,6,10,4,0,0,10,3,10,17,False
10889,18636055184,6,1,2,0,3,22,16,22,9,False
7056,13074255915,27,14,4,0,2,10,47,10,10,True
11718,18758415613,33,11,4,0,2,3,39,3,3,True
13590,19859608897,50,0,4,0,3,21,43,21,18,False
12867,19550593600,29,5,4,0,3,33,20,33,32,False
5266,18053307086,43,5,4,0,0,19,3,19,32,False
9081,16726368276,4,9,1,0,3,33,34,33,32,False
11463,18664891854,29,5,4,0,0,30,17,30,23,False
4966,15797725211,44,61,4,0,0,14,41,14,32,False
13414,19859608897,24,3,3,0,1,22,21,22,38,False
7523,13630678332,42,12,2,0,2,5,12,5,37,False
1339,15735414945,34,7,2,0,3,10,12,10,32,False
6822,13074255915,43,19,2,0,1,32,24,32,32,True
7969,13943039298,37,19,4,0,2,32,47,32,3,False
2116,17713196465,10,9,4,0,0,19,12,19,32,False
6822,13074255915,43,8,2,0,0,23,24,23,23,True
6221,19852999776,45,9,4,0,0,30,24,30,30,True
5929,18802233956,4,26,4,0,2,1,7,1,18,False
13059,19834840803,20,1,3,0,2,7,21,7,18,False
13124,19834840803,35,13,4,0,2,13,20,13,10,False
9767,17331496902,38,0,4,0,0,16,1,16,25,False
1528,15735414945,24,6,4,0,3,25,36,25,25,True
2953,19831701219,36,13,2,0,1,12,17,12,18,False
6606,19881266563,29,1,4,0,3,22,33,22,10,False
10253,17731093916,22,8,3,0,2,35,42,35,18,False
1167,15661502139,13,7,4,0,2,16,8,16,24,False
3582,13130819298,14,1,1,0,2,31,22,31,24,False
12778,19550593600,37,18,4,0,3,31,46,31,25,False
12865,19550593600,27,23,4,0,2,11,9,11,32,False
3316,19970957519,48,6,2,0,0,19,5,19,32,False
13328,19859608897,39,5,1,0,2,37,39,37,37,True
7388,13401917913,8,2,4,0,1,39,4,39,25,False
11991,18765816132,5,5,3,0,3,17,6,17,37,False
12445,18989781863,8,7,4,0,1,16,1,16,25,False
3179,19831701219,12,16,4,0,0,17,41,17,17,True
4519,15079495784,48,2,4,0,2,14,34,14,18,False
3136,19831701219,19,12,4,0,0,26,6,26,37,False
1774,17623708813,19,19,4,0,1,26,6,26,32,False
4796,15797725211,24,7,4,0,2,14,10,14,23,False
1187,15661502139,33,11,4,0,2,3,33,3,3,True
1946,17623708813,41,11,4,0,1,40,39,40,30,False
4018,13670356740,48,8,2,0,0,23,20,23,23,True
1285,15735414945,31,14,1,0,2,16,39,16,16,True
6185,19852999776,9,1,4,0,0,11,0,11,19,False
1774,17623708813,19,93,4,0,0,32,6,32,32,True
9356,16726368276,28,0,4,0,3,10,5,10,17,False
667,15260233525,14,5,3,0,1,32,29,32,32,True
8652,15167050060,18,8,4,0,1,5,15,5,12,False
8021,15165929133,39,1,1,0,2,0,30,0,16,False
289,13513580369,39,14,4,0,1,46,45,46,29,False
6559,19881266563,32,17,4,0,0,22,14,22,17,False
2907,19831701219,41,4,1,0,3,36,44,36,32,False
4777,15797725211,5,3,4,0,1,37,17,37,37,True
8176,15165929133,43,18,4,0,1,16,9,16,24,False
1004,15661502139,48,1,2,0,3,25,42,25,24,False
9780,17527328008,1,5,1,0,1,18,24,18,18,True
6531,19881266563,4,12,4,0,0,17,33,17,17,True
6247,19852999776,21,3,4,0,1,25,15,25,25,True
8109,15165929133,26,0,3,0,2,24,1,24,25,False
8588,15167050060,4,15,4,0,1,46,32,46,29,False
10650,18365196069,18,11,4,0,1,44,43,44,32,False
13051,19834840803,12,3,3,0,3,29,7,29,32,False
12734,19550593600,46,0,3,0,1,48,3,48,9,False
4373,15079495784,2,7,3,0,1,17,24,17,17,True
3768,13130819298,49,23,4,0,3,37,39,37,16,False
11687,18758415613,2,1,4,0,2,8,21,8,32,False
11436,18664891854,2,2,4,0,3,31,20,31,18,False
11890,18765816132,5,0,1,0,3,29,31,29,29,True
951,15661502139,46,1,1,0,1,27,16,27,27,True
423,13932780308,22,0,2,0,1,3,0,3,3,True
11214,18664891854,31,1,1,0,2,10,11,10,32,False
11540,18758415613,6,2,1,0,2,11,34,11,18,False
13223,19834840803,34,15,4,0,3,23,32,23,25,False
4788,15797725211,16,17,4,0,1,3,0,3,32,False
2959,19831701219,42,3,2,0,2,26,21,26,24,False
2850,18991311567,42,40,4,0,3,2,16,2,25,False
13890,19948700293,34,15,4,0,1,41,39,41,23,False
3404,19970957519,36,4,4,0,1,24,21,24,25,False
10461,17731093916,30,7,4,0,2,16,15,16,18,False
13944,19948700293,38,5,4,0,3,26,20,26,25,False
7934,13943039298,2,37,4,0,0,29,14,29,29,True
13187,19834840803,48,8,4,0,1,31,9,31,25,False
12518,18989781863,31,6,4,0,1,2,0,2,3,False
8397,15167050060,13,0,2,0,3,36,22,36,32,False
9067,16630722126,40,18,4,0,2,39,47,39,18,False
3645,13130819298,26,1,2,0,0,31,18,31,32,False
1572,15735414945,18,2,4,0,1,3,8,3,32,False
11895,18765816132,10,7,1,0,0,14,0,14,18,False
8118,15165929133,35,6,3,0,3,4,19,4,18,False
4350,15079495784,29,2,2,0,3,35,36,35,32,False
13874,19948700293,18,5,4,0,2,34,48,34,18,False
7259,13401917913,29,9,4,0,2,12,19,12,37,False
13051,19834840803,12,4,3,0,0,30,7,30,32,False
5578,18702113651,4,7,4,0,3,12,5,12,18,False
9997,17527328008,17,14,4,0,0,22,14,22,30,False
7509,13630678332,28,3,2,0,2,23,32,23,23,True
3413,19970957519,45,26,4,0,2,26,39,26,25,False
2163,17713196465,7,24,4,0,3,36,22,36,32,False
1893,17623708813,38,5,4,0,3,14,41,14,18,False
8896,16630722126,19,11,4,0,1,10,7,10,10,True
5803,18802233956,28,9,3,0,1,27,5,27,9,False
2231,17713196465,25,6,4,0,0,18,29,18,18,True
7032,13074255915,3,8,4,0,1,34,11,34,38,False
13497,19859608897,7,5,4,0,1,41,48,41,3,False
2610,17807329663,3,4,4,0,1,10,0,10,10,True
4487,15079495784,16,8,4,0,3,22,24,22,18,False
8647,15167050060,13,3,4,0,0,24,15,24,25,False
10065,17527328008,35,2,4,0,0,30,0,30,32,False
7045,13074255915,16,1,4,0,3,35,0,35,18,False
5530,18702113651,6,6,4,0,0,38,3,38,38,True
1083,15661502139,27,3,4,0,1,17,44,17,17,True
13748,19948700293,7,5,3,0,3,40,41,40,32,False
10570,18365196069,38,2,2,0,0,19,18,19,32,False
2982,19831701219,15,6,3,0,0,33,17,33,32,False
1834,17623708813,1,7,4,0,2,8,33,8,9,False
8533,15167050060,49,1,4,0,3,3,4,3,3,True
13516,19859608897,26,5,4,0,3,32,39,32,32,True
9680,17331496902,1,18,4,0,3,26,13,26,25,False
4639,15797725211,18,24,1,0,3,32,39,32,32,True
8317,15165929133,34,12,4,0,3,25,20,25,17,False
11024,18636055184,41,20,4,0,3,15,8,15,18,False
12059,18765816132,23,8,4,0,3,14,31,14,3,False
6936,13074255915,7,7,4,0,0,41,25,41,30,False
2768,18991311567,10,5,3,0,2,12,27,12,8,False
12890,19550593600,2,5,4,0,3,32,40,32,32,True
7612,13630678332,31,4,4,0,1,17,24,17,17,True
4787,15797725211,15,0,4,0,3,29,32,29,29,True
10867,18636055184,35,3,1,0,1,9,1,9,9,True
2755,18991311567,47,4,2,0,1,11,7,11,19,False
9031,16630722126,4,0,4,0,2,32,39,32,32,True
4213,13670356740,43,15,4,0,3,12,10,12,18,False
4508,15079495784,37,8,4,0,2,28,36,28,18,False
13211,19834840803,22,0,4,0,3,22,25,22,17,False
3735,13130819298,16,29,4,0,2,10,16,10,10,True
6098,19852999776,22,9,2,0,0,35,30,35,29,False
4480,15079495784,9,17,4,0,3,32,10,32,32,True
3535,19970957519,17,0,4,0,0,15,19,15,17,False
6680,19881266563,2,22,4,0,1,29,46,29,29,True
3257,19970957519,40,1,1,0,3,29,44,29,29,True
8620,15167050060,36,4,4,0,3,22,39,22,23,False
9398,16726368276,20,14,4,0,3,17,19,17,17,True
6534,19881266563,7,7,4,0,2,10,16,10,10,True
4599,15079495784,28,1,4,0,3,43,41,43,18,False
3003,19831701219,36,2,3,0,2,26,44,26,24,False
11593,18758415613,8,0,2,0,0,10,6,10,17,False
3924,13670356740,5,16,1,0,2,26,31,26,24,False
3791,13130819298,22,42,4,0,2,23,24,23,18,False
3437,19970957519,19,1,4,0,0,21,18,21,25,False
11030,18636055184,47,1,4,0,2,7,11,7,10,False
615,15260233525,12,8,2,0,0,33,2,33,32,False
6351,19852999776,25,9,4,0,0,37,21,37,38,False
12504,18989781863,17,6,4,0,1,19,27,19,17,False
6971,13074255915,42,14,4,0,3,33,48,33,32,False
526,13932780308,25,1,4,0,1,24,18,24,25,False
5818,18802233956,43,19,3,0,1,15,14,15,18,False
11051,18636055184,18,7,4,0,3,40,34,40,17,False
7907,13943039298,25,0,4,0,1,40,7,40,30,False
8688,16630722126,4,0,1,0,2,4,9,4,16,False
3340,19970957519,22,3,3,0,0,8,1,8,9,False
762,15260233525,7,1,4,0,0,33,2,33,32,False
9063,16630722126,36,5,4,0,0,17,1,17,32,False
11055,18636055184,22,13,4,0,0,18,4,18,18,True
8103,15165929133,20,6,3,0,0,41,26,41,10,False
6690,19881266563,12,2,4,0,1,25,36,25,25,True
10273,17731093916,42,4,3,0,3,37,31,37,37,True
396,13932780308,46,7,1,0,1,19,24,19,32,False
10712,18365196069,30,6,4,0,2,3,12,3,3,True
991,15661502139,35,18,2,0,1,6,20,6,3,False
1956,17713196465,1,4,1,0,2,33,39,33,32,False
2382,17807329663,25,19,2,0,1,27,13,27,27,True
11528,18664891854,44,8,4,0,3,15,17,15,9,False
6703,19881266563,25,3,4,0,0,21,46,21,25,False
10559,18365196069,27,2,2,0,1,27,24,27,27,True
300,13513580369,50,0,4,0,1,13,31,13,11,False
2680,18991311567,23,2,1,0,2,22,19,22,9,False
13999,19948700293,10,9,4,0,0,11,19,11,11,True
5911,18802233956,36,12,4,0,2,8,18,8,9,False
13675,19948700293,35,2,1,0,1,32,24,32,32,True
10226,17731093916,45,1,2,0,3,22,18,22,9,False
11393,18664891854,9,7,4,0,3,23,11,23,23,True
3285,19970957519,17,9,2,0,3,36,46,36,32,False
807,15260233525,2,4,4,0,2,25,40,25,18,False
277,13513580369,27,6,4,0,1,19,20,19,19,True
11235,18664891854,1,2,2,0,0,41,25,41,30,False
5083,18053307086,10,4,3,0,0,15,1,15,18,False
5168,18053307086,45,8,4,0,0,9,33,9,10,False
5270,18053307086,47,7,4,0,0,29,15,29,29,True
1073,15661502139,17,20,4,0,1,25,32,25,25,True
13151,19834840803,12,8,4,0,3,14,10,14,18,False
4519,15079495784,48,26,4,0,2,12,34,12,9,False
6825,13074255915,46,3,2,0,2,15,47,15,23,False
10857,18636055184,25,7,1,0,0,32,24,32,32,True
7780,13943039298,48,3,3,0,3,33,39,33,32,False
13095,19834840803,6,11,4,0,3,38,45,38,38,True
6134,19852999776,8,3,3,0,0,38,12,38,18,False
8996,16630722126,19,12,4,0,0,24,10,24,25,False
2446,17807329663,39,5,3,0,0,9,6,9,9,True
6506,19881266563,29,8,3,0,0,17,24,17,9,False
1065,15661502139,9,21,4,0,3,43,36,43,18,False
2243,17713196465,37,25,4,0,1,24,17,24,24,True
7255,13401917913,25,13,4,0,0,30,24,30,30,True
2226,17713196465,20,19,4,0,3,18,10,18,18,True
523,13932780308,22,15,4,0,3,31,18,31,16,False
13091,19834840803,2,31,4,0,3,33,46,33,32,False
790,15260233525,35,7,4,0,3,31,17,31,25,False
2382,17807329663,25,17,2,0,3,20,13,20,11,False
83,13513580369,33,0,2,0,0,21,24,21,25,False
11979,18765816132,43,2,2,0,2,7,29,7,18,False
13328,19859608897,39,8,1,0,0,46,39,46,29,False
2135,17713196465,29,2,4,0,3,9,38,9,9,True
1845,17623708813,12,0,4,0,1,15,18,15,17,False
4782,15797725211,10,2,4,0,1,17,33,17,17,True
6590,19881266563,13,19,4,0,2,25,39,25,16,False
9190,16726368276,12,8,3,0,2,39,47,39,18,False
738,15260233525,33,11,4,0,0,29,1,29,25,False
5988,18802233956,13,19,4,0,2,32,39,32,32,True
11485,18664891854,1,13,4,0,3,29,14,29,18,False
11790,18758415613,5,30,4,0,3,8,9,8,32,False
12508,18989781863,21,15,4,0,3,15,1,15,18,False
709,15260233525,4,22,4,0,2,26,33,26,25,False
4738,15797725211,16,1,3,0,3,31,6,31,16,False
11095,18636055184,12,21,4,0,3,32,41,32,32,True
5797,18802233956,22,5,3,0,3,32,41,32,32,True
3085,19831701219,18,22,4,0,3,24,8,24,24,True
2916,19831701219,50,3,1,0,3,37,39,37,37,True
14066,19948700293,44,0,4,0,2,20,41,20,12,False
5579,18702113651,5,7,4,0,1,9,15,9,9,True
9941,17527328008,11,22,4,0,3,4,13,4,32,False
2860,18991311567,2,2,4,0,2,20,1,20,11,False
6258,19852999776,32,11,4,0,3,17,32,17,9,False
9363,16726368276,35,10,4,0,2,34,40,34,18,False
9335,16726368276,7,4,4,0,1,45,42,45,45,True
9397,16726368276,19,0,4,0,3,7,24,7,18,False
1218,15661502139,14,4,4,0,3,47,48,47,32,False
1930,17623708813,25,8,4,0,2,17,46,17,9,False
2783,18991311567,25,1,3,0,2,15,38,15,10,False
12568,18989781863,31,5,4,0,3,40,32,40,30,False
4801,15797725211,29,18,4,0,3,30,31,30,9,False
9221,16726368276,43,5,3,0,1,36,21,36,32,False
5514,18702113651,40,0,4,0,2,17,26,17,29,False
3097,19831701219,30,15,4,0,0,39,3,39,29,False
12347,18989781863,10,14,3,0,0,17,3,17,17,True
11233,18664891854,50,5,1,0,3,16,12,16,16,True
2466,17807329663,9,11,4,0,2,18,23,18,18,True
3818,13130819298,49,0,4,0,2,7,25,7,18,False
14064,19948700293,42,9,4,0,3,17,48,17,17,True
5924,18802233956,49,12,4,0,0,17,39,17,17,True
1989,17713196465,34,9,1,0,1,13,19,13,3,False
6124,19852999776,48,1,2,0,0,40,10,40,30,False
11180,18636055184,47,11,4,0,0,36,21,36,38,False
7620,13630678332,39,16,4,0,2,33,39,33,32,False
9655,17331496902,26,9,4,0,2,2,1,2,24,False
11182,18636055184,49,1,4,0,2,37,47,37,9,False
4752,15797725211,30,2,3,0,2,15,18,15,23,False
2497,17807329663,40,12,4,0,0,25,10,25,24,False
1173,15661502139,19,6,4,0,1,30,15,30,9,False
3087,19831701219,20,30,4,0,0,29,2,29,25,False
9312,16726368276,34,7,4,0,1,22,29,22,32,False
13417,19859608897,27,0,3,0,0,18,20,18,18,True
11621,18758415613,36,5,2,0,0,30,1,30,32,False
9935,17527328008,5,27,4,0,0,22,8,22,30,False
7981,13943039298,49,0,4,0,1,40,24,40,30,False
7735,13943039298,3,6,3,0,2,30,39,30,9,False
8425,15167050060,41,8,2,0,3,26,27,26,32,False
5236,18053307086,13,3,4,0,2,7,6,7,23,False
5584,18702113651,10,6,4,0,2,37,32,37,18,False
10987,18636055184,4,7,4,0,1,3,8,3,32,False
5123,18053307086,50,1,3,0,0,8,7,8,8,True
7698,13943039298,16,9,2,0,1,15,1,15,18,False
1463,15735414945,9,26,4,0,0,22,9,22,23,False
6387,19881266563,11,2,1,0,2,31,30,31,32,False
7593,13630678332,12,5,4,0,2,31,45,31,18,False
6754,13074255915,26,5,1,0,0,12,9,12,19,False
11765,18758415613,30,5,4,0,2,4,3,4,24,False
4518,15079495784,47,13,4,0,1,1,0,1,32,False
4186,13670356740,16,12,4,0,1,12,18,12,23,False
2628,17807329663,21,30,4,0,1,15,0,15,18,False
2213,17713196465,7,1,4,0,3,32,12,32,32,True
1844,17623708813,11,26,4,0,3,31,26,31,25,False
2819,18991311567,11,18,4,0,2,12,19,12,18,False
3035,19831701219,18,15,4,0,1,31,17,31,25,False
1539,15735414945,35,27,4,0,3,18,9,18,18,True
5008,18053307086,36,6,1,0,1,32,31,32,32,True
1377,15735414945,22,6,3,0,0,33,15,33,32,False
6889,13074255915,10,17,4,0,1,16,21,16,23,False
1774,17623708813,19,46,4,0,3,33,6,33,32,False
8742,16630722126,7,2,2,0,0,41,27,41,19,False
6585,19881266563,8,28,4,0,1,15,14,15,18,False
3905,13130819298,36,1,4,0,1,26,10,26,32,False
1567,15735414945,13,13,4,0,2,28,44,28,23,False
12421,18989781863,34,8,4,0,3,15,48,15,18,False
10857,18636055184,25,2,1,0,0,40,24,40,30,False
13337,19859608897,48,5,1,0,2,3,16,3,3,True
5671,18702113651,47,7,4,0,2,2,0,2,3,False
12751,19550593600,10,15,4,0,3,38,39,38,9,False
4880,15797725211,8,4,4,0,3,38,25,38,38,True
13007,19834840803,18,1,2,0,2,15,21,15,23,False
9461,17331496902,33,13,1,0,1,41,40,41,30,False
13988,19948700293,32,3,4,0,1,45,3,45,29,False
5855,18802233956,30,2,4,0,2,17,33,17,17,True
10910,18636055184,27,5,2,0,2,10,31,10,32,False
11367,18664891854,33,7,4,0,0,11,6,11,25,False
4470,15079495784,49,58,4,0,3,31,29,31,25,False
2733,18991311567,25,5,2,0,1,6,5,6,18,False
2014,17713196465,8,10,2,0,0,35,22,35,18,False
7860,13943039298,28,6,4,0,0,36,29,36,18,False
12721,19550593600,33,1,3,0,2,30,25,30,9,False
3222,19970957519,5,4,1,0,2,15,16,15,23,False
1910,17623708813,5,7,4,0,3,18,0,18,18,True
12208,18765816132,22,8,4,0,3,5,19,5,3,False
7819,13943039298,37,8,4,0,1,15,0,15,17,False
12113,18765816132,27,2,4,0,1,18,9,18,18,True
9288,16726368276,10,4,4,0,3,22,28,22,3,False
5665,18702113651,41,6,4,0,0,46,39,46,23,False
1450,15735414945,45,9,4,0,3,25,3,25,25,True
112,13513580369,12,7,3,0,1,26,12,26,32,False
3775,13130819298,6,8,4,0,2,33,36,33,32,False
4298,15079495784,28,7,1,0,2,12,20,12,29,False
10558,18365196069,26,24,2,0,2,15,24,15,18,False
13367,19859608897,27,3,2,0,0,41,18,41,30,False
9355,16726368276,27,1,4,0,2,31,30,31,25,False
6594,19881266563,17,10,4,0,1,24,14,24,25,False
2035,17713196465,29,5,2,0,0,31,16,31,32,False
5912,18802233956,37,31,4,0,3,15,16,15,18,False
4083,13670356740,13,38,4,0,3,46,17,46,23,False
1550,15735414945,46,17,4,0,1,1,14,1,18,False
6333,19852999776,7,6,4,0,3,22,26,22,18,False
8295,15165929133,12,8,4,0,3,46,6,46,29,False
9935,17527328008,5,0,4,0,2,38,8,38,18,False
4269,13670356740,49,15,4,0,0,19,12,19,32,False
7735,13943039298,3,1,3,0,2,7,39,7,23,False
496,13932780308,45,7,3,0,2,31,30,31,24,False
13612,19859608897,22,8,4,0,1,41,40,41,30,False
2466,17807329663,9,34,4,0,2,28,23,28,18,False
7174,13401917913,44,5,2,0,1,18,30,18,3,False
1554,15735414945,50,9,4,0,1,32,24,32,32,True
1623,17623708813,19,12,1,0,3,29,43,29,29,True
3802,13130819298,33,6,4,0,2,18,7,18,18,True
10788,18365196069,6,22,4,0,1,20,19,20,18,False
875,15260233525,20,5,4,0,0,25,11,25,23,False
12709,19550593600,21,12,3,0,0,41,13,41,19,False
6221,19852999776,45,25,4,0,2,23,24,23,38,False
4651,15797725211,30,2,1,0,0,33,10,33,32,False
2751,18991311567,43,2,2,0,3,18,15,18,18,True
7184,13401917913,4,5,3,0,3,14,24,14,32,False
13750,19948700293,9,0,3,0,1,8,21,8,18,False
7585,13630678332,4,18,4,0,1,2,8,2,18,False
2607,17807329663,50,17,4,0,0,30,23,30,25,False
4010,13670356740,40,4,2,0,3,32,13,32,32,True
11025,18636055184,42,12,4,0,3,44,46,44,29,False
13092,19834840803,3,23,4,0,2,41,40,41,30,False
12965,19834840803,27,6,1,0,0,10,9,10,10,True
11146,18636055184,13,2,4,0,0,21,8,21,18,False
2404,17807329663,47,2,2,0,1,33,7,33,9,False
3492,19970957519,24,1,4,0,1,19,36,19,19,True
8297,15165929133,14,9,4,0,3,32,41,32,32,True
8717,16630722126,33,15,1,0,3,47,48,47,37,False
894,15260233525,39,17,4,0,3,16,9,16,25,False
9958,17527328008,28,3,4,0,2,11,2,11,25,False
6955,13074255915,26,23,4,0,0,48,26,48,29,False
12764,19550593600,23,5,4,0,3,8,3,8,32,False
4127,13670356740,7,1,4,0,2,32,16,32,32,True
1028,15661502139,22,5,3,0,3,42,43,42,32,False
10350,17731093916,19,2,4,0,0,39,10,39,25,False
10526,18365196069,45,4,1,0,0,18,4,18,18,True
1227,15661502139,23,15,4,0,3,35,32,35,18,False
11276,18664891854,42,2,2,0,3,2,17,2,25,False
1229,15661502139,25,19,4,0,3,18,10,18,18,True
2459,17807329663,2,12,4,0,2,23,47,23,18,False
5248,18053307086,25,4,4,0,2,23,43,23,25,False
3082,19831701219,15,2,4,0,0,44,41,44,29,False
8375,15167050060,42,0,1,0,2,3,20,3,3,True
10572,18365196069,40,0,2,0,2,15,18,15,38,False
1377,15735414945,22,17,3,0,1,23,15,23,23,True
12763,19550593600,22,8,4,0,1,17,2,17,18,False
1399,15735414945,44,1,3,0,1,5,0,5,19,False
65,13513580369,15,6,2,0,0,15,1,15,38,False
1835,17623708813,2,12,4,0,3,19,26,19,32,False
13719,19948700293,28,5,2,0,1,13,19,13,19,False
6114,19852999776,38,3,2,0,1,36,42,36,32,False
65,13513580369,15,1,2,0,2,16,1,16,25,False
11379,18664891854,45,8,4,0,3,14,44,14,3,False
10168,17731093916,38,4,1,0,3,2,10,2,32,False
13205,19834840803,16,14,4,0,2,33,48,33,18,False
5410,18702113651,36,5,2,0,0,38,17,38,17,False
1948,17623708813,43,4,4,0,2,29,46,29,25,False
12052,18765816132,16,0,4,0,1,25,22,25,25,True
652,15260233525,49,6,2,0,1,12,5,12,18,False
7352,13401917913,22,3,4,0,3,16,25,16,18,False
10719,18365196069,37,1,4,0,2,25,39,25,18,False
4269,13670356740,49,8,4,0,3,32,12,32,32,True
1810,17623708813,5,43,4,0,3,29,33,29,29,True
8917,16630722126,40,31,4,0,0,30,13,30,29,False
4506,15079495784,35,77,4,0,1,12,14,12,18,False
8746,16630722126,11,1,2,0,3,40,32,40,32,False
1437,15735414945,32,20,4,0,2,29,46,29,25,False
1774,17623708813,19,162,4,0,3,4,6,4,9,False
9571,17331496902,42,5,3,0,1,18,3,18,18,True
4159,13670356740,39,21,4,0,1,36,28,36,32,False
12737,19550593600,49,2,3,0,2,7,24,7,18,False
4943,15797725211,21,3,4,0,2,22,32,22,17,False
6344,19852999776,18,8,4,0,1,24,10,24,24,True
3857,13130819298,38,18,4,0,0,22,1,22,18,False
13969,19948700293,13,11,4,0,1,16,8,16,18,False
8914,16630722126,37,6,4,0,2,25,34,25,18,False
8598,15167050060,14,1,4,0,0,48,34,48,29,False
5059,18053307086,36,2,2,0,3,29,32,29,29,True
4354,15079495784,33,4,2,0,1,12,3,12,32,False
2624,17807329663,17,4,4,0,1,25,31,25,25,True
3952,13670356740,33,4,1,0,3,16,17,16,16,True
10347,17731093916,16,4,4,0,1,19,15,19,19,True
3390,19970957519,22,64,4,0,2,28,36,28,18,False
10537,18365196069,5,11,2,0,3,32,41,32,32,True
4730,15797725211,8,7,3,0,1,30,39,30,9,False
401,13932780308,51,4,1,0,0,25,11,25,25,True
9084,16726368276,7,1,1,0,1,33,20,33,37,False
1445,15735414945,40,5,4,0,3,22,23,22,18,False
6561,19881266563,34,12,4,0,2,17,41,17,9,False
3014,19831701219,47,1,3,0,0,30,38,30,30,True
4784,15797725211,12,10,4,0,0,10,9,10,23,False
4472,15079495784,1,0,4,0,1,42,25,42,29,False
5940,18802233956,15,35,4,0,1,37,43,37,9,False
8929,16630722126,2,10,4,0,2,7,22,7,18,False
13098,19834840803,9,5,4,0,2,25,41,25,18,False
14064,19948700293,42,4,4,0,3,2,48,2,9,False
5206,18053307086,33,5,4,0,0,10,9,10,23,False
2964,19831701219,47,1,2,0,3,31,5,31,16,False
11523,18664891854,39,4,4,0,3,40,5,40,32,False
6020,18802233956,45,17,4,0,1,6,22,6,18,False
8547,15167050060,13,1,4,0,2,20,24,20,12,False
273,13513580369,23,13,4,0,3,38,39,38,9,False
10489,18365196069,8,3,1,0,2,25,39,25,18,False
3509,19970957519,41,8,4,0,0,17,34,17,9,False
3316,19970957519,48,8,2,0,0,13,5,13,19,False
3391,19970957519,23,12,4,0,1,19,34,19,19,True
5923,18802233956,48,11,4,0,0,29,30,29,29,True
9890,17527328008,10,0,3,0,2,10,5,10,10,True
3021,19831701219,4,8,4,0,1,3,15,3,32,False
10291,17731093916,10,4,4,0,1,25,39,25,25,True
2156,17713196465,50,17,4,0,0,17,33,17,17,True
9802,17527328008,23,1,1,0,3,0,10,0,18,False
1131,15661502139,25,5,4,0,3,10,25,10,25,False
9290,16726368276,12,8,4,0,2,18,33,18,10,False
11368,18664891854,34,0,4,0,0,28,7,28,17,False
13182,19834840803,43,6,4,0,2,7,40,7,18,False
3184,19831701219,17,1,4,0,2,9,38,9,9,True
5530,18702113651,6,81,4,0,0,35,3,35,18,False
4285,15079495784,15,3,1,0,1,37,15,37,32,False
3274,19970957519,6,6,2,0,0,19,12,19,32,False
782,15260233525,27,4,4,0,3,10,18,10,25,False
6809,13074255915,30,7,2,0,1,30,29,30,19,False
4767,15797725211,45,16,3,0,1,1,0,1,18,False
7121,13401917913,42,0,1,0,0,43,40,43,18,False
2549,17807329663,42,4,4,0,0,18,17,18,18,True
2079,17713196465,23,5,3,0,1,29,43,29,29,True
2020,17713196465,14,2,2,0,3,35,36,35,32,False
2725,18991311567,17,4,2,0,3,11,39,11,3,False
1898,17623708813,43,30,4,0,3,10,18,10,17,False
5180,18053307086,7,2,4,0,1,17,39,17,23,False
8287,15165929133,4,5,4,0,3,38,40,38,25,False
664,15260233525,11,4,3,0,0,10,2,10,10,True
3273,19970957519,5,8,2,0,1,12,1,12,18,False
2994,19831701219,27,3,3,0,1,12,16,12,18,False
8972,16630722126,45,8,4,0,3,33,41,33,32,False
7338,13401917913,8,19,4,0,3,16,0,16,24,False
11433,18664891854,49,0,4,0,3,9,41,9,17,False
2218,17713196465,12,0,4,0,2,13,33,13,11,False
5218,18053307086,45,2,4,0,2,26,21,26,18,False
3146,19831701219,29,16,4,0,3,11,18,11,11,True
2270,17713196465,14,15,4,0,1,36,28,36,18,False
4206,13670356740,36,1,4,0,3,18,3,18,18,True
11458,18664891854,24,10,4,0,1,18,8,18,18,True
4606,15079495784,35,6,4,0,2,27,36,27,32,False
4498,15079495784,27,9,4,0,2,31,42,31,18,False
5837,18802233956,12,27,4,0,2,26,41,26,18,False
10839,18636055184,7,6,1,0,0,41,33,41,10,False
12595,19550593600,8,9,1,0,1,40,13,40,9,False
6900,13074255915,21,11,4,0,2,18,29,18,18,True
3798,13130819298,29,8,4,0,3,14,39,14,32,False
916,15661502139,11,4,1,0,3,35,37,35,32,False
4514,15079495784,43,3,4,0,2,29,46,29,25,False
4547,15079495784,26,13,4,0,2,38,46,38,9,False
12722,19550593600,34,3,3,0,3,14,16,14,18,False
13149,19834840803,10,13,4,0,1,3,9,3,32,False
1800,17623708813,45,7,4,0,3,30,38,30,9,False
1593,15735414945,39,0,4,0,2,2,40,2,18,False
7677,13943039298,46,0,1,0,2,15,11,15,38,False
13946,19948700293,40,3,4,0,3,23,24,23,23,True
13996,19948700293,7,1,4,0,3,37,32,37,9,False
13864,19948700293,8,21,4,0,1,41,39,41,23,False
11747,18758415613,12,5,4,0,2,26,33,26,12,False
5306,18053307086,33,0,4,0,2,48,45,48,29,False
7231,13401917913,1,17,4,0,1,3,1,3,32,False
6089,19852999776,13,5,2,0,3,18,17,18,18,True
8362,15167050060,29,10,1,0,1,45,24,45,45,True
1129,15661502139,23,11,4,0,1,26,6,26,29,False
5956,18802233956,31,4,4,0,3,8,23,8,3,False
450,13932780308,49,8,2,0,1,27,5,27,9,False
6133,19852999776,7,5,3,0,3,29,17,29,29,True
12908,19550593600,20,28,4,0,1,2,7,2,3,False
9362,16726368276,34,10,4,0,1,30,46,30,17,False
4087,13670356740,17,9,4,0,0,28,21,28,18,False
9695,17331496902,16,2,4,0,1,27,39,27,23,False
10434,17731093916,3,8,4,0,0,15,7,15,18,False
12136,18765816132,50,8,4,0,3,16,4,16,16,True
2560,17807329663,3,14,4,0,3,18,12,18,18,True
1750,17623708813,45,14,3,0,3,25,20,25,29,False
5278,18053307086,5,14,4,0,0,33,2,33,32,False
1690,17623708813,35,3,2,0,2,15,40,15,18,False
9270,16726368276,42,9,4,0,2,34,39,34,25,False
1892,17623708813,37,0,4,0,2,46,16,46,25,False
5211,18053307086,38,6,4,0,0,16,14,16,25,False
11133,18636055184,50,15,4,0,2,16,8,16,24,False
13950,19948700293,44,0,4,0,1,40,25,40,30,False
3073,19831701219,6,9,4,0,1,39,36,39,38,False
1062,15661502139,6,16,4,0,0,23,39,23,25,False
662,15260233525,9,7,3,0,1,40,39,40,30,False
4792,15797725211,20,47,4,0,0,17,20,17,23,False
8193,15165929133,10,6,4,0,3,18,19,18,23,False
9500,17331496902,21,4,2,0,3,0,1,0,18,False
4526,15079495784,5,24,4,0,3,35,24,35,25,False
4140,13670356740,20,22,4,0,0,22,23,22,10,False
8233,15165929133,50,6,4,0,3,1,4,1,32,False
13258,19834840803,19,1,4,0,0,40,33,40,32,False
1569,15735414945,15,30,4,0,3,28,3,28,18,False
2396,17807329663,39,3,2,0,3,14,10,14,32,False
723,15260233525,18,7,4,0,1,29,39,29,16,False
4722,15797725211,50,2,2,0,3,32,5,32,32,True
10311,17731093916,30,5,4,0,2,21,28,21,10,False
6540,19881266563,13,11,4,0,2,18,32,18,18,True
8954,16630722126,27,0,4,0,0,45,20,45,45,True
2657,17807329663,50,14,4,0,3,10,11,10,32,False
8716,16630722126,32,1,1,0,1,3,48,3,18,False
7248,13401917913,18,13,4,0,2,23,40,23,10,False
369,13932780308,19,5,1,0,3,18,17,18,18,True
6253,19852999776,27,6,4,0,3,31,8,31,24,False
7293,13401917913,13,23,4,0,3,7,8,7,18,False
13465,19859608897,25,4,4,0,0,30,21,30,11,False
11279,18664891854,45,4,2,0,0,19,17,19,19,True
1391,15735414945,36,16,3,0,1,11,1,11,9,False
5230,18053307086,7,28,4,0,2,23,47,23,23,True
8999,16630722126,22,7,4,0,2,32,40,32,32,True
1465,15735414945,11,36,4,0,1,33,9,33,38,False
6602,19881266563,25,3,4,0,1,39,17,39,25,False
5589,18702113651,15,7,4,0,3,3,12,3,32,False
514,13932780308,13,14,4,0,3,30,32,30,9,False
10095,17527328008,15,14,4,0,3,7,8,7,18,False
11798,18758415613,13,17,4,0,2,18,19,18,23,False
11789,18758415613,4,2,4,0,1,32,47,32,32,True
11414,18664891854,30,3,4,0,0,41,32,41,30,False
663,15260233525,10,8,3,0,2,10,20,10,32,False
1796,17623708813,41,159,4,0,1,2,0,2,3,False
10008,17527328008,28,15,4,0,0,18,19,18,18,True
144,13513580369,44,5,3,0,0,15,43,15,18,False
5951,18802233956,26,26,4,0,2,8,37,8,9,False
5229,18053307086,6,11,4,0,1,36,30,36,32,False
6022,18802233956,47,2,4,0,0,40,3,40,30,False
5794,18802233956,19,15,3,0,1,17,15,17,17,True
5873,18802233956,48,16,4,0,1,20,17,20,18,False
1844,17623708813,11,9,4,0,1,30,26,30,9,False
1369,15735414945,14,15,3,0,0,10,2,10,10,True
4945,15797725211,23,47,4,0,2,23,32,23,18,False
13097,19834840803,8,1,4,0,2,20,24,20,12,False
3669,13130819298,50,2,2,0,3,18,3,18,18,True
1058,15661502139,2,10,4,0,2,40,41,40,10,False
13051,19834840803,12,5,3,0,0,23,7,23,17,False
2299,17713196465,43,7,4,0,2,28,43,28,3,False
3208,19831701219,41,8,4,0,2,30,34,30,30,True
8329,15165929133,46,38,4,0,0,7,1,7,18,False
2079,17713196465,23,0,3,0,2,2,43,2,18,False
1360,15735414945,5,2,3,0,1,17,31,17,17,True
6532,19881266563,5,16,4,0,2,17,43,17,30,False
5382,18702113651,8,20,2,0,2,3,41,3,9,False
239,13513580369,39,18,4,0,2,38,46,38,38,True
13935,19948700293,29,5,4,0,1,2,1,2,3,False
4450,15079495784,29,8,4,0,1,25,18,25,23,False
13232,19834840803,43,0,4,0,2,17,47,17,23,False
9212,16726368276,34,0,3,0,2,25,45,25,25,True
11441,18664891854,7,1,4,0,0,40,38,40,32,False
10563,18365196069,31,2,2,0,2,24,0,24,24,True
2292,17713196465,36,1,4,0,0,21,16,21,23,False
7838,13943039298,6,3,4,0,1,16,15,16,18,False
11390,18664891854,6,0,4,0,2,12,17,12,29,False
12946,19834840803,8,0,1,0,0,31,23,31,25,False
713,15260233525,8,7,4,0,3,8,4,8,32,False
5683,18802233956,9,1,1,0,0,15,16,15,18,False
8926,16630722126,49,9,4,0,1,32,48,32,19,False
7698,13943039298,16,6,2,0,1,23,1,23,9,False
89,13513580369,39,14,2,0,0,19,10,19,32,False
5969,18802233956,44,12,4,0,2,38,44,38,23,False
835,15260233525,30,3,4,0,1,37,21,37,38,False
3939,13670356740,20,1,1,0,0,44,39,44,37,False
14031,19948700293,9,15,4,0,1,2,8,2,18,False
7595,13630678332,14,10,4,0,2,25,40,25,18,False
10440,17731093916,9,8,4,0,2,37,47,37,3,False
5587,18702113651,13,0,4,0,0,40,3,40,32,False
8238,15165929133,5,1,4,0,0,19,11,19,19,True
5369,18702113651,46,7,1,0,3,29,23,29,37,False
5590,18702113651,16,8,4,0,0,14,0,14,17,False
2557,17807329663,50,8,4,0,2,26,24,26,25,False
5671,18702113651,47,6,4,0,1,3,0,3,32,False
7283,13401917913,3,0,4,0,0,12,10,12,29,False
1056,15661502139,50,1,3,0,3,28,14,28,18,False
8819,16630722126,34,11,3,0,2,11,9,11,23,False
8176,15165929133,43,19,4,0,1,16,9,16,16,True
10826,18365196069,44,17,4,0,3,22,16,22,9,False
13072,19834840803,33,15,3,0,3,33,41,33,32,False
9057,16630722126,30,19,4,0,1,23,15,23,23,True
11344,18664891854,10,10,4,0,1,16,2,16,16,True
7866,13943039298,34,9,4,0,2,23,29,23,10,False
4269,13670356740,49,12,4,0,1,26,12,26,37,False
9029,16630722126,2,9,4,0,1,34,25,34,38,False
4790,15797725211,18,16,4,0,1,19,46,19,10,False
14060,19948700293,38,19,4,0,2,16,24,16,9,False
3101,19831701219,34,11,4,0,3,11,19,11,32,False
2162,17713196465,6,18,4,0,2,31,17,31,24,False
8086,15165929133,3,2,3,0,1,39,38,39,24,False
13168,19834840803,29,15,4,0,2,32,48,32,3,False
3165,19831701219,48,2,4,0,2,12,33,12,18,False
4806,15797725211,34,10,4,0,0,14,0,14,17,False
5214,18053307086,41,5,4,0,1,9,1,9,9,True
9052,16630722126,25,13,4,0,1,27,34,27,18,False
11384,18664891854,50,15,4,0,0,10,3,10,17,False
11425,18664891854,41,7,4,0,1,4,8,4,11,False
13629,19859608897,39,16,4,0,0,14,7,14,18,False
1661,17623708813,6,4,2,0,2,31,42,31,18,False
8184,15165929133,1,0,4,0,1,39,14,39,25,False
13781,19948700293,40,8,3,0,3,37,24,37,37,True
11378,18664891854,44,3,4,0,2,9,40,9,9,True
5315,18053307086,42,17,4,0,2,28,47,28,23,False
10246,17731093916,15,6,3,0,3,28,0,28,18,False
5458,18702113651,34,13,3,0,3,37,38,37,29,False
11189,18664891854,6,1,1,0,3,16,26,16,16,True
12480,18989781863,43,9,4,0,3,16,17,16,25,False
1478,15735414945,24,12,4,0,2,31,21,31,24,False
5185,18053307086,12,1,4,0,3,7,12,7,25,False
10864,18636055184,32,4,1,0,3,14,15,14,18,False
11149,18636055184,16,17,4,0,1,18,15,18,18,True
10223,17731093916,42,4,2,0,3,17,18,17,17,True
615,15260233525,12,9,2,0,1,26,2,26,32,False
7813,13943039298,31,14,4,0,1,32,24,32,32,True
11358,18664891854,24,5,4,0,2,3,19,3,3,True
6955,13074255915,26,35,4,0,1,34,26,34,18,False
3106,19831701219,39,23,4,0,2,19,33,19,3,False
1144,15661502139,38,17,4,0,0,22,0,22,32,False
10419,17731093916,38,1,4,0,1,45,13,45,45,True
2834,18991311567,26,50,4,0,1,36,16,36,32,False
12389,18989781863,2,5,4,0,0,44,31,44,37,False
10736,18365196069,4,11,4,0,2,34,40,34,18,False
12065,18765816132,29,6,4,0,1,44,8,44,19,False
10340,17731093916,9,1,4,0,3,28,15,28,18,False
2068,17713196465,12,0,3,0,3,25,37,25,25,True
6378,19881266563,2,4,1,0,0,35,8,35,19,False
13190,19834840803,1,7,4,0,3,31,40,31,25,False
9963,17527328008,33,29,4,0,2,33,39,33,32,False
7042,13074255915,13,4,4,0,2,0,3,0,3,False
1080,15661502139,24,10,4,0,1,12,37,12,25,False
2582,17807329663,25,26,4,0,1,26,15,26,32,False
5537,18702113651,13,3,4,0,1,10,8,10,10,True
6636,19881266563,9,18,4,0,3,35,44,35,25,False
12381,18989781863,44,3,3,0,2,25,22,25,18,False
3372,19970957519,4,7,4,0,0,29,15,29,29,True
12218,18765816132,32,5,4,0,3,10,5,10,32,False
13357,19859608897,17,2,2,0,3,14,21,14,18,False
4906,15797725211,34,15,4,0,3,5,11,5,29,False
2570,17807329663,13,9,4,0,1,27,13,27,18,False
9981,17527328008,1,1,4,0,2,2,32,2,18,False
7147,13401917913,17,8,2,0,3,29,21,29,25,False
6071,19852999776,46,28,1,0,2,18,31,18,18,True
12388,18989781863,1,4,4,0,2,38,40,38,9,False
7885,13943039298,3,1,4,0,0,45,10,45,45,True
13464,19859608897,24,2,4,0,0,25,17,25,11,False
9074,16630722126,47,8,4,0,0,27,20,27,32,False
12101,18765816132,15,7,4,0,0,30,8,30,19,False
3086,19831701219,19,8,4,0,0,9,18,9,9,True
3114,19831701219,47,18,4,0,1,38,24,38,18,False
10243,17731093916,12,11,3,0,3,4,5,4,25,False
13279,19834840803,40,8,4,0,1,27,40,27,18,False
10469,17731093916,38,2,4,0,0,37,7,37,32,False
3732,13130819298,13,14,4,0,3,32,2,32,32,True
5667,18702113651,43,3,4,0,3,35,46,35,18,False
11774,18758415613,39,1,4,0,3,14,24,14,18,False
5890,18802233956,15,9,4,0,0,24,2,24,24,True
5492,18702113651,18,7,4,0,1,39,30,39,23,False
4289,15079495784,19,9,1,0,2,31,16,31,24,False
4335,15079495784,14,6,2,0,1,3,2,3,32,False
2739,18991311567,31,11,2,0,3,22,16,22,9,False
5838,18802233956,13,7,4,0,0,30,23,30,10,False
607,15260233525,4,0,2,0,3,16,9,16,16,True
1954,17623708813,49,28,4,0,0,18,9,18,18,True
8812,16630722126,27,0,3,0,3,8,41,8,29,False
10891,18636055184,8,1,2,0,1,9,16,9,9,True
9450,17331496902,22,8,1,0,2,31,22,31,24,False
1702,17623708813,47,4,2,0,0,19,3,19,32,False
1059,15661502139,3,7,4,0,2,26,42,26,25,False
1660,17623708813,5,9,2,0,0,29,22,29,29,True
9553,17331496902,24,2,3,0,3,14,29,14,32,False
11787,18758415613,2,3,4,0,3,32,41,32,32,True
6687,19881266563,9,7,4,0,0,33,11,33,32,False
6217,19852999776,41,7,4,0,2,33,39,33,32,False
9000,16630722126,23,9,4,0,3,4,12,4,25,False
9017,16630722126,40,2,4,0,2,17,23,17,18,False
7190,13401917913,10,10,3,0,3,16,8,16,25,False
11672,18758415613,37,1,3,0,3,39,17,39,24,False
6703,19881266563,25,22,4,0,3,17,46,17,17,True
8007,15165929133,25,5,1,0,3,33,34,33,32,False
5379,18702113651,5,3,2,0,3,16,9,16,25,False
5521,18702113651,47,4,4,0,2,8,25,8,9,False
5486,18702113651,12,1,4,0,1,13,14,13,10,False
1504,15735414945,50,0,4,0,3,12,39,12,18,False
8284,15165929133,1,1,4,0,3,11,19,11,19,False
1783,17623708813,28,2,4,0,1,6,38,6,23,False
930,15661502139,25,6,1,0,3,11,31,11,32,False
7406,13401917913,26,6,4,0,1,19,28,19,19,True
1123,15661502139,17,21,4,0,0,37,2,37,37,True
4124,13670356740,4,14,4,0,0,15,10,15,17,False
1529,15735414945,25,51,4,0,1,16,28,16,25,False
11609,18758415613,24,9,2,0,2,15,45,15,23,False
5943,18802233956,18,5,4,0,3,25,32,25,9,False
11626,18758415613,41,0,2,0,1,47,24,47,32,False
12374,18989781863,37,9,3,0,1,40,39,40,9,False
1411,15735414945,6,4,4,0,1,23,8,23,23,True
3517,19970957519,49,7,4,0,1,22,14,22,10,False
2656,17807329663,49,13,4,0,1,26,17,26,32,False
10620,18365196069,38,7,3,0,0,18,4,18,18,True
8208,15165929133,25,7,4,0,1,25,24,25,10,False
10029,17527328008,49,99,4,0,3,18,1,18,18,True
10832,18365196069,50,6,4,0,3,29,8,29,25,False
6715,19881266563,37,8,4,0,0,19,13,19,19,True
11786,18758415613,1,12,4,0,1,11,9,11,18,False
749,15260233525,44,4,4,0,1,26,6,26,32,False
9336,16726368276,8,2,4,0,2,3,31,3,3,True
7291,13401917913,11,13,4,0,2,34,41,34,18,False
12260,18989781863,24,9,1,0,0,20,13,20,24,False
1410,15735414945,5,9,4,0,3,31,19,31,25,False
13290,19859608897,1,3,1,0,0,19,34,19,19,True
1525,15735414945,21,2,4,0,0,7,18,7,10,False
4075,13670356740,5,2,4,0,1,40,45,40,32,False
9362,16726368276,34,17,4,0,2,38,46,38,18,False
12109,18765816132,23,11,4,0,1,16,8,16,24,False
6330,19852999776,4,20,4,0,1,3,1,3,32,False
1700,17623708813,45,8,2,0,1,30,31,30,9,False
3866,13130819298,47,16,4,0,1,11,9,11,32,False
5100,18053307086,27,28,3,0,1,33,31,33,32,False
1302,15735414945,48,7,1,0,0,22,21,22,19,False
6564,19881266563,37,5,4,0,1,38,29,38,38,True
0,13513580369,1,14,1,0,3,32,10,32,32,True
5224,18053307086,1,9,4,0,2,22,39,22,17,False
11718,18758415613,33,5,4,0,2,8,39,8,32,False
9436,17331496902,8,0,1,0,0,10,8,10,10,True
6359,19852999776,33,3,4,0,0,36,2,36,37,False
1166,15661502139,12,3,4,0,3,33,13,33,32,False
6033,19852999776,8,0,1,0,3,18,1,18,18,True
4625,15797725211,4,13,1,0,1,30,24,30,9,False
7368,13401917913,38,2,4,0,1,1,40,1,18,False
4088,13670356740,18,8,4,0,1,38,43,38,23,False
5915,18802233956,40,25,4,0,1,19,27,19,19,True
8120,15165929133,37,0,3,0,2,11,8,11,19,False
10029,17527328008,49,33,4,0,3,16,1,16,24,False
4660,15797725211,39,14,1,0,2,12,40,12,16,False
2856,18991311567,48,4,4,0,1,40,21,40,30,False
3867,13130819298,48,4,4,0,3,14,34,14,18,False
6013,18802233956,38,41,4,0,1,19,31,19,19,True
10370,17731093916,39,1,4,0,0,41,7,41,30,False
4800,15797725211,28,23,4,0,2,33,46,33,11,False
9186,16726368276,8,1,3,0,0,44,43,44,19,False
7229,13401917913,49,0,3,0,1,5,24,5,37,False
14029,19948700293,7,8,4,0,1,34,25,34,38,False
5282,18053307086,9,19,4,0,3,28,30,28,18,False
11465,18664891854,31,1,4,0,3,45,32,45,45,True
12898,19550593600,10,4,4,0,1,13,45,13,3,False
9318,16726368276,40,7,4,0,2,24,9,24,24,True
4549,15079495784,28,3,4,0,2,26,44,26,24,False
1147,15661502139,41,12,4,0,3,36,43,36,11,False
6257,19852999776,31,4,4,0,1,32,16,32,32,True
6229,19852999776,3,18,4,0,2,27,30,27,18,False
6247,19852999776,21,14,4,0,1,16,15,16,18,False
2008,17713196465,2,0,2,0,0,31,1,31,25,False
12627,19550593600,40,2,1,0,3,39,32,39,16,False
13207,19834840803,18,3,4,0,3,30,39,30,17,False
6890,13074255915,11,7,4,0,0,23,13,23,25,False
5187,18053307086,14,22,4,0,1,36,15,36,32,False
392,13932780308,42,2,1,0,2,16,37,16,16,True
3573,13130819298,5,6,1,0,3,18,3,18,18,True
989,15661502139,33,5,2,0,2,22,20,22,9,False
275,13513580369,25,8,4,0,3,21,43,21,18,False
14070,19948700293,48,4,4,0,3,19,8,19,19,True
10501,18365196069,20,1,1,0,0,31,29,31,18,False
6141,19852999776,15,0,3,0,1,26,10,26,26,True
11804,18758415613,19,13,4,0,0,32,26,32,19,False
9668,17331496902,39,14,4,0,1,32,24,32,32,True
4851,15797725211,29,13,4,0,1,10,15,10,10,True
3493,19970957519,25,9,4,0,2,37,28,37,38,False
3652,13130819298,33,0,2,0,0,25,11,25,25,True
1660,17623708813,5,3,2,0,2,31,22,31,31,True
7461,13630678332,31,23,1,0,2,31,46,31,18,False
11026,18636055184,43,0,4,0,1,4,9,4,24,False
10217,17731093916,36,5,2,0,1,34,26,34,32,False
5336,18702113651,13,3,1,0,2,15,33,15,18,False
5319,18053307086,46,15,4,0,1,19,34,19,19,True
8755,16630722126,20,15,2,0,1,23,1,23,9,False
5925,18802233956,50,6,4,0,3,9,19,9,9,True
8153,15165929133,20,20,4,0,1,22,0,22,30,False
1568,15735414945,14,14,4,0,3,23,25,23,25,False
826,15260233525,21,2,4,0,3,2,32,2,18,False
2514,17807329663,7,11,4,0,0,19,9,19,32,False
3998,13670356740,28,3,2,0,2,28,36,28,18,False
12056,18765816132,20,4,4,0,2,23,39,23,10,False
887,15260233525,32,8,4,0,2,10,9,10,23,False
5262,18053307086,39,5,4,0,3,15,45,15,3,False
4813,15797725211,41,28,4,0,1,45,16,45,45,True
6265,19852999776,39,6,4,0,0,26,10,26,32,False
13841,19948700293,35,4,3,0,2,10,11,10,32,False
2829,18991311567,21,1,4,0,2,18,23,18,18,True
2812,18991311567,4,6,4,0,3,14,3,14,18,False
2565,17807329663,8,2,4,0,3,0,10,0,18,False
13967,19948700293,11,8,4,0,2,32,41,32,32,True
9050,16630722126,23,5,4,0,1,46,30,46,29,False
11098,18636055184,15,4,4,0,2,31,21,31,24,False
11135,18636055184,2,4,4,0,3,40,27,40,32,False
8198,15165929133,15,16,4,0,1,3,8,3,32,False
2864,18991311567,6,1,4,0,1,24,11,24,25,False
13787,19948700293,46,0,3,0,2,2,16,2,18,False
4691,15797725211,19,7,2,0,1,17,16,17,17,True
723,15260233525,18,6,4,0,1,30,39,30,9,False
7482,13630678332,1,9,2,0,3,22,16,22,9,False
6132,19852999776,6,6,3,0,1,12,17,12,18,False
9601,17331496902,22,5,4,0,3,32,34,32,32,True
1847,17623708813,14,14,4,0,0,19,17,19,32,False
9974,17527328008,44,2,4,0,2,18,23,18,18,True
12624,19550593600,37,8,1,0,1,16,8,16,25,False
8681,15167050060,47,8,4,0,1,4,9,4,11,False
8739,16630722126,4,0,2,0,2,16,14,16,24,False
12585,18989781863,48,3,4,0,1,37,43,37,19,False
1094,15661502139,38,13,4,0,3,19,0,19,32,False
5626,18702113651,2,1,4,0,3,14,23,14,18,False
7847,13943039298,15,5,4,0,3,38,39,38,17,False
5507,18702113651,33,9,4,0,0,35,9,35,29,False
8693,16630722126,9,1,1,0,3,17,4,17,17,True
3912,13130819298,43,15,4,0,2,14,21,14,15,False
6491,19881266563,14,3,3,0,3,31,10,31,24,False
5845,18802233956,20,20,4,0,0,9,4,9,9,True
7976,13943039298,44,9,4,0,1,17,3,17,18,False
8014,15165929133,32,6,1,0,1,3,9,3,32,False
8577,15167050060,43,4,4,0,3,7,22,7,18,False
932,15661502139,27,1,1,0,1,30,31,30,9,False
1123,15661502139,17,1,4,0,0,37,2,37,37,True
1552,15735414945,48,3,4,0,1,46,36,46,9,False
3353,19970957519,35,7,3,0,3,35,43,35,29,False
3733,13130819298,14,13,4,0,0,36,30,36,29,False
6812,13074255915,33,1,2,0,1,40,38,40,9,False
7152,13401917913,22,2,2,0,0,11,19,11,11,True
6368,19852999776,42,11,4,0,3,11,19,11,11,True
9666,17331496902,37,6,4,0,3,26,13,26,25,False
7059,13074255915,30,8,4,0,2,14,36,14,18,False
8986,16630722126,9,0,4,0,3,28,15,28,18,False
1450,15735414945,45,8,4,0,2,25,3,25,25,True
12127,18765816132,41,4,4,0,0,29,0,29,25,False
4846,15797725211,24,12,4,0,0,9,5,9,9,True
13196,19834840803,7,6,4,0,3,37,38,37,17,False
11341,18664891854,7,4,4,0,3,25,48,25,18,False
7663,13943039298,32,20,1,0,2,37,48,37,37,True
10964,18636055184,31,8,3,0,2,37,45,37,9,False
7265,13401917913,35,8,4,0,3,14,48,14,18,False
11371,18664891854,37,0,4,0,1,31,14,31,25,False
4660,15797725211,39,8,1,0,3,2,40,2,18,False
1568,15735414945,14,7,4,0,0,22,25,22,9,False
5618,18702113651,44,6,4,0,3,35,39,35,18,False
10723,18365196069,41,0,4,0,3,10,46,10,10,True
7904,13943039298,22,3,4,0,3,3,6,3,32,False
4875,15797725211,3,0,4,0,0,31,12,31,18,False
11639,18758415613,4,7,3,0,0,28,8,28,18,False
8551,15167050060,17,14,4,0,2,0,12,0,16,False
8917,16630722126,40,45,4,0,3,25,13,25,25,True
776,15260233525,21,1,4,0,3,16,45,16,18,False
9463,17331496902,35,3,1,0,1,13,12,13,30,False
2534,17807329663,27,23,4,0,1,26,2,26,32,False
3759,13130819298,40,7,4,0,0,9,17,9,9,True
3528,19970957519,10,2,4,0,3,39,0,39,24,False
14039,19948700293,17,1,4,0,1,25,24,25,25,True
2406,17807329663,49,6,2,0,0,14,7,14,18,False
8684,15167050060,50,8,4,0,3,30,24,30,9,False
10770,18365196069,38,7,4,0,0,44,2,44,19,False
6560,19881266563,33,35,4,0,2,2,1,2,16,False
5175,18053307086,2,1,4,0,3,24,13,24,25,False
4618,15079495784,47,12,4,0,1,29,24,29,29,True
10771,18365196069,39,7,4,0,2,7,10,7,18,False
2799,18991311567,41,12,3,0,3,37,41,37,29,False
5237,18053307086,14,5,4,0,1,10,0,10,10,True
1784,17623708813,29,27,4,0,0,40,19,40,32,False
13554,19859608897,14,3,4,0,0,44,37,44,45,False
12524,18989781863,37,2,4,0,3,9,48,9,17,False
12910,19550593600,22,3,4,0,1,12,17,12,12,True
3745,13130819298,26,21,4,0,0,8,2,8,32,False
2469,17807329663,12,1,4,0,2,7,11,7,18,False
1407,15735414945,2,1,4,0,1,25,1,25,25,True
992,15661502139,36,12,2,0,3,18,0,18,18,True
12116,18765816132,30,11,4,0,0,39,40,39,18,False
226,13513580369,26,8,4,0,3,5,19,5,3,False
9061,16630722126,34,2,4,0,2,33,47,33,11,False
9663,17331496902,34,1,4,0,3,39,32,39,24,False
13354,19859608897,14,11,2,0,2,18,25,18,10,False
675,15260233525,22,13,3,0,1,16,38,16,18,False
9789,17527328008,10,12,1,0,2,23,28,23,10,False
10601,18365196069,19,0,3,0,1,48,38,48,45,False
2038,17713196465,32,6,2,0,3,8,9,8,32,False
2265,17713196465,9,30,4,0,1,17,23,17,23,False
6395,19881266563,19,73,1,0,3,29,17,29,29,True
2716,18991311567,8,11,2,0,1,26,10,26,37,False
4804,15797725211,32,19,4,0,3,28,21,28,18,False
7660,13943039298,29,2,1,0,1,33,20,33,37,False
5097,18053307086,24,1,3,0,2,8,46,8,3,False
9954,17527328008,24,12,4,0,2,5,26,5,29,False
11362,18664891854,28,6,4,0,0,40,10,40,30,False
3230,19970957519,13,4,1,0,0,25,1,25,24,False
1963,17713196465,8,12,1,0,0,23,25,23,23,True
5856,18802233956,31,18,4,0,3,36,46,36,29,False
13651,19948700293,11,0,1,0,3,29,0,29,29,True
4699,15797725211,27,36,2,0,1,38,44,38,9,False
4482,15079495784,11,15,4,0,1,20,19,20,18,False
9532,17331496902,3,7,3,0,2,18,26,18,10,False
534,13932780308,33,13,4,0,0,22,1,22,19,False
7842,13943039298,10,4,4,0,1,26,41,26,32,False
5202,18053307086,29,17,4,0,0,35,2,35,19,False
13249,19834840803,10,16,4,0,1,2,14,2,23,False
6229,19852999776,3,24,4,0,1,40,30,40,32,False
8968,16630722126,41,20,4,0,3,16,8,16,24,False
12144,18765816132,8,17,4,0,1,23,14,23,23,True
12340,18989781863,3,11,3,0,2,17,24,17,9,False
4500,15079495784,29,22,4,0,0,22,15,22,17,False
6544,19881266563,17,2,4,0,0,10,7,10,10,True
3012,19831701219,45,7,3,0,2,31,37,31,18,False
12897,19550593600,9,9,4,0,2,33,39,33,32,False
13666,19948700293,26,3,1,0,1,45,22,45,19,False
3710,13130819298,41,2,3,0,2,10,14,10,10,True
13409,19859608897,19,9,3,0,3,21,28,21,10,False
6182,19852999776,6,20,4,0,1,36,30,36,29,False
10248,17731093916,17,7,3,0,3,36,29,36,26,False
1553,15735414945,49,0,4,0,1,23,14,23,25,False
6182,19852999776,6,3,4,0,1,45,30,45,29,False
12595,19550593600,8,12,1,0,0,39,13,39,29,False
2626,17807329663,19,35,4,0,1,25,2,25,25,True
4618,15079495784,47,19,4,0,0,31,24,31,25,False
11476,18664891854,42,8,4,0,2,14,32,14,18,False
6653,19881266563,26,7,4,0,3,2,17,2,9,False
10921,18636055184,38,13,2,0,1,3,1,3,32,False
6395,19881266563,19,10,1,0,0,31,17,31,18,False
8587,15167050060,3,5,4,0,0,16,2,16,16,True
6652,19881266563,25,24,4,0,1,33,31,33,32,False
11677,18758415613,42,4,3,0,0,12,9,12,19,False
10102,17527328008,22,8,4,0,0,20,4,20,18,False
2409,17807329663,2,10,3,0,0,25,9,25,31,False
8332,15165929133,49,1,4,0,3,32,40,32,3,False
13166,19834840803,27,1,4,0,2,8,31,8,32,False
8638,15167050060,4,11,4,0,3,32,45,32,32,True
1432,15735414945,27,57,4,0,3,24,7,24,24,True
14041,19948700293,19,4,4,0,1,24,15,24,25,False
70,13513580369,20,3,2,0,3,8,3,8,32,False
1883,17623708813,28,24,4,0,2,32,39,32,32,True
11018,18636055184,35,25,4,0,3,0,1,0,18,False
10001,17527328008,21,5,4,0,3,40,25,40,30,False
5804,18802233956,29,5,3,0,3,32,15,32,32,True
4520,15079495784,49,0,4,0,3,36,9,36,26,False
164,13513580369,14,3,4,0,0,40,25,40,32,False
12853,19550593600,15,28,4,0,0,29,8,29,25,False
11772,18758415613,37,16,4,0,1,45,13,45,29,False
2114,17713196465,8,14,4,0,1,12,11,12,18,False
6151,19852999776,25,1,3,0,3,8,32,8,29,False
1360,15735414945,5,6,3,0,1,29,31,29,29,True
3427,19970957519,9,3,4,0,3,18,19,18,18,True
8049,15165929133,16,1,2,0,1,47,34,47,37,False
11207,18664891854,24,18,1,0,0,46,39,46,29,False
3186,19831701219,19,19,4,0,0,31,16,31,24,False
12845,19550593600,7,7,4,0,2,25,32,25,25,True
932,15661502139,27,0,1,0,2,23,31,23,23,True
8068,15165929133,35,1,2,0,3,22,43,22,10,False
1239,15661502139,35,6,4,0,0,23,21,23,23,True
11867,18758415613,32,7,4,0,2,18,19,18,23,False
3408,19970957519,40,26,4,0,1,19,34,19,19,True
10001,17527328008,21,0,4,0,1,40,25,40,30,False
1295,15735414945,41,4,1,0,2,0,10,0,9,False
14031,19948700293,9,8,4,0,1,11,8,11,25,False
5018,18053307086,46,1,1,0,0,44,21,44,19,False
12882,19550593600,44,1,4,0,3,9,17,9,9,True
4512,15079495784,41,0,4,0,3,43,39,43,18,False
544,13932780308,43,13,4,0,1,15,14,15,18,False
8939,16630722126,12,0,4,0,0,40,20,40,32,False
4040,13670356740,20,14,3,0,1,19,18,19,32,False
3155,19831701219,38,29,4,0,0,18,3,18,18,True
1866,17623708813,11,6,4,0,1,38,30,38,18,False
991,15661502139,35,21,2,0,1,3,20,3,9,False
3213,19831701219,46,1,4,0,1,27,19,27,18,False
12565,18989781863,28,13,4,0,3,16,2,16,16,True
13136,19834840803,47,7,4,0,0,25,20,25,17,False
6175,19852999776,49,7,3,0,0,45,44,45,45,True
2554,17807329663,47,2,4,0,2,10,32,10,10,True
9871,17527328008,41,13,2,0,1,32,24,32,32,True
1360,15735414945,5,3,3,0,2,16,31,16,16,True
8917,16630722126,40,6,4,0,0,40,13,40,32,False
7701,13943039298,19,11,2,0,0,22,1,22,17,False
2277,17713196465,21,15,4,0,1,36,42,36,3,False
8485,15167050060,1,5,4,0,2,23,40,23,23,True
12773,19550593600,32,17,4,0,1,20,40,20,18,False
1140,15661502139,34,8,4,0,3,22,37,22,3,False
4639,15797725211,18,5,1,0,0,36,39,36,37,False
7509,13630678332,28,5,2,0,3,37,32,37,37,True
7184,13401917913,4,45,3,0,0,10,24,10,10,True
7556,13630678332,25,4,3,0,0,18,0,18,18,True
2390,17807329663,33,5,2,0,1,37,42,37,3,False
4285,15079495784,15,4,1,0,1,36,15,36,32,False
13873,19948700293,17,11,4,0,1,11,9,11,25,False
1649,17623708813,45,4,1,0,2,28,46,28,18,False
1640,17623708813,36,4,1,0,2,15,16,15,18,False
1772,17623708813,17,2,4,0,3,10,20,10,10,True
1802,17623708813,47,119,4,0,3,17,6,17,29,False
1085,15661502139,29,2,4,0,0,24,9,24,25,False
6603,19881266563,26,1,4,0,2,10,36,10,10,True
11025,18636055184,42,13,4,0,3,45,46,45,29,False
13848,19948700293,42,6,3,0,1,11,14,11,25,False
8145,15165929133,12,11,4,0,0,34,24,34,23,False
6805,13074255915,26,1,2,0,0,14,29,14,10,False
13130,19834840803,41,16,4,0,1,26,48,26,3,False
13097,19834840803,8,19,4,0,0,31,24,31,25,False
6508,19881266563,31,8,3,0,2,31,23,31,24,False
2237,17713196465,31,10,4,0,1,36,16,36,32,False
980,15661502139,24,4,2,0,1,26,6,26,32,False
4098,13670356740,28,0,4,0,0,30,9,30,32,False
2662,18991311567,5,9,1,0,0,8,1,8,9,False
7031,13074255915,2,18,4,0,1,23,14,23,23,True
8210,15165929133,27,17,4,0,3,16,9,16,18,False
9951,17527328008,21,13,4,0,2,4,29,4,23,False
5913,18802233956,38,18,4,0,2,19,41,19,10,False
5273,18053307086,50,7,4,0,3,25,31,25,24,False
3229,19970957519,12,2,1,0,2,39,46,39,18,False
8765,16630722126,30,7,2,0,2,12,19,12,37,False
12502,18989781863,15,10,4,0,2,38,41,38,38,True
5127,18053307086,4,16,4,0,1,6,11,6,18,False
3284,19970957519,16,4,2,0,3,29,46,29,29,True
3649,13130819298,30,2,2,0,2,3,18,3,9,False
12545,18989781863,8,25,4,0,1,3,0,3,32,False
11734,18758415613,49,2,4,0,3,33,40,33,32,False
12213,18765816132,27,11,4,0,1,46,31,46,29,False
12787,19550593600,46,1,4,0,3,31,25,31,18,False
6237,19852999776,11,4,4,0,0,23,32,23,23,True
8203,15165929133,20,11,4,0,0,18,19,18,10,False
13376,19859608897,36,10,2,0,0,10,3,10,17,False
10986,18636055184,3,0,4,0,2,8,19,8,18,False
9843,17527328008,13,3,2,0,3,32,33,32,32,True
1672,17623708813,17,3,2,0,1,12,1,12,18,False
4846,15797725211,24,10,4,0,3,8,5,8,32,False
219,13513580369,19,34,4,0,2,26,17,26,37,False
5545,18702113651,21,10,4,0,0,24,42,24,18,False
6181,19852999776,5,3,4,0,0,31,17,31,25,False
11943,18765816132,7,6,2,0,3,22,46,22,17,False
3049,19831701219,32,9,4,0,3,18,16,18,18,True
3086,19831701219,19,11,4,0,2,10,18,10,32,False
1619,17623708813,15,25,1,0,3,36,32,36,32,False
8134,15165929133,1,16,4,0,3,18,12,18,17,False
5541,18702113651,17,2,4,0,1,24,6,24,24,True
4643,15797725211,22,11,1,0,2,12,27,12,29,False
13320,19859608897,31,2,1,0,3,2,4,2,32,False
6247,19852999776,21,13,4,0,1,17,15,17,17,True
1191,15661502139,37,9,4,0,2,40,46,40,32,False
3098,19831701219,31,8,4,0,3,16,18,16,25,False
3178,19831701219,11,14,4,0,0,32,2,32,32,True
11779,18758415613,44,2,4,0,1,32,40,32,32,True
3962,13670356740,43,7,1,0,2,12,20,12,15,False
13437,19859608897,47,0,3,0,1,27,24,27,18,False
9092,16726368276,15,7,1,0,2,23,30,23,18,False
9959,17527328008,29,6,4,0,3,23,24,23,9,False
9667,17331496902,38,16,4,0,2,34,40,34,23,False
2029,17713196465,23,10,2,0,1,29,35,29,24,False
9832,17527328008,2,4,2,0,2,7,16,7,10,False
2330,17807329663,24,4,1,0,3,28,29,28,18,False
11568,18758415613,34,7,1,0,0,11,12,11,25,False
12576,18989781863,39,2,4,0,3,9,24,9,10,False
885,15260233525,30,0,4,0,3,5,47,5,18,False
5827,18802233956,2,20,4,0,0,29,9,29,25,False
12330,18989781863,43,0,2,0,0,19,18,19,19,True
10082,17527328008,2,0,4,0,2,39,30,39,25,False
5302,18053307086,29,40,4,0,0,19,0,19,32,False
8993,16630722126,16,15,4,0,1,16,15,16,18,False
6678,19881266563,1,25,4,0,3,29,31,29,29,True
6943,13074255915,14,3,4,0,2,8,25,8,9,False
2485,17807329663,28,38,4,0,1,33,32,33,18,False
1244,15661502139,40,3,4,0,3,0,11,0,32,False
11521,18664891854,37,3,4,0,1,29,28,29,24,False
12902,19550593600,14,4,4,0,0,12,23,12,12,True
8321,15165929133,38,37,4,0,0,11,2,11,18,False
13761,19948700293,20,10,3,0,1,17,1,17,17,True
8229,15165929133,46,0,4,0,2,38,46,38,17,False
8333,15165929133,50,11,4,0,1,22,8,22,17,False
3333,19970957519,15,4,3,0,3,31,17,31,24,False
9840,17527328008,10,5,2,0,0,18,6,18,17,False
11088,18636055184,5,24,4,0,0,14,7,14,17,False
7698,13943039298,16,14,2,0,0,9,1,9,32,False
12890,19550593600,2,8,4,0,2,34,40,34,18,False
2717,18991311567,9,11,2,0,1,11,10,11,19,False
1208,15661502139,4,0,4,0,2,16,19,16,18,False
11219,18664891854,36,11,1,0,0,27,13,27,10,False
3847,13130819298,28,3,4,0,0,39,30,39,23,False
2023,17713196465,17,0,2,0,2,7,18,7,18,False
9747,17331496902,18,9,4,0,2,31,23,31,18,False
3555,19970957519,37,30,4,0,3,16,36,16,24,False
4649,15797725211,28,7,1,0,0,18,10,18,18,True
4639,15797725211,18,20,1,0,2,18,39,18,18,True
1427,15735414945,22,34,4,0,2,37,46,37,29,False
8970,16630722126,43,12,4,0,2,4,3,4,9,False
5448,18702113651,24,10,3,0,1,32,24,32,32,True
4654,15797725211,33,7,1,0,1,15,7,15,17,False
213,13513580369,13,4,4,0,0,25,13,25,18,False
13735,19948700293,44,0,2,0,2,25,22,25,25,True
3554,19970957519,36,8,4,0,3,22,2,22,18,False
13958,19948700293,2,12,4,0,3,17,31,17,17,True
3020,19831701219,3,2,4,0,2,12,27,12,18,False
10692,18365196069,10,10,4,0,0,31,24,31,18,False
7887,13943039298,5,2,4,0,3,32,41,32,32,True
145,13513580369,45,1,3,0,1,17,21,17,17,True
5102,18053307086,29,2,3,0,1,37,9,37,37,True
5190,18053307086,17,0,4,0,2,3,33,3,3,True
5034,18053307086,11,2,2,0,1,17,15,17,17,True
5375,18702113651,1,12,2,0,3,16,9,16,25,False
5383,18702113651,9,0,2,0,2,22,41,22,10,False
2664,18991311567,7,2,1,0,0,33,13,33,32,False
6987,13074255915,8,1,4,0,0,35,14,35,31,False
11937,18765816132,1,5,2,0,1,8,16,8,8,True
12212,18765816132,26,4,4,0,3,25,26,25,10,False
8679,15167050060,45,19,4,0,0,43,44,43,18,False
1672,17623708813,17,8,2,0,1,9,1,9,9,True
3577,13130819298,9,2,1,0,3,36,25,36,29,False
9588,17331496902,9,3,4,0,1,25,45,25,18,False
93,13513580369,43,8,2,0,3,16,39,16,18,False
2559,17807329663,2,9,4,0,1,27,13,27,18,False
10854,18636055184,22,5,1,0,3,31,40,31,32,False
4095,13670356740,25,2,4,0,2,8,36,8,9,False
8834,16630722126,7,4,3,0,1,27,16,27,27,True
2602,17807329663,45,8,4,0,1,31,21,31,24,False
3343,19970957519,25,4,3,0,1,33,24,33,32,False
5666,18702113651,42,2,4,0,1,10,9,10,10,True
3469,19970957519,1,10,4,0,0,10,9,10,23,False
12116,18765816132,30,1,4,0,3,44,40,44,29,False
3209,19831701219,42,6,4,0,2,18,23,18,18,True
2055,17713196465,49,12,2,0,1,19,31,19,19,True
1567,15735414945,13,9,4,0,3,30,44,30,9,False
670,15260233525,17,0,3,0,0,22,23,22,17,False
641,15260233525,38,7,2,0,2,23,37,23,9,False
3749,13130819298,30,10,4,0,1,17,16,17,10,False
1498,15735414945,44,7,4,0,0,36,29,36,18,False
10876,18636055184,44,1,1,0,0,12,18,12,29,False
4116,13670356740,46,9,4,0,1,38,7,38,18,False
917,15661502139,12,2,1,0,1,29,37,29,9,False
1087,15661502139,31,2,4,0,3,0,5,0,25,False
7428,13401917913,48,7,4,0,1,41,40,41,30,False
7735,13943039298,3,2,3,0,3,14,39,14,32,False
13641,19948700293,1,2,1,0,1,46,37,46,9,False
11004,18636055184,21,11,4,0,2,34,40,34,18,False
12223,18765816132,37,16,4,0,2,33,39,33,32,False
1841,17623708813,8,0,4,0,0,18,3,18,18,True
1146,15661502139,40,8,4,0,0,10,33,10,18,False
13157,19834840803,18,10,4,0,1,19,34,19,19,True
9388,16726368276,10,0,4,0,0,28,12,28,17,False
10227,17731093916,46,9,2,0,3,25,13,25,29,False
8647,15167050060,13,1,4,0,0,38,15,38,38,True
5212,18053307086,39,21,4,0,0,44,46,44,29,False
10481,17731093916,50,1,4,0,1,5,8,5,12,False
5249,18053307086,26,7,4,0,2,26,37,26,24,False
7001,13074255915,22,15,4,0,3,5,18,5,26,False
928,15661502139,23,18,1,0,1,17,16,17,17,True
2111,17713196465,5,17,4,0,0,35,30,35,29,False
7040,13074255915,11,2,4,0,2,39,47,39,18,False
13037,19834840803,48,11,2,0,0,17,3,17,17,True
10903,18636055184,20,2,2,0,2,5,10,5,37,False
4574,15079495784,3,22,4,0,1,35,0,35,31,False
9556,17331496902,27,0,3,0,3,39,5,39,29,False
6086,19852999776,10,4,2,0,1,26,5,26,32,False
449,13932780308,48,14,2,0,0,11,5,11,37,False
9420,16726368276,42,16,4,0,0,27,10,27,32,False
5386,18702113651,12,21,2,0,2,40,47,40,32,False
3746,13130819298,27,14,4,0,0,25,19,25,18,False
12084,18765816132,48,9,4,0,2,18,25,18,10,False
3771,13130819298,2,2,4,0,1,20,24,20,18,False
1351,15735414945,46,4,2,0,1,11,9,11,32,False
3048,19831701219,31,5,4,0,0,26,19,26,32,False
14016,19948700293,27,0,4,0,2,41,47,41,26,False
8000,15165929133,18,1,1,0,1,11,39,11,25,False
8155,15165929133,22,2,4,0,1,3,9,3,32,False
3422,19970957519,4,7,4,0,2,29,39,29,29,True
12003,18765816132,17,3,3,0,3,36,45,36,37,False
11585,18758415613,51,3,1,0,1,15,14,15,18,False
3147,19831701219,30,16,4,0,0,28,21,28,18,False
1784,17623708813,29,30,4,0,1,32,19,32,32,True
787,15260233525,32,3,4,0,1,26,18,26,32,False
7071,13074255915,42,4,4,0,2,38,44,38,23,False
9429,17331496902,1,1,1,0,1,24,30,24,24,True
121,13513580369,21,15,3,0,1,32,23,32,32,True
630,15260233525,27,0,2,0,1,11,36,11,19,False
12854,19550593600,16,13,4,0,2,23,46,23,10,False
8252,15165929133,19,8,4,0,1,18,3,18,18,True
12462,18989781863,25,12,4,0,3,17,11,17,17,True
6650,19881266563,23,0,4,0,0,45,47,45,45,True
10403,17731093916,22,10,4,0,3,11,12,11,25,False
6188,19852999776,12,10,4,0,1,26,5,26,32,False
5220,18053307086,47,14,4,0,0,23,16,23,25,False
4173,13670356740,3,1,4,0,0,46,47,46,29,False
3142,19831701219,25,6,4,0,0,38,10,38,18,False
10987,18636055184,4,10,4,0,1,9,8,9,9,True
4529,15079495784,8,3,4,0,1,26,23,26,32,False
4132,13670356740,12,14,4,0,1,19,41,19,19,True
8737,16630722126,2,3,2,0,1,17,14,17,18,False
3184,19831701219,17,19,4,0,2,28,38,28,23,False
1932,17623708813,27,0,4,0,2,18,42,18,18,True
12594,19550593600,7,13,1,0,3,46,13,46,45,False
1158,15661502139,4,1,4,0,1,11,36,11,11,True
13959,19948700293,3,4,4,0,2,19,10,19,32,False
9051,16630722126,24,1,4,0,3,40,48,40,32,False
317,13513580369,17,6,4,0,1,26,18,26,32,False
4270,13670356740,50,11,4,0,1,5,1,5,19,False
12556,18989781863,19,6,4,0,2,10,34,10,32,False
2493,17807329663,36,9,4,0,0,23,47,23,25,False
207,13513580369,7,10,4,0,2,29,39,29,25,False
6706,19881266563,28,9,4,0,3,10,19,10,32,False
5021,18053307086,49,7,1,0,3,35,36,35,32,False
13366,19859608897,26,6,2,0,0,25,18,25,25,True
4775,15797725211,3,0,4,0,2,25,37,25,25,True
3393,19970957519,25,2,4,0,2,25,38,25,25,True
1947,17623708813,42,13,4,0,0,29,9,29,24,False
1042,15661502139,36,5,3,0,3,26,20,26,29,False
2392,17807329663,35,5,2,0,2,31,42,31,18,False
4544,15079495784,23,12,4,0,2,28,18,28,23,False
7322,13401917913,42,21,4,0,3,16,10,16,16,True
7879,13943039298,47,4,4,0,3,38,40,38,38,True
11899,18765816132,14,1,1,0,2,24,17,24,24,True
5669,18702113651,45,8,4,0,1,26,25,26,32,False
3332,19970957519,14,3,3,0,2,23,43,23,3,False
7056,13074255915,27,28,4,0,1,33,47,33,23,False
3612,13130819298,44,3,1,0,1,3,0,3,32,False
4438,15079495784,17,0,4,0,3,33,6,33,32,False
2337,17807329663,31,9,1,0,2,28,24,28,25,False
14023,19948700293,1,12,4,0,0,24,16,24,25,False
14055,19948700293,33,3,4,0,1,18,15,18,18,True
6147,19852999776,21,10,3,0,1,26,17,26,32,False
11126,18636055184,43,5,4,0,0,35,29,35,18,False
1807,17623708813,2,18,4,0,0,15,2,15,18,False
2684,18991311567,27,0,1,0,3,43,7,43,18,False
9804,17527328008,25,59,1,0,0,11,9,11,11,True
8064,15165929133,31,11,2,0,3,22,43,22,10,False
5533,18702113651,9,32,4,0,2,16,23,16,23,False
8327,15165929133,44,16,4,0,0,25,3,25,18,False
4816,15797725211,44,8,4,0,2,4,33,4,32,False
176,13513580369,26,9,4,0,1,18,3,18,18,True
3555,19970957519,37,13,4,0,0,29,36,29,25,False
2190,17713196465,34,3,4,0,3,31,6,31,18,False
4664,15797725211,43,5,1,0,3,29,44,29,29,True
5952,18802233956,27,16,4,0,1,13,20,13,3,False
1806,17623708813,1,29,4,0,0,37,9,37,18,False
8603,15167050060,19,3,4,0,1,27,40,27,18,False
5230,18053307086,7,18,4,0,3,29,47,29,29,True
12908,19550593600,20,18,4,0,0,21,7,21,23,False
10996,18636055184,13,4,4,0,2,3,10,3,32,False
10554,18365196069,22,5,2,0,1,22,43,22,3,False
8995,16630722126,18,9,4,0,0,9,10,9,9,True
6991,13074255915,12,5,4,0,1,46,2,46,29,False
6532,19881266563,5,58,4,0,0,10,43,10,23,False
575,15260233525,23,3,1,0,2,18,39,18,18,True
1411,15735414945,6,1,4,0,0,16,8,16,18,False
3476,19970957519,8,4,4,0,1,2,8,2,12,False
11573,18758415613,39,4,1,0,3,33,41,33,32,False
9855,17527328008,25,4,2,0,1,31,45,31,16,False
7540,13630678332,9,0,3,0,3,8,27,8,29,False
4859,15797725211,37,9,4,0,3,35,36,35,18,False
6364,19852999776,38,6,4,0,2,3,26,3,9,False
3067,19831701219,50,15,4,0,3,10,41,10,25,False
8178,15165929133,45,8,4,0,0,32,11,32,19,False
3395,19970957519,27,11,4,0,3,31,17,31,25,False
7830,13943039298,48,4,4,0,2,16,14,16,18,False
11621,18758415613,36,2,2,0,1,45,1,45,19,False
9280,16726368276,2,2,4,0,3,7,8,7,18,False
4379,15079495784,8,14,3,0,0,28,14,28,18,False
13288,19834840803,49,10,4,0,3,32,39,32,32,True
3730,13130819298,11,21,4,0,3,29,17,29,25,False
204,13513580369,4,2,4,0,1,32,3,32,32,True
11862,18758415613,27,0,4,0,2,9,22,9,30,False
4333,15079495784,12,13,2,0,0,28,2,28,18,False
12717,19550593600,29,3,3,0,3,33,13,33,32,False
7851,13943039298,19,8,4,0,2,41,48,41,26,False
5734,18802233956,9,0,2,0,2,8,43,8,18,False
3111,19831701219,44,1,4,0,0,39,0,39,24,False
4911,15797725211,39,5,4,0,1,24,10,24,24,True
7657,13943039298,26,8,1,0,0,30,22,30,30,True
11482,18664891854,48,3,4,0,1,37,43,37,29,False
6890,13074255915,11,8,4,0,3,16,13,16,29,False
12101,18765816132,15,6,4,0,0,37,8,37,19,False
122,13513580369,22,17,3,0,1,3,0,3,32,False
4815,15797725211,43,18,4,0,0,26,2,26,32,False
2572,17807329663,15,10,4,0,2,40,41,40,10,False
6221,19852999776,45,17,4,0,0,30,24,30,30,True
4176,13670356740,6,1,4,0,2,9,23,9,17,False
8803,16630722126,18,4,3,0,1,43,42,43,32,False
1462,15735414945,8,10,4,0,0,35,30,35,29,False
2526,17807329663,19,18,4,0,0,25,18,25,23,False
9202,16726368276,24,5,3,0,2,5,12,5,37,False
4499,15079495784,28,0,4,0,2,19,32,19,19,True
10437,17731093916,6,1,4,0,2,8,21,8,32,False
8913,16630722126,36,27,4,0,0,22,8,22,17,False
5260,18053307086,37,9,4,0,1,17,16,17,23,False
5893,18802233956,18,2,4,0,1,25,10,25,24,False
12105,18765816132,19,12,4,0,0,18,11,18,17,False
5499,18702113651,25,17,4,0,3,22,14,22,17,False
11067,18636055184,34,17,4,0,1,16,14,16,18,False
1521,15735414945,17,15,4,0,1,31,9,31,25,False
669,15260233525,16,8,3,0,3,16,9,16,25,False
7690,13943039298,8,6,2,0,3,17,27,17,17,True
2449,17807329663,42,3,3,0,0,31,21,31,18,False
1436,15735414945,31,9,4,0,3,2,3,2,32,False
1561,15735414945,7,16,4,0,1,15,14,15,18,False
1632,17623708813,28,1,1,0,2,24,25,24,24,True
9454,17331496902,26,2,1,0,0,30,1,30,32,False
7964,13943039298,32,24,4,0,1,8,0,8,32,False
2638,17807329663,31,1,4,0,0,41,15,41,23,False
5216,18053307086,43,7,4,0,1,37,8,37,37,True
5942,18802233956,17,5,4,0,0,16,8,16,25,False
172,13513580369,22,20,4,0,0,38,31,38,18,False
9468,17331496902,40,4,1,0,3,33,41,33,32,False
12727,19550593600,39,1,3,0,2,2,1,2,24,False
545,13932780308,44,17,4,0,3,18,6,18,18,True
5554,18702113651,30,11,4,0,0,34,25,34,31,False
7429,13401917913,49,1,4,0,1,37,43,37,29,False
17,13513580369,18,6,1,0,2,35,43,35,18,False
1988,17713196465,33,4,1,0,3,18,11,18,18,True
680,15260233525,27,1,3,0,2,8,17,8,37,False
4837,15797725211,15,3,4,0,3,16,18,16,18,False
8334,15167050060,1,8,1,0,3,21,28,21,25,False
11614,18758415613,29,6,2,0,1,18,29,18,18,True
6207,19852999776,31,11,4,0,0,36,8,36,37,False
2835,18991311567,27,20,4,0,0,13,3,13,32,False
4190,13670356740,20,11,4,0,0,22,9,22,18,False
8644,15167050060,10,7,4,0,2,38,45,38,25,False
6071,19852999776,46,7,1,0,2,10,31,10,10,True
6473,19881266563,46,9,2,0,3,10,5,10,32,False
6395,19881266563,19,75,1,0,0,23,17,23,23,True
12704,19550593600,16,3,3,0,3,14,32,14,32,False
2830,18991311567,22,10,4,0,1,2,7,2,23,False
1877,17623708813,22,4,4,0,3,15,12,15,38,False
11229,18664891854,46,0,1,0,2,24,40,24,18,False
7916,13943039298,34,0,4,0,1,31,21,31,25,False
5262,18053307086,39,33,4,0,2,28,45,28,23,False
10594,18365196069,12,13,3,0,1,18,10,18,18,True
10862,18636055184,30,2,1,0,0,17,9,17,9,False
1074,15661502139,18,2,4,0,2,12,26,12,3,False
5237,18053307086,14,2,4,0,2,11,0,11,19,False
229,13513580369,29,1,4,0,0,35,2,35,18,False
12541,18989781863,4,6,4,0,2,4,18,4,3,False
11430,18664891854,46,19,4,0,0,16,0,16,24,False
4947,15797725211,25,19,4,0,1,26,10,26,32,False
10613,18365196069,31,2,3,0,3,17,12,17,9,False
9788,17527328008,9,5,1,0,3,39,20,39,29,False
5365,18702113651,42,4,1,0,1,44,43,44,32,False
4100,13670356740,30,4,4,0,1,9,7,9,9,True
4798,15797725211,26,24,4,0,1,20,10,20,18,False
6658,19881266563,31,3,4,0,2,24,13,24,24,True
4888,15797725211,16,0,4,0,2,39,38,39,12,False
11933,18765816132,48,4,1,0,3,26,48,26,18,False
7789,13943039298,7,9,4,0,3,2,12,2,9,False
7282,13401917913,2,9,4,0,3,30,31,30,17,False
5906,18802233956,31,9,4,0,1,24,9,24,24,True
9789,17527328008,10,28,1,0,0,9,28,9,30,False
13886,19948700293,30,19,4,0,1,10,9,10,17,False
915,15661502139,10,0,1,0,2,23,37,23,15,False
11772,18758415613,37,13,4,0,2,39,13,39,16,False
4712,15797725211,40,4,2,0,3,8,9,8,32,False
1468,15735414945,14,13,4,0,1,36,29,36,32,False
7602,13630678332,21,11,4,0,0,38,39,38,17,False
12650,19550593600,7,11,2,0,2,25,47,25,18,False
647,15260233525,44,4,2,0,0,35,30,35,29,False
27,13513580369,28,16,1,0,3,28,17,28,25,False
2251,17713196465,45,12,4,0,2,11,39,11,11,True
11727,18758415613,42,1,4,0,0,29,1,29,25,False
5199,18053307086,26,3,4,0,3,8,19,8,32,False
10554,18365196069,22,13,2,0,2,36,43,36,26,False
4738,15797725211,16,14,3,0,0,13,6,13,32,False
9809,17527328008,30,2,1,0,1,38,30,38,9,False
9151,16726368276,23,0,2,0,2,20,45,20,11,False
6912,13074255915,33,16,4,0,2,38,39,38,9,False
6255,19852999776,29,9,4,0,3,14,43,14,18,False
13174,19834840803,35,14,4,0,1,4,0,4,25,False
7894,13943039298,12,0,4,0,2,6,15,6,18,False
994,15661502139,38,3,2,0,0,35,0,35,32,False
3515,19970957519,47,9,4,0,2,25,32,25,25,True
13358,19859608897,18,3,2,0,3,14,21,14,18,False
13454,19859608897,14,4,4,0,0,38,24,38,38,True
1786,17623708813,31,16,4,0,2,20,12,20,18,False
4468,15079495784,47,16,4,0,3,30,25,30,9,False
8538,15167050060,4,3,4,0,3,36,40,36,29,False
10659,18365196069,27,6,4,0,0,26,19,26,25,False
7631,13630678332,50,12,4,0,3,32,48,32,3,False
4523,15079495784,2,10,4,0,0,18,14,18,18,True
3369,19970957519,1,1,4,0,1,9,16,9,9,True
814,15260233525,9,2,4,0,1,19,20,19,19,True
3566,19970957519,48,9,4,0,2,5,34,5,32,False
11064,18636055184,31,8,4,0,1,31,2,31,25,False
2490,17807329663,33,7,4,0,2,23,36,23,23,True
9476,17331496902,48,3,1,0,2,7,8,7,18,False
11729,18758415613,44,0,4,0,2,25,23,25,25,True
4068,13670356740,48,3,3,0,1,33,13,33,32,False
9371,16726368276,43,0,4,0,0,40,7,40,30,False
2470,17807329663,13,5,4,0,2,5,25,5,26,False
939,15661502139,34,5,1,0,3,3,17,3,3,True
1360,15735414945,5,0,3,0,1,11,31,11,19,False
13232,19834840803,43,17,4,0,2,41,47,41,30,False
7204,13401917913,24,7,3,0,3,47,38,47,32,False
8495,15167050060,11,1,4,0,2,32,45,32,32,True
9285,16726368276,7,34,4,0,1,17,16,17,23,False
5538,18702113651,14,15,4,0,1,25,28,25,25,True
13857,19948700293,1,21,4,0,3,29,8,29,25,False
11626,18758415613,41,15,2,0,3,17,24,17,17,True
1810,17623708813,5,50,4,0,3,17,33,17,9,False
11018,18636055184,35,17,4,0,0,10,1,10,30,False
12386,18989781863,49,13,3,0,3,33,40,33,32,False
12591,19550593600,4,3,1,0,3,18,12,18,18,True
6194,19852999776,18,5,4,0,2,30,25,30,30,True
11954,18765816132,18,9,2,0,2,16,9,16,16,True
7418,13401917913,38,11,4,0,3,16,7,16,24,False
12059,18765816132,23,19,4,0,0,38,31,38,17,False
9121,16726368276,44,1,1,0,1,8,1,8,17,False
1253,15661502139,49,33,4,0,0,24,14,24,25,False
2119,17713196465,13,2,4,0,0,20,2,20,18,False
13857,19948700293,1,2,4,0,1,32,8,32,32,True
2800,18991311567,42,6,3,0,0,8,0,8,17,False
7969,13943039298,37,15,4,0,2,17,47,17,17,True
12069,18765816132,33,0,4,0,2,33,48,33,10,False
4593,15079495784,22,2,4,0,1,13,26,13,3,False
9739,17331496902,10,32,4,0,0,23,24,23,23,True
5110,18053307086,37,2,3,0,1,17,46,17,17,True
258,13513580369,8,15,4,0,1,46,45,46,29,False
0,13513580369,1,1,1,0,0,39,10,39,24,False
4801,15797725211,29,10,4,0,0,23,31,23,23,True
12684,19550593600,41,0,2,0,0,41,26,41,30,False
977,15661502139,21,2,2,0,0,38,6,38,18,False
10090,17527328008,10,8,4,0,3,25,19,25,25,True
3373,19970957519,5,5,4,0,0,10,1,10,17,False
4864,15797725211,42,5,4,0,2,2,9,2,18,False
7843,13943039298,11,4,4,0,3,16,24,16,25,False
13929,19948700293,23,3,4,0,3,17,4,17,10,False
6930,13074255915,1,12,4,0,0,25,16,25,10,False
3390,19970957519,22,24,4,0,1,31,36,31,32,False
7952,13943039298,20,5,4,0,1,26,41,26,26,True
3497,19970957519,29,5,4,0,1,39,38,39,23,False
5542,18702113651,18,4,4,0,2,22,41,22,3,False
10544,18365196069,12,7,2,0,0,35,7,35,32,False
3342,19970957519,24,12,3,0,0,14,0,14,18,False
8047,15165929133,14,1,2,0,1,46,42,46,9,False
11204,18664891854,21,1,1,0,2,31,48,31,18,False
5143,18053307086,20,5,4,0,1,16,9,16,24,False
7908,13943039298,26,2,4,0,1,8,1,8,32,False
6575,19881266563,48,6,4,0,3,33,19,33,32,False
11010,18636055184,27,10,4,0,0,9,47,9,9,True
3080,19831701219,13,3,4,0,2,16,9,16,16,True
324,13513580369,24,5,4,0,2,22,32,22,3,False
10685,18365196069,3,4,4,0,1,8,0,8,17,False
7446,13630678332,16,7,1,0,2,3,39,3,3,True
12770,19550593600,29,3,4,0,0,36,22,36,32,False
11209,18664891854,26,6,1,0,2,36,43,36,26,False
12261,18989781863,25,5,1,0,1,18,22,18,18,True
5490,18702113651,16,25,4,0,0,29,15,29,29,True
1527,15735414945,23,2,4,0,0,21,33,21,25,False
6178,19852999776,2,17,4,0,1,19,32,19,19,True
6395,19881266563,19,52,1,0,0,45,17,45,45,True
2110,17713196465,4,28,4,0,0,46,47,46,23,False
300,13513580369,50,7,4,0,1,32,31,32,32,True
8446,15167050060,12,3,3,0,2,23,31,23,10,False
8572,15167050060,38,2,4,0,1,47,2,47,29,False
10698,18365196069,16,17,4,0,0,14,8,14,17,False
14086,19948700293,14,0,4,0,2,20,23,20,12,False
396,13932780308,46,12,1,0,1,33,24,33,32,False
11096,18636055184,13,0,4,0,1,8,22,8,11,False
6644,19881266563,17,21,4,0,1,30,38,30,30,True
432,13932780308,31,5,2,0,2,10,28,10,10,True
13240,19834840803,1,0,4,0,3,8,41,8,18,False
3622,13130819298,3,7,2,0,0,17,46,17,9,False
3308,19970957519,40,11,2,0,1,37,17,37,37,True
1526,15735414945,22,2,4,0,2,39,38,39,24,False
7880,13943039298,48,8,4,0,1,34,20,34,38,False
1144,15661502139,38,20,4,0,0,7,0,7,18,False
4881,15797725211,9,10,4,0,0,35,1,35,18,False
1392,15735414945,37,15,3,0,1,19,33,19,37,False
6784,13074255915,5,12,2,0,3,22,16,22,9,False
336,13513580369,36,4,4,0,0,25,8,25,25,True
4858,15797725211,36,16,4,0,0,33,2,33,32,False
2586,17807329663,29,22,4,0,1,11,2,11,32,False
3838,13130819298,19,5,4,0,2,32,38,32,32,True
2012,17713196465,6,3,2,0,0,29,22,29,19,False
8192,15165929133,9,4,4,0,2,18,19,18,23,False
10927,18636055184,44,2,2,0,0,23,27,23,10,False
5426,18702113651,2,12,3,0,3,8,2,8,32,False
3789,13130819298,20,2,4,0,1,33,2,33,32,False
10358,17731093916,27,4,4,0,0,10,3,10,17,False
5242,18053307086,19,15,4,0,2,10,14,10,10,True
12816,19550593600,28,0,4,0,2,8,22,8,11,False
2307,17807329663,1,46,1,0,2,39,36,39,24,False
13830,19948700293,24,3,3,0,3,17,4,17,32,False
12863,19550593600,25,4,4,0,2,39,24,39,24,False
8605,15167050060,21,1,4,0,1,41,25,41,30,False
1516,15735414945,12,7,4,0,1,33,7,33,38,False
6846,13074255915,17,1,3,0,1,41,47,41,19,False
11729,18758415613,44,5,4,0,0,37,23,37,18,False
12535,18989781863,48,15,4,0,1,41,40,41,30,False
13865,19948700293,9,15,4,0,3,15,8,15,18,False
8348,15167050060,15,4,1,0,2,30,36,30,30,True
4458,15079495784,37,31,4,0,2,30,39,30,9,False
2530,17807329663,23,30,4,0,0,38,33,38,23,False
4792,15797725211,20,28,4,0,3,16,20,16,25,False
6949,13074255915,20,6,4,0,3,32,39,32,32,True
10443,17731093916,12,6,4,0,3,22,41,22,3,False
184,13513580369,34,9,4,0,1,5,11,5,29,False
6269,19852999776,43,8,4,0,1,33,31,33,32,False
6984,13074255915,5,11,4,0,3,23,31,23,25,False
885,15260233525,30,6,4,0,2,12,47,12,16,False
26,13513580369,27,3,1,0,1,37,23,37,37,True
1437,15735414945,32,27,4,0,3,44,46,44,37,False
1475,15735414945,21,11,4,0,1,4,11,4,25,False
11471,18664891854,37,3,4,0,0,32,13,32,19,False
3005,19831701219,38,3,3,0,0,15,6,15,23,False
2530,17807329663,23,24,4,0,1,29,33,29,29,True
13976,19948700293,20,13,4,0,2,13,19,13,3,False
13287,19834840803,48,5,4,0,0,33,20,33,32,False
8967,16630722126,40,0,4,0,0,18,9,18,18,True
988,15661502139,32,14,2,0,3,36,20,36,29,False
2966,19831701219,49,3,2,0,0,40,5,40,32,False
10836,18636055184,4,2,1,0,2,3,11,3,32,False
529,13932780308,28,11,4,0,1,11,21,11,12,False
8143,15165929133,10,3,4,0,0,48,33,48,29,False
8625,15167050060,41,2,4,0,2,27,40,27,23,False
76,13513580369,26,10,2,0,3,18,13,18,18,True
8142,15165929133,9,18,4,0,1,16,9,16,16,True
9565,17331496902,36,7,3,0,3,37,38,37,37,True
9056,16630722126,29,8,4,0,1,18,9,18,18,True
6869,13074255915,40,11,3,0,2,31,45,31,18,False
4796,15797725211,24,29,4,0,0,23,10,23,23,True
5182,18053307086,9,0,4,0,0,39,6,39,18,False
9927,17527328008,47,4,3,0,0,30,7,30,19,False
4514,15079495784,43,8,4,0,0,42,46,42,29,False
5311,18053307086,38,4,4,0,3,23,46,23,25,False
13251,19834840803,12,1,4,0,3,15,9,15,18,False
13116,19834840803,27,8,4,0,0,11,15,11,18,False
2236,17713196465,30,0,4,0,3,7,16,7,18,False
9007,16630722126,30,2,4,0,3,10,11,10,32,False
13197,19834840803,8,22,4,0,3,29,0,29,25,False
1622,17623708813,18,1,1,0,0,9,12,9,9,True
3990,13670356740,20,4,2,0,3,32,18,32,32,True
7893,13943039298,11,10,4,0,1,16,2,16,18,False
13095,19834840803,6,2,4,0,2,27,45,27,23,False
12830,19550593600,42,10,4,0,1,32,24,32,32,True
6206,19852999776,30,0,4,0,2,11,47,11,19,False
11777,18758415613,42,13,4,0,2,25,32,25,23,False
7815,13943039298,33,20,4,0,0,29,8,29,25,False
6532,19881266563,5,13,4,0,1,23,43,23,23,True
12556,18989781863,19,7,4,0,2,17,34,17,17,True
10694,18365196069,12,7,4,0,3,40,34,40,32,False
7912,13943039298,30,15,4,0,1,41,39,41,23,False
7831,13943039298,49,3,4,0,0,24,8,24,24,True
1695,17623708813,40,9,2,0,3,45,39,45,37,False
5951,18802233956,26,7,4,0,1,18,37,18,18,True
8554,15167050060,20,9,4,0,0,17,11,17,9,False
1192,15661502139,38,16,4,0,0,17,32,17,9,False
14106,19948700293,34,5,4,0,1,33,20,33,29,False
4379,15079495784,8,4,3,0,1,32,14,32,32,True
12872,19550593600,34,3,4,0,0,12,14,12,12,True
12133,18765816132,47,17,4,0,2,2,8,2,24,False
12314,18989781863,27,5,2,0,0,9,3,9,9,True
11010,18636055184,27,18,4,0,2,32,47,32,3,False
11861,18758415613,26,5,4,0,1,19,39,19,19,True
4585,15079495784,14,7,4,0,2,29,46,29,24,False
5488,18702113651,14,20,4,0,1,9,1,9,9,True
6926,13074255915,47,3,4,0,1,30,43,30,10,False
2857,18991311567,49,1,4,0,2,25,24,25,25,True
6727,19881266563,49,11,4,0,0,35,28,35,18,False
13952,19948700293,46,1,4,0,2,41,47,41,19,False
2326,17807329663,20,9,1,0,3,11,31,11,32,False
5030,18053307086,7,0,2,0,0,46,47,46,37,False
12937,19550593600,49,7,4,0,2,3,14,3,24,False
10781,18365196069,49,14,4,0,3,38,40,38,38,True
7256,13401917913,26,2,4,0,2,38,40,38,38,True
6563,19881266563,36,22,4,0,0,25,24,25,25,True
6260,19852999776,34,6,4,0,2,9,18,9,9,True
1549,15735414945,45,5,4,0,1,19,9,19,32,False
9179,16726368276,1,0,3,0,1,1,30,1,18,False
11846,18758415613,11,7,4,0,1,9,24,9,9,True
1527,15735414945,23,20,4,0,3,5,33,5,29,False
2896,19831701219,30,1,1,0,1,46,28,46,9,False
4803,15797725211,31,19,4,0,3,28,15,28,18,False
11079,18636055184,46,0,4,0,3,38,46,38,17,False
6657,19881266563,30,30,4,0,0,19,12,19,32,False
5013,18053307086,41,4,1,0,2,2,9,2,18,False
4854,15797725211,32,15,4,0,3,17,39,17,17,True
2542,17807329663,35,1,4,0,0,37,9,37,37,True
7593,13630678332,12,8,4,0,1,38,45,38,9,False
477,13932780308,26,3,3,0,3,2,3,2,32,False
5028,18053307086,5,2,2,0,2,12,43,12,3,False
1847,17623708813,14,6,4,0,0,18,17,18,18,True
5941,18802233956,16,23,4,0,1,37,36,37,9,False
5918,18802233956,43,5,4,0,3,7,18,7,18,False
9954,17527328008,24,23,4,0,1,5,26,5,29,False
4455,15079495784,34,13,4,0,1,36,8,36,32,False
4355,15079495784,34,4,2,0,0,19,3,19,32,False
5828,18802233956,3,10,4,0,3,28,29,28,18,False
8019,15165929133,37,3,1,0,3,14,30,14,32,False
10485,18365196069,4,6,1,0,3,40,34,40,32,False
901,15260233525,46,4,4,0,3,37,34,37,29,False
9727,17331496902,48,8,4,0,2,29,40,29,24,False
12956,19834840803,18,5,1,0,3,33,39,33,32,False
2636,17807329663,29,1,4,0,3,43,18,43,32,False
6959,13074255915,30,3,4,0,3,22,8,22,32,False
6578,19881266563,1,21,4,0,0,25,10,25,25,True
8105,15165929133,22,9,3,0,1,3,4,3,18,False
1695,17623708813,40,8,2,0,2,38,39,38,38,True
3258,19970957519,41,2,1,0,2,28,44,28,18,False
13318,19859608897,29,2,1,0,3,32,34,32,32,True
4911,15797725211,39,1,4,0,1,32,10,32,32,True
10680,18365196069,48,12,4,0,1,17,9,17,18,False
12865,19550593600,27,39,4,0,0,22,9,22,9,False
1153,15661502139,47,20,4,0,1,11,17,11,32,False
11828,18758415613,43,10,4,0,1,23,7,23,17,False
5460,18702113651,36,0,3,0,0,17,20,17,45,False
9957,17527328008,27,3,4,0,2,31,46,31,18,False
11768,18758415613,33,1,4,0,0,46,27,46,29,False
12815,19550593600,27,1,4,0,1,5,10,5,19,False
4746,15797725211,24,15,3,0,3,8,24,8,32,False
10202,17731093916,21,0,2,0,2,37,39,37,37,True
2304,17713196465,48,1,4,0,0,33,10,33,32,False
6325,19852999776,49,11,4,0,2,8,14,8,10,False
8788,16630722126,3,9,3,0,2,15,39,15,10,False
8142,15165929133,9,2,4,0,1,19,9,19,19,True
5515,18702113651,41,13,4,0,0,29,7,29,25,False
1640,17623708813,36,8,1,0,0,23,16,23,23,True
4414,15079495784,43,3,3,0,0,23,19,23,23,True
6288,19852999776,12,4,4,0,0,20,5,20,18,False
9880,17527328008,50,5,2,0,3,45,47,45,45,True
13074,19834840803,35,1,3,0,0,9,10,9,9,True
4341,15079495784,20,0,2,0,3,43,42,43,18,False
10486,18365196069,5,1,1,0,0,46,34,46,37,False
11666,18758415613,31,3,3,0,0,36,1,36,32,False
1352,15735414945,47,14,2,0,0,29,9,29,29,True
9449,17331496902,21,11,1,0,3,33,40,33,32,False
6613,19881266563,36,12,4,0,0,26,13,26,29,False
13892,19948700293,36,8,4,0,2,38,26,38,23,False
9791,17527328008,12,16,1,0,1,29,28,29,26,False
12071,18765816132,35,2,4,0,0,39,25,39,25,False
4074,13670356740,4,0,4,0,0,20,11,20,12,False
6221,19852999776,45,15,4,0,2,29,24,29,25,False
3762,13130819298,43,13,4,0,2,23,47,23,23,True
1384,15735414945,29,2,3,0,0,31,17,31,32,False
8793,16630722126,8,2,3,0,1,8,36,8,9,False
985,15661502139,29,5,2,0,0,17,37,17,9,False
953,15661502139,48,7,1,0,1,11,16,11,19,False
4709,15797725211,37,7,2,0,1,31,9,31,24,False
3883,13130819298,14,2,4,0,2,21,25,21,23,False
12880,19550593600,42,3,4,0,3,33,47,33,32,False
2455,17807329663,48,0,3,0,2,39,38,39,12,False
9212,16726368276,34,1,3,0,1,32,45,32,32,True
2857,18991311567,49,4,4,0,0,18,24,18,18,True
10378,17731093916,47,12,4,0,0,29,21,29,25,False
6237,19852999776,11,6,4,0,3,17,32,17,9,False
4862,15797725211,40,15,4,0,3,18,17,18,18,True
7687,13943039298,5,16,2,0,0,22,14,22,32,False
14063,19948700293,41,1,4,0,0,47,40,47,29,False
1812,17623708813,7,4,4,0,2,20,9,20,11,False
9368,16726368276,40,11,4,0,3,44,48,44,29,False
10658,18365196069,26,2,4,0,1,45,17,45,45,True
1576,15735414945,22,24,4,0,2,23,31,23,18,False
10696,18365196069,14,2,4,0,1,9,36,9,9,True
3754,13130819298,35,1,4,0,2,39,44,39,25,False
9011,16630722126,34,0,4,0,0,45,42,45,45,True
4714,15797725211,42,4,2,0,0,25,2,25,18,False
941,15661502139,36,1,1,0,3,29,17,29,37,False
13459,19859608897,19,5,4,0,3,45,39,45,29,False
3751,13130819298,32,37,4,0,2,12,34,12,18,False
3418,19970957519,50,13,4,0,0,17,41,17,17,True
9973,17527328008,43,7,4,0,2,38,39,38,9,False
3097,19831701219,30,2,4,0,3,24,3,24,24,True
2814,18991311567,6,18,4,0,3,16,46,16,18,False
8944,16630722126,17,27,4,0,0,23,24,23,23,True
4587,15079495784,16,29,4,0,2,22,38,22,10,False
11774,18758415613,39,10,4,0,2,17,24,17,9,False
3679,13130819298,10,5,3,0,0,23,32,23,23,True
13678,19948700293,38,0,1,0,1,33,47,33,10,False
6689,19881266563,11,10,4,0,0,17,41,17,17,True
4258,13670356740,38,22,4,0,2,5,17,5,26,False
11227,18664891854,44,2,1,0,1,26,33,26,19,False
11363,18664891854,29,2,4,0,2,1,16,1,18,False
8265,15165929133,32,11,4,0,2,18,19,18,9,False
2432,17807329663,25,2,3,0,2,15,37,15,10,False
5956,18802233956,31,10,4,0,2,22,23,22,10,False
13174,19834840803,35,21,4,0,3,16,0,16,24,False
495,13932780308,44,3,3,0,2,10,18,10,32,False
1461,15735414945,7,8,4,0,2,13,26,13,10,False
12046,18765816132,10,5,4,0,2,7,23,7,23,False
2531,17807329663,24,5,4,0,3,25,36,25,24,False
5909,18802233956,34,15,4,0,3,3,11,3,32,False
2123,17713196465,17,1,4,0,2,23,31,23,18,False
3870,13130819298,1,8,4,0,1,36,21,36,18,False
10778,18365196069,46,14,4,0,2,11,1,11,30,False
12392,18989781863,5,8,4,0,1,18,3,18,18,True
8824,16630722126,39,10,3,0,2,25,34,25,18,False
2337,17807329663,31,4,1,0,1,17,24,17,17,True
12785,19550593600,44,11,4,0,2,34,40,34,18,False
8297,15165929133,14,4,4,0,2,27,41,27,23,False
7876,13943039298,44,5,4,0,0,10,6,10,10,True
1128,15661502139,22,5,4,0,2,9,16,9,9,True
6373,19852999776,47,13,4,0,3,8,16,8,32,False
10965,18636055184,32,3,3,0,0,38,24,38,18,False
5026,18053307086,3,11,2,0,1,44,43,44,37,False
7494,13630678332,13,23,2,0,2,34,40,34,18,False
2588,17807329663,31,22,4,0,0,7,0,7,18,False
6502,19881266563,25,5,3,0,3,11,20,11,32,False
12272,18989781863,36,1,1,0,2,0,21,0,16,False
10643,18365196069,11,2,4,0,0,39,21,39,9,False
12034,18765816132,48,5,3,0,1,36,8,36,37,False
12189,18765816132,3,19,4,0,1,18,9,18,18,True
277,13513580369,27,5,4,0,2,19,20,19,10,False
13826,19948700293,20,6,3,0,1,3,9,3,18,False
4397,15079495784,26,1,3,0,1,27,23,27,27,True
13870,19948700293,14,6,4,0,0,31,30,31,18,False
3425,19970957519,7,19,4,0,3,4,24,4,32,False
3718,13130819298,49,6,3,0,2,18,20,18,18,True
4553,15079495784,32,19,4,0,1,23,0,23,23,True
3842,13130819298,23,45,4,0,3,26,27,26,25,False
13401,19859608897,11,15,3,0,0,10,8,10,10,True
798,15260233525,43,4,4,0,0,25,3,25,25,True
4971,15797725211,49,11,4,0,2,31,14,31,24,False
7055,13074255915,26,3,4,0,0,32,13,32,32,True
12439,18989781863,2,9,4,0,2,4,14,4,26,False
5278,18053307086,5,28,4,0,1,3,2,3,32,False
7542,13630678332,11,3,3,0,0,23,2,23,17,False
1226,15661502139,22,0,4,0,2,12,5,12,18,False
174,13513580369,24,9,4,0,3,2,16,2,30,False
7900,13943039298,18,18,4,0,2,2,9,2,18,False
5221,18053307086,48,3,4,0,3,2,31,2,9,False
1219,15661502139,15,8,4,0,1,11,36,11,19,False
8613,15167050060,29,5,4,0,3,2,25,2,9,False
8246,15165929133,13,15,4,0,2,27,41,27,32,False
11541,18758415613,7,3,1,0,3,25,20,25,29,False
2664,18991311567,7,8,1,0,0,25,13,25,25,True
2744,18991311567,36,19,2,0,2,18,31,18,18,True
961,15661502139,5,9,2,0,2,18,25,18,18,True
855,15260233525,50,21,4,0,2,39,46,39,18,False
5375,18702113651,1,4,2,0,1,26,9,26,32,False
4845,15797725211,23,4,4,0,0,39,16,39,25,False
1640,17623708813,36,6,1,0,3,29,16,29,37,False
9248,16726368276,20,16,4,0,2,23,31,23,10,False
8212,15165929133,29,3,4,0,3,31,20,31,18,False
12458,18989781863,21,6,4,0,0,31,24,31,18,False
8917,16630722126,40,14,4,0,3,47,13,47,29,False
1597,15735414945,43,17,4,0,0,19,21,19,32,False
9350,16726368276,22,10,4,0,1,3,2,3,32,False
1459,15735414945,5,19,4,0,1,31,1,31,38,False
1502,15735414945,48,7,4,0,3,14,23,14,18,False
11538,18758415613,4,1,1,0,3,12,34,12,37,False
470,13932780308,19,1,3,0,1,19,21,19,19,True
155,13513580369,5,18,4,0,1,19,39,19,3,False
11799,18758415613,14,1,4,0,1,32,22,32,32,True
12907,19550593600,19,4,4,0,0,47,40,47,29,False
7876,13943039298,44,12,4,0,0,18,6,18,9,False
8217,15165929133,34,15,4,0,1,16,14,16,18,False
11094,18636055184,11,1,4,0,1,8,36,8,3,False
6167,19852999776,41,10,3,0,1,8,0,8,32,False
868,15260233525,13,0,4,0,0,46,15,46,25,False
7888,13943039298,6,23,4,0,3,16,24,16,25,False
13023,19834840803,34,12,2,0,3,32,40,32,32,True
5157,18053307086,34,3,4,0,0,22,23,22,10,False
9926,17527328008,46,5,3,0,2,18,25,18,10,False
14031,19948700293,9,9,4,0,2,11,8,11,32,False
1924,17623708813,19,25,4,0,0,44,16,44,37,False
1437,15735414945,32,15,4,0,3,30,46,30,17,False
526,13932780308,25,13,4,0,1,27,18,27,18,False
10670,18365196069,38,0,4,0,2,8,19,8,18,False
2500,17807329663,43,6,4,0,0,32,17,32,32,True
1521,15735414945,17,13,4,0,3,24,9,24,24,True
3460,19970957519,42,11,4,0,0,24,11,24,25,False
7764,13943039298,32,4,3,0,0,37,8,37,32,False
11555,18758415613,21,1,1,0,0,46,40,46,37,False
1458,15735414945,4,8,4,0,1,31,1,31,25,False
7316,13401917913,36,2,4,0,2,7,43,7,18,False
3188,19831701219,21,18,4,0,3,10,18,10,25,False
6218,19852999776,42,21,4,0,3,18,10,18,18,True
6661,19881266563,34,17,4,0,1,30,20,30,23,False
7186,13401917913,6,9,3,0,0,23,31,23,25,False
12538,18989781863,1,3,4,0,3,37,40,37,29,False
10508,18365196069,27,8,1,0,2,2,9,2,18,False
2237,17713196465,31,12,4,0,0,28,16,28,18,False
10350,17731093916,19,13,4,0,0,44,10,44,45,False
12161,18765816132,25,12,4,0,0,18,13,18,25,False
10237,17731093916,6,8,3,0,1,38,39,38,38,True
8541,15167050060,7,0,4,0,2,12,11,12,25,False
13337,19859608897,48,3,1,0,0,9,16,9,9,True
2156,17713196465,50,11,4,0,0,30,33,30,30,True
2866,18991311567,8,7,4,0,3,15,23,15,18,False
8003,15165929133,21,2,1,0,2,12,19,12,15,False
5127,18053307086,4,12,4,0,0,19,11,19,32,False
8902,16630722126,25,19,4,0,3,10,6,10,32,False
1549,15735414945,45,46,4,0,2,31,9,31,25,False
9747,17331496902,18,10,4,0,1,38,23,38,18,False
4002,13670356740,32,8,2,0,3,35,38,35,29,False
737,15260233525,32,2,4,0,1,12,14,12,11,False
1164,15661502139,10,15,4,0,2,24,23,24,24,True
9376,16726368276,48,1,4,0,0,40,18,40,30,False
10459,17731093916,28,9,4,0,1,33,17,33,38,False
9164,16726368276,36,7,2,0,0,30,1,30,32,False
6090,19852999776,14,16,2,0,2,10,17,10,10,True
8443,15167050060,9,4,3,0,2,8,16,8,8,True
13895,19948700293,39,8,4,0,1,41,39,41,23,False
13515,19859608897,25,0,4,0,2,13,33,13,11,False
2341,17807329663,35,6,1,0,1,38,44,38,9,False
4928,15797725211,6,6,4,0,0,22,17,22,9,False
1973,17713196465,18,7,1,0,2,16,30,16,18,False
3385,19970957519,17,7,4,0,3,5,11,5,29,False
3376,19970957519,8,2,4,0,3,15,17,15,18,False
10413,17731093916,32,1,4,0,1,45,43,45,45,True
13528,19859608897,38,5,4,0,3,44,45,44,29,False
1928,17623708813,23,8,4,0,2,20,16,20,18,False
1021,15661502139,15,10,3,0,1,9,8,9,9,True
2863,18991311567,5,7,4,0,1,26,2,26,32,False
2706,18991311567,49,3,1,0,1,30,44,30,9,False
7592,13630678332,11,9,4,0,0,33,27,33,29,False
6609,19881266563,32,0,4,0,1,33,12,33,32,False
4506,15079495784,35,58,4,0,0,24,14,24,24,True
8290,15165929133,7,2,4,0,2,4,11,4,9,False
4197,13670356740,27,1,4,0,1,43,2,43,18,False
81,13513580369,31,10,2,0,0,29,24,29,29,True
10350,17731093916,19,6,4,0,3,45,10,45,45,True
9592,17331496902,13,5,4,0,1,44,42,44,19,False
9248,16726368276,20,15,4,0,3,22,31,22,3,False
2689,18991311567,32,12,1,0,0,8,1,8,9,False
1868,17623708813,13,10,4,0,0,19,10,19,32,False
8087,15165929133,4,0,3,0,1,40,24,40,9,False
10612,18365196069,30,2,3,0,3,31,0,31,24,False
6307,19852999776,31,6,4,0,3,8,26,8,32,False
10935,18636055184,2,3,3,0,1,45,30,45,45,True
1319,15735414945,14,0,2,0,0,46,3,46,29,False
7253,13401917913,23,9,4,0,1,34,13,34,38,False
10441,17731093916,10,1,4,0,1,37,42,37,18,False
7488,13630678332,7,0,2,0,0,9,26,9,9,True
4422,15079495784,1,18,4,0,2,26,33,26,25,False
3388,19970957519,20,26,4,0,0,31,24,31,18,False
3515,19970957519,47,12,4,0,1,33,32,33,18,False
7730,13943039298,48,4,2,0,2,34,47,34,18,False
12274,18989781863,38,1,1,0,2,39,47,39,18,False
5046,18053307086,23,3,2,0,0,15,8,15,17,False
2475,17807329663,18,4,4,0,3,2,45,2,9,False
6080,19852999776,4,6,2,0,1,36,0,36,32,False
6829,13074255915,50,6,2,0,3,33,47,33,32,False
2588,17807329663,31,2,4,0,1,31,0,31,18,False
4090,13670356740,20,3,4,0,1,3,9,3,32,False
552,13932780308,1,8,4,0,1,32,39,32,32,True
717,15260233525,12,1,4,0,0,26,13,26,37,False
13963,19948700293,7,1,4,0,0,46,32,46,23,False
917,15661502139,12,5,1,0,0,42,37,42,32,False
2390,17807329663,33,7,2,0,2,35,42,35,18,False
5768,18802233956,43,1,2,0,0,19,20,19,19,True
12207,18765816132,21,2,4,0,2,17,47,17,17,True
7663,13943039298,32,5,1,0,2,25,48,25,16,False
10352,17731093916,21,1,4,0,3,9,5,9,9,True
2275,17713196465,19,3,4,0,0,16,15,16,24,False
9625,17331496902,46,5,4,0,0,10,8,10,10,True
4569,15079495784,48,15,4,0,3,25,32,25,25,True
7935,13943039298,3,10,4,0,1,33,11,33,37,False
9965,17527328008,35,10,4,0,3,16,9,16,16,True
1085,15661502139,29,9,4,0,0,36,9,36,37,False
4699,15797725211,27,7,2,0,0,23,44,23,23,True
4370,15079495784,49,5,2,0,0,19,5,19,32,False
12572,18989781863,35,19,4,0,1,20,19,20,18,False
12129,18765816132,43,14,4,0,3,31,45,31,32,False
10896,18636055184,13,3,2,0,3,8,9,8,32,False
5260,18053307086,37,4,4,0,3,18,16,18,18,True
12173,18765816132,37,22,4,0,1,38,48,38,23,False
1921,17623708813,16,54,4,0,3,10,24,10,25,False
11633,18758415613,48,7,2,0,1,40,47,40,30,False
12882,19550593600,44,3,4,0,0,9,17,9,9,True
1885,17623708813,30,15,4,0,0,30,20,30,23,False
3188,19831701219,21,21,4,0,2,12,18,12,24,False
4118,13670356740,48,0,4,0,2,24,19,24,18,False
8765,16630722126,30,6,2,0,2,5,19,5,37,False
5202,18053307086,29,13,4,0,1,38,2,38,18,False
6518,19881266563,41,9,3,0,1,29,31,29,29,True
6271,19852999776,45,7,4,0,1,23,39,23,23,True
3800,13130819298,31,0,4,0,3,42,18,42,29,False
1339,15735414945,34,4,2,0,0,9,12,9,9,True
9579,17331496902,50,4,3,0,1,32,22,32,32,True
1947,17623708813,42,1,4,0,1,11,9,11,19,False
1099,15661502139,43,24,4,0,0,27,20,27,18,False
12789,19550593600,1,9,4,0,0,18,13,18,25,False
3495,19970957519,27,10,4,0,3,22,2,22,18,False
9523,17331496902,44,2,2,0,1,26,41,26,32,False
13754,19948700293,13,3,3,0,0,23,8,23,30,False
8144,15165929133,11,36,4,0,1,8,0,8,32,False
5056,18053307086,33,10,2,0,3,37,46,37,29,False
9053,16630722126,26,4,4,0,1,27,28,27,18,False
4235,13670356740,15,6,4,0,1,29,43,29,3,False
1020,15661502139,14,1,3,0,1,38,0,38,17,False
966,15661502139,10,9,2,0,2,6,38,6,23,False
2636,17807329663,29,2,4,0,3,44,18,44,37,False
486,13932780308,35,14,3,0,2,18,45,18,18,True
7947,13943039298,15,18,4,0,0,16,8,16,25,False
4182,13670356740,12,2,4,0,0,18,7,18,18,True
6628,19881266563,1,0,4,0,1,16,14,16,25,False
7318,13401917913,38,1,4,0,0,44,8,44,19,False
10077,17527328008,47,3,4,0,1,5,17,5,12,False
5606,18702113651,32,12,4,0,2,39,38,39,25,False
8594,15167050060,10,27,4,0,3,15,16,15,9,False
658,15260233525,5,8,3,0,1,33,32,33,32,False
9769,17331496902,40,0,4,0,1,46,43,46,25,False
4193,13670356740,23,20,4,0,1,34,33,34,23,False
2980,19831701219,13,4,3,0,2,23,15,23,25,False
11908,18765816132,23,8,1,0,3,7,1,7,18,False
8491,15167050060,7,6,4,0,0,12,17,12,29,False
2520,17807329663,13,9,4,0,3,22,23,22,32,False
11747,18758415613,12,0,4,0,2,13,33,13,11,False
5164,18053307086,41,7,4,0,1,16,0,16,24,False
6923,13074255915,44,2,4,0,1,32,23,32,32,True
7075,13074255915,46,11,4,0,2,15,16,15,23,False
7421,13401917913,41,21,4,0,0,18,11,18,17,False
11053,18636055184,20,3,4,0,2,10,19,10,10,True
6455,19881266563,28,6,2,0,1,38,36,38,9,False
1073,15661502139,17,1,4,0,3,30,32,30,30,True
5238,18053307086,15,8,4,0,1,38,43,38,18,False
5312,18053307086,39,13,4,0,1,26,9,26,32,False
7643,13943039298,12,0,1,0,3,29,0,29,29,True
9882,17527328008,2,1,3,0,0,46,2,46,45,False
3125,19831701219,8,17,4,0,2,24,16,24,24,True
2469,17807329663,12,3,4,0,3,15,11,15,9,False
12664,19550593600,21,5,2,0,2,15,32,15,23,False
2737,18991311567,29,13,2,0,3,25,20,25,29,False
11047,18636055184,14,9,4,0,0,38,46,38,38,True
9476,17331496902,48,0,1,0,0,22,8,22,17,False
12153,18765816132,17,3,4,0,1,19,29,19,19,True
2319,17807329663,13,1,1,0,0,40,17,40,30,False
6623,19881266563,46,0,4,0,2,2,23,2,18,False
1834,17623708813,1,31,4,0,1,19,33,19,32,False
9865,17527328008,35,0,2,0,3,8,38,8,29,False
3979,13670356740,9,1,2,0,0,10,1,10,10,True
2780,18991311567,22,19,3,0,3,25,32,25,25,True
5475,18702113651,1,16,4,0,0,17,39,17,17,True
12389,18989781863,2,14,4,0,2,18,31,18,10,False
1657,17623708813,2,3,2,0,1,38,22,38,38,True
9882,17527328008,2,11,3,0,0,17,2,17,17,True
4156,13670356740,36,1,4,0,2,12,39,12,18,False
3088,19831701219,21,14,4,0,3,24,2,24,24,True
1115,15661502139,9,47,4,0,3,22,25,22,17,False
11739,18758415613,4,1,4,0,1,27,18,27,18,False
2204,17713196465,48,8,4,0,2,30,39,30,30,True
3209,19831701219,42,5,4,0,0,18,23,18,18,True
2258,17713196465,2,0,4,0,3,19,15,19,19,True
7494,13630678332,13,19,2,0,3,32,40,32,32,True
10793,18365196069,11,12,4,0,3,16,24,16,25,False
11861,18758415613,26,4,4,0,3,19,39,19,19,True
10562,18365196069,30,0,2,0,1,26,24,26,26,True
7863,13943039298,31,10,4,0,2,4,15,4,26,False
894,15260233525,39,11,4,0,0,35,9,35,29,False
6253,19852999776,27,8,4,0,0,32,8,32,32,True
11767,18758415613,32,3,4,0,0,39,20,39,38,False
1617,17623708813,13,15,1,0,3,3,32,3,3,True
1371,15735414945,16,16,3,0,0,14,0,14,18,False
2827,18991311567,19,7,4,0,2,39,47,39,16,False
7614,13630678332,33,17,4,0,0,41,17,41,30,False
13293,19859608897,4,6,1,0,0,14,9,14,17,False
11841,18758415613,6,21,4,0,1,41,40,41,30,False
7827,13943039298,45,64,4,0,0,46,39,46,23,False
3044,19831701219,27,42,4,0,2,24,17,24,24,True
8737,16630722126,2,1,2,0,0,25,14,25,18,False
5951,18802233956,26,13,4,0,1,12,37,12,25,False
4572,15079495784,1,2,4,0,1,19,31,19,19,True
8139,15165929133,6,38,4,0,0,38,39,38,9,False
9163,16726368276,35,5,2,0,2,15,38,15,10,False
564,15260233525,12,7,1,0,1,40,39,40,30,False
8335,15167050060,2,6,1,0,2,22,28,22,32,False
700,15260233525,47,0,3,0,0,45,47,45,45,True
7884,13943039298,2,3,4,0,1,9,44,9,9,True
3924,13670356740,5,12,1,0,2,12,31,12,24,False
4113,13670356740,43,8,4,0,0,18,24,18,18,True
4504,15079495784,33,12,4,0,3,30,25,30,9,False
11305,18664891854,21,2,3,0,3,32,47,32,32,True
90,13513580369,40,8,2,0,3,18,10,18,18,True
5503,18702113651,29,28,4,0,1,36,17,36,29,False
4729,15797725211,7,4,3,0,0,33,10,33,32,False
8722,16630722126,38,3,1,0,1,40,47,40,30,False
2735,18991311567,27,2,2,0,0,17,20,17,17,True
13177,19834840803,38,3,4,0,2,34,27,34,19,False
11504,18664891854,20,0,4,0,3,2,19,2,18,False
5296,18053307086,23,8,4,0,0,9,19,9,9,True
10445,17731093916,14,4,4,0,3,22,29,22,10,False
1092,15661502139,36,22,4,0,0,22,15,22,17,False
3043,19831701219,26,4,4,0,1,3,2,3,32,False
4837,15797725211,15,5,4,0,0,17,18,17,9,False
6523,19881266563,46,3,3,0,0,15,2,15,18,False
1118,15661502139,12,38,4,0,2,18,46,18,23,False
1711,17623708813,6,5,3,0,1,38,9,38,17,False
11043,18636055184,10,1,4,0,3,22,19,22,23,False
7147,13401917913,17,13,2,0,0,38,21,38,9,False
8106,15165929133,23,3,3,0,0,23,1,23,17,False
6989,13074255915,10,6,4,0,2,32,41,32,3,False
8510,15167050060,26,7,4,0,3,46,47,46,29,False
1244,15661502139,40,16,4,0,1,9,11,9,9,True
11820,18758415613,35,8,4,0,3,33,40,33,32,False
11094,18636055184,11,14,4,0,2,30,36,30,30,True
11,13513580369,12,1,1,0,3,12,5,12,18,False
1425,15735414945,20,6,4,0,3,10,25,10,25,False
10310,17731093916,29,1,4,0,0,44,24,44,37,False
3255,19970957519,38,0,1,0,1,37,9,37,37,True
5332,18702113651,9,7,1,0,2,40,47,40,19,False
977,15661502139,21,21,2,0,1,27,6,27,9,False
7067,13074255915,38,6,4,0,1,33,20,33,29,False
1508,15735414945,4,19,4,0,2,12,47,12,16,False
11409,18664891854,25,4,4,0,1,34,13,34,38,False
8851,16630722126,24,8,3,0,1,33,31,33,19,False
5802,18802233956,27,17,3,0,1,32,31,32,32,True
955,15661502139,50,0,1,0,3,18,10,18,18,True
9801,17527328008,22,6,1,0,1,9,10,9,9,True
8892,16630722126,15,2,4,0,3,23,32,23,25,False
12089,18765816132,3,2,4,0,3,0,8,0,3,False
1606,17623708813,2,16,1,0,1,26,11,26,32,False
4928,15797725211,6,5,4,0,3,22,17,22,9,False
4791,15797725211,19,19,4,0,0,17,24,17,9,False
3512,19970957519,44,10,4,0,3,16,7,16,24,False
4685,15797725211,13,7,2,0,1,27,19,27,38,False
4251,13670356740,31,5,4,0,0,13,14,13,19,False
7880,13943039298,48,16,4,0,0,11,20,11,10,False
5132,18053307086,9,2,4,0,2,39,0,39,24,False
14011,19948700293,22,4,4,0,0,16,8,16,25,False
5604,18702113651,30,3,4,0,3,45,19,45,37,False
9083,16726368276,6,9,1,0,3,32,34,32,32,True
8328,15165929133,45,9,4,0,3,25,26,25,10,False
13758,19948700293,17,1,3,0,2,0,21,0,16,False
5836,18802233956,11,4,4,0,2,18,39,18,3,False
6022,18802233956,47,21,4,0,1,25,3,25,23,False
6055,19852999776,30,2,1,0,0,9,3,9,9,True
2537,17807329663,30,2,4,0,3,30,26,30,17,False
1375,15735414945,20,22,3,0,0,17,24,17,9,False
11051,18636055184,18,5,4,0,0,46,34,46,37,False
7289,13401917913,9,5,4,0,1,12,10,12,18,False
6720,19881266563,42,5,4,0,1,16,7,16,18,False
1887,17623708813,32,2,4,0,0,37,2,37,37,True
12146,18765816132,10,3,4,0,0,27,41,27,18,False
4201,13670356740,31,2,4,0,2,30,31,30,9,False
1025,15661502139,19,2,3,0,2,23,36,23,24,False
13425,19859608897,35,1,3,0,1,18,9,18,18,True
8184,15165929133,1,10,4,0,2,16,14,16,25,False
4493,15079495784,22,2,4,0,3,18,8,18,18,True
8914,16630722126,37,52,4,0,1,31,34,31,16,False
4306,15079495784,36,3,1,0,0,18,19,18,18,True
7185,13401917913,5,8,3,0,3,0,1,0,18,False
13108,19834840803,19,12,4,0,1,4,7,4,25,False
4177,13670356740,7,11,4,0,1,5,9,5,19,False
12490,18989781863,3,0,4,0,1,27,40,27,18,False
8583,15167050060,49,11,4,0,2,34,40,34,18,False
9791,17527328008,12,5,1,0,3,8,28,8,32,False
8705,16630722126,21,0,1,0,2,39,37,39,24,False
1767,17623708813,12,34,4,0,2,19,27,19,3,False
5124,18053307086,1,29,4,0,2,36,21,36,32,False
2213,17713196465,7,13,4,0,3,18,12,18,18,True
4966,15797725211,44,69,4,0,2,7,41,7,18,False
7523,13630678332,42,9,2,0,0,18,12,18,18,True
8327,15165929133,44,9,4,0,1,24,3,24,24,True
2156,17713196465,50,22,4,0,1,19,33,19,32,False
4378,15079495784,7,1,3,0,2,15,41,15,10,False
137,13513580369,37,2,3,0,0,25,11,25,25,True
10391,17731093916,10,7,4,0,0,37,16,37,29,False
1349,15735414945,44,30,2,0,2,8,23,8,8,True
10995,18636055184,12,25,4,0,1,32,24,32,32,True
4316,15079495784,46,1,1,0,3,0,1,0,18,False
3767,13130819298,48,20,4,0,2,12,46,12,24,False
10663,18365196069,31,1,4,0,2,7,15,7,18,False
9752,17331496902,23,8,4,0,0,22,2,22,17,False
1378,15735414945,23,11,3,0,3,18,10,18,18,True
717,15260233525,12,4,4,0,3,18,13,18,18,True
4966,15797725211,44,119,4,0,1,6,41,6,23,False
3574,13130819298,6,5,1,0,0,25,3,25,18,False
4298,15079495784,28,11,1,0,3,25,20,25,25,True
13040,19834840803,1,7,3,0,2,2,9,2,9,False
8342,15167050060,9,0,1,0,1,38,48,38,17,False
2157,17713196465,1,5,4,0,2,23,8,23,25,False
5230,18053307086,7,49,4,0,3,39,47,39,25,False
14120,19948700293,48,6,4,0,1,17,15,17,10,False
13782,19948700293,41,0,3,0,3,0,16,0,16,False
14037,19948700293,15,1,4,0,3,45,38,45,45,True
3757,13130819298,38,6,4,0,2,31,1,31,24,False
13711,19948700293,20,2,2,0,0,32,1,32,32,True
2144,17713196465,38,12,4,0,3,35,38,35,18,False
13961,19948700293,5,1,4,0,2,20,40,20,11,False
1797,17623708813,42,24,4,0,1,33,10,33,37,False
3491,19970957519,23,15,4,0,3,17,33,17,17,True
9283,16726368276,5,1,4,0,2,34,40,34,23,False
275,13513580369,25,1,4,0,1,3,43,3,3,True
3400,19970957519,32,21,4,0,2,25,16,25,25,True
11647,18758415613,12,2,3,0,3,44,47,44,37,False
10804,18365196069,22,4,4,0,2,11,9,11,25,False
10261,17731093916,30,6,3,0,0,47,40,47,32,False
8825,16630722126,40,17,3,0,3,37,24,37,37,True
2679,18991311567,22,7,1,0,2,6,19,6,18,False
804,15260233525,49,10,4,0,1,13,33,13,3,False
1744,17623708813,39,2,3,0,1,30,22,30,9,False
1596,15735414945,42,10,4,0,3,30,41,30,17,False
2282,17713196465,26,7,4,0,3,29,44,29,3,False
13992,19948700293,3,5,4,0,3,7,8,7,10,False
2465,17807329663,8,7,4,0,0,24,18,24,25,False
8000,15165929133,18,9,1,0,3,37,39,37,32,False
3919,13130819298,50,3,4,0,3,24,18,24,25,False
972,15661502139,16,0,2,0,1,17,1,17,17,True
12807,19550593600,19,0,4,0,1,27,19,27,18,False
13378,19859608897,38,8,2,0,3,16,3,16,16,True
4701,15797725211,29,1,2,0,0,30,44,30,30,True
1255,15735414945,1,15,1,0,0,7,0,7,18,False
8928,16630722126,1,15,4,0,0,14,8,14,17,False
3203,19831701219,36,19,4,0,3,37,39,37,16,False
11810,18758415613,25,5,4,0,1,18,14,18,18,True
9953,17527328008,23,4,4,0,3,8,12,8,32,False
2349,17807329663,43,33,1,0,2,18,25,18,18,True
11837,18758415613,2,7,4,0,1,5,9,5,19,False
1574,15735414945,20,3,4,0,2,12,26,12,23,False
1798,17623708813,43,12,4,0,2,24,44,24,18,False
11085,18636055184,2,4,4,0,3,39,25,39,25,False
14051,19948700293,29,0,4,0,1,17,15,17,18,False
1859,17623708813,4,4,4,0,3,31,41,31,25,False
11200,18664891854,17,0,1,0,3,14,24,14,10,False
2535,17807329663,28,2,4,0,0,9,33,9,9,True
5178,18053307086,5,14,4,0,0,23,24,23,25,False
13063,19834840803,24,5,3,0,1,34,31,34,32,False
7522,13630678332,41,6,2,0,2,10,12,10,10,True
9495,17331496902,16,14,2,0,2,23,24,23,9,False
9156,16726368276,28,3,2,0,3,14,29,14,32,False
5408,18702113651,34,3,2,0,0,8,1,8,9,False
9060,16630722126,33,0,4,0,0,47,33,47,37,False
9066,16630722126,39,6,4,0,3,4,19,4,32,False
13856,19948700293,50,6,3,0,1,33,25,33,37,False
5438,18702113651,14,7,3,0,1,19,25,19,19,True
8890,16630722126,13,1,4,0,0,29,24,29,29,True
3987,13670356740,17,1,2,0,3,2,18,2,32,False
4853,15797725211,31,6,4,0,3,17,32,17,17,True
1127,15661502139,21,11,4,0,2,10,19,10,32,False
1106,15661502139,50,19,4,0,1,37,16,37,18,False
5218,18053307086,45,6,4,0,0,31,21,31,18,False
4537,15079495784,16,17,4,0,3,5,31,5,29,False
2987,19831701219,20,12,3,0,1,19,25,19,19,True
10698,18365196069,16,12,4,0,2,16,8,16,24,False
12175,18765816132,39,1,4,0,3,2,5,2,32,False
11812,18758415613,27,2,4,0,0,24,30,24,24,True
6174,19852999776,48,19,3,0,3,45,46,45,37,False
4537,15079495784,16,2,4,0,1,8,31,8,3,False
13649,19948700293,9,8,1,0,0,18,4,18,18,True
3845,13130819298,26,7,4,0,0,11,20,11,29,False
5154,18053307086,31,34,4,0,3,28,16,28,18,False
12891,19550593600,3,4,4,0,2,19,39,19,19,True
3503,19970957519,35,5,4,0,0,22,9,22,18,False
13833,19948700293,27,3,3,0,2,3,6,3,3,True
2412,17807329663,5,5,3,0,2,12,18,12,29,False
14040,19948700293,18,1,4,0,0,43,22,43,18,False
7029,13074255915,50,12,4,0,1,4,9,4,25,False
1464,15735414945,10,8,4,0,1,19,27,19,19,True
2924,19831701219,7,7,2,0,3,3,12,3,3,True
11998,18765816132,12,0,3,0,0,38,41,38,17,False
2373,17807329663,16,0,2,0,3,28,25,28,25,False
6200,19852999776,24,13,4,0,2,35,44,35,18,False
8204,15165929133,21,0,4,0,1,45,31,45,45,True
3859,13130819298,40,33,4,0,0,36,17,36,37,False
2243,17713196465,37,8,4,0,3,25,17,25,25,True
8638,15167050060,4,18,4,0,1,39,45,39,18,False
13153,19834840803,14,10,4,0,3,37,24,37,9,False
846,15260233525,41,5,4,0,3,25,26,25,25,True
13446,19859608897,6,7,4,0,2,11,26,11,11,True
6068,19852999776,43,13,1,0,0,23,2,23,9,False
5362,18702113651,39,9,1,0,2,38,45,38,9,False
12098,18765816132,12,0,4,0,0,38,39,38,17,False
9844,17527328008,14,3,2,0,2,25,33,25,18,False
6365,19852999776,39,1,4,0,1,26,1,26,24,False
2524,17807329663,17,28,4,0,2,20,9,20,18,False
13547,19859608897,7,4,4,0,0,37,16,37,29,False
5820,18802233956,45,13,3,0,1,30,14,30,9,False
8364,15167050060,31,1,1,0,1,45,17,45,19,False
11827,18758415613,42,2,4,0,1,16,7,16,23,False
3705,13130819298,36,2,3,0,2,39,46,39,18,False
2995,19831701219,28,11,3,0,2,18,45,18,18,True
202,13513580369,2,1,4,0,3,24,13,24,25,False
11363,18664891854,29,7,4,0,2,9,16,9,32,False
9565,17331496902,36,5,3,0,1,45,38,45,45,True
4362,15079495784,41,12,2,0,3,29,30,29,29,True
5634,18702113651,10,2,4,0,0,45,0,45,45,True
2834,18991311567,26,74,4,0,2,3,16,3,24,False
11711,18758415613,26,11,4,0,1,15,14,15,18,False
12816,19550593600,28,2,4,0,2,9,22,9,10,False
7388,13401917913,8,3,4,0,2,39,4,39,25,False
5840,18802233956,15,60,4,0,0,28,21,28,18,False
4546,15079495784,25,3,4,0,1,26,6,26,32,False
6604,19881266563,27,0,4,0,2,10,25,10,10,True
11511,18664891854,27,8,4,0,1,16,9,16,18,False
9701,17331496902,22,10,4,0,3,32,39,32,3,False
862,15260233525,7,0,4,0,1,11,15,11,11,True
2538,17807329663,31,6,4,0,3,30,31,30,9,False
2747,18991311567,39,7,2,0,1,33,31,33,32,False
13625,19859608897,35,2,4,0,2,23,31,23,10,False
4473,15079495784,2,7,4,0,2,22,23,22,10,False
1641,17623708813,37,3,1,0,3,3,18,3,9,False
4123,13670356740,3,10,4,0,1,17,24,17,17,True
1848,17623708813,15,11,4,0,2,18,10,18,18,True
11615,18758415613,30,0,2,0,0,31,29,31,25,False
7620,13630678332,39,6,4,0,3,38,39,38,38,True
2599,17807329663,42,17,4,0,0,29,1,29,25,False
4025,13670356740,5,11,3,0,2,26,38,26,24,False
7849,13943039298,17,21,4,0,1,37,29,37,18,False
10703,18365196069,21,1,4,0,1,39,22,39,25,False
4871,15797725211,49,25,4,0,1,25,9,25,25,True
5499,18702113651,25,16,4,0,1,22,14,22,32,False
10306,17731093916,25,18,4,0,1,15,8,15,18,False
12095,18765816132,9,3,4,0,3,17,19,17,25,False
8015,15165929133,33,5,1,0,0,10,9,10,10,True
1093,15661502139,37,11,4,0,0,3,7,3,32,False
2157,17713196465,1,7,4,0,0,29,8,29,25,False
13662,19948700293,22,4,1,0,3,40,41,40,32,False
4618,15079495784,47,16,4,0,3,37,24,37,16,False
5912,18802233956,37,37,4,0,3,2,16,2,30,False
5180,18053307086,7,4,4,0,2,23,39,23,18,False
5018,18053307086,46,0,1,0,3,43,21,43,18,False
13304,19859608897,15,5,1,0,2,23,37,23,10,False
8291,15165929133,8,29,4,0,0,30,8,30,32,False
1885,17623708813,30,1,4,0,3,1,20,1,18,False
2596,17807329663,39,22,4,0,3,35,46,35,25,False
5646,18702113651,22,7,4,0,1,3,8,3,32,False
3042,19831701219,25,9,4,0,0,47,38,47,29,False
4159,13670356740,39,11,4,0,0,45,28,45,45,True
11303,18664891854,19,3,3,0,3,14,45,14,32,False
4825,15797725211,3,18,4,0,2,9,23,9,9,True
5366,18702113651,43,10,1,0,3,17,24,17,9,False
10448,17731093916,17,3,4,0,0,45,30,45,29,False
11696,18758415613,11,1,4,0,3,45,13,45,45,True
13648,19948700293,8,11,1,0,2,7,4,7,18,False
6542,19881266563,15,38,4,0,0,9,10,9,9,True
7963,13943039298,31,0,4,0,3,21,24,21,18,False
8392,15167050060,8,3,2,0,0,18,4,18,18,True
7185,13401917913,5,5,3,0,1,9,1,9,9,True
8291,15165929133,8,1,4,0,1,25,8,25,25,True
7329,13401917913,49,15,4,0,1,24,23,24,25,False
12213,18765816132,27,8,4,0,0,39,31,39,24,False
5529,18702113651,5,4,4,0,3,24,3,24,25,False
8800,16630722126,15,2,3,0,2,4,2,4,23,False
2924,19831701219,7,9,2,0,3,5,12,5,32,False
1605,17623708813,1,12,1,0,1,26,11,26,32,False
6538,19881266563,11,29,4,0,3,38,20,38,25,False
14063,19948700293,41,0,4,0,1,48,40,48,29,False
1501,15735414945,47,48,4,0,2,31,16,31,24,False
3038,19831701219,21,0,4,0,3,9,26,9,9,True
1602,15735414945,48,19,4,0,0,25,7,25,25,True
11327,18664891854,43,3,3,0,1,5,17,5,19,False
5515,18702113651,41,16,4,0,1,15,7,15,18,False
10101,17527328008,21,3,4,0,3,39,31,39,25,False
4875,15797725211,3,9,4,0,0,26,12,26,32,False
13191,19834840803,2,3,4,0,3,31,20,31,18,False
3893,13130819298,24,16,4,0,3,11,33,11,11,True
1800,17623708813,45,14,4,0,3,37,38,37,16,False
9223,16726368276,45,6,3,0,1,17,21,17,18,False
13113,19834840803,24,10,4,0,2,17,38,17,17,True
1283,15735414945,29,2,1,0,0,30,31,30,30,True
6466,19881266563,39,8,2,0,0,19,11,19,32,False
6673,19881266563,46,5,4,0,0,25,19,25,18,False
5197,18053307086,24,3,4,0,1,23,36,23,23,True
569,15260233525,17,3,1,0,1,37,21,37,9,False
5318,18053307086,45,9,4,0,0,18,29,18,18,True
1152,15661502139,46,23,4,0,2,11,24,11,32,False
5424,18702113651,50,0,2,0,1,5,26,5,37,False
11723,18758415613,38,5,4,0,3,0,1,0,9,False
5861,18802233956,36,7,4,0,2,22,32,22,10,False
4083,13670356740,13,60,4,0,2,10,17,10,23,False
6496,19881266563,19,11,3,0,1,15,21,15,18,False
8914,16630722126,37,2,4,0,2,27,34,27,32,False
6369,19852999776,43,10,4,0,1,19,39,19,3,False
903,15260233525,48,0,4,0,1,30,32,30,30,True
12545,18989781863,8,23,4,0,0,17,0,17,32,False
7405,13401917913,25,19,4,0,2,32,34,32,32,True
11786,18758415613,1,1,4,0,1,20,9,20,18,False
10504,18365196069,23,0,1,0,2,31,46,31,18,False
11114,18636055184,31,9,4,0,1,18,10,18,18,True
10946,18636055184,13,12,3,0,3,33,39,33,32,False
4497,15079495784,26,1,4,0,0,20,13,20,11,False
9916,17527328008,36,11,3,0,3,33,41,33,32,False
8241,15165929133,8,1,4,0,3,40,26,40,32,False
6360,19852999776,34,4,4,0,1,26,21,26,18,False
1919,17623708813,14,24,4,0,3,15,3,15,17,False
1386,15735414945,31,10,3,0,3,37,39,37,29,False
3506,19970957519,38,1,4,0,0,14,16,14,18,False
5078,18053307086,5,3,3,0,1,26,18,26,32,False
13240,19834840803,1,8,4,0,2,10,41,10,10,True
8798,16630722126,13,5,3,0,1,23,8,23,9,False
12451,18989781863,14,8,4,0,3,2,40,2,32,False
6618,19881266563,41,18,4,0,2,19,27,19,32,False
12533,18989781863,46,6,4,0,2,8,15,8,10,False
5399,18702113651,25,16,2,0,0,19,10,19,32,False
1117,15661502139,11,4,4,0,1,26,25,26,32,False
3893,13130819298,24,3,4,0,2,22,33,22,10,False
2509,17807329663,2,9,4,0,3,24,2,24,24,True
1750,17623708813,45,8,3,0,0,19,20,19,19,True
5178,18053307086,5,9,4,0,2,16,24,16,9,False
6557,19881266563,30,7,4,0,1,3,8,3,32,False
5483,18702113651,9,30,4,0,0,22,8,22,17,False
8660,15167050060,26,3,4,0,0,31,9,31,18,False
11910,18765816132,25,2,1,0,0,46,40,46,37,False
499,13932780308,48,11,3,0,1,23,8,23,9,False
6516,19881266563,39,8,3,0,1,37,36,37,37,True
11205,18664891854,22,0,1,0,2,15,39,15,15,True
1945,17623708813,40,21,4,0,2,31,17,31,24,False
5005,18053307086,33,2,1,0,2,12,46,12,12,True
10463,17731093916,32,1,4,0,1,27,19,27,18,False
8106,15165929133,23,12,3,0,3,0,1,0,18,False
12834,19550593600,46,14,4,0,2,30,31,30,30,True
1275,15735414945,21,8,1,0,2,12,47,12,9,False
739,15260233525,34,3,4,0,0,30,41,30,10,False
6686,19881266563,8,23,4,0,2,32,39,32,32,True
238,13513580369,38,10,4,0,2,8,14,8,10,False
2647,17807329663,40,3,4,0,1,2,0,2,26,False
14117,19948700293,45,6,4,0,2,3,44,3,3,True
6979,13074255915,50,10,4,0,3,16,24,16,25,False
13518,19859608897,28,10,4,0,3,17,12,17,17,True
4202,13670356740,32,3,4,0,2,2,37,2,16,False
11225,18664891854,42,4,1,0,0,7,1,7,18,False
8546,15167050060,12,20,4,0,3,18,6,18,9,False
1535,15735414945,31,11,4,0,3,10,31,10,25,False
7321,13401917913,41,18,4,0,3,32,34,32,32,True
880,15260233525,25,12,4,0,1,4,1,4,23,False
9857,17527328008,27,1,2,0,2,7,29,7,18,False
9193,16726368276,15,19,3,0,3,44,45,44,37,False
11953,18765816132,17,3,2,0,0,32,9,32,32,True
7539,13630678332,8,7,3,0,1,18,9,18,18,True
4993,18053307086,21,0,1,0,3,25,39,25,25,True
10484,18365196069,3,1,1,0,1,45,43,45,45,True
1450,15735414945,45,19,4,0,0,25,3,25,25,True
7485,13630678332,4,4,2,0,3,14,16,14,18,False
12283,18989781863,47,1,1,0,0,25,8,25,31,False
3377,19970957519,9,26,4,0,1,36,9,36,32,False
9715,17331496902,36,4,4,0,3,39,34,39,18,False
8590,15167050060,6,4,4,0,2,22,25,22,17,False
8805,16630722126,20,20,3,0,1,9,1,9,9,True
3044,19831701219,27,28,4,0,1,27,17,27,18,False
13416,19859608897,26,7,3,0,2,30,43,30,9,False
9419,16726368276,41,27,4,0,3,33,34,33,32,False
8331,15165929133,48,9,4,0,2,16,15,16,24,False
14074,19948700293,2,12,4,0,0,46,40,46,37,False
10023,17527328008,43,5,4,0,1,9,27,9,9,True
5853,18802233956,28,9,4,0,3,32,25,32,32,True
151,13513580369,1,12,4,0,0,19,1,19,32,False
12071,18765816132,35,15,4,0,3,47,25,47,29,False
1774,17623708813,19,150,4,0,0,19,6,19,32,False
10381,17731093916,50,6,4,0,0,41,32,41,30,False
1486,15735414945,32,13,4,0,0,23,31,23,25,False
232,13513580369,32,24,4,0,0,8,1,8,17,False
1344,15735414945,39,2,2,0,1,15,36,15,3,False
9067,16630722126,40,17,4,0,1,40,47,40,11,False
1476,15735414945,22,4,4,0,3,24,25,24,25,False
10920,18636055184,37,5,2,0,0,7,1,7,18,False
6753,13074255915,25,12,1,0,3,8,9,8,32,False
2475,17807329663,18,17,4,0,2,35,45,35,18,False
12104,18765816132,18,9,4,0,3,40,34,40,32,False
13311,19859608897,22,1,1,0,2,15,43,15,18,False
4261,13670356740,41,6,4,0,3,35,39,35,18,False
1149,15661502139,43,29,4,0,0,23,22,23,25,False
1463,15735414945,9,10,4,0,2,32,9,32,32,True
261,13513580369,11,8,4,0,3,31,17,31,25,False
13790,19948700293,49,2,3,0,2,39,24,39,24,False
4486,15079495784,15,26,4,0,3,11,18,11,11,True
5854,18802233956,29,15,4,0,2,17,33,17,9,False
2308,17807329663,2,6,1,0,3,11,36,11,11,True
458,13932780308,7,4,3,0,0,35,23,35,44,False
179,13513580369,29,1,4,0,1,45,16,45,45,True
3835,13130819298,16,11,4,0,1,12,14,12,18,False
1245,15661502139,41,16,4,0,2,19,26,19,10,False
10092,17527328008,12,4,4,0,0,46,39,46,23,False
3032,19831701219,15,23,4,0,1,32,39,32,32,True
180,13513580369,30,4,4,0,3,2,32,2,18,False
12877,19550593600,39,10,4,0,0,18,5,18,18,True
8488,15167050060,4,4,4,0,0,19,26,19,19,True
3202,19831701219,35,24,4,0,2,18,25,18,23,False
11462,18664891854,28,4,4,0,0,25,2,25,18,False
10805,18365196069,23,3,4,0,3,22,39,22,3,False
8820,16630722126,35,9,3,0,2,12,19,12,37,False
3512,19970957519,44,23,4,0,0,14,7,14,17,False
10290,17731093916,9,4,4,0,2,23,28,23,10,False
4702,15797725211,30,19,2,0,3,10,44,10,32,False
12058,18765816132,22,16,4,0,3,31,24,31,25,False
9231,16726368276,3,3,4,0,1,22,21,22,23,False
11397,18664891854,13,1,4,0,3,37,2,37,37,True
7951,13943039298,19,2,4,0,1,1,16,1,18,False
9588,17331496902,9,7,4,0,3,25,45,25,24,False
4940,15797725211,18,20,4,0,1,37,9,37,37,True
8662,15167050060,28,2,4,0,1,24,3,24,24,True
8567,15167050060,33,15,4,0,0,15,8,15,18,False
1866,17623708813,11,10,4,0,1,36,30,36,29,False
4743,15797725211,21,5,3,0,0,17,19,17,9,False
6615,19881266563,38,20,4,0,0,23,31,23,23,True
4147,13670356740,27,7,4,0,0,35,8,35,19,False
7968,13943039298,36,19,4,0,2,28,15,28,18,False
12316,18989781863,29,10,2,0,0,10,3,10,17,False
12409,18989781863,22,18,4,0,0,17,9,17,18,False
8639,15167050060,5,4,4,0,3,4,12,4,25,False
7595,13630678332,14,8,4,0,3,17,40,17,10,False
11332,18664891854,48,0,3,0,3,14,36,14,10,False
4556,15079495784,35,9,4,0,0,19,16,19,32,False
51,13513580369,1,11,2,0,0,25,17,25,25,True
2579,17807329663,22,5,4,0,2,2,1,2,26,False
12503,18989781863,16,6,4,0,2,19,39,19,19,True
2843,18991311567,35,7,4,0,2,40,41,40,10,False
8881,16630722126,4,8,4,0,1,4,17,4,23,False
4905,15797725211,33,5,4,0,0,26,19,26,32,False
8368,15167050060,35,6,1,0,1,23,21,23,18,False
12064,18765816132,28,15,4,0,1,41,40,41,30,False
12398,18989781863,11,5,4,0,0,44,30,44,45,False
6925,13074255915,46,11,4,0,2,15,10,15,18,False
1530,15735414945,26,26,4,0,3,25,32,25,25,True
2743,18991311567,35,17,2,0,0,23,16,23,23,True
10392,17731093916,11,17,4,0,2,37,48,37,9,False
578,15260233525,26,4,1,0,1,19,18,19,19,True
1375,15735414945,20,2,3,0,2,18,24,18,18,True
6982,13074255915,3,4,4,0,3,7,48,7,18,False
7272,13401917913,42,9,4,0,3,38,24,38,18,False
5191,18053307086,18,6,4,0,3,22,23,22,32,False
7797,13943039298,15,5,4,0,1,17,23,17,18,False
1497,15735414945,43,9,4,0,2,17,39,17,17,True
2507,17807329663,50,17,4,0,1,9,1,9,9,True
9082,16726368276,5,3,1,0,2,20,34,20,24,False
5413,18702113651,39,5,2,0,3,8,17,8,32,False
107,13513580369,7,1,3,0,0,44,19,44,37,False
6629,19881266563,2,22,4,0,0,33,2,33,32,False
8496,15167050060,12,13,4,0,3,23,31,23,10,False
3819,13130819298,50,25,4,0,1,36,23,36,32,False
9081,16726368276,4,0,1,0,2,5,34,5,37,False
13737,19948700293,46,4,2,0,3,46,47,46,29,False
2593,17807329663,36,20,4,0,3,18,12,18,18,True
3911,13130819298,42,9,4,0,2,28,41,28,23,False
401,13932780308,51,5,1,0,3,18,11,18,18,True
8917,16630722126,40,30,4,0,0,37,13,37,37,True
6473,19881266563,46,6,2,0,0,9,5,9,9,True
8786,16630722126,1,2,3,0,1,18,14,18,18,True
876,15260233525,21,7,4,0,1,11,25,11,11,True
1214,15661502139,10,3,4,0,2,39,30,39,24,False
993,15661502139,37,2,2,0,2,10,0,10,10,True
161,13513580369,11,2,4,0,0,11,14,11,19,False
5023,18053307086,51,3,1,0,1,29,36,29,29,True
6000,18802233956,25,42,4,0,0,27,17,27,32,False
8168,15165929133,35,11,4,0,0,16,1,16,23,False
13279,19834840803,40,9,4,0,1,26,40,26,18,False
7492,13630678332,11,11,2,0,1,41,40,41,9,False
2175,17713196465,19,13,4,0,0,21,39,21,23,False
1107,15661502139,1,13,4,0,0,19,31,19,32,False
951,15661502139,46,5,1,0,0,19,16,19,32,False
6555,19881266563,28,6,4,0,2,18,21,18,18,True
8681,15167050060,47,1,4,0,2,5,9,5,19,False
2007,17713196465,1,5,2,0,3,28,1,28,18,False
5941,18802233956,16,20,4,0,1,45,36,45,45,True
4004,13670356740,34,3,2,0,1,33,38,33,32,False
3434,19970957519,16,0,4,0,2,11,32,11,19,False
2397,17807329663,40,2,2,0,0,9,10,9,9,True
5681,18802233956,7,3,1,0,0,9,16,9,9,True
8135,15165929133,2,16,4,0,1,27,45,27,23,False
3477,19970957519,9,25,4,0,3,25,41,25,25,True
391,13932780308,41,6,1,0,3,35,37,35,32,False
8432,15167050060,48,9,2,0,3,37,45,37,3,False
4801,15797725211,29,47,4,0,2,12,31,12,24,False
4414,15079495784,43,0,3,0,2,16,19,16,29,False
524,13932780308,23,3,4,0,1,16,0,16,18,False
6384,19881266563,8,3,1,0,3,14,2,14,32,False
5625,18702113651,1,9,4,0,0,46,25,46,23,False
360,13932780308,10,12,1,0,2,31,30,31,18,False
180,13513580369,30,5,4,0,3,3,32,3,18,False
12811,19550593600,23,3,4,0,1,17,24,17,17,True
5236,18053307086,13,12,4,0,3,2,6,2,32,False
11172,18636055184,39,0,4,0,1,40,7,40,30,False
10758,18365196069,26,0,4,0,3,14,28,14,10,False
5973,18802233956,48,8,4,0,3,2,46,2,18,False
11092,18636055184,9,0,4,0,2,8,47,8,18,False
8502,15167050060,18,6,4,0,1,37,36,37,32,False
11630,18758415613,45,7,2,0,3,37,24,37,9,False
3339,19970957519,21,4,3,0,0,23,15,23,23,True
1923,17623708813,18,1,4,0,0,18,8,18,18,True
12891,19550593600,3,21,4,0,1,40,39,40,9,False
11539,18758415613,5,2,1,0,2,13,34,13,10,False
1124,15661502139,18,3,4,0,3,28,2,28,18,False
12375,18989781863,38,0,3,0,0,43,1,43,18,False
2261,17713196465,5,17,4,0,0,10,3,10,17,False
251,13513580369,1,10,4,0,2,12,39,12,9,False
12515,18989781863,28,24,4,0,3,16,15,16,24,False
5888,18802233956,13,27,4,0,1,32,10,32,32,True
13805,19948700293,14,3,4,0,2,0,48,0,3,False
8918,16630722126,41,22,4,0,3,31,48,31,25,False
10016,17527328008,36,17,4,0,1,41,39,41,23,False
8918,16630722126,41,25,4,0,2,33,48,33,32,False
4395,15079495784,24,16,3,0,2,26,46,26,11,False
4578,15079495784,7,10,4,0,0,24,15,24,25,False
10268,17731093916,37,2,3,0,2,0,3,0,16,False
521,13932780308,20,20,4,0,2,19,33,19,3,False
5991,18802233956,16,28,4,0,3,12,26,12,29,False
7511,13630678332,30,6,2,0,0,40,32,40,30,False
7417,13401917913,37,6,4,0,0,25,17,25,18,False
3756,13130819298,37,4,4,0,2,25,46,25,16,False
10665,18365196069,33,3,4,0,0,30,24,30,9,False
2174,17713196465,18,30,4,0,2,39,6,39,16,False
2623,17807329663,16,14,4,0,3,35,38,35,18,False
9361,16726368276,33,4,4,0,2,23,29,23,10,False
12142,18765816132,6,3,4,0,1,16,15,16,18,False
10443,17731093916,12,1,4,0,1,8,41,8,29,False
1184,15661502139,30,4,4,0,3,32,25,32,32,True
4788,15797725211,16,16,4,0,0,10,0,10,23,False
2220,17713196465,14,5,4,0,0,30,32,30,30,True
655,15260233525,2,18,3,0,0,17,24,17,9,False
1349,15735414945,44,33,2,0,3,29,23,29,37,False
7603,13630678332,22,11,4,0,0,33,41,33,32,False
4740,15797725211,18,2,3,0,1,13,20,13,3,False
3172,19831701219,5,7,4,0,2,16,15,16,25,False
2458,17807329663,1,15,4,0,2,37,43,37,24,False
4769,15797725211,47,2,3,0,0,38,10,38,18,False
3229,19970957519,12,0,1,0,0,47,46,47,37,False
12577,18989781863,40,1,4,0,2,27,33,27,23,False
8595,15167050060,11,15,4,0,3,46,48,46,29,False
11055,18636055184,22,15,4,0,3,11,4,11,19,False
2944,19831701219,27,6,2,0,0,29,8,29,29,True
9410,16726368276,32,12,4,0,3,26,3,26,32,False
13680,19948700293,40,0,1,0,2,13,33,13,19,False
11229,18664891854,46,4,1,0,3,32,40,32,32,True
1125,15661502139,19,27,4,0,1,1,0,1,32,False
1801,17623708813,46,2,4,0,2,21,32,21,23,False
12593,19550593600,6,0,1,0,0,10,12,10,10,True
703,15260233525,50,9,3,0,1,26,12,26,37,False
1493,15735414945,39,14,4,0,1,9,1,9,9,True
1479,15735414945,25,10,4,0,1,37,21,37,18,False
3496,19970957519,28,11,4,0,2,19,33,19,10,False
4515,15079495784,44,0,4,0,1,30,9,30,32,False
5599,18702113651,25,7,4,0,1,14,0,14,17,False
13639,19859608897,49,4,4,0,3,46,47,46,23,False
3315,19970957519,47,7,2,0,0,19,5,19,32,False
772,15260233525,17,10,4,0,2,6,27,6,18,False
7186,13401917913,6,18,3,0,2,10,31,10,32,False
5883,18802233956,8,4,4,0,0,32,25,32,32,True
4139,13670356740,19,23,4,0,3,22,16,22,17,False
5987,18802233956,12,7,4,0,0,27,13,27,32,False
3482,19970957519,14,4,4,0,3,31,25,31,25,False
1098,15661502139,42,11,4,0,0,17,41,17,17,True
5918,18802233956,43,0,4,0,0,21,18,21,25,False
6763,13074255915,35,5,1,0,2,10,12,10,32,False
13937,19948700293,31,6,4,0,1,8,0,8,17,False
13290,19859608897,1,11,1,0,1,26,34,26,19,False
1928,17623708813,23,53,4,0,3,8,16,8,32,False
6287,19852999776,11,10,4,0,1,3,1,3,32,False
6561,19881266563,34,1,4,0,2,15,41,15,18,False
1990,17713196465,35,0,1,0,3,14,19,14,10,False
12918,19550593600,30,3,4,0,3,17,24,17,17,True
816,15260233525,11,8,4,0,3,25,39,25,25,True
6903,13074255915,24,1,4,0,3,9,26,9,17,False
4804,15797725211,32,24,4,0,2,14,21,14,15,False
1450,15735414945,45,27,4,0,0,10,3,10,17,False
9033,16630722126,6,11,4,0,2,15,21,15,25,False
6422,19881266563,46,7,1,0,3,11,24,11,32,False
12211,18765816132,25,16,4,0,1,23,8,23,23,True
5557,18702113651,33,11,4,0,0,40,33,40,30,False
3452,19970957519,34,8,4,0,0,17,19,17,9,False
54,13513580369,4,1,2,0,1,32,17,32,32,True
11545,18758415613,11,11,1,0,1,22,28,22,10,False
13475,19859608897,35,5,4,0,2,4,21,4,11,False
3149,19831701219,32,4,4,0,0,17,18,17,17,True
2694,18991311567,37,3,1,0,1,37,15,37,32,False
1132,15661502139,26,5,4,0,0,38,41,38,23,False
437,13932780308,36,3,2,0,0,15,11,15,23,False
12855,19550593600,17,0,4,0,1,13,33,13,11,False
13306,19859608897,17,5,1,0,1,33,29,33,32,False
5095,18053307086,22,4,3,0,1,17,33,17,17,True
315,13513580369,15,4,4,0,1,12,16,12,18,False
10309,17731093916,28,9,4,0,3,44,40,44,29,False
1118,15661502139,12,33,4,0,2,11,46,11,11,True
3826,13130819298,7,18,4,0,3,28,7,28,18,False
10950,18636055184,17,5,3,0,3,40,10,40,30,False
9018,16630722126,41,19,4,0,3,32,34,32,32,True
7589,13630678332,8,1,4,0,1,11,24,11,11,True
13226,19834840803,37,8,4,0,0,18,13,18,23,False
4106,13670356740,36,1,4,0,2,18,16,18,18,True
4731,15797725211,9,3,3,0,1,38,7,38,17,False
6507,19881266563,30,13,3,0,1,30,24,30,9,False
2058,17713196465,2,7,3,0,2,12,20,12,37,False
8754,16630722126,19,5,2,0,1,32,1,32,32,True
10436,17731093916,5,2,4,0,1,34,7,34,38,False
2744,18991311567,36,16,2,0,3,11,31,11,11,True
11404,18664891854,20,7,4,0,3,33,27,33,29,False
3179,19831701219,12,0,4,0,3,15,41,15,8,False
13415,19859608897,25,0,3,0,2,20,14,20,11,False
6787,13074255915,8,4,2,0,0,18,6,18,17,False
3221,19970957519,4,3,1,0,0,22,16,22,9,False
11880,18758415613,45,7,4,0,1,5,3,5,29,False
3206,19831701219,39,14,4,0,1,32,28,32,32,True
13443,19859608897,3,2,4,0,2,7,15,7,18,False
9584,17331496902,5,5,4,0,2,34,48,34,18,False
7917,13943039298,35,10,4,0,3,33,48,33,32,False
9686,17331496902,7,8,4,0,0,25,16,25,11,False
12192,18765816132,6,15,4,0,0,33,26,33,19,False
2314,17807329663,8,5,1,0,0,19,9,19,32,False
53,13513580369,3,5,2,0,2,24,17,24,24,True
6563,19881266563,36,42,4,0,0,23,24,23,23,True
14092,19948700293,20,8,4,0,0,16,7,16,24,False
6257,19852999776,31,2,4,0,1,31,16,31,25,False
6421,19881266563,45,1,1,0,3,31,25,31,16,False
4397,15079495784,26,6,3,0,0,12,23,12,12,True
7217,13401917913,37,1,3,0,0,12,30,12,12,True
13793,19948700293,2,0,4,0,3,27,8,27,18,False
3374,19970957519,6,24,4,0,2,27,9,27,18,False
10451,17731093916,20,1,4,0,0,36,21,36,32,False
3091,19831701219,24,6,4,0,0,20,13,20,18,False
7338,13401917913,8,8,4,0,1,37,0,37,38,False
7972,13943039298,40,16,4,0,0,10,1,10,30,False
2855,18991311567,47,5,4,0,3,2,32,2,9,False
7712,13943039298,30,1,2,0,2,10,19,10,32,False
13154,19834840803,15,0,4,0,1,19,17,19,19,True
938,15661502139,33,2,1,0,1,26,18,26,37,False
9102,16726368276,25,1,1,0,1,6,9,6,18,False
9518,17331496902,39,3,2,0,0,7,0,7,18,False
1773,17623708813,18,23,4,0,3,35,33,35,18,False
13981,19948700293,25,5,4,0,2,26,33,26,11,False
4710,15797725211,38,2,2,0,1,26,9,26,24,False
7827,13943039298,45,23,4,0,3,31,39,31,16,False
5883,18802233956,8,6,4,0,0,31,25,31,18,False
11116,18636055184,33,5,4,0,3,40,33,40,32,False
173,13513580369,23,4,4,0,0,9,25,9,9,True
1161,15661502139,7,28,4,0,3,2,32,2,9,False
1459,15735414945,5,29,4,0,1,36,1,36,32,False
5597,18702113651,23,11,4,0,3,36,46,36,18,False
9615,17331496902,36,6,4,0,3,17,26,17,17,True
11770,18758415613,35,15,4,0,1,13,19,13,19,False
10006,17527328008,26,14,4,0,0,24,14,24,24,True
1609,17623708813,5,11,1,0,3,32,39,32,32,True
200,13513580369,50,0,4,0,1,45,2,45,29,False
1812,17623708813,7,10,4,0,1,18,9,18,18,True
4935,15797725211,13,1,4,0,2,4,25,4,30,False
9578,17331496902,49,8,3,0,3,46,47,46,29,False
9994,17527328008,14,5,4,0,0,41,34,41,30,False
12423,18989781863,36,8,4,0,3,3,46,3,3,True
12615,19550593600,28,3,1,0,1,47,33,47,37,False
5312,18053307086,39,10,4,0,0,32,9,32,32,True
3410,19970957519,42,26,4,0,0,16,24,16,25,False
12133,18765816132,47,12,4,0,0,17,8,17,31,False
4455,15079495784,34,31,4,0,3,17,8,17,32,False
7030,13074255915,1,2,4,0,3,22,9,22,9,False
11049,18636055184,16,24,4,0,3,38,46,38,38,True
11117,18636055184,34,17,4,0,1,38,47,38,38,True
8281,15165929133,48,3,4,0,1,33,27,33,29,False
7844,13943039298,12,10,4,0,1,34,2,34,38,False
13790,19948700293,49,11,3,0,2,18,24,18,18,True
6630,19881266563,3,42,4,0,2,26,24,26,25,False
967,15661502139,11,3,2,0,2,16,8,16,25,False
2172,17713196465,16,17,4,0,0,18,17,18,18,True
8222,15165929133,39,10,4,0,3,11,5,11,25,False
2573,17807329663,16,11,4,0,3,17,18,17,17,True
1765,17623708813,10,40,4,0,1,25,13,25,18,False
1013,15661502139,7,10,3,0,3,37,31,37,37,True
10765,18365196069,33,16,4,0,3,7,8,7,18,False
7094,13401917913,15,16,1,0,0,11,20,11,11,True
521,13932780308,20,24,4,0,3,25,33,25,25,True
13761,19948700293,20,8,3,0,0,17,1,17,38,False
5852,18802233956,27,12,4,0,1,38,9,38,18,False
3984,13670356740,14,7,2,0,2,28,37,28,18,False
12637,19550593600,50,11,1,0,2,31,47,31,18,False
2965,19831701219,48,9,2,0,1,11,5,11,32,False
775,15260233525,20,9,4,0,3,25,47,25,25,True
4551,15079495784,30,7,4,0,0,33,16,33,32,False
3448,19970957519,30,17,4,0,3,18,3,18,18,True
5425,18702113651,1,9,3,0,0,29,22,29,29,True
269,13513580369,19,1,4,0,1,11,14,11,19,False
3720,13130819298,1,2,4,0,1,27,23,27,18,False
12064,18765816132,28,14,4,0,2,34,40,34,18,False
8180,15165929133,47,11,4,0,3,17,11,17,17,True
10232,17731093916,1,8,3,0,3,36,8,36,37,False
3545,19970957519,27,10,4,0,1,9,42,9,9,True
1963,17713196465,8,18,1,0,1,19,25,19,32,False
5726,18802233956,1,2,2,0,2,15,34,15,10,False
4140,13670356740,20,15,4,0,2,9,23,9,9,True
11467,18664891854,33,2,4,0,3,46,27,46,29,False
5194,18053307086,21,7,4,0,1,22,21,22,10,False
2307,17807329663,1,16,1,0,3,14,36,14,32,False
4602,15079495784,31,22,4,0,1,23,15,23,23,True
2212,17713196465,6,4,4,0,3,9,19,9,9,True
3305,19970957519,37,5,2,0,3,31,17,31,24,False
5965,18802233956,40,20,4,0,1,2,21,2,3,False
570,15260233525,18,4,1,0,3,28,21,28,18,False
11584,18758415613,50,3,1,0,1,15,14,15,18,False
227,13513580369,27,14,4,0,2,12,19,12,18,False
3220,19970957519,3,0,1,0,2,15,36,15,15,True
465,13932780308,14,11,3,0,0,22,10,22,17,False
7961,13943039298,29,6,4,0,2,3,17,3,3,True
3142,19831701219,25,30,4,0,0,32,10,32,32,True
3839,13130819298,20,3,4,0,0,23,0,23,25,False
4440,15079495784,19,10,4,0,1,29,8,29,25,False
5717,18802233956,43,13,1,0,2,28,44,28,18,False
13255,19834840803,16,8,4,0,1,11,9,11,25,False
6716,19881266563,38,28,4,0,3,19,33,19,19,True
12096,18765816132,10,20,4,0,3,18,19,18,18,True
5169,18053307086,46,31,4,0,1,11,7,11,32,False
1539,15735414945,35,23,4,0,0,25,9,25,25,True
2558,17807329663,1,6,4,0,1,16,15,16,23,False
6626,19881266563,49,5,4,0,1,18,0,18,18,True
10432,17731093916,1,16,4,0,3,30,24,30,9,False
5065,18053307086,42,16,2,0,3,11,20,11,11,True
9068,16630722126,41,0,4,0,1,15,11,15,38,False
6647,19881266563,20,20,4,0,0,37,23,37,38,False
13636,19859608897,46,6,4,0,1,37,43,37,3,False
2185,17713196465,29,22,4,0,1,26,25,26,32,False
333,13513580369,33,0,4,0,3,18,15,18,18,True
4001,13670356740,31,11,2,0,0,29,38,29,29,True
10981,18636055184,48,4,3,0,1,27,26,27,3,False
5792,18802233956,17,4,3,0,3,29,17,29,29,True
12018,18765816132,32,3,3,0,3,32,40,32,32,True
13780,19948700293,39,0,3,0,1,9,34,9,9,True
12139,18765816132,3,17,4,0,3,47,48,47,29,False
2662,18991311567,5,5,1,0,1,4,1,4,23,False
3975,13670356740,5,5,2,0,0,19,3,19,32,False
2584,17807329663,27,0,4,0,3,28,19,28,17,False
10044,17527328008,14,2,4,0,0,41,13,41,19,False
8749,16630722126,14,2,2,0,1,34,32,34,32,False
3205,19831701219,38,2,4,0,3,31,6,31,18,False
9725,17331496902,46,2,4,0,2,10,15,10,10,True
13039,19834840803,50,7,2,0,1,18,3,18,18,True
4924,15797725211,2,1,4,0,3,11,40,11,18,False
1549,15735414945,45,8,4,0,1,25,9,25,25,True
1806,17623708813,1,27,4,0,2,31,9,31,18,False
9064,16630722126,37,6,4,0,1,5,17,5,29,False
4201,13670356740,31,15,4,0,2,30,31,30,9,False
681,15260233525,28,0,3,0,0,30,32,30,30,True
13401,19859608897,11,6,3,0,1,5,8,5,19,False
1015,15661502139,9,3,3,0,1,11,3,11,32,False
8800,16630722126,15,6,3,0,0,10,2,10,10,True
625,15260233525,22,8,2,0,2,3,11,3,32,False
13147,19834840803,8,3,4,0,2,11,9,11,25,False
10094,17527328008,14,2,4,0,1,41,46,41,23,False
7382,13401917913,2,3,4,0,0,39,25,39,25,False
1459,15735414945,5,12,4,0,1,25,1,25,25,True
9021,16630722126,44,11,4,0,2,25,34,25,18,False
4519,15079495784,48,20,4,0,0,17,34,17,17,True
5752,18802233956,27,2,2,0,2,24,0,24,24,True
527,13932780308,26,16,4,0,1,16,22,16,24,False
2989,19831701219,22,3,3,0,0,8,1,8,9,False
458,13932780308,7,17,3,0,2,16,23,16,16,True
1182,15661502139,28,10,4,0,0,10,8,10,17,False
6338,19852999776,12,2,4,0,2,41,46,41,23,False
4578,15079495784,7,12,4,0,2,24,15,24,24,True
1611,17623708813,7,9,1,0,2,2,1,2,24,False
13767,19948700293,26,0,3,0,1,29,15,29,29,True
9036,16630722126,9,17,4,0,2,34,47,34,18,False
1261,15735414945,7,10,1,0,2,26,19,26,37,False
9425,16726368276,47,27,4,0,0,18,27,18,10,False
12330,18989781863,43,4,2,0,2,11,18,11,25,False
10807,18365196069,25,1,4,0,3,9,19,9,9,True
7521,13630678332,40,3,2,0,1,45,43,45,45,True
13109,19834840803,20,1,4,0,2,10,7,10,19,False
2834,18991311567,26,10,4,0,1,25,16,25,25,True
5037,18053307086,14,2,2,0,1,30,15,30,9,False
3761,13130819298,42,19,4,0,0,31,9,31,38,False
307,13513580369,7,7,4,0,1,26,9,26,32,False
11664,18758415613,29,2,3,0,3,39,33,39,37,False
13978,19948700293,22,0,4,0,1,48,38,48,29,False
12042,18765816132,6,11,4,0,2,16,0,16,24,False
649,15260233525,46,9,2,0,0,27,5,27,30,False
6013,18802233956,38,21,4,0,2,23,31,23,16,False
6707,19881266563,29,3,4,0,1,27,14,27,17,False
8608,15167050060,24,2,4,0,0,11,12,11,25,False
9340,16726368276,12,0,4,0,3,14,24,14,10,False
2100,17713196465,44,25,3,0,1,6,14,6,3,False
6295,19852999776,19,0,4,0,1,25,38,25,25,True
12956,19834840803,18,6,1,0,2,34,39,34,18,False
11201,18664891854,18,1,1,0,2,15,24,15,23,False
1006,15661502139,50,1,2,0,1,38,42,38,17,False
10289,17731093916,8,5,4,0,3,39,33,39,18,False
4211,13670356740,41,15,4,0,0,38,34,38,25,False
2466,17807329663,9,6,4,0,2,26,23,26,32,False
3787,13130819298,18,3,4,0,1,18,8,18,18,True
4960,15797725211,38,17,4,0,0,11,3,11,9,False
3684,13130819298,15,1,3,0,3,14,43,14,32,False
8206,15165929133,23,13,4,0,1,3,8,3,32,False
14119,19948700293,47,12,4,0,1,10,9,10,32,False
14018,19948700293,29,3,4,0,3,25,45,25,24,False
3408,19970957519,40,7,4,0,2,22,34,22,10,False
11072,18636055184,39,1,4,0,3,39,5,39,29,False
2186,17713196465,30,46,4,0,2,28,24,28,23,False
10356,17731093916,25,11,4,0,2,1,2,1,18,False
5240,18053307086,17,3,4,0,0,16,8,16,25,False
12477,18989781863,40,7,4,0,1,16,1,16,25,False
813,15260233525,8,6,4,0,3,18,16,18,18,True
1762,17623708813,7,47,4,0,0,35,41,35,29,False
5859,18802233956,34,16,4,0,3,29,24,29,29,True
9177,16726368276,49,2,2,0,1,32,47,32,32,True
3187,19831701219,20,28,4,0,0,35,23,35,29,False
5273,18053307086,50,0,4,0,1,13,31,13,11,False
1177,15661502139,23,20,4,0,3,10,33,10,18,False
11753,18758415613,18,16,4,0,1,40,39,40,9,False
12029,18765816132,43,6,3,0,1,29,43,29,26,False
2652,17807329663,45,1,4,0,0,45,22,45,45,True
6638,19881266563,11,2,4,0,0,33,2,33,32,False
6902,13074255915,23,9,4,0,3,18,12,18,17,False
4783,15797725211,11,10,4,0,2,21,16,21,23,False
12490,18989781863,3,5,4,0,2,27,40,27,11,False
681,15260233525,28,7,3,0,1,19,32,19,32,False
4684,15797725211,12,14,2,0,3,33,19,33,45,False
12568,18989781863,31,6,4,0,0,41,32,41,30,False
12052,18765816132,16,4,4,0,0,31,22,31,18,False
10467,17731093916,36,4,4,0,3,14,1,14,17,False
1734,17623708813,29,7,3,0,2,12,27,12,29,False
8917,16630722126,40,46,4,0,0,26,13,26,25,False
7763,13943039298,31,6,3,0,2,13,24,13,10,False
8674,15167050060,40,4,4,0,2,17,24,17,9,False
10363,17731093916,32,3,4,0,0,33,26,33,29,False
10853,18636055184,21,4,1,0,3,26,20,26,29,False
1677,17623708813,22,9,2,0,1,9,8,9,9,True
13890,19948700293,34,12,4,0,2,33,39,33,32,False
10975,18636055184,42,8,3,0,1,15,14,15,18,False
1425,15735414945,20,9,4,0,2,12,25,12,24,False
1576,15735414945,22,35,4,0,3,36,31,36,29,False
6705,19881266563,27,6,4,0,2,25,38,25,25,True
1883,17623708813,28,26,4,0,2,31,39,31,18,False
2955,19831701219,38,11,2,0,3,28,17,28,25,False
5127,18053307086,4,18,4,0,2,4,11,4,9,False
8733,16630722126,49,2,1,0,2,20,41,20,11,False
12656,19550593600,13,5,2,0,3,17,12,17,17,True
2174,17713196465,18,29,4,0,1,39,6,39,25,False
11415,18664891854,31,2,4,0,3,25,40,25,18,False
568,15260233525,16,5,1,0,1,38,21,38,9,False
13889,19948700293,33,16,4,0,0,38,24,38,9,False
12449,18989781863,12,14,4,0,1,23,9,23,9,False
11180,18636055184,47,3,4,0,1,39,21,39,25,False
8498,15167050060,14,2,4,0,1,1,9,1,18,False
6556,19881266563,29,22,4,0,3,39,47,39,25,False
3486,19970957519,18,16,4,0,1,18,11,18,18,True
954,15661502139,49,21,1,0,3,2,10,2,32,False
4838,15797725211,16,34,4,0,2,19,24,19,19,True
1729,17623708813,24,15,3,0,0,22,21,22,19,False
8905,16630722126,28,4,4,0,0,17,9,17,18,False
7869,13943039298,37,30,4,0,3,46,48,46,29,False
8872,16630722126,45,6,3,0,2,30,39,30,30,True
3141,19831701219,24,13,4,0,3,19,9,19,32,False
5519,18702113651,45,11,4,0,0,33,18,33,32,False
4645,15797725211,24,2,1,0,3,25,27,25,25,True
13178,19834840803,39,4,4,0,3,2,39,2,9,False
8052,15165929133,19,8,2,0,2,25,34,25,25,True
4066,13670356740,46,4,3,0,1,32,2,32,32,True
11430,18664891854,46,24,4,0,1,3,0,3,32,False
695,15260233525,42,1,3,0,3,22,45,22,17,False
3506,19970957519,38,5,4,0,2,0,16,0,3,False
11590,18758415613,5,7,2,0,2,7,16,7,18,False
12106,18765816132,20,19,4,0,2,11,19,11,11,True
1685,17623708813,30,5,2,0,1,27,19,27,17,False
5396,18702113651,22,5,2,0,2,24,10,24,24,True
6452,19881266563,25,8,2,0,2,31,0,31,24,False
8798,16630722126,13,7,3,0,1,15,8,15,18,False
3797,13130819298,28,10,4,0,3,36,32,36,16,False
11715,18758415613,30,21,4,0,2,13,20,13,10,False
6323,19852999776,47,5,4,0,0,19,9,19,32,False
1403,15735414945,48,7,3,0,0,22,17,22,9,False
944,15661502139,39,2,1,0,0,19,7,19,32,False
12081,18765816132,45,10,4,0,0,17,8,17,32,False
12765,19550593600,24,7,4,0,1,41,40,41,30,False
1936,17623708813,31,13,4,0,2,30,32,30,30,True
7265,13401917913,35,2,4,0,3,9,48,9,9,True
4439,15079495784,18,11,4,0,3,9,16,9,9,True
7009,13074255915,30,15,4,0,2,18,41,18,10,False
9790,17527328008,11,4,1,0,3,8,28,8,32,False
10719,18365196069,37,0,4,0,1,26,39,26,11,False
4316,15079495784,46,0,1,0,0,7,1,7,18,False
11400,18664891854,16,14,4,0,0,15,1,15,18,False
6358,19852999776,32,5,4,0,2,11,31,11,32,False
1880,17623708813,25,13,4,0,1,1,0,1,18,False
175,13513580369,25,7,4,0,1,9,7,9,9,True
12089,18765816132,3,4,4,0,1,1,8,1,18,False
10982,18636055184,49,1,3,0,0,19,21,19,19,True
4763,15797725211,41,4,3,0,2,2,9,2,18,False
884,15260233525,29,0,4,0,1,46,0,46,25,False
11062,18636055184,29,9,4,0,1,33,20,33,37,False
14075,19948700293,3,3,4,0,2,19,39,19,19,True
10520,18365196069,39,1,1,0,1,26,15,26,32,False
10399,17731093916,18,1,4,0,3,35,44,35,25,False
12778,19550593600,37,23,4,0,2,41,46,41,23,False
13808,19948700293,2,2,3,0,2,37,44,37,37,True
2963,19831701219,46,9,2,0,1,11,5,11,37,False
5029,18053307086,6,6,2,0,2,33,47,33,3,False
9192,16726368276,14,6,3,0,1,40,46,40,30,False
3800,13130819298,31,2,4,0,3,35,18,35,29,False
3089,19831701219,22,13,4,0,2,30,24,30,9,False
9967,17527328008,37,3,4,0,3,23,32,23,25,False
2516,17807329663,9,9,4,0,1,30,41,30,30,True
9337,16726368276,9,13,4,0,2,28,36,28,18,False
13931,19948700293,25,6,4,0,1,10,9,10,17,False
3189,19831701219,22,8,4,0,2,15,25,15,18,False
11713,18758415613,28,26,4,0,0,14,2,14,18,False
5487,18702113651,13,9,4,0,1,11,3,11,32,False
8090,15165929133,7,3,3,0,0,44,8,44,19,False
5949,18802233956,24,5,4,0,3,32,25,32,32,True
930,15661502139,25,1,1,0,0,30,31,30,9,False
14064,19948700293,42,19,4,0,2,40,48,40,30,False
227,13513580369,27,13,4,0,1,13,19,13,3,False
256,13513580369,6,10,4,0,1,37,30,37,37,True
1814,17623708813,9,11,4,0,0,17,41,17,17,True
8779,16630722126,44,0,2,0,0,25,22,25,25,True
10868,18636055184,36,2,1,0,2,2,1,2,23,False
13564,19859608897,24,5,4,0,0,32,26,32,19,False
7732,13943039298,50,18,2,0,1,41,47,41,3,False
1040,15661502139,34,19,3,0,1,38,37,38,9,False
11809,18758415613,24,4,4,0,0,11,19,11,11,True
7010,13074255915,31,10,4,0,1,16,15,16,18,False
11405,18664891854,21,17,4,0,2,13,39,13,10,False
4210,13670356740,40,17,4,0,2,12,18,12,3,False
8907,16630722126,30,10,4,0,0,11,3,11,25,False
83,13513580369,33,13,2,0,2,18,24,18,18,True
8914,16630722126,37,36,4,0,2,19,34,19,19,True
10857,18636055184,25,9,1,0,1,18,24,18,18,True
8176,15165929133,43,6,4,0,0,19,9,19,19,True
7429,13401917913,49,4,4,0,3,42,43,42,12,False
13914,19948700293,8,2,4,0,1,1,10,1,18,False
14024,19948700293,2,17,4,0,2,31,29,31,18,False
6212,19852999776,36,10,4,0,0,24,2,24,24,True
10173,17731093916,43,15,1,0,2,23,19,23,9,False
12005,18765816132,19,1,3,0,3,22,28,22,32,False
10029,17527328008,49,111,4,0,3,2,1,2,3,False
13981,19948700293,25,3,4,0,2,27,33,27,23,False
8344,15167050060,11,5,1,0,0,17,10,17,9,False
10003,17527328008,23,3,4,0,0,33,27,33,37,False
7276,13401917913,46,1,4,0,0,10,5,10,10,True
4701,15797725211,29,13,2,0,3,35,44,35,29,False
1098,15661502139,42,73,4,0,3,46,41,46,17,False
4378,15079495784,7,6,3,0,3,16,41,16,18,False
8105,15165929133,22,14,3,0,3,14,4,14,9,False
4275,15079495784,5,1,1,0,1,2,7,2,24,False
6019,18802233956,44,14,4,0,1,19,20,19,19,True
2215,17713196465,9,8,4,0,0,30,25,30,23,False
11822,18758415613,37,8,4,0,0,30,20,30,9,False
7205,13401917913,25,4,3,0,2,11,14,11,25,False
2551,17807329663,44,8,4,0,1,15,7,15,18,False
6902,13074255915,23,2,4,0,0,9,12,9,9,True
5707,18802233956,33,16,1,0,1,38,37,38,9,False
219,13513580369,19,54,4,0,0,23,17,23,23,True
13652,19948700293,12,2,1,0,2,35,0,35,18,False
12054,18765816132,18,9,4,0,0,15,0,15,17,False
1795,17623708813,40,24,4,0,3,36,45,36,29,False
12128,18765816132,42,1,4,0,1,33,47,33,25,False
2326,17807329663,20,5,1,0,0,23,31,23,23,True
668,15260233525,15,9,3,0,0,29,21,29,25,False
5920,18802233956,45,12,4,0,0,35,8,35,31,False
4753,15797725211,31,1,3,0,3,14,23,14,32,False
1670,17623708813,15,16,2,0,2,14,21,14,10,False
4129,13670356740,9,1,4,0,2,9,44,9,9,True
7973,13943039298,41,17,4,0,1,9,1,9,9,True
10206,17731093916,25,4,2,0,3,45,39,45,29,False
13158,19834840803,19,2,4,0,2,0,43,0,3,False
4501,15079495784,30,10,4,0,0,22,23,22,17,False
3184,19831701219,17,22,4,0,0,42,38,42,29,False
3380,19970957519,12,1,4,0,2,1,32,1,18,False
3390,19970957519,22,32,4,0,3,31,36,31,24,False
2007,17713196465,1,2,2,0,1,37,1,37,32,False
13268,19834840803,29,1,4,0,3,45,27,45,45,True
5767,18802233956,42,12,2,0,3,26,20,26,29,False
154,13513580369,4,11,4,0,3,30,41,30,17,False
45,13513580369,46,4,1,0,3,18,13,18,18,True
5944,18802233956,19,18,4,0,0,12,14,12,18,False
425,13932780308,24,10,2,0,3,32,0,32,32,True
8965,16630722126,38,6,4,0,0,32,20,32,19,False
6735,13074255915,7,3,1,0,0,25,20,25,29,False
11798,18758415613,13,23,4,0,0,18,19,18,18,True
13098,19834840803,9,0,4,0,2,20,41,20,12,False
7535,13630678332,4,6,3,0,1,8,23,8,8,True
11405,18664891854,21,20,4,0,1,27,39,27,23,False
2634,17807329663,27,4,4,0,2,16,25,16,9,False
11098,18636055184,15,7,4,0,1,36,21,36,18,False
3692,13130819298,23,11,3,0,3,16,24,16,16,True
12751,19550593600,10,20,4,0,2,33,39,33,32,False
11007,18636055184,24,12,4,0,3,22,28,22,32,False
8236,15165929133,3,8,4,0,0,24,22,24,24,True
3730,13130819298,11,23,4,0,0,23,17,23,23,True
96,13513580369,46,9,2,0,3,10,25,10,10,True
9875,17527328008,45,7,2,0,0,23,24,23,23,True
7393,13401917913,13,11,4,0,1,2,22,2,25,False
2473,17807329663,16,27,4,0,3,25,39,25,9,False
9786,17527328008,7,13,1,0,1,33,20,33,37,False
6353,19852999776,27,1,4,0,2,25,24,25,25,True
4437,15079495784,16,3,4,0,3,5,39,5,29,False
2925,19831701219,8,5,2,0,0,19,12,19,32,False
6661,19881266563,34,15,4,0,3,29,20,29,25,False
1410,15735414945,5,11,4,0,0,33,19,33,32,False
12928,19550593600,40,2,4,0,3,23,24,23,23,True
7840,13943039298,8,7,4,0,3,28,14,28,18,False
13919,19948700293,13,14,4,0,1,16,15,16,18,False
12096,18765816132,10,17,4,0,0,26,19,26,12,False
5413,18702113651,39,3,2,0,0,22,17,22,9,False
4533,15079495784,12,30,4,0,1,2,14,2,23,False
2089,17713196465,33,1,3,0,1,11,15,11,19,False
4351,15079495784,30,0,2,0,2,18,36,18,18,True
9759,17331496902,30,7,4,0,2,5,12,5,32,False
2363,17807329663,6,13,2,0,3,10,45,10,32,False
10029,17527328008,49,80,4,0,1,44,1,44,19,False
3314,19970957519,46,1,2,0,0,27,5,27,17,False
8660,15167050060,26,2,4,0,1,32,9,32,32,True
5686,18802233956,12,3,1,0,0,10,14,10,10,True
4536,15079495784,15,9,4,0,1,10,8,10,23,False
12634,19550593600,47,14,1,0,2,23,28,23,10,False
10600,18365196069,18,8,3,0,1,41,40,41,9,False
12368,18989781863,31,8,3,0,1,9,1,9,9,True
6675,19881266563,48,7,4,0,0,32,25,32,32,True
5985,18802233956,10,15,4,0,2,9,16,9,9,True
2849,18991311567,41,9,4,0,2,24,19,24,18,False
2470,17807329663,13,43,4,0,2,5,25,5,19,False
3084,19831701219,17,9,4,0,3,28,29,28,18,False
1133,15661502139,27,10,4,0,0,24,18,24,24,True
11503,18664891854,19,1,4,0,3,8,11,8,37,False
2572,17807329663,15,5,4,0,2,38,41,38,23,False
2997,19831701219,30,7,3,0,0,29,0,29,26,False
13036,19834840803,47,5,2,0,3,40,3,40,30,False
4039,13670356740,19,0,3,0,3,43,14,43,18,False
4711,15797725211,39,2,2,0,0,15,9,15,18,False
8497,15167050060,13,16,4,0,3,32,39,32,32,True
850,15260233525,45,1,4,0,3,14,3,14,25,False
8511,15167050060,27,19,4,0,3,29,14,29,25,False
4368,15079495784,47,0,2,0,0,7,5,7,18,False
4124,13670356740,4,0,4,0,1,46,10,46,29,False
7449,13630678332,19,8,1,0,0,37,24,37,37,True
9972,17527328008,42,5,4,0,0,23,1,23,17,False
7279,13401917913,49,10,4,0,3,21,1,21,25,False
4792,15797725211,20,52,4,0,3,19,20,19,32,False
245,13513580369,45,2,4,0,0,20,21,20,18,False
12625,19550593600,38,2,1,0,0,11,8,11,10,False
768,15260233525,13,6,4,0,1,24,17,24,24,True
9827,17527328008,48,1,1,0,0,44,42,44,19,False
3843,13130819298,24,7,4,0,0,31,23,31,18,False
10065,17527328008,35,4,4,0,0,22,0,22,17,False
4380,15079495784,9,3,3,0,2,38,39,38,9,False
4618,15079495784,47,9,4,0,3,30,24,30,9,False
11031,18636055184,48,6,4,0,0,39,41,39,18,False
6015,18802233956,40,21,4,0,3,25,34,25,18,False
1137,15661502139,31,15,4,0,2,29,46,29,25,False
6020,18802233956,45,1,4,0,0,34,22,34,18,False
8399,15167050060,15,7,2,0,1,38,22,38,38,True
987,15661502139,31,10,2,0,0,13,20,13,10,False
6621,19881266563,44,4,4,0,2,9,20,9,9,True
1115,15661502139,9,26,4,0,2,20,25,20,18,False
1549,15735414945,45,57,4,0,0,22,9,22,18,False
423,13932780308,22,1,2,0,2,2,0,2,24,False
6987,13074255915,8,3,4,0,3,28,14,28,18,False
9294,16726368276,16,23,4,0,3,32,39,32,32,True
9032,16630722126,5,4,4,0,0,39,7,39,24,False
743,15260233525,38,0,4,0,3,10,18,10,10,True
1890,17623708813,35,7,4,0,2,9,10,9,9,True
11531,18664891854,47,4,4,0,0,29,8,29,31,False
4603,15079495784,32,17,4,0,2,11,38,11,11,True
4802,15797725211,30,0,4,0,2,9,18,9,9,True
9487,17331496902,8,5,2,0,3,22,32,22,3,False
14040,19948700293,18,2,4,0,0,36,22,36,32,False
1451,15735414945,46,9,4,0,1,33,15,33,18,False
8010,15165929133,28,0,1,0,2,39,42,39,24,False
10772,18365196069,40,3,4,0,3,44,46,44,29,False
4089,13670356740,19,30,4,0,3,36,44,36,11,False
1713,17623708813,8,13,3,0,3,12,6,12,18,False
7730,13943039298,48,5,2,0,1,41,47,41,3,False
13585,19859608897,45,3,4,0,2,18,26,18,10,False
1062,15661502139,6,29,4,0,2,18,39,18,3,False
10058,17527328008,28,2,4,0,1,34,33,34,19,False
3172,19831701219,5,6,4,0,1,16,15,16,25,False
10186,17731093916,5,8,2,0,3,17,46,17,17,True
7919,13943039298,37,15,4,0,3,26,33,26,11,False
11532,18664891854,48,7,4,0,3,26,48,26,3,False
2631,17807329663,24,11,4,0,3,22,16,22,9,False
13794,19948700293,3,7,4,0,0,18,9,18,18,True
3327,19970957519,9,13,3,0,1,26,11,26,26,True
6212,19852999776,36,33,4,0,0,19,2,19,32,False
9327,16726368276,49,4,4,0,1,16,1,16,25,False
7094,13401917913,15,3,1,0,3,7,20,7,10,False
4961,15797725211,39,17,4,0,0,7,0,7,18,False
3709,13130819298,40,4,3,0,3,26,12,26,32,False
122,13513580369,22,0,3,0,0,41,0,41,30,False
4871,15797725211,49,2,4,0,3,37,9,37,37,True
12905,19550593600,17,8,4,0,3,33,39,33,32,False
11842,18758415613,7,11,4,0,3,41,48,41,19,False
5310,18053307086,37,4,4,0,3,12,20,12,29,False
13758,19948700293,17,0,3,0,1,1,21,1,18,False
4048,13670356740,28,4,3,0,1,32,37,32,32,True
5618,18702113651,44,2,4,0,2,15,39,15,18,False
12102,18765816132,16,9,4,0,2,15,46,15,18,False
1770,17623708813,15,6,4,0,1,25,2,25,25,True
14033,19948700293,11,0,4,0,2,1,3,1,18,False
1857,17623708813,2,10,4,0,0,25,15,25,25,True
1795,17623708813,40,1,4,0,3,16,45,16,18,False
1325,15735414945,20,15,2,0,1,11,17,11,32,False
5356,18702113651,33,7,1,0,1,26,18,26,32,False
6716,19881266563,38,24,4,0,2,12,33,12,16,False
8143,15165929133,10,13,4,0,1,34,33,34,18,False
8197,15165929133,14,9,4,0,3,44,46,44,29,False
8681,15167050060,47,4,4,0,0,19,9,19,19,True
8947,16630722126,20,5,4,0,3,40,25,40,30,False
9872,17527328008,42,1,2,0,2,25,24,25,25,True
4783,15797725211,11,15,4,0,0,22,16,22,9,False
11420,18664891854,36,19,4,0,2,26,47,26,25,False
10591,18365196069,9,3,3,0,0,32,9,32,32,True
8913,16630722126,36,11,4,0,0,32,8,32,32,True
3431,19970957519,13,9,4,0,2,2,9,2,18,False
3031,19831701219,14,20,4,0,1,15,14,15,18,False
7187,13401917913,7,9,3,0,1,13,19,13,19,False
13963,19948700293,7,4,4,0,0,40,32,40,30,False
7847,13943039298,15,24,4,0,3,25,39,25,11,False
12320,18989781863,33,5,2,0,3,26,13,26,32,False
12999,19834840803,10,2,2,0,0,40,17,40,30,False
8462,15167050060,28,2,3,0,2,31,39,31,18,False
2814,18991311567,6,8,4,0,3,22,46,22,3,False
6667,19881266563,40,5,4,0,2,17,34,17,9,False
5767,18802233956,42,13,2,0,0,27,20,27,17,False
14010,19948700293,21,7,4,0,0,34,4,34,25,False
4556,15079495784,35,8,4,0,3,18,16,18,18,True
6716,19881266563,38,10,4,0,3,7,33,7,18,False
11885,18758415613,50,2,4,0,0,37,15,37,31,False
5271,18053307086,48,7,4,0,3,29,46,29,29,True
2448,17807329663,41,1,3,0,1,17,15,17,17,True
9359,16726368276,31,1,4,0,2,40,47,40,10,False
2489,17807329663,32,6,4,0,1,37,0,37,37,True
3585,13130819298,17,2,1,0,2,18,20,18,18,True
6293,19852999776,17,3,4,0,3,29,25,29,29,True
3707,13130819298,38,7,3,0,1,15,14,15,17,False
12037,18765816132,1,11,4,0,0,17,9,17,18,False
529,13932780308,28,10,4,0,1,12,21,12,18,False
3529,19970957519,11,12,4,0,3,26,19,26,32,False
12078,18765816132,42,4,4,0,3,22,36,22,10,False
472,13932780308,21,0,3,0,0,44,46,44,17,False
8942,16630722126,15,6,4,0,2,10,19,10,10,True
12048,18765816132,12,7,4,0,2,34,48,34,18,False
3077,19831701219,10,11,4,0,1,26,13,26,29,False
13068,19834840803,29,0,3,0,0,46,24,46,29,False
7737,13943039298,5,9,3,0,0,27,20,27,17,False
957,15661502139,1,7,2,0,0,31,25,31,18,False
1928,17623708813,23,24,4,0,2,26,16,26,25,False
2540,17807329663,33,11,4,0,0,31,9,31,18,False
9916,17527328008,36,0,3,0,1,13,41,13,19,False
9931,17527328008,1,7,4,0,2,20,26,20,25,False
11824,18758415613,39,2,4,0,0,22,1,22,32,False
1774,17623708813,19,74,4,0,2,20,6,20,18,False
10933,18636055184,50,3,2,0,1,13,19,13,19,False
3067,19831701219,50,23,4,0,2,25,41,25,18,False
1350,15735414945,45,1,2,0,0,31,23,31,18,False
5,13513580369,6,11,1,0,0,7,0,7,18,False
6617,19881266563,40,9,4,0,2,4,34,4,32,False
1827,17623708813,22,1,4,0,1,39,38,39,24,False
6931,13074255915,2,6,4,0,1,5,29,5,12,False
1916,17623708813,11,15,4,0,2,20,19,20,18,False
11378,18664891854,44,30,4,0,1,41,40,41,30,False
11356,18664891854,22,0,4,0,0,40,31,40,30,False
2346,17807329663,40,11,1,0,3,15,24,15,17,False
8105,15165929133,22,16,3,0,3,22,4,22,9,False
9117,16726368276,40,7,1,0,1,34,24,34,9,False
1792,17623708813,37,16,4,0,3,8,10,8,32,False
11600,18758415613,15,3,2,0,0,41,33,41,10,False
1775,17623708813,20,0,4,0,3,32,25,32,32,True
4520,15079495784,49,11,4,0,1,24,9,24,24,True
844,15260233525,39,6,4,0,0,8,0,8,17,False
7610,13630678332,29,13,4,0,3,3,4,3,3,True
4769,15797725211,47,5,3,0,3,31,10,31,24,False
12311,18989781863,24,4,2,0,3,25,27,25,29,False
197,13513580369,47,24,4,0,0,8,1,8,32,False
2931,19831701219,14,1,2,0,3,16,18,16,16,True
4159,13670356740,39,16,4,0,3,43,28,43,18,False
11476,18664891854,42,18,4,0,3,37,32,37,9,False
7940,13943039298,8,16,4,0,0,8,1,8,17,False
722,15260233525,17,7,4,0,0,14,7,14,17,False
426,13932780308,25,14,2,0,0,29,0,29,32,False
3383,19970957519,15,8,4,0,3,16,39,16,18,False
5538,18702113651,14,23,4,0,2,10,28,10,10,True
13629,19859608897,39,1,4,0,2,39,7,39,25,False
13687,19948700293,47,2,1,0,3,7,11,7,10,False
8252,15165929133,19,5,4,0,2,4,3,4,9,False
4848,15797725211,26,10,4,0,3,25,13,25,25,True
6031,19852999776,6,2,1,0,3,36,44,36,32,False
8496,15167050060,12,8,4,0,2,14,31,14,18,False
716,15260233525,11,6,4,0,1,13,20,13,10,False
24,13513580369,25,2,1,0,0,40,23,40,30,False
8199,15165929133,16,24,4,0,3,45,46,45,29,False
8846,16630722126,19,7,3,0,2,2,1,2,23,False
3247,19970957519,30,2,1,0,0,45,28,45,19,False
9961,17527328008,31,3,4,0,0,18,4,18,18,True
10930,18636055184,47,6,2,0,0,11,19,11,11,True
2533,17807329663,26,23,4,0,2,18,32,18,3,False
4798,15797725211,26,19,4,0,3,25,10,25,24,False
9690,17331496902,11,2,4,0,3,22,6,22,9,False
11106,18636055184,23,5,4,0,0,45,30,45,29,False
739,15260233525,34,10,4,0,1,19,41,19,3,False
12777,19550593600,36,19,4,0,3,25,27,25,10,False
1884,17623708813,29,13,4,0,2,16,29,16,23,False
7968,13943039298,36,2,4,0,0,24,15,24,25,False
10487,18365196069,6,3,1,0,3,40,34,40,32,False
7631,13630678332,50,23,4,0,3,46,48,46,29,False
13806,19948700293,15,9,4,0,0,37,23,37,37,True
8050,15165929133,17,4,2,0,1,5,34,5,37,False
9522,17331496902,43,6,2,0,2,18,41,18,10,False
9773,17331496902,44,7,4,0,3,37,32,37,9,False
5297,18053307086,24,4,4,0,1,20,0,20,18,False
13986,19948700293,30,6,4,0,1,34,25,34,18,False
6062,19852999776,37,2,1,0,2,8,0,8,32,False
6936,13074255915,7,8,4,0,0,34,25,34,23,False
7135,13401917913,5,0,2,0,1,46,43,46,29,False
5811,18802233956,36,4,3,0,3,29,25,29,29,True
17,13513580369,18,3,1,0,2,22,43,22,9,False
681,15260233525,28,10,3,0,2,26,32,26,24,False
5476,18702113651,2,13,4,0,3,18,32,18,18,True
9727,17331496902,48,2,4,0,3,23,40,23,10,False
3767,13130819298,48,29,4,0,1,33,46,33,11,False
2442,17807329663,35,3,3,0,0,38,10,38,18,False
3477,19970957519,9,23,4,0,2,18,41,18,23,False
749,15260233525,44,9,4,0,0,13,6,13,32,False
3691,13130819298,22,3,3,0,0,15,19,15,17,False
1729,17623708813,24,14,3,0,0,29,21,29,19,False
1809,17623708813,4,27,4,0,0,46,47,46,23,False
1118,15661502139,12,27,4,0,2,17,46,17,9,False
13199,19834840803,10,6,4,0,1,41,47,41,3,False
9536,17331496902,7,5,3,0,2,11,19,11,11,True
4098,13670356740,28,9,4,0,2,2,9,2,18,False
1438,15735414945,33,10,4,0,0,47,42,47,29,False
4231,13670356740,11,2,4,0,3,43,39,43,18,False
1809,17623708813,4,30,4,0,2,40,47,40,32,False
13006,19834840803,17,3,2,0,1,45,21,45,19,False
2207,17713196465,1,11,4,0,2,37,44,37,9,False
4611,15079495784,40,6,4,0,2,23,0,23,23,True
9353,16726368276,25,18,4,0,2,8,14,8,10,False
2673,18991311567,16,1,1,0,2,16,1,16,25,False
216,13513580369,16,4,4,0,0,9,18,9,9,True
5302,18053307086,29,17,4,0,0,36,0,36,24,False
6147,19852999776,21,0,3,0,3,36,17,36,37,False
3504,19970957519,36,1,4,0,0,19,3,19,32,False
3521,19970957519,3,10,4,0,0,35,23,35,29,False
5278,18053307086,5,12,4,0,0,32,2,32,32,True
1311,15735414945,6,8,2,0,1,12,7,12,18,False
7231,13401917913,1,0,4,0,1,38,1,38,18,False
981,15661502139,25,5,2,0,3,18,6,18,18,True
197,13513580369,47,21,4,0,2,7,1,7,10,False
3389,19970957519,21,20,4,0,2,12,26,12,16,False
7694,13943039298,12,5,2,0,1,34,32,34,32,False
13287,19834840803,48,7,4,0,0,34,20,34,18,False
4542,15079495784,21,2,4,0,2,23,21,23,25,False
11344,18664891854,10,8,4,0,0,16,2,16,23,False
2197,17713196465,41,12,4,0,3,2,19,2,9,False
4046,13670356740,26,11,3,0,1,30,38,30,30,True
2175,17713196465,19,35,4,0,0,17,39,17,17,True
9352,16726368276,24,4,4,0,3,3,19,3,3,True
12219,18765816132,33,7,4,0,1,18,15,18,18,True
8162,15165929133,29,2,4,0,0,24,17,24,24,True
4627,15797725211,6,15,1,0,1,33,24,33,32,False
1063,15661502139,7,5,4,0,3,10,11,10,32,False
6722,19881266563,44,20,4,0,3,30,25,30,9,False
999,15661502139,43,3,2,0,1,12,9,12,18,False
9923,17527328008,43,5,3,0,1,30,21,30,32,False
5978,18802233956,3,14,4,0,3,17,18,17,17,True
9712,17331496902,33,0,4,0,3,40,17,40,30,False
13995,19948700293,6,6,4,0,1,18,17,18,18,True
5233,18053307086,10,19,4,0,0,23,21,23,23,True
9071,16630722126,44,4,4,0,0,41,5,41,19,False
4559,15079495784,38,8,4,0,0,36,29,36,37,False
868,15260233525,13,6,4,0,1,38,15,38,38,True
7574,13630678332,43,5,3,0,1,17,14,17,18,False
7600,13630678332,19,5,4,0,2,7,24,7,18,False
7571,13630678332,40,2,3,0,1,27,41,27,9,False
1788,17623708813,33,1,4,0,2,13,24,13,10,False
4490,15079495784,19,27,4,0,2,11,16,11,18,False
6174,19852999776,48,13,3,0,2,26,46,26,24,False
6875,13074255915,46,4,3,0,0,23,25,23,23,True
7346,13401917913,16,1,4,0,2,10,48,10,10,True
8567,15167050060,33,17,4,0,0,14,8,14,17,False
2525,17807329663,18,6,4,0,1,24,11,24,24,True
1454,15735414945,49,4,4,0,2,39,46,39,18,False
5263,18053307086,40,0,4,0,1,39,21,39,25,False
3177,19831701219,10,20,4,0,0,19,2,19,32,False
10890,18636055184,7,0,2,0,1,9,16,9,9,True
4792,15797725211,20,0,4,0,2,5,20,5,18,False
12623,19550593600,36,5,1,0,0,37,11,37,37,True
3812,13130819298,43,0,4,0,2,14,25,14,10,False
11712,18758415613,27,3,4,0,2,33,46,33,32,False
9221,16726368276,43,6,3,0,0,35,21,35,31,False
6167,19852999776,41,12,3,0,1,15,0,15,9,False
10647,18365196069,15,5,4,0,0,37,31,37,45,False
10732,18365196069,50,7,4,0,1,18,10,18,18,True
7942,13943039298,10,11,4,0,3,11,13,11,25,False
4727,15797725211,5,13,3,0,0,31,6,31,18,False
3207,19831701219,40,13,4,0,2,19,34,19,10,False
2610,17807329663,3,3,4,0,1,11,0,11,12,False
13876,19948700293,20,12,4,0,1,17,14,17,18,False
4555,15079495784,34,23,4,0,1,13,26,13,10,False
7776,13943039298,44,12,3,0,1,27,33,27,17,False
6290,19852999776,14,0,4,0,2,9,45,9,9,True
13167,19834840803,28,5,4,0,3,39,32,39,24,False
1537,15735414945,33,30,4,0,0,11,9,11,32,False
275,13513580369,25,18,4,0,2,35,43,35,11,False
11239,18664891854,5,1,2,0,0,46,25,46,29,False
8901,16630722126,24,11,4,0,3,14,38,14,3,False
2861,18991311567,3,10,4,0,2,22,16,22,23,False
12762,19550593600,21,15,4,0,3,7,8,7,18,False
250,13513580369,50,11,4,0,1,37,23,37,37,True
1148,15661502139,42,9,4,0,2,15,23,15,23,False
1797,17623708813,42,35,4,0,0,32,10,32,32,True
3841,13130819298,22,6,4,0,2,23,8,23,25,False
2965,19831701219,48,6,2,0,0,19,5,19,32,False
5928,18802233956,3,13,4,0,0,34,12,34,38,False
10302,17731093916,21,1,4,0,1,47,34,47,45,False
8822,16630722126,37,4,3,0,0,44,38,44,37,False
28,13513580369,29,2,1,0,1,12,17,12,18,False
2574,17807329663,17,11,4,0,2,30,33,30,17,False
3713,13130819298,44,1,3,0,2,22,43,22,3,False
7876,13943039298,44,9,4,0,2,10,6,10,10,True
9547,17331496902,18,10,3,0,1,33,27,33,37,False
9344,16726368276,16,7,4,0,2,27,40,27,18,False
1375,15735414945,20,10,3,0,1,11,24,11,19,False
11079,18636055184,46,3,4,0,3,44,46,44,29,False
13095,19834840803,6,3,4,0,1,27,45,27,23,False
1569,15735414945,15,34,4,0,0,16,3,16,9,False
12930,19550593600,42,13,4,0,2,18,39,18,18,True
10225,17731093916,44,3,2,0,0,19,18,19,32,False
11764,18758415613,29,0,4,0,0,46,17,46,29,False
8782,16630722126,47,1,2,0,2,34,47,34,15,False
12275,18989781863,39,1,1,0,2,39,47,39,18,False
2954,19831701219,37,10,2,0,0,15,17,15,23,False
13132,19834840803,43,10,4,0,2,12,19,12,18,False
11171,18636055184,38,8,4,0,1,34,25,34,38,False
52,13513580369,2,13,2,0,2,10,17,10,10,True
10403,17731093916,22,13,4,0,0,18,12,18,25,False
7161,13401917913,31,7,2,0,0,11,4,11,11,True
9803,17527328008,24,2,1,0,0,9,10,9,9,True
5849,18802233956,24,28,4,0,2,31,0,31,18,False
9297,16726368276,19,4,4,0,2,7,37,7,9,False
8087,15165929133,4,2,3,0,1,46,24,46,45,False
2281,17713196465,25,2,4,0,3,14,25,14,11,False
2777,18991311567,19,3,3,0,3,31,19,31,16,False
5218,18053307086,45,25,4,0,0,28,21,28,18,False
7475,13630678332,45,4,1,0,2,10,18,10,32,False
2621,17807329663,14,7,4,0,3,30,46,30,9,False
10005,17527328008,25,0,4,0,2,12,10,12,29,False
1073,15661502139,17,2,4,0,0,30,32,30,30,True
4360,15079495784,39,7,2,0,2,39,37,39,24,False
482,13932780308,31,6,3,0,2,31,23,31,18,False
6200,19852999776,24,10,4,0,1,30,44,30,30,True
11581,18758415613,47,1,1,0,0,44,42,44,19,False
1347,15735414945,42,4,2,0,0,33,23,33,32,False
11115,18636055184,32,6,4,0,0,18,19,18,23,False
3673,13130819298,4,3,3,0,0,9,11,9,9,True
9571,17331496902,42,6,3,0,0,17,3,17,17,True
13744,19948700293,3,7,3,0,1,9,39,9,9,True
3881,13130819298,12,18,4,0,0,25,17,25,24,False
4540,15079495784,19,19,4,0,0,39,18,39,25,False
6771,13074255915,43,1,1,0,1,8,1,8,17,False
12017,18765816132,31,10,3,0,1,27,33,27,9,False
2940,19831701219,23,8,2,0,1,3,0,3,32,False
5918,18802233956,43,16,4,0,3,3,18,3,32,False
7810,13943039298,28,20,4,0,3,25,26,25,10,False
2108,17713196465,2,1,4,0,2,2,0,2,26,False
4045,13670356740,25,5,3,0,0,8,1,8,9,False
3498,19970957519,30,2,4,0,3,17,26,17,23,False
12445,18989781863,8,2,4,0,0,29,1,29,25,False
6165,19852999776,39,2,3,0,1,3,9,3,32,False
545,13932780308,44,13,4,0,0,26,6,26,29,False
6678,19881266563,1,27,4,0,0,30,31,30,30,True
4798,15797725211,26,16,4,0,1,18,10,18,18,True
11098,18636055184,15,15,4,0,1,22,21,22,38,False
11469,18664891854,35,35,4,0,1,26,19,26,29,False
1164,15661502139,10,14,4,0,1,24,23,24,24,True
11994,18765816132,8,3,3,0,2,30,25,30,9,False
2889,19831701219,23,2,1,0,1,3,1,3,32,False
10803,18365196069,21,2,4,0,1,46,38,46,29,False
4439,15079495784,18,9,4,0,3,8,16,8,32,False
3448,19970957519,30,19,4,0,1,12,3,12,18,False
5955,18802233956,30,1,4,0,1,19,28,19,32,False
1895,17623708813,40,19,4,0,2,16,27,16,9,False
11376,18664891854,42,6,4,0,3,38,40,38,38,True
2582,17807329663,25,27,4,0,1,25,15,25,18,False
1974,17713196465,19,4,1,0,0,35,29,35,18,False
187,13513580369,37,4,4,0,1,37,23,37,38,False
13601,19859608897,11,0,4,0,1,48,3,48,29,False
3181,19831701219,14,25,4,0,0,15,2,15,18,False
4201,13670356740,31,4,4,0,2,29,31,29,25,False
2002,17713196465,47,2,1,0,0,15,8,15,23,False
8300,15165929133,17,1,4,0,0,22,12,22,9,False
1107,15661502139,1,28,4,0,3,35,31,35,18,False
6815,13074255915,36,15,2,0,0,18,1,18,18,True
3363,19970957519,45,8,3,0,1,38,37,38,9,False
4393,15079495784,22,5,3,0,1,46,38,46,45,False
1140,15661502139,34,47,4,0,2,18,37,18,23,False
6441,19881266563,14,3,2,0,1,36,35,36,32,False
10717,18365196069,35,7,4,0,1,18,2,18,18,True
72,13513580369,22,0,2,0,2,10,43,10,10,True
2884,19831701219,18,1,1,0,2,23,22,23,23,True
2582,17807329663,25,46,4,0,1,25,15,25,25,True
7016,13074255915,37,16,4,0,1,27,48,27,18,False
6555,19881266563,28,1,4,0,2,18,21,18,18,True
4433,15079495784,12,2,4,0,1,38,14,38,17,False
7299,13401917913,19,6,4,0,2,0,24,0,18,False
7857,13943039298,25,14,4,0,0,11,13,11,11,True
3735,13130819298,16,16,4,0,1,29,16,29,25,False
12290,18989781863,3,12,2,0,3,37,31,37,37,True
2160,17713196465,4,9,4,0,3,31,9,31,24,False
3912,13130819298,43,11,4,0,0,29,21,29,25,False
12553,18989781863,16,7,4,0,3,33,48,33,32,False
1837,17623708813,4,13,4,0,2,28,37,28,23,False
958,15661502139,2,8,2,0,3,16,25,16,16,True
2230,17713196465,24,3,4,0,2,16,36,16,23,False
5912,18802233956,37,8,4,0,1,31,16,31,25,False
7426,13401917913,46,10,4,0,2,33,39,33,32,False
5521,18702113651,47,7,4,0,2,22,25,22,10,False
4258,13670356740,38,49,4,0,2,15,17,15,9,False
6982,13074255915,3,12,4,0,2,3,48,3,18,False
1335,15735414945,30,6,2,0,1,37,42,37,3,False
9328,16726368276,50,4,4,0,3,21,43,21,18,False
3181,19831701219,14,12,4,0,2,31,2,31,24,False
6656,19881266563,29,6,4,0,2,18,38,18,18,True
12545,18989781863,8,9,4,0,0,36,0,36,24,False
7242,13401917913,12,4,4,0,2,15,29,15,10,False
2860,18991311567,2,10,4,0,1,25,1,25,25,True
7273,13401917913,43,2,4,0,3,39,25,39,25,False
10760,18365196069,28,1,4,0,2,1,38,1,18,False
1867,17623708813,12,7,4,0,1,2,1,2,3,False
7558,13630678332,27,0,3,0,1,29,0,29,29,True
5635,18702113651,11,4,4,0,0,40,19,40,30,False
4839,15797725211,17,0,4,0,2,15,19,15,17,False
5752,18802233956,27,17,2,0,1,1,0,1,18,False
6318,19852999776,42,0,4,0,3,7,4,7,18,False
13096,19834840803,7,16,4,0,2,16,14,16,24,False
10347,17731093916,16,7,4,0,2,19,15,19,19,True
4558,15079495784,37,34,4,0,2,26,23,26,25,False
1938,17623708813,33,22,4,0,3,38,25,38,18,False
10990,18636055184,7,0,4,0,1,33,30,33,18,False
3377,19970957519,9,25,4,0,0,36,9,36,37,False
4923,15797725211,1,7,4,0,2,19,20,19,10,False
4622,15797725211,1,39,1,0,0,23,15,23,23,True
10195,17731093916,14,4,2,0,2,5,12,5,37,False
2480,17807329663,23,3,4,0,3,24,9,24,24,True
793,15260233525,38,2,4,0,1,12,0,12,18,False
7338,13401917913,8,7,4,0,1,38,0,38,38,True
7255,13401917913,25,21,4,0,1,32,24,32,32,True
1810,17623708813,5,28,4,0,2,11,33,11,24,False
4911,15797725211,39,0,4,0,1,33,10,33,32,False
12586,18989781863,49,7,4,0,0,15,16,15,23,False
3637,13130819298,18,4,2,0,3,29,39,29,29,True
966,15661502139,10,11,2,0,2,12,38,12,3,False
4614,15079495784,43,11,4,0,2,22,43,22,3,False
12159,18765816132,23,7,4,0,1,38,30,38,18,False
9238,16726368276,10,1,4,0,2,6,40,6,18,False
4486,15079495784,15,28,4,0,1,19,18,19,32,False
2779,18991311567,21,2,3,0,1,26,1,26,9,False
11519,18664891854,35,0,4,0,3,8,19,8,18,False
7187,13401917913,7,6,3,0,0,27,19,27,17,False
6754,13074255915,26,15,1,0,1,3,9,3,32,False
6048,19852999776,23,4,1,0,3,14,36,14,18,False
9788,17527328008,9,19,1,0,1,26,20,26,45,False
13091,19834840803,2,25,4,0,3,32,46,32,32,True
6983,13074255915,4,23,4,0,1,48,26,48,45,False
3173,19831701219,6,16,4,0,3,28,21,28,25,False
11879,18758415613,44,1,4,0,0,23,12,23,18,False
2802,18991311567,44,5,3,0,3,16,0,16,24,False
5833,18802233956,8,6,4,0,3,15,23,15,18,False
2217,17713196465,11,11,4,0,2,12,32,12,24,False
9987,17527328008,7,17,4,0,3,32,40,32,32,True
13668,19948700293,28,1,1,0,1,34,20,34,9,False
10032,17527328008,2,9,4,0,2,28,36,28,18,False
12517,18989781863,30,7,4,0,3,28,29,28,18,False
10391,17731093916,10,1,4,0,1,39,16,39,25,False
1852,17623708813,19,7,4,0,2,13,32,13,3,False
10924,18636055184,41,13,2,0,3,17,27,17,17,True
11716,18758415613,31,4,4,0,3,18,4,18,18,True
6234,19852999776,8,2,4,0,0,26,13,26,32,False
7039,13074255915,10,11,4,0,0,18,13,18,23,False
2992,19831701219,25,26,3,0,3,35,24,35,29,False
12186,18765816132,50,17,4,0,1,37,9,37,18,False
2577,17807329663,20,15,4,0,0,30,32,30,30,True
2383,17807329663,26,1,2,0,3,16,8,16,24,False
11391,18664891854,7,12,4,0,2,2,1,2,24,False
1940,17623708813,35,10,4,0,1,12,14,12,18,False
7698,13943039298,16,16,2,0,1,9,1,9,9,True
7973,13943039298,41,18,4,0,0,8,1,8,17,False
10172,17731093916,42,2,1,0,0,30,15,30,19,False
4689,15797725211,17,13,2,0,2,3,16,3,3,True
2186,17713196465,30,4,4,0,2,16,24,16,9,False
8820,16630722126,35,5,3,0,0,18,19,18,10,False
5565,18702113651,41,5,4,0,1,13,25,13,3,False
10703,18365196069,21,0,4,0,0,39,22,39,25,False
2173,17713196465,17,2,4,0,0,33,10,33,32,False
7006,13074255915,27,16,4,0,2,41,40,41,23,False
6833,13074255915,4,8,3,0,0,17,8,17,30,False
14115,19948700293,43,1,4,0,2,38,45,38,23,False
6349,19852999776,23,8,4,0,2,12,33,12,16,False
2482,17807329663,25,12,4,0,2,23,32,23,23,True
11897,18765816132,12,1,1,0,2,2,0,2,24,False
14047,19948700293,25,3,4,0,0,9,30,9,9,True
3371,19970957519,3,9,4,0,2,18,27,18,23,False
5799,18802233956,24,7,3,0,0,14,0,14,18,False
2860,18991311567,2,18,4,0,0,12,1,12,18,False
2562,17807329663,5,38,4,0,1,33,24,33,18,False
3637,13130819298,18,13,2,0,2,18,39,18,18,True
12388,18989781863,1,1,4,0,3,30,40,30,29,False
9906,17527328008,26,5,3,0,0,37,29,37,32,False
7766,13943039298,34,5,3,0,0,37,9,37,32,False
12289,18989781863,2,4,2,0,2,30,31,30,9,False
13932,19948700293,26,19,4,0,3,16,9,16,16,True
1576,15735414945,22,4,4,0,1,11,31,11,11,True
5477,18702113651,3,23,4,0,0,27,20,27,18,False
5101,18053307086,28,2,3,0,2,22,32,22,10,False
13454,19859608897,14,2,4,0,0,44,24,44,45,False
12351,18989781863,14,2,3,0,1,26,45,26,19,False
4911,15797725211,39,15,4,0,0,18,10,18,18,True
12928,19550593600,40,9,4,0,2,25,24,25,25,True
4760,15797725211,38,11,3,0,1,12,15,12,32,False
11476,18664891854,42,4,4,0,1,9,32,9,9,True
6595,19881266563,18,30,4,0,1,11,20,11,25,False
1880,17623708813,25,0,4,0,3,6,0,6,18,False
6323,19852999776,47,3,4,0,0,18,9,18,18,True
700,15260233525,47,5,3,0,2,40,47,40,32,False
2540,17807329663,33,17,4,0,3,31,9,31,24,False
5975,18802233956,50,19,4,0,0,30,31,30,30,True
13744,19948700293,3,10,3,0,3,14,39,14,32,False
5478,18702113651,4,5,4,0,1,23,21,23,23,True
8222,15165929133,39,0,4,0,3,39,5,39,18,False
1298,15735414945,44,6,1,0,1,9,7,9,9,True
4488,15079495784,17,17,4,0,3,8,19,8,32,False
9470,17331496902,42,0,1,0,1,27,41,27,38,False
9619,17331496902,40,6,4,0,3,26,27,26,11,False
6831,13074255915,2,4,3,0,3,40,2,40,30,False
3953,13670356740,34,0,1,0,2,23,38,23,15,False
13735,19948700293,44,11,2,0,1,23,22,23,18,False
1139,15661502139,33,16,4,0,0,45,36,45,45,True
7788,13943039298,6,10,4,0,0,30,10,30,19,False
1216,15661502139,12,4,4,0,1,6,4,6,18,False
2443,17807329663,36,2,3,0,3,31,10,31,24,False
1157,15661502139,3,12,4,0,0,25,13,25,18,False
475,13932780308,24,27,3,0,0,8,1,8,32,False
492,13932780308,41,18,3,0,2,12,31,12,24,False
8610,15167050060,26,5,4,0,2,40,14,40,30,False
5861,18802233956,36,15,4,0,3,17,32,17,9,False
5113,18053307086,40,4,3,0,0,15,10,15,23,False
4794,15797725211,22,2,4,0,0,25,11,25,25,True
13776,19948700293,35,2,3,0,2,3,19,3,3,True
5008,18053307086,36,0,1,0,2,12,31,12,29,False
608,15260233525,5,5,2,0,0,29,9,29,26,False
3741,13130819298,22,7,4,0,1,31,15,31,25,False
11883,18758415613,48,3,4,0,0,33,27,33,29,False
10080,17527328008,50,1,4,0,1,34,8,34,38,False
1106,15661502139,50,11,4,0,1,32,16,32,32,True
8490,15167050060,6,2,4,0,3,32,40,32,32,True
11695,18758415613,10,0,4,0,2,8,21,8,11,False
3948,13670356740,29,13,1,0,2,3,17,3,3,True
9983,17527328008,3,6,4,0,1,1,2,1,18,False
5480,18702113651,6,26,4,0,1,32,24,32,32,True
12213,18765816132,27,7,4,0,1,39,31,39,24,False
6575,19881266563,48,0,4,0,0,24,19,24,18,False
8580,15167050060,46,9,4,0,0,30,1,30,19,False
6460,19881266563,33,4,2,0,1,37,28,37,37,True
4724,15797725211,2,2,3,0,2,3,12,3,9,False
5826,18802233956,1,95,4,0,2,26,16,26,25,False
1952,17623708813,47,11,4,0,1,8,0,8,17,False
286,13513580369,36,3,4,0,3,18,9,18,18,True
2295,17713196465,39,13,4,0,3,28,22,28,18,False
8086,15165929133,3,1,3,0,0,46,38,46,45,False
7426,13401917913,46,3,4,0,3,37,39,37,37,True
13133,19834840803,44,0,4,0,3,3,19,3,3,True
7142,13401917913,12,0,2,0,3,9,33,9,9,True
5257,18053307086,34,2,4,0,3,26,19,26,29,False
2769,18991311567,11,13,3,0,0,10,0,10,10,True
6980,13074255915,1,7,4,0,0,37,21,37,32,False
12932,19550593600,44,6,4,0,2,40,25,40,30,False
11301,18664891854,17,2,3,0,3,2,48,2,18,False
10759,18365196069,27,4,4,0,2,25,45,25,18,False
5871,18802233956,46,6,4,0,3,30,46,30,30,True
10781,18365196069,49,0,4,0,1,25,40,25,18,False
2666,18991311567,9,14,1,0,3,12,13,12,18,False
7710,13943039298,28,6,2,0,3,11,19,11,18,False
2087,17713196465,31,14,3,0,0,17,33,17,17,True
9695,17331496902,16,1,4,0,2,20,39,20,11,False
3776,13130819298,7,19,4,0,0,29,24,29,25,False
1616,17623708813,12,6,1,0,2,31,36,31,18,False
3488,19970957519,20,42,4,0,0,36,9,36,37,False
1086,15661502139,30,1,4,0,2,4,32,4,18,False
9245,16726368276,17,1,4,0,1,38,1,38,18,False
7504,13630678332,23,1,2,0,0,9,33,9,9,True
6799,13074255915,20,4,2,0,3,17,19,17,17,True
1878,17623708813,23,8,4,0,2,39,46,39,15,False
105,13513580369,5,5,3,0,2,38,46,38,38,True
10216,17731093916,35,1,2,0,3,2,32,2,18,False
4905,15797725211,33,8,4,0,1,20,19,20,18,False
13792,19948700293,1,0,4,0,1,8,20,8,12,False
2537,17807329663,30,10,4,0,3,10,26,10,25,False
11145,18636055184,12,2,4,0,1,22,21,22,23,False
6120,19852999776,44,1,2,0,0,40,11,40,30,False
11132,18636055184,49,0,4,0,0,44,43,44,19,False
2392,17807329663,35,4,2,0,1,32,42,32,32,True
1146,15661502139,40,0,4,0,2,30,33,30,10,False
1626,17623708813,22,2,1,0,1,16,15,16,25,False
4759,15797725211,37,3,3,0,2,33,41,33,32,False
8195,15165929133,12,8,4,0,1,41,39,41,23,False
10647,18365196069,15,8,4,0,3,37,31,37,9,False
12541,18989781863,4,5,4,0,1,5,18,5,12,False
4491,15079495784,20,8,4,0,1,11,16,11,18,False
1274,15735414945,20,1,1,0,1,4,47,4,9,False
5495,18702113651,21,4,4,0,2,22,34,22,32,False
7512,13630678332,31,4,2,0,3,17,24,17,9,False
4516,15079495784,45,4,4,0,3,37,25,37,45,False
14054,19948700293,32,25,4,0,1,31,23,31,24,False
5228,18053307086,5,21,4,0,3,2,10,2,9,False
7184,13401917913,4,30,3,0,3,21,24,21,10,False
6889,13074255915,10,1,4,0,3,8,21,8,11,False
2558,17807329663,1,20,4,0,1,9,15,9,9,True
10335,17731093916,4,4,4,0,2,6,20,6,3,False
11214,18664891854,31,3,1,0,0,18,11,18,17,False
8555,15167050060,21,1,4,0,0,41,27,41,19,False
6501,19881266563,24,19,3,0,0,35,1,35,18,False
7035,13074255915,6,5,4,0,3,16,26,16,18,False
1890,17623708813,35,9,4,0,3,2,10,2,9,False
1798,17623708813,43,17,4,0,2,37,44,37,16,False
3343,19970957519,25,5,3,0,1,32,24,32,32,True
5360,18702113651,37,7,1,0,0,42,45,42,29,False
5826,18802233956,1,86,4,0,1,27,16,27,18,False
13525,19859608897,35,4,4,0,1,18,2,18,18,True
12420,18989781863,33,27,4,0,2,13,27,13,10,False
2273,17713196465,17,7,4,0,3,26,6,26,32,False
4476,15079495784,5,36,4,0,2,1,0,1,32,False
1850,17623708813,17,11,4,0,0,18,9,18,18,True
2844,18991311567,36,6,4,0,3,14,41,14,18,False
122,13513580369,22,19,3,0,1,9,0,9,9,True
6777,13074255915,49,1,1,0,2,16,14,16,24,False
13854,19948700293,48,6,3,0,1,36,21,36,24,False
12814,19550593600,26,13,4,0,0,29,21,29,25,False
11059,18636055184,26,8,4,0,2,34,48,34,18,False
11485,18664891854,1,3,4,0,1,46,14,46,38,False
3106,19831701219,39,5,4,0,2,15,33,15,23,False
9046,16630722126,19,2,4,0,0,39,32,39,25,False
7284,13401917913,4,8,4,0,1,38,45,38,38,True
6980,13074255915,1,4,4,0,3,43,21,43,18,False
11262,18664891854,28,1,2,0,1,46,22,46,9,False
12908,19550593600,20,30,4,0,1,9,7,9,9,True
11023,18636055184,40,16,4,0,0,10,2,10,30,False
1799,17623708813,44,18,4,0,2,18,20,18,23,False
3819,13130819298,50,11,4,0,3,25,23,25,25,True
2277,17713196465,21,5,4,0,2,33,42,33,18,False
1765,17623708813,10,87,4,0,1,18,13,18,18,True
1225,15661502139,21,19,4,0,0,17,32,17,17,True
10572,18365196069,40,1,2,0,3,22,18,22,9,False
8499,15167050060,15,6,4,0,2,11,19,11,11,True
3792,13130819298,23,2,4,0,2,2,7,2,24,False
12770,19550593600,29,7,4,0,1,23,22,23,17,False
8586,15167050060,2,2,4,0,2,40,48,40,10,False
3117,19831701219,50,9,4,0,1,38,23,38,18,False
1781,17623708813,26,34,4,0,1,33,37,33,11,False
4829,15797725211,7,2,4,0,1,26,19,26,29,False
5221,18053307086,48,9,4,0,2,16,31,16,9,False
10915,18636055184,32,2,2,0,1,46,42,46,9,False
12443,18989781863,6,8,4,0,0,38,26,38,23,False
3186,19831701219,19,34,4,0,0,29,16,29,25,False
1133,15661502139,27,6,4,0,0,31,18,31,25,False
4900,15797725211,28,5,4,0,2,19,39,19,10,False
4757,15797725211,35,10,3,0,0,11,3,11,32,False
5809,18802233956,34,6,3,0,2,26,33,26,29,False
3710,13130819298,41,1,3,0,1,11,14,11,19,False
7892,13943039298,10,0,4,0,2,3,5,3,3,True
10565,18365196069,33,1,2,0,2,2,0,2,24,False
2509,17807329663,2,22,4,0,1,18,2,18,18,True
2932,19831701219,15,12,2,0,1,19,18,19,19,True
325,13513580369,25,1,4,0,1,27,5,27,18,False
5151,18053307086,28,7,4,0,0,10,9,10,23,False
12289,18989781863,2,0,2,0,3,14,31,14,10,False
1221,15661502139,17,13,4,0,3,11,46,11,11,True
7451,13630678332,21,13,1,0,3,17,24,17,9,False
3055,19831701219,38,3,4,0,2,26,39,26,11,False
261,13513580369,11,18,4,0,0,25,17,25,24,False
13648,19948700293,8,15,1,0,0,23,4,23,23,True
7313,13401917913,33,4,4,0,2,10,4,10,32,False
12748,19550593600,7,8,4,0,2,25,24,25,25,True
4047,13670356740,27,9,3,0,2,18,34,18,18,True
58,13513580369,8,2,2,0,3,29,45,29,29,True
10258,17731093916,27,0,3,0,0,30,24,30,30,True
2829,18991311567,21,13,4,0,1,38,23,38,18,False
7913,13943039298,31,0,4,0,3,1,24,1,18,False
4507,15079495784,36,24,4,0,0,29,2,29,25,False
6384,19881266563,8,0,1,0,0,7,2,7,18,False
11802,18758415613,17,8,4,0,1,34,33,34,18,False
11380,18664891854,46,5,4,0,2,14,22,14,32,False
6625,19881266563,48,1,4,0,3,39,19,39,29,False
9457,17331496902,29,0,1,0,0,31,10,31,25,False
7459,13630678332,29,9,1,0,3,7,8,7,18,False
959,15661502139,3,11,2,0,2,12,25,12,12,True
5091,18053307086,18,0,3,0,1,48,45,48,19,False
3086,19831701219,19,19,4,0,1,19,18,19,19,True
12625,19550593600,38,8,1,0,2,16,8,16,24,False
7248,13401917913,18,6,4,0,2,14,40,14,18,False
1225,15661502139,21,27,4,0,3,25,32,25,25,True
8979,16630722126,2,9,4,0,1,34,27,34,38,False
6639,19881266563,12,9,4,0,0,23,41,23,23,True
2255,17713196465,49,9,4,0,1,19,45,19,19,True
6280,19852999776,4,8,4,0,1,12,23,12,18,False
1090,15661502139,34,4,4,0,2,25,7,25,24,False
3971,13670356740,1,10,2,0,1,12,3,12,18,False
8254,15165929133,21,7,4,0,3,17,12,17,9,False
2300,17713196465,44,6,4,0,0,20,13,20,18,False
3556,19970957519,38,1,4,0,3,14,3,14,25,False
10832,18365196069,50,1,4,0,0,29,8,29,12,False
11661,18758415613,26,6,3,0,1,36,29,36,37,False
6188,19852999776,12,8,4,0,1,27,5,27,17,False
7905,13943039298,23,1,4,0,1,18,24,18,25,False
3111,19831701219,44,20,4,0,0,24,0,24,24,True
11780,18758415613,45,14,4,0,2,33,40,33,32,False
13798,19948700293,7,3,4,0,3,10,12,10,32,False
10798,18365196069,16,6,4,0,2,24,9,24,24,True
13768,19948700293,27,12,3,0,2,25,41,25,18,False
12706,19550593600,18,10,3,0,0,27,20,27,10,False
13919,19948700293,13,6,4,0,2,24,15,24,24,True
522,13932780308,21,1,4,0,3,17,33,17,17,True
13192,19834840803,3,4,4,0,3,8,16,8,3,False
8643,15167050060,9,1,4,0,3,42,39,42,29,False
6634,19881266563,7,9,4,0,1,38,16,38,18,False
3197,19831701219,30,12,4,0,0,20,12,20,18,False
2149,17713196465,43,6,4,0,0,31,21,31,18,False
11108,18636055184,25,9,4,0,2,17,34,17,17,True
3795,13130819298,26,0,4,0,1,25,32,25,18,False
8179,15165929133,46,9,4,0,1,41,47,41,30,False
3418,19970957519,50,28,4,0,1,3,41,3,9,False
2798,18991311567,40,7,3,0,2,37,43,37,26,False
13720,19948700293,29,15,2,0,2,12,19,12,29,False
12344,18989781863,7,11,3,0,3,16,2,16,16,True
258,13513580369,8,12,4,0,2,33,45,33,11,False
9572,17331496902,43,1,3,0,3,31,4,31,16,False
11358,18664891854,24,9,4,0,3,17,19,17,10,False
14058,19948700293,36,9,4,0,0,44,9,44,19,False
10196,17731093916,15,1,2,0,0,11,12,11,25,False
1813,17623708813,8,8,4,0,1,23,8,23,25,False
2307,17807329663,1,44,1,0,2,33,36,33,32,False
6488,19881266563,11,4,3,0,0,22,0,22,19,False
5519,18702113651,45,4,4,0,3,36,18,36,29,False
2270,17713196465,14,12,4,0,0,45,28,45,45,True
11574,18758415613,40,4,1,0,3,40,24,40,30,False
11000,18636055184,17,12,4,0,0,39,27,39,9,False
8489,15167050060,5,20,4,0,3,31,45,31,32,False
7913,13943039298,31,16,4,0,3,17,24,17,17,True
11805,18758415613,20,3,4,0,1,12,30,12,29,False
7133,13401917913,3,3,2,0,0,44,43,44,19,False
12463,18989781863,26,2,4,0,0,33,13,33,37,False
3439,19970957519,21,17,4,0,0,10,2,10,17,False
11524,18664891854,40,5,4,0,1,37,36,37,32,False
8979,16630722126,2,2,4,0,0,46,27,46,29,False
4162,13670356740,42,1,4,0,0,18,23,18,18,True
10040,17527328008,10,6,4,0,2,15,16,15,23,False
5942,18802233956,17,11,4,0,1,29,8,29,25,False
8167,15165929133,34,7,4,0,2,30,39,30,17,False
13569,19859608897,29,4,4,0,2,5,19,5,16,False
5630,18702113651,6,1,4,0,3,46,32,46,29,False
10440,17731093916,9,6,4,0,2,23,47,23,10,False
2718,18991311567,10,1,2,0,3,31,10,31,24,False
12535,18989781863,48,14,4,0,2,34,40,34,18,False
8539,15167050060,5,14,4,0,1,3,0,3,32,False
11272,18664891854,38,1,2,0,1,47,34,47,37,False
2449,17807329663,42,10,3,0,3,28,21,28,18,False
1265,15735414945,11,6,1,0,3,8,7,8,32,False
7847,13943039298,15,38,4,0,2,37,39,37,9,False
6576,19881266563,49,9,4,0,0,30,34,30,30,True
6037,19852999776,12,4,1,0,3,10,31,10,32,False
2982,19831701219,15,3,3,0,2,24,17,24,24,True
12215,18765816132,29,12,4,0,0,15,8,15,18,False
3368,19970957519,50,6,3,0,2,18,27,18,18,True
4855,15797725211,33,11,4,0,2,23,25,23,9,False
10882,18636055184,50,1,1,0,3,22,29,22,10,False
5618,18702113651,44,7,4,0,3,36,39,36,18,False
1145,15661502139,39,11,4,0,2,6,12,6,18,False
12224,18765816132,38,5,4,0,0,31,24,31,18,False
13020,19834840803,31,6,2,0,2,33,40,33,32,False
855,15260233525,50,14,4,0,2,12,46,12,16,False
7289,13401917913,9,7,4,0,1,5,10,5,3,False
8634,15167050060,50,13,4,0,0,31,14,31,18,False
4185,13670356740,15,3,4,0,3,12,10,12,18,False
7249,13401917913,19,19,4,0,0,8,0,8,17,False
13039,19834840803,50,4,2,0,2,4,3,4,16,False
12913,19550593600,25,2,4,0,0,16,9,16,18,False
3067,19831701219,50,27,4,0,2,34,41,34,23,False
1128,15661502139,22,4,4,0,3,8,16,8,18,False
12801,19550593600,13,13,4,0,3,28,7,28,18,False
3787,13130819298,18,29,4,0,0,29,8,29,25,False
8309,15165929133,26,0,4,0,3,14,28,14,10,False
5970,18802233956,45,11,4,0,3,30,27,30,9,False
4300,15079495784,30,2,1,0,2,18,20,18,18,True
3032,19831701219,15,19,4,0,3,25,39,25,25,True
6108,19852999776,32,15,2,0,2,18,32,18,18,True
2971,19831701219,4,2,3,0,2,15,36,15,23,False
2569,17807329663,12,6,4,0,0,15,12,15,9,False
1081,15661502139,25,5,4,0,3,25,44,25,24,False
1148,15661502139,42,13,4,0,0,30,23,30,10,False
5705,18802233956,31,2,1,0,0,30,37,30,30,True
2794,18991311567,36,3,3,0,0,35,22,35,18,False
9672,17331496902,43,2,4,0,2,25,47,25,18,False
10886,18636055184,3,8,2,0,1,32,30,32,32,True
4452,15079495784,31,11,4,0,0,33,18,33,32,False
6661,19881266563,34,9,4,0,3,23,20,23,23,True
13307,19859608897,18,4,1,0,0,37,29,37,32,False
13649,19948700293,9,9,1,0,0,11,4,11,11,True
11714,18758415613,29,5,4,0,2,22,24,22,18,False
12515,18989781863,28,4,4,0,1,31,15,31,18,False
4452,15079495784,31,26,4,0,0,37,18,37,37,True
2562,17807329663,5,24,4,0,2,11,24,11,32,False
8871,16630722126,44,7,3,0,0,25,4,25,32,False
11791,18758415613,6,0,4,0,1,34,13,34,38,False
11453,18664891854,19,12,4,0,3,18,34,18,10,False
6378,19881266563,2,6,1,0,0,29,8,29,29,True
809,15260233525,4,4,4,0,3,11,19,11,11,True
3536,19970957519,18,9,4,0,1,11,8,11,18,False
8198,15165929133,15,1,4,0,0,47,8,47,45,False
1168,15661502139,14,9,4,0,1,11,28,11,12,False
12604,19550593600,17,1,1,0,0,17,9,17,9,False
1547,15735414945,43,11,4,0,3,24,10,24,24,True
9770,17331496902,41,2,4,0,2,18,46,18,10,False
8650,15167050060,16,4,4,0,0,45,24,45,29,False
2752,18991311567,44,0,2,0,1,44,15,44,19,False
1810,17623708813,5,74,4,0,3,26,33,26,25,False
12084,18765816132,48,0,4,0,2,15,25,15,15,True
7810,13943039298,28,16,4,0,1,34,26,34,19,False
10011,17527328008,31,8,4,0,2,30,31,30,9,False
1362,15735414945,7,2,3,0,0,7,9,7,10,False
2875,19831701219,9,15,1,0,3,18,13,18,18,True
3842,13130819298,23,6,4,0,2,13,27,13,10,False
4386,15079495784,15,6,3,0,2,23,21,23,23,True
12220,18765816132,34,17,4,0,3,28,22,28,18,False
2513,17807329663,6,5,4,0,0,30,23,30,10,False
2750,18991311567,42,7,2,0,3,28,15,28,18,False
10063,17527328008,33,4,4,0,2,3,12,3,3,True
11032,18636055184,49,8,4,0,3,10,11,10,17,False
13501,19859608897,11,7,4,0,3,37,24,37,9,False
7697,13943039298,15,0,2,0,1,9,32,9,9,True
4579,15079495784,8,19,4,0,0,25,11,25,23,False
7583,13630678332,2,5,4,0,2,35,42,35,24,False
8361,15167050060,28,14,1,0,3,37,24,37,9,False
5593,18702113651,19,5,4,0,1,12,16,12,18,False
5558,18702113651,34,6,4,0,1,3,0,3,32,False
4002,13670356740,32,2,2,0,1,17,38,17,9,False
10923,18636055184,40,3,2,0,0,28,1,28,25,False
4942,15797725211,20,7,4,0,1,24,22,24,25,False
1447,15735414945,42,5,4,0,0,18,16,18,18,True
6181,19852999776,5,21,4,0,1,18,17,18,18,True
5174,18053307086,1,2,4,0,1,10,15,10,10,True
2059,17713196465,3,2,3,0,1,15,0,15,9,False
3529,19970957519,11,6,4,0,0,24,19,24,24,True
13862,19948700293,6,20,4,0,2,16,14,16,18,False
7434,13630678332,4,1,1,0,3,19,20,19,19,True
8720,16630722126,36,2,1,0,1,32,24,32,32,True
10062,17527328008,32,0,4,0,3,2,20,2,18,False
3282,19970957519,14,7,2,0,1,19,18,19,19,True
1275,15735414945,21,6,1,0,2,6,47,6,9,False
4056,13670356740,36,2,3,0,2,15,38,15,18,False
3164,19831701219,47,11,4,0,3,28,30,28,18,False
5916,18802233956,41,12,4,0,2,40,47,40,32,False
3811,13130819298,42,4,4,0,3,39,11,39,29,False
9371,16726368276,43,16,4,0,2,16,7,16,25,False
9290,16726368276,12,16,4,0,3,32,33,32,3,False
12329,18989781863,42,6,2,0,0,25,18,25,25,True
6537,19881266563,10,0,4,0,3,21,11,21,25,False
13955,19948700293,49,11,4,0,1,15,14,15,18,False
3549,19970957519,31,6,4,0,3,11,32,11,32,False
11374,18664891854,40,7,4,0,2,27,40,27,18,False
2922,19831701219,5,6,2,0,0,10,1,10,30,False
8944,16630722126,17,25,4,0,0,30,24,30,30,True
12663,19550593600,20,8,2,0,2,23,31,23,10,False
5945,18802233956,20,11,4,0,0,13,5,13,19,False
7454,13630678332,24,4,1,0,3,8,10,8,32,False
10689,18365196069,7,2,4,0,0,39,17,39,25,False
5875,18802233956,50,0,4,0,0,34,0,34,25,False
6802,13074255915,23,1,2,0,1,27,45,27,9,False
10479,17731093916,48,2,4,0,3,32,40,32,3,False
3972,13670356740,2,6,2,0,1,12,3,12,18,False
6615,19881266563,38,0,4,0,1,6,31,6,18,False
3701,13130819298,32,24,3,0,0,17,27,17,17,True
5694,18802233956,20,4,1,0,3,8,18,8,32,False
3819,13130819298,50,32,4,0,0,30,23,30,10,False
8442,15167050060,8,1,3,0,1,17,9,17,17,True
1784,17623708813,29,11,4,0,1,20,19,20,18,False
1998,17713196465,43,0,1,0,3,8,20,8,29,False
13620,19859608897,30,7,4,0,2,10,11,10,32,False
1537,15735414945,33,18,4,0,3,31,9,31,31,True
1254,15661502139,50,33,4,0,2,39,46,39,16,False
9492,17331496902,13,0,2,0,3,33,13,33,19,False
145,13513580369,45,8,3,0,2,14,21,14,10,False
3674,13130819298,5,6,3,0,2,28,36,28,18,False
7435,13630678332,5,7,1,0,1,19,20,19,19,True
10795,18365196069,13,4,4,0,0,40,23,40,32,False
930,15661502139,25,5,1,0,3,10,31,10,10,True
6497,19881266563,20,5,3,0,3,10,31,10,10,True
1868,17623708813,13,1,4,0,0,40,10,40,32,False
11161,18636055184,28,5,4,0,0,9,20,9,9,True
880,15260233525,25,15,4,0,1,9,1,9,9,True
7410,13401917913,30,2,4,0,1,27,15,27,18,False
7556,13630678332,25,8,3,0,2,4,0,4,24,False
985,15661502139,29,1,2,0,3,29,37,29,29,True
8561,15167050060,27,10,4,0,2,37,45,37,9,False
2960,19831701219,43,9,2,0,2,14,21,14,10,False
4709,15797725211,37,13,2,0,0,28,9,28,18,False
546,13932780308,45,11,4,0,3,11,5,11,18,False
12515,18989781863,28,26,4,0,1,10,15,10,17,False
10238,17731093916,7,0,3,0,1,8,21,8,18,False
9744,17331496902,15,0,4,0,3,36,39,36,18,False
6707,19881266563,29,23,4,0,2,31,14,31,25,False
13312,19859608897,23,0,1,0,3,14,43,14,10,False
6630,19881266563,3,23,4,0,2,1,24,1,18,False
9188,16726368276,10,5,3,0,0,18,5,18,18,True
3439,19970957519,21,14,4,0,1,12,2,12,18,False
13187,19834840803,48,21,4,0,0,10,9,10,23,False
13122,19834840803,33,3,4,0,2,25,33,25,18,False
4248,13670356740,28,5,4,0,0,32,25,32,32,True
2535,17807329663,28,1,4,0,3,9,33,9,9,True
10640,18365196069,8,0,4,0,3,0,2,0,23,False
11205,18664891854,22,5,1,0,0,38,39,38,9,False
3089,19831701219,22,10,4,0,3,23,24,23,18,False
10006,17527328008,26,0,4,0,3,40,14,40,30,False
11462,18664891854,28,22,4,0,1,1,2,1,18,False
5251,18053307086,28,5,4,0,3,30,43,30,9,False
12530,18989781863,43,7,4,0,2,11,9,11,32,False
221,13513580369,21,3,4,0,1,9,21,9,9,True
5104,18053307086,31,4,3,0,1,32,25,32,32,True
2190,17713196465,34,31,4,0,1,11,6,11,32,False
4137,13670356740,17,48,4,0,0,45,38,45,45,True
4760,15797725211,38,4,3,0,2,18,15,18,18,True
5912,18802233956,37,2,4,0,0,45,16,45,45,True
11033,18636055184,50,3,4,0,3,32,39,32,3,False
7336,13401917913,6,2,4,0,1,32,30,32,32,True
6077,19852999776,1,10,2,0,2,1,0,1,18,False
7419,13401917913,39,6,4,0,0,11,19,11,11,True
9236,16726368276,8,34,4,0,1,12,11,12,18,False
5518,18702113651,44,8,4,0,0,18,16,18,18,True
7287,13401917913,7,17,4,0,3,16,32,16,18,False
8650,15167050060,16,11,4,0,3,40,24,40,30,False
11694,18758415613,9,5,4,0,1,22,21,22,38,False
2227,17713196465,21,3,4,0,1,31,15,31,18,False
414,13932780308,13,3,2,0,1,11,35,11,19,False
3634,13130819298,15,15,2,0,1,36,8,36,37,False
9281,16726368276,3,5,4,0,3,33,40,33,18,False
2147,17713196465,41,9,4,0,0,29,7,29,25,False
9676,17331496902,47,5,4,0,1,29,28,29,26,False
12566,18989781863,29,1,4,0,1,39,17,39,25,False
3155,19831701219,38,34,4,0,1,11,3,11,9,False
6312,19852999776,36,15,4,0,0,19,16,19,32,False
12127,18765816132,41,9,4,0,1,16,0,16,25,False
7392,13401917913,12,12,4,0,2,25,41,25,18,False
12537,18989781863,50,3,4,0,2,23,43,23,10,False
13497,19859608897,7,7,4,0,2,39,48,39,18,False
9841,17527328008,11,53,2,0,0,37,33,37,37,True
9604,17331496902,25,3,4,0,1,45,8,45,29,False
1764,17623708813,9,2,4,0,3,39,48,39,18,False
11018,18636055184,35,15,4,0,0,17,1,17,32,False
3468,19970957519,50,5,4,0,2,26,23,26,25,False
3803,13130819298,34,8,4,0,0,9,19,9,9,True
5146,18053307086,23,11,4,0,3,31,2,31,18,False
13619,19859608897,29,2,4,0,3,39,41,39,18,False
1214,15661502139,10,7,4,0,0,37,30,37,38,False
8579,15167050060,45,6,4,0,0,34,26,34,18,False
2761,18991311567,3,0,3,0,2,15,45,15,15,True
9118,16726368276,41,10,1,0,0,31,24,31,18,False
6380,19881266563,4,0,1,0,0,46,43,46,38,False
13420,19859608897,30,1,3,0,3,45,24,45,45,True
6025,18802233956,50,1,4,0,0,26,13,26,37,False
4795,15797725211,23,2,4,0,2,15,46,15,18,False
10595,18365196069,13,0,3,0,0,19,20,19,19,True
5675,18802233956,1,15,1,0,1,11,7,11,19,False
160,13513580369,10,2,4,0,1,27,19,27,18,False
11715,18758415613,30,15,4,0,0,18,20,18,23,False
8004,15165929133,22,1,1,0,3,47,34,47,37,False
6632,19881266563,5,8,4,0,0,23,15,23,25,False
7307,13401917913,27,17,4,0,0,31,24,31,18,False
10994,18636055184,11,28,4,0,0,22,0,22,32,False
11154,18636055184,21,3,4,0,3,10,5,10,32,False
54,13513580369,4,13,2,0,3,18,17,18,18,True
4258,13670356740,38,25,4,0,3,4,17,4,24,False
1078,15661502139,22,18,4,0,3,9,23,9,32,False
3425,19970957519,7,21,4,0,3,5,24,5,29,False
3863,13130819298,44,29,4,0,0,20,17,20,18,False
1950,17623708813,45,11,4,0,3,32,25,32,32,True
9348,16726368276,20,17,4,0,3,21,30,21,18,False
1924,17623708813,19,37,4,0,0,32,16,32,32,True
14023,19948700293,1,14,4,0,1,24,16,24,24,True
1602,15735414945,48,37,4,0,3,32,7,32,32,True
6293,19852999776,17,8,4,0,3,16,25,16,25,False
5185,18053307086,12,14,4,0,3,10,12,10,32,False
1050,15661502139,44,8,3,0,2,12,26,12,29,False
2181,17713196465,25,20,4,0,1,38,30,38,38,True
4403,15079495784,32,8,3,0,2,6,11,6,18,False
6538,19881266563,11,33,4,0,0,33,20,33,32,False
267,13513580369,17,0,4,0,1,11,8,11,11,True
12118,18765816132,32,1,4,0,0,16,8,16,25,False
9034,16630722126,7,3,4,0,1,39,11,39,24,False
13538,19859608897,48,4,4,0,3,25,27,25,17,False
2714,18991311567,6,2,2,0,3,15,10,15,9,False
1453,15735414945,48,6,4,0,3,18,12,18,18,True
2208,17713196465,2,13,4,0,0,29,15,29,25,False
9603,17331496902,24,5,4,0,3,30,31,30,23,False
9727,17331496902,48,22,4,0,3,39,40,39,18,False
1921,17623708813,16,58,4,0,1,19,24,19,11,False
12285,18989781863,49,3,1,0,3,45,47,45,29,False
11040,18636055184,7,0,4,0,3,30,32,30,30,True
1277,15735414945,23,1,1,0,2,18,26,18,18,True
10898,18636055184,15,1,2,0,1,15,9,15,18,False
1307,15735414945,2,2,2,0,2,0,11,0,18,False
4351,15079495784,30,10,2,0,1,46,36,46,9,False
13140,19834840803,1,1,4,0,1,17,31,17,17,True
5502,18702113651,28,11,4,0,1,20,13,20,18,False
1983,17713196465,28,0,1,0,2,20,2,20,11,False
7372,13401917913,42,18,4,0,3,37,32,37,9,False
2803,18991311567,45,3,3,0,1,9,16,9,9,True
413,13932780308,12,3,2,0,1,12,35,12,12,True
1896,17623708813,41,1,4,0,2,3,47,3,3,True
1817,17623708813,12,8,4,0,3,19,7,19,32,False
5239,18053307086,16,6,4,0,2,18,36,18,18,True
9722,17331496902,43,6,4,0,0,17,9,17,18,False
2076,17713196465,20,11,3,0,2,12,31,12,24,False
13182,19834840803,43,24,4,0,1,41,40,41,30,False
7835,13943039298,3,9,4,0,3,22,48,22,3,False
1461,15735414945,7,1,4,0,0,9,26,9,9,True
13983,19948700293,27,8,4,0,0,38,24,38,9,False
457,13932780308,6,4,3,0,0,25,13,25,25,True
7599,13630678332,18,4,4,0,1,9,0,9,9,True
4017,13670356740,47,5,2,0,3,25,20,25,29,False
1858,17623708813,3,23,4,0,0,15,12,15,17,False
871,15260233525,16,21,4,0,1,22,7,22,23,False
9078,16726368276,1,0,1,0,2,18,24,18,18,True
1101,15661502139,45,29,4,0,3,10,31,10,30,False
2853,18991311567,45,9,4,0,1,15,7,15,18,False
9484,17331496902,5,1,2,0,2,11,15,11,23,False
11331,18664891854,47,9,3,0,0,38,32,38,17,False
2138,17713196465,32,13,4,0,1,17,28,17,23,False
7358,13401917913,28,5,4,0,2,24,2,24,24,True
12738,19550593600,50,2,3,0,2,4,11,4,9,False
8028,15165929133,46,1,1,0,2,23,31,23,10,False
3508,19970957519,40,10,4,0,0,17,18,17,17,True
4237,13670356740,17,12,4,0,3,25,26,25,25,True
13849,19948700293,43,2,3,0,2,7,22,7,10,False
7932,13943039298,50,4,4,0,3,31,40,31,25,False
6722,19881266563,44,14,4,0,2,17,25,17,10,False
14021,19948700293,32,1,4,0,2,38,46,38,9,False
326,13513580369,26,3,4,0,2,26,33,26,25,False
11472,18664891854,38,10,4,0,2,15,40,15,18,False
3345,19970957519,27,13,3,0,0,31,16,31,32,False
7241,13401917913,11,8,4,0,2,39,48,39,18,False
4761,15797725211,39,19,3,0,3,12,13,12,18,False
12753,19550593600,12,17,4,0,1,10,8,10,17,False
1591,15735414945,37,16,4,0,1,30,46,30,9,False
4556,15079495784,35,3,4,0,1,25,16,25,25,True
13774,19948700293,33,4,3,0,1,15,19,15,23,False
7743,13943039298,11,7,3,0,2,34,39,34,18,False
9565,17331496902,36,3,3,0,2,39,38,39,24,False
8145,15165929133,12,9,4,0,3,40,24,40,30,False
6732,13074255915,4,2,1,0,2,13,34,13,30,False
12911,19550593600,23,3,4,0,2,10,4,10,10,True
2577,17807329663,20,30,4,0,2,25,32,25,25,True
3390,19970957519,22,17,4,0,1,44,36,44,37,False
816,15260233525,11,3,4,0,2,6,39,6,23,False
7683,13943039298,1,0,2,0,3,39,14,39,24,False
8300,15165929133,17,22,4,0,2,5,12,5,32,False
6325,19852999776,49,8,4,0,1,3,14,3,32,False
6933,13074255915,4,8,4,0,3,37,31,37,9,False
13096,19834840803,7,15,4,0,0,16,14,16,18,False
11626,18758415613,41,26,2,0,0,12,24,12,29,False
13091,19834840803,2,17,4,0,3,30,46,30,17,False
9269,16726368276,41,27,4,0,0,22,15,22,23,False
3566,19970957519,48,20,4,0,3,25,34,25,18,False
1522,15735414945,18,23,4,0,1,18,11,18,18,True
11848,18758415613,13,11,4,0,2,10,41,10,10,True
13341,19859608897,1,2,2,0,3,25,26,25,10,False
2094,17713196465,38,12,3,0,2,12,19,12,29,False
4972,15797725211,50,3,4,0,3,14,46,14,18,False
13153,19834840803,14,4,4,0,2,16,24,16,9,False
9414,16726368276,36,1,4,0,1,1,43,1,18,False
8222,15165929133,39,3,4,0,0,34,5,34,29,False
2534,17807329663,27,9,4,0,0,38,2,38,18,False
1501,15735414945,47,52,4,0,0,36,16,36,37,False
2222,17713196465,16,15,4,0,0,18,22,18,18,True
1689,17623708813,34,1,2,0,2,6,40,6,18,False
5855,18802233956,30,29,4,0,2,25,33,25,18,False
5876,18802233956,1,1,4,0,1,25,31,25,25,True
11531,18664891854,47,3,4,0,1,30,8,30,32,False
1268,15735414945,14,0,1,0,1,11,4,11,26,False
4743,15797725211,21,8,3,0,2,12,19,12,29,False
1762,17623708813,7,11,4,0,3,14,41,14,18,False
13692,19948700293,1,10,2,0,0,30,14,30,19,False
11358,18664891854,24,4,4,0,3,3,19,3,3,True
9169,16726368276,41,0,2,0,1,47,24,47,32,False
5291,18053307086,18,0,4,0,0,46,9,46,29,False
4420,15079495784,49,4,3,0,0,9,11,9,9,True
9414,16726368276,36,5,4,0,3,14,43,14,32,False
7953,13943039298,21,12,4,0,2,18,24,18,18,True
2750,18991311567,42,6,2,0,0,35,15,35,18,False
6991,13074255915,12,1,4,0,1,40,2,40,30,False
4811,15797725211,39,16,4,0,0,7,0,7,18,False
5314,18053307086,41,16,4,0,3,10,46,10,18,False
7153,13401917913,23,9,2,0,2,12,19,12,37,False
6517,19881266563,40,13,3,0,1,12,17,12,32,False
6793,13074255915,14,2,2,0,1,27,33,27,9,False
1825,17623708813,20,12,4,0,3,26,9,26,32,False
5275,18053307086,2,15,4,0,0,10,1,10,30,False
7969,13943039298,37,8,4,0,2,9,47,9,9,True
5658,18702113651,34,3,4,0,1,11,10,11,19,False
5500,18702113651,26,1,4,0,2,30,33,30,30,True
12885,19550593600,47,1,4,0,0,36,8,36,32,False
7389,13401917913,9,11,4,0,2,18,47,18,10,False
4909,15797725211,37,7,4,0,3,24,16,24,24,True
14018,19948700293,29,4,4,0,2,26,45,26,11,False
2582,17807329663,25,10,4,0,0,43,15,43,18,False
7438,13630678332,8,4,1,0,0,18,12,18,17,False
2371,17807329663,14,5,2,0,0,35,0,35,32,False
12233,18765816132,47,10,4,0,1,27,48,27,18,False
3824,13130819298,5,10,4,0,1,25,36,25,25,True
11014,18636055184,31,3,4,0,0,32,26,32,19,False
6439,19881266563,12,4,2,0,1,33,35,33,32,False
10657,18365196069,25,14,4,0,1,33,20,33,29,False
7288,13401917913,8,17,4,0,2,24,18,24,24,True
9993,17527328008,13,13,4,0,3,33,40,33,32,False
8034,15165929133,1,2,2,0,2,28,32,28,18,False
1024,15661502139,18,15,3,0,2,12,34,12,9,False
4487,15079495784,16,30,4,0,0,38,24,38,18,False
1230,15661502139,26,15,4,0,1,12,15,12,18,False
11848,18758415613,13,23,4,0,2,32,41,32,32,True
7404,13401917913,24,2,4,0,1,41,48,41,11,False
1820,17623708813,15,10,4,0,1,5,10,5,19,False
6599,19881266563,22,10,4,0,2,11,41,11,10,False
11650,18758415613,15,2,3,0,3,2,45,2,18,False
4576,15079495784,5,1,4,0,2,11,15,11,19,False
5358,18702113651,35,1,1,0,3,18,10,18,18,True
3369,19970957519,1,9,4,0,3,9,16,9,9,True
7939,13943039298,7,7,4,0,0,34,5,34,29,False
14092,19948700293,20,3,4,0,3,29,7,29,25,False
4138,13670356740,18,2,4,0,1,48,14,48,9,False
4470,15079495784,49,74,4,0,1,23,29,23,25,False
3963,13670356740,44,8,1,0,3,11,20,11,19,False
5596,18702113651,22,5,4,0,3,37,46,37,29,False
604,15260233525,1,7,2,0,0,31,9,31,24,False
6788,13074255915,9,4,2,0,0,11,6,11,25,False
4507,15079495784,36,32,4,0,0,9,2,9,9,True
6300,19852999776,24,5,4,0,1,38,23,38,38,True
231,13513580369,31,11,4,0,3,18,0,18,18,True
3145,19831701219,28,4,4,0,2,19,33,19,10,False
5522,18702113651,48,11,4,0,1,26,8,26,24,False
11806,18758415613,21,16,4,0,0,20,12,20,18,False
1168,15661502139,14,24,4,0,1,29,28,29,3,False
8927,16630722126,50,11,4,0,1,40,39,40,9,False
13034,19834840803,45,10,2,0,1,15,0,15,38,False
2113,17713196465,7,13,4,0,0,30,17,30,30,True
11433,18664891854,49,8,4,0,3,18,41,18,10,False
4479,15079495784,8,27,4,0,0,46,47,46,23,False
8320,15165929133,37,7,4,0,2,27,40,27,32,False
4267,13670356740,47,14,4,0,1,6,17,6,18,False
7680,13943039298,49,6,1,0,2,34,41,34,18,False
4969,15797725211,47,4,4,0,1,37,30,37,37,True
10747,18365196069,15,3,4,0,3,15,12,15,17,False
12120,18765816132,34,14,4,0,1,23,14,23,23,True
3164,19831701219,47,3,4,0,1,31,30,31,18,False
2394,17807329663,37,0,2,0,0,9,10,9,9,True
9968,17527328008,38,4,4,0,1,8,1,8,32,False
11708,18758415613,23,12,4,0,0,11,12,11,25,False
2738,18991311567,30,3,2,0,3,3,20,3,32,False
793,15260233525,38,16,4,0,0,7,0,7,18,False
6736,13074255915,8,13,1,0,0,27,20,27,10,False
12684,19550593600,41,4,2,0,3,25,26,25,29,False
11331,18664891854,47,10,3,0,3,31,32,31,32,False
11856,18758415613,21,5,4,0,0,23,12,23,23,True
1465,15735414945,11,49,4,0,0,36,9,36,32,False
1289,15735414945,35,3,1,0,0,22,21,22,10,False
6404,19881266563,28,8,1,0,3,18,3,18,18,True
1053,15661502139,47,0,3,0,0,17,9,17,17,True
7793,13943039298,11,6,4,0,0,44,29,44,19,False
11455,18664891854,21,0,4,0,1,30,8,30,32,False
6225,19852999776,49,4,4,0,2,16,8,16,24,False
7059,13074255915,30,1,4,0,2,2,36,2,16,False
1133,15661502139,27,4,4,0,3,37,18,37,37,True
4669,15797725211,48,0,1,0,2,22,46,22,10,False
8723,16630722126,39,5,1,0,3,46,47,46,29,False
13069,19834840803,30,5,3,0,0,12,8,12,19,False
12552,18989781863,15,7,4,0,0,16,8,16,25,False
9761,17331496902,32,0,4,0,3,21,8,21,18,False
11059,18636055184,26,6,4,0,2,33,48,33,32,False
4862,15797725211,40,1,4,0,2,20,17,20,12,False
5274,18053307086,1,13,4,0,2,25,17,25,24,False
2638,17807329663,31,0,4,0,1,41,15,41,29,False
13688,19948700293,48,1,1,0,3,22,11,22,9,False
3152,19831701219,35,3,4,0,1,10,21,10,10,True
6581,19881266563,4,2,4,0,3,39,14,39,24,False
5312,18053307086,39,2,4,0,2,24,9,24,24,True
14040,19948700293,18,12,4,0,1,23,22,23,25,False
8391,15167050060,7,5,2,0,2,10,4,10,32,False
3475,19970957519,7,5,4,0,1,26,9,26,18,False
3026,19831701219,9,11,4,0,3,24,9,24,24,True
10093,17527328008,13,1,4,0,3,22,1,22,32,False
5886,18802233956,11,9,4,0,0,36,30,36,29,False
12241,18989781863,5,1,1,0,1,48,34,48,19,False
3528,19970957519,10,16,4,0,0,18,0,18,18,True
4129,13670356740,9,15,4,0,2,23,44,23,23,True
2202,17713196465,46,15,4,0,0,26,6,26,37,False
11950,18765816132,14,0,2,0,2,18,40,18,18,True
4369,15079495784,48,7,2,0,1,27,5,27,9,False
9701,17331496902,22,6,4,0,1,26,39,26,11,False
3936,13670356740,17,9,1,0,0,21,37,21,25,False
11202,18664891854,19,8,1,0,2,39,48,39,18,False
12145,18765816132,9,3,4,0,0,7,1,7,18,False
3722,13130819298,3,6,4,0,3,22,41,22,3,False
1796,17623708813,41,175,4,0,3,11,0,11,19,False
9250,16726368276,22,5,4,0,3,14,46,14,18,False
11167,18636055184,34,6,4,0,1,43,42,43,18,False
5760,18802233956,35,11,2,0,1,3,1,3,32,False
1427,15735414945,22,3,4,0,1,15,46,15,23,False
13692,19948700293,1,19,2,0,2,7,14,7,18,False
11109,18636055184,26,22,4,0,2,23,28,23,10,False
9265,16726368276,37,1,4,0,2,10,47,10,10,True
1098,15661502139,42,42,4,0,3,18,41,18,18,True
1980,17713196465,25,1,1,0,2,16,36,16,16,True
5257,18053307086,34,10,4,0,0,25,19,25,18,False
2468,17807329663,11,2,4,0,1,16,2,16,16,True
12321,18989781863,34,0,2,0,1,34,13,34,18,False
12327,18989781863,40,7,2,0,1,23,0,23,9,False
12067,18765816132,31,8,4,0,2,31,23,31,24,False
2221,17713196465,15,2,4,0,1,3,0,3,32,False
3027,19831701219,10,1,4,0,3,23,45,23,18,False
13249,19834840803,10,11,4,0,0,16,14,16,24,False
859,15260233525,4,5,4,0,3,18,17,18,18,True
2150,17713196465,44,5,4,0,2,25,38,25,25,True
11168,18636055184,35,10,4,0,3,37,31,37,9,False
6678,19881266563,1,68,4,0,1,30,31,30,30,True
4395,15079495784,24,10,3,0,3,11,46,11,11,True
11090,18636055184,7,5,4,0,3,40,11,40,32,False
704,15260233525,1,17,4,0,2,24,21,24,24,True
12481,18989781863,44,7,4,0,1,18,3,18,18,True
13680,19948700293,40,3,1,0,1,26,33,26,19,False
8692,16630722126,8,0,1,0,2,10,4,10,10,True
12199,18765816132,13,8,4,0,0,11,4,11,18,False
4351,15079495784,30,6,2,0,2,33,36,33,32,False
7941,13943039298,9,8,4,0,0,12,18,12,29,False
2129,17713196465,23,17,4,0,3,11,39,11,11,True
1765,17623708813,10,108,4,0,1,36,13,36,37,False
6596,19881266563,19,46,4,0,1,31,29,31,24,False
13367,19859608897,27,4,2,0,1,34,18,34,9,False
3134,19831701219,17,11,4,0,2,11,46,11,11,True
1880,17623708813,25,5,4,0,1,10,0,10,10,True
12293,18989781863,6,0,2,0,1,38,47,38,17,False
13080,19834840803,41,12,3,0,2,18,39,18,10,False
6372,19852999776,46,5,4,0,1,45,16,45,45,True
2143,17713196465,37,8,4,0,0,32,25,32,32,True
181,13513580369,31,6,4,0,1,37,29,37,38,False
4827,15797725211,5,6,4,0,3,18,0,18,18,True
1857,17623708813,2,31,4,0,0,36,15,36,37,False
8651,15167050060,17,2,4,0,3,36,39,36,18,False
11452,18664891854,18,18,4,0,2,33,39,33,32,False
5488,18702113651,14,21,4,0,0,8,1,8,9,False
11339,18664891854,5,3,4,0,1,30,29,30,32,False
13147,19834840803,8,2,4,0,2,4,9,4,24,False
9587,17331496902,8,2,4,0,2,23,36,23,10,False
6635,19881266563,8,2,4,0,2,17,43,17,23,False
6640,19881266563,13,48,4,0,3,31,30,31,24,False
4013,13670356740,43,11,2,0,0,29,8,29,29,True
5717,18802233956,43,8,1,0,2,16,44,16,16,True
4929,15797725211,7,17,4,0,2,31,38,31,18,False
6468,19881266563,41,1,2,0,3,14,12,14,9,False
9951,17527328008,21,18,4,0,2,23,29,23,23,True
8124,15165929133,41,3,3,0,3,37,39,37,37,True
3523,19970957519,5,16,4,0,2,2,0,2,24,False
5803,18802233956,28,11,3,0,0,25,5,25,18,False
2824,18991311567,16,1,4,0,3,22,32,22,10,False
3380,19970957519,12,28,4,0,1,25,32,25,25,True
3776,13130819298,7,24,4,0,3,8,24,8,32,False
1823,17623708813,18,23,4,0,0,20,11,20,18,False
959,15661502139,3,1,2,0,3,14,25,14,32,False
8120,15165929133,37,9,3,0,1,15,8,15,18,False
11695,18758415613,10,3,4,0,0,9,21,9,30,False
2465,17807329663,8,11,4,0,3,31,18,31,25,False
13432,19859608897,42,1,3,0,1,27,41,27,9,False
4507,15079495784,36,19,4,0,1,36,2,36,32,False
7440,13630678332,10,3,1,0,2,25,41,25,18,False
3670,13130819298,1,5,3,0,2,3,10,3,3,True
14013,19948700293,24,14,4,0,0,23,24,23,23,True
6596,19881266563,19,89,4,0,1,36,29,36,32,False
11792,18758415613,7,7,4,0,1,37,42,37,17,False
11603,18758415613,18,5,2,0,0,11,19,11,11,True
12162,18765816132,26,0,4,0,2,3,5,3,3,True
4539,15079495784,18,3,4,0,3,31,12,31,32,False
4560,15079495784,39,11,4,0,2,37,42,37,18,False
1271,15735414945,17,2,1,0,0,29,22,29,26,False
1864,17623708813,9,24,4,0,1,2,1,2,3,False
5105,18053307086,32,5,3,0,3,16,39,16,18,False
9752,17331496902,23,3,4,0,0,23,2,23,17,False
2208,17713196465,2,2,4,0,2,39,15,39,24,False
12211,18765816132,25,21,4,0,2,7,8,7,18,False
4426,15079495784,5,8,4,0,3,24,11,24,25,False
3418,19970957519,50,22,4,0,2,13,41,13,10,False
6266,19852999776,40,8,4,0,3,32,39,32,32,True
516,13932780308,15,19,4,0,3,18,10,18,18,True
1345,15735414945,40,8,2,0,1,29,36,29,29,True
12931,19550593600,43,0,4,0,2,31,45,31,18,False
3540,19970957519,22,2,4,0,1,12,8,12,18,False
4124,13670356740,4,13,4,0,3,15,10,15,17,False
6372,19852999776,46,13,4,0,3,28,16,28,18,False
5918,18802233956,43,18,4,0,3,4,18,4,25,False
13143,19834840803,4,5,4,0,0,23,19,23,23,True
7801,13943039298,19,16,4,0,0,15,9,15,18,False
3188,19831701219,21,1,4,0,3,8,18,8,32,False
3314,19970957519,46,12,2,0,1,6,5,6,18,False
1303,15735414945,49,2,1,0,2,26,32,26,24,False
6995,13074255915,16,13,4,0,0,11,5,11,18,False
4830,15797725211,8,9,4,0,2,16,47,16,9,False
2162,17713196465,6,26,4,0,3,28,17,28,25,False
8565,15167050060,31,5,4,0,1,39,24,39,25,False
11484,18664891854,50,7,4,0,3,32,33,32,32,True
5835,18802233956,10,13,4,0,2,30,39,30,30,True
206,13513580369,6,5,4,0,3,18,15,18,18,True
12306,18989781863,19,7,2,0,3,4,6,4,25,False
5934,18802233956,9,12,4,0,1,24,12,24,24,True
5141,18053307086,18,4,4,0,1,40,43,40,32,False
3027,19831701219,10,7,4,0,3,29,45,29,29,True
2809,18991311567,1,11,4,0,3,2,46,2,9,False
4890,15797725211,18,12,4,0,1,12,10,12,18,False
6702,19881266563,24,4,4,0,2,17,24,17,17,True
3429,19970957519,11,4,4,0,0,10,7,10,10,True
7867,13943039298,35,7,4,0,2,10,15,10,10,True
7358,13401917913,28,25,4,0,0,10,2,10,17,False
4217,13670356740,47,6,4,0,2,18,32,18,18,True
922,15661502139,17,3,1,0,2,22,36,22,3,False
733,15260233525,28,18,4,0,2,14,21,14,10,False
7375,13401917913,45,9,4,0,3,38,40,38,17,False
10558,18365196069,26,28,2,0,3,37,24,37,37,True
6648,19881266563,21,11,4,0,2,12,18,12,24,False
2458,17807329663,1,2,4,0,2,16,43,16,9,False
1828,17623708813,23,13,4,0,3,17,33,17,9,False
14037,19948700293,15,8,4,0,3,40,38,40,30,False
2593,17807329663,36,21,4,0,0,19,12,19,32,False
6654,19881266563,27,3,4,0,1,31,8,31,25,False
224,13513580369,24,4,4,0,2,30,36,30,30,True
1759,17623708813,4,26,4,0,2,37,43,37,11,False
2488,17807329663,31,22,4,0,2,11,39,11,11,True
9543,17331496902,14,6,3,0,0,25,14,25,18,False
7903,13943039298,21,9,4,0,0,11,13,11,11,True
8489,15167050060,5,8,4,0,1,17,45,17,17,True
10370,17731093916,39,15,4,0,0,22,7,22,30,False
1928,17623708813,23,36,4,0,0,24,16,24,24,True
1924,17623708813,19,39,4,0,0,33,16,33,32,False
11560,18758415613,26,2,1,0,2,4,9,4,23,False
1913,17623708813,8,34,4,0,2,17,47,17,17,True
4283,15079495784,13,6,1,0,3,28,15,28,18,False
3310,19970957519,42,9,2,0,2,31,21,31,24,False
12173,18765816132,37,39,4,0,2,41,48,41,26,False
6179,19852999776,3,6,4,0,1,27,13,27,18,False
11080,18636055184,47,17,4,0,1,2,8,2,12,False
11306,18664891854,22,0,3,0,2,13,33,13,19,False
4640,15797725211,19,14,1,0,3,25,24,25,25,True
11459,18664891854,25,2,4,0,2,3,11,3,3,True
2257,17713196465,1,3,4,0,1,46,30,46,29,False
12052,18765816132,16,17,4,0,1,23,22,23,25,False
2113,17713196465,7,2,4,0,1,1,17,1,18,False
4750,15797725211,28,5,3,0,0,9,10,9,9,True
2162,17713196465,6,5,4,0,0,18,17,18,18,True
6604,19881266563,27,4,4,0,0,17,25,17,17,True
6984,13074255915,5,4,4,0,1,46,31,46,29,False
12368,18989781863,31,10,3,0,1,8,1,8,32,False
10585,18365196069,3,4,3,0,2,15,24,15,23,False
8918,16630722126,41,27,4,0,2,34,48,34,18,False
11655,18758415613,20,0,3,0,1,34,20,34,18,False
12817,19550593600,29,6,4,0,2,39,36,39,24,False
4500,15079495784,29,7,4,0,1,24,15,24,25,False
1822,17623708813,17,3,4,0,1,39,9,39,24,False
12158,18765816132,22,3,4,0,3,19,18,19,19,True
6640,19881266563,13,30,4,0,1,31,30,31,18,False
10674,18365196069,42,17,4,0,3,32,34,32,17,False
3579,13130819298,11,0,1,0,0,44,15,44,19,False
13235,19834840803,46,0,4,0,3,14,4,14,17,False
1154,15661502139,48,6,4,0,3,8,11,8,32,False
8373,15167050060,40,4,1,0,3,25,20,25,25,True
1924,17623708813,19,48,4,0,1,12,16,12,18,False
12994,19834840803,5,1,2,0,3,37,32,37,37,True
7184,13401917913,4,7,3,0,3,22,24,22,32,False
4854,15797725211,32,31,4,0,2,33,39,33,11,False
2236,17713196465,30,8,4,0,0,30,16,30,30,True
5274,18053307086,1,12,4,0,1,25,17,25,25,True
9875,17527328008,45,0,2,0,1,40,24,40,9,False
2796,18991311567,38,2,3,0,3,3,40,3,3,True
7841,13943039298,9,2,4,0,1,8,1,8,32,False
12637,19550593600,50,9,1,0,1,33,47,33,32,False
13397,19859608897,7,7,3,0,1,40,48,40,19,False
1765,17623708813,10,98,4,0,0,24,13,24,18,False
5826,18802233956,1,30,4,0,0,44,16,44,37,False
518,13932780308,17,0,4,0,1,11,7,11,11,True
11502,18664891854,18,2,4,0,0,46,34,46,37,False
3037,19831701219,20,8,4,0,1,19,24,19,10,False
6739,13074255915,11,8,1,0,1,15,28,15,18,False
6410,19881266563,34,0,1,0,0,23,14,23,23,True
988,15661502139,32,15,2,0,3,37,20,37,29,False
10296,17731093916,15,1,4,0,0,20,18,20,11,False
3057,19831701219,40,32,4,0,3,25,34,25,25,True
8495,15167050060,11,4,4,0,2,31,45,31,18,False
11557,18758415613,23,1,1,0,3,8,10,8,32,False
6595,19881266563,18,0,4,0,3,18,20,18,25,False
9080,16726368276,3,2,1,0,2,16,24,16,18,False
1855,17623708813,22,10,4,0,1,25,24,25,25,True
7453,13630678332,23,0,1,0,3,0,10,0,16,False
2695,18991311567,38,2,1,0,1,37,15,37,32,False
8257,15165929133,24,3,4,0,2,8,16,8,9,False
5298,18053307086,25,25,4,0,0,8,1,8,32,False
9091,16726368276,14,9,1,0,2,23,30,23,18,False
3676,13130819298,7,11,3,0,2,28,35,28,18,False
8306,15165929133,23,3,4,0,1,18,14,18,18,True
5530,18702113651,6,89,4,0,0,7,3,7,18,False
8996,16630722126,19,9,4,0,1,33,10,33,37,False
8588,15167050060,4,5,4,0,1,40,32,40,30,False
893,15260233525,38,6,4,0,3,37,46,37,16,False
205,13513580369,5,17,4,0,2,30,24,30,9,False
107,13513580369,7,5,3,0,3,32,19,32,32,True
5528,18702113651,4,9,4,0,3,35,36,35,18,False
6642,19881266563,15,4,4,0,2,7,10,7,10,False
9311,16726368276,33,30,4,0,1,13,17,13,19,False
3460,19970957519,42,20,4,0,2,37,11,37,37,True
3918,13130819298,49,7,4,0,1,18,10,18,18,True
12758,19550593600,17,31,4,0,2,40,46,40,30,False
6513,19881266563,36,11,3,0,0,22,21,22,17,False
646,15260233525,43,1,2,0,0,44,30,44,37,False
3023,19831701219,6,10,4,0,2,32,9,32,32,True
1424,15735414945,19,1,4,0,0,38,18,38,18,False
12846,19550593600,8,11,4,0,1,26,15,26,18,False
4918,15797725211,46,2,4,0,1,18,3,18,18,True
11756,18758415613,21,1,4,0,1,29,8,29,12,False
6395,19881266563,19,42,1,0,1,33,17,33,37,False
5483,18702113651,9,12,4,0,3,18,8,18,18,True
2327,17807329663,21,11,1,0,3,35,31,35,29,False
11902,18765816132,17,6,1,0,3,26,27,26,32,False
11299,18664891854,15,4,3,0,0,41,4,41,30,False
655,15260233525,2,8,3,0,2,23,24,23,9,False
2652,17807329663,45,7,4,0,0,35,22,35,18,False
3420,19970957519,2,31,4,0,3,25,24,25,25,True
2695,18991311567,38,7,1,0,0,22,15,22,19,False
7977,13943039298,45,13,4,0,1,41,46,41,23,False
1219,15661502139,15,3,4,0,1,18,36,18,18,True
4713,15797725211,41,0,2,0,1,37,2,37,37,True
11509,18664891854,25,8,4,0,0,38,24,38,38,True
5439,18702113651,15,18,3,0,0,13,6,13,32,False
9973,17527328008,43,13,4,0,3,33,39,33,32,False
13276,19834840803,37,8,4,0,3,22,36,22,10,False
1774,17623708813,19,14,4,0,1,34,6,34,38,False
2434,17807329663,27,0,3,0,0,9,10,9,9,True
6698,19881266563,20,8,4,0,2,23,46,23,10,False
8021,15165929133,39,2,1,0,2,7,30,7,18,False
3059,19831701219,42,5,4,0,1,33,24,33,18,False
4919,15797725211,47,7,4,0,2,29,45,29,3,False
5567,18702113651,43,9,4,0,2,35,43,35,11,False
4073,13670356740,3,12,4,0,1,15,0,15,18,False
1536,15735414945,32,16,4,0,1,32,37,32,32,True
3789,13130819298,20,6,4,0,0,24,2,24,24,True
3821,13130819298,2,19,4,0,3,39,27,39,29,False
5612,18702113651,38,2,4,0,2,3,25,3,9,False
1778,17623708813,23,4,4,0,2,26,31,26,11,False
8644,15167050060,10,6,4,0,2,31,45,31,18,False
11013,18636055184,30,1,4,0,3,38,47,38,38,True
10714,18365196069,32,5,4,0,1,15,8,15,18,False
13364,19859608897,24,6,2,0,2,15,29,15,10,False
858,15260233525,3,6,4,0,1,17,16,17,23,False
14013,19948700293,24,4,4,0,1,46,24,46,29,False
9670,17331496902,41,5,4,0,0,46,40,46,23,False
11532,18664891854,48,10,4,0,1,27,48,27,18,False
1434,15735414945,29,4,4,0,2,16,36,16,24,False
9054,16630722126,27,1,4,0,0,30,32,30,30,True
5179,18053307086,6,14,4,0,1,33,15,33,18,False
9588,17331496902,9,6,4,0,1,25,45,25,18,False
2415,17807329663,8,21,3,0,2,31,38,31,18,False
8015,15165929133,33,3,1,0,1,18,9,18,18,True
3103,19831701219,36,10,4,0,1,45,37,45,45,True
11082,18636055184,49,8,4,0,1,37,36,37,32,False
994,15661502139,38,6,2,0,0,29,0,29,29,True
9957,17527328008,27,7,4,0,2,37,46,37,9,False
10969,18636055184,36,3,3,0,1,8,0,8,9,False
11500,18664891854,16,7,4,0,3,25,46,25,25,True
11686,18758415613,1,4,4,0,0,19,26,19,19,True
4952,15797725211,30,3,4,0,1,38,21,38,18,False
8471,15167050060,37,15,3,0,0,30,9,30,9,False
11404,18664891854,20,4,4,0,0,34,27,34,19,False
4308,15079495784,38,3,1,0,1,36,16,36,37,False
5304,18053307086,31,11,4,0,3,16,39,16,18,False
12365,18989781863,28,7,3,0,0,27,13,27,17,False
10403,17731093916,22,9,4,0,0,18,12,18,17,False
1173,15661502139,19,0,4,0,0,23,15,23,25,False
1243,15661502139,39,0,4,0,1,12,0,12,12,True
12475,18989781863,38,2,4,0,0,40,20,40,32,False
5925,18802233956,50,1,4,0,2,15,19,15,23,False
11956,18765816132,20,1,2,0,2,4,9,4,9,False
3692,13130819298,23,6,3,0,2,16,24,16,16,True
6646,19881266563,19,12,4,0,2,31,16,31,24,False
12175,18765816132,39,7,4,0,3,18,5,18,18,True
12389,18989781863,2,4,4,0,1,45,31,45,45,True
2688,18991311567,31,10,1,0,1,3,1,3,32,False
7745,13943039298,13,10,3,0,3,7,8,7,18,False
10638,18365196069,6,11,4,0,0,31,26,31,25,False
5512,18702113651,38,4,4,0,1,24,22,24,25,False
1403,15735414945,48,14,3,0,0,9,17,9,9,True
4230,13670356740,10,10,4,0,2,12,25,12,3,False
6598,19881266563,21,12,4,0,3,10,25,10,25,False
12128,18765816132,42,7,4,0,1,41,47,41,23,False
1575,15735414945,21,16,4,0,1,26,11,26,32,False
3017,19831701219,50,20,3,0,1,4,27,4,9,False
5975,18802233956,50,32,4,0,2,18,31,18,3,False
3839,13130819298,20,12,4,0,1,22,0,22,32,False
7845,13943039298,13,2,4,0,1,25,9,25,25,True
3083,19831701219,16,19,4,0,3,37,32,37,16,False
9123,16726368276,46,5,1,0,1,36,42,36,32,False
9536,17331496902,7,12,3,0,2,12,19,12,18,False
635,15260233525,32,5,2,0,0,9,3,9,9,True
8240,15165929133,7,7,4,0,2,40,48,40,30,False
10946,18636055184,13,1,3,0,2,0,39,0,16,False
4167,13670356740,47,17,4,0,3,18,19,18,18,True
4460,15079495784,39,7,4,0,0,29,6,29,29,True
2198,17713196465,42,2,4,0,0,25,2,25,25,True
2663,18991311567,6,5,1,0,1,2,1,2,23,False
10308,17731093916,27,5,4,0,2,5,19,5,16,False
6680,19881266563,2,5,4,0,2,22,46,22,17,False
1120,15661502139,14,41,4,0,1,3,1,3,32,False
12319,18989781863,32,1,2,0,2,34,13,34,18,False
8262,15165929133,29,15,4,0,3,39,20,39,29,False
8171,15165929133,38,3,4,0,1,13,12,13,19,False
13922,19948700293,16,20,4,0,0,31,24,31,18,False
1384,15735414945,29,7,3,0,0,33,17,33,32,False
8562,15167050060,28,1,4,0,3,1,38,1,18,False
2834,18991311567,26,9,4,0,1,26,16,26,32,False
2584,17807329663,27,3,4,0,0,30,19,30,23,False
13573,19859608897,33,4,4,0,0,32,17,32,32,True
6375,19852999776,49,7,4,0,3,25,33,25,18,False
5124,18053307086,1,25,4,0,0,44,21,44,32,False
6707,19881266563,29,18,4,0,1,31,14,31,18,False
3970,13670356740,51,2,1,0,2,38,25,38,38,True
7897,13943039298,15,9,4,0,1,22,43,22,3,False
535,13932780308,34,11,4,0,3,30,41,30,17,False
7125,13401917913,46,10,1,0,3,12,33,12,29,False
3381,19970957519,13,3,4,0,3,15,18,15,23,False
8316,15165929133,33,0,4,0,2,6,8,6,18,False
10240,17731093916,9,2,3,0,2,13,27,13,10,False
9446,17331496902,18,5,1,0,1,34,33,34,3,False
13162,19834840803,23,9,4,0,2,23,24,23,9,False
9537,17331496902,8,1,3,0,2,0,46,0,16,False
1285,15735414945,31,26,1,0,1,40,39,40,30,False
1439,15735414945,34,4,4,0,2,26,39,26,25,False
1127,15661502139,21,1,4,0,3,22,19,22,23,False
5257,18053307086,34,3,4,0,0,27,19,27,32,False
7949,13943039298,17,7,4,0,1,15,9,15,18,False
4495,15079495784,24,24,4,0,2,19,5,19,32,False
5527,18702113651,3,7,4,0,1,20,13,20,18,False
589,15260233525,37,7,1,0,2,18,16,18,18,True
9745,17331496902,16,1,4,0,1,18,8,18,18,True
1472,15735414945,18,2,4,0,0,18,10,18,18,True
12732,19550593600,44,3,3,0,3,36,21,36,32,False
4254,13670356740,34,15,4,0,1,15,7,15,18,False
11991,18765816132,5,1,3,0,2,15,6,15,23,False
7883,13943039298,1,5,4,0,1,4,10,4,3,False
609,15260233525,6,15,2,0,2,18,47,18,18,True
5776,18802233956,1,0,3,0,0,46,10,46,29,False
10632,18365196069,50,1,3,0,2,15,36,15,23,False
5881,18802233956,6,4,4,0,2,33,43,33,18,False
1222,15661502139,18,0,4,0,1,27,9,27,18,False
6322,19852999776,46,4,4,0,3,2,11,2,32,False
10849,18636055184,17,3,1,0,3,37,24,37,9,False
9764,17331496902,35,14,4,0,0,14,2,14,18,False
5928,18802233956,3,9,4,0,0,20,12,20,18,False
2596,17807329663,39,27,4,0,0,44,46,44,29,False
10851,18636055184,19,0,1,0,2,10,20,10,10,True
8872,16630722126,45,8,3,0,0,38,39,38,9,False
11467,18664891854,33,3,4,0,0,47,27,47,29,False
984,15661502139,28,4,2,0,2,28,37,28,18,False
7013,13074255915,34,4,4,0,3,14,29,14,32,False
2477,17807329663,20,1,4,0,1,25,23,25,25,True
12227,18765816132,41,13,4,0,3,38,45,38,38,True
11361,18664891854,27,17,4,0,2,26,34,26,26,True
3298,19970957519,30,0,2,0,1,37,8,37,37,True
12855,19550593600,17,12,4,0,2,20,33,20,11,False
11055,18636055184,22,31,4,0,0,20,4,20,18,False
5191,18053307086,18,11,4,0,3,29,23,29,29,True
6234,19852999776,8,13,4,0,3,18,13,18,18,True
3359,19970957519,41,8,3,0,0,17,47,17,9,False
9792,17527328008,13,9,1,0,2,25,30,25,25,True
6264,19852999776,38,18,4,0,3,36,38,36,32,False
2913,19831701219,47,0,1,0,2,18,38,18,18,True
13609,19859608897,19,0,4,0,1,46,10,46,29,False
10629,18365196069,47,0,3,0,3,33,48,33,19,False
4293,15079495784,23,13,1,0,1,48,39,48,45,False
12401,18989781863,14,1,4,0,2,20,24,20,12,False
2835,18991311567,27,14,4,0,0,18,3,18,18,True
7854,13943039298,22,2,4,0,2,4,18,4,3,False
6260,19852999776,34,11,4,0,2,11,18,11,32,False
8934,16630722126,7,8,4,0,1,34,1,34,38,False
13255,19834840803,16,11,4,0,2,4,9,4,24,False
11624,18758415613,39,1,2,0,2,16,1,16,24,False
8674,15167050060,40,8,4,0,2,25,24,25,25,True
11517,18664891854,33,8,4,0,0,44,25,44,37,False
7275,13401917913,45,1,4,0,2,7,22,7,18,False
4254,13670356740,34,14,4,0,0,22,7,22,32,False
8254,15165929133,21,0,4,0,0,29,12,29,29,True
689,15260233525,36,17,3,0,1,17,20,17,17,True
13165,19834840803,26,1,4,0,3,21,14,21,25,False
11321,18664891854,37,0,3,0,1,40,31,40,30,False
12527,18989781863,40,25,4,0,1,16,9,16,18,False
4841,15797725211,19,40,4,0,1,17,16,17,10,False
1522,15735414945,18,22,4,0,0,18,11,18,18,True
11158,18636055184,25,7,4,0,3,16,2,16,16,True
5527,18702113651,3,0,4,0,3,32,13,32,32,True
5486,18702113651,12,21,4,0,0,29,14,29,25,False
14004,19948700293,15,9,4,0,2,31,46,31,18,False
1004,15661502139,48,8,2,0,1,36,42,36,32,False
5880,18802233956,5,16,4,0,1,38,37,38,23,False
8505,15167050060,21,8,4,0,2,22,46,22,3,False
6248,19852999776,22,12,4,0,2,30,19,30,9,False
2796,18991311567,38,1,3,0,3,2,40,2,18,False
8168,15165929133,35,10,4,0,0,23,1,23,17,False
4379,15079495784,8,6,3,0,0,31,14,31,24,False
9137,16726368276,9,5,2,0,0,11,6,11,25,False
12176,18765816132,40,6,4,0,1,37,42,37,17,False
1527,15735414945,23,0,4,0,2,21,33,21,25,False
5258,18053307086,35,12,4,0,1,17,25,17,10,False
7421,13401917913,41,5,4,0,3,0,11,0,32,False
3155,19831701219,38,23,4,0,1,20,3,20,18,False
3584,13130819298,16,31,1,0,2,6,20,6,18,False
9173,16726368276,45,0,2,0,1,40,24,40,9,False
9678,17331496902,49,7,4,0,2,7,16,7,10,False
1017,15661502139,11,6,3,0,0,19,11,19,32,False
9517,17331496902,38,11,2,0,0,7,0,7,18,False
5242,18053307086,19,19,4,0,2,16,14,16,24,False
580,15260233525,28,13,1,0,3,26,20,26,29,False
8785,16630722126,50,9,2,0,3,25,47,25,18,False
13893,19948700293,37,6,4,0,2,2,0,2,11,False
7603,13630678332,22,20,4,0,3,32,41,32,32,True
2336,17807329663,30,0,1,0,1,27,11,27,18,False
8914,16630722126,37,25,4,0,2,27,34,27,32,False
9184,16726368276,6,16,3,0,0,10,8,10,10,True
10780,18365196069,48,10,4,0,1,23,15,23,23,True
6208,19852999776,32,10,4,0,3,16,27,16,18,False
3377,19970957519,9,10,4,0,3,24,9,24,24,True
10033,17527328008,3,0,4,0,2,3,24,3,3,True
6258,19852999776,32,0,4,0,0,29,32,29,29,True
5530,18702113651,6,189,4,0,3,30,3,30,19,False
7559,13630678332,28,1,3,0,2,12,40,12,29,False
7777,13943039298,45,6,3,0,1,3,2,3,32,False
1221,15661502139,17,14,4,0,2,12,46,12,24,False
1999,17713196465,44,4,1,0,0,30,20,30,30,True
11033,18636055184,50,7,4,0,2,31,39,31,18,False
12219,18765816132,33,5,4,0,1,25,15,25,18,False
7277,13401917913,47,9,4,0,2,27,34,27,10,False
5065,18053307086,42,8,2,0,3,2,20,2,32,False
8101,15165929133,18,7,3,0,1,33,17,33,37,False
11172,18636055184,39,12,4,0,0,16,7,16,25,False
12930,19550593600,42,14,4,0,2,25,39,25,25,True
4177,13670356740,7,2,4,0,1,27,9,27,18,False
2119,17713196465,13,4,4,0,1,27,2,27,18,False
1416,15735414945,11,0,4,0,2,14,33,14,10,False
655,15260233525,2,9,3,0,1,30,24,30,9,False
952,15661502139,47,4,1,0,3,18,16,18,18,True
10482,18365196069,1,3,1,0,1,37,43,37,19,False
12097,18765816132,11,0,4,0,2,12,16,12,29,False
2066,17713196465,10,6,3,0,2,18,47,18,18,True
2192,17713196465,36,39,4,0,3,8,9,8,32,False
6621,19881266563,44,40,4,0,2,29,20,29,25,False
4913,15797725211,41,35,4,0,3,25,47,25,25,True
6194,19852999776,18,3,4,0,3,29,25,29,29,True
6325,19852999776,49,1,4,0,0,23,14,23,23,True
9661,17331496902,32,6,4,0,0,27,20,27,32,False
6340,19852999776,14,10,4,0,0,19,29,19,32,False
10539,18365196069,7,9,2,0,3,28,8,28,18,False
12191,18765816132,5,9,4,0,3,17,25,17,9,False
1421,15735414945,16,9,4,0,1,33,47,33,25,False
13347,19859608897,7,3,2,0,0,46,40,46,37,False
11728,18758415613,43,2,4,0,3,17,39,17,17,True
3177,19831701219,10,10,4,0,0,32,2,32,32,True
4805,15797725211,33,23,4,0,0,20,2,20,18,False
9688,17331496902,9,7,4,0,0,18,12,18,9,False
4322,15079495784,1,3,2,0,0,26,9,26,32,False
1811,17623708813,6,0,4,0,3,8,23,8,18,False
4197,13670356740,27,8,4,0,0,29,2,29,29,True
5182,18053307086,9,17,4,0,0,13,6,13,32,False
7078,13074255915,49,3,4,0,1,39,24,39,24,False
6993,13074255915,14,4,4,0,1,19,18,19,19,True
2427,17807329663,20,0,3,0,1,26,16,26,26,True
10809,18365196069,27,18,4,0,3,17,5,17,32,False
3372,19970957519,4,5,4,0,2,23,15,23,25,False
9184,16726368276,6,10,3,0,1,17,8,17,17,True
13258,19834840803,19,0,4,0,3,39,33,39,18,False
2595,17807329663,38,27,4,0,1,15,14,15,18,False
6470,19881266563,43,0,2,0,0,27,12,27,18,False
19,13513580369,20,2,1,0,1,3,8,3,32,False
13908,19948700293,2,4,4,0,2,38,40,38,9,False
7071,13074255915,42,10,4,0,2,32,44,32,32,True
11819,18758415613,34,11,4,0,3,45,46,45,29,False
5483,18702113651,9,26,4,0,1,30,8,30,9,False
9676,17331496902,47,4,4,0,1,30,28,30,32,False
13650,19948700293,10,9,1,0,1,8,0,8,9,False
5907,18802233956,32,18,4,0,3,28,2,28,18,False
1152,15661502139,46,30,4,0,3,25,24,25,25,True
12087,18765816132,1,21,4,0,0,22,14,22,30,False
3097,19831701219,30,14,4,0,0,46,3,46,10,False
9804,17527328008,25,15,1,0,1,5,9,5,19,False
794,15260233525,39,3,4,0,2,4,11,4,32,False
1794,17623708813,39,2,4,0,0,9,17,9,9,True
4265,13670356740,45,12,4,0,3,37,32,37,37,True
9398,16726368276,20,19,4,0,2,5,19,5,16,False
8963,16630722126,36,18,4,0,2,30,43,30,3,False
7384,13401917913,4,8,4,0,0,46,39,46,23,False
2325,17807329663,19,15,1,0,0,30,31,30,30,True
4740,15797725211,18,17,3,0,0,15,20,15,17,False
6466,19881266563,39,1,2,0,3,31,11,31,32,False
9492,17331496902,13,3,2,0,2,34,13,34,9,False
11088,18636055184,5,17,4,0,1,23,7,23,23,True
11025,18636055184,42,11,4,0,2,37,46,37,9,False
13004,19834840803,15,3,2,0,2,9,28,9,30,False
11357,18664891854,23,6,4,0,0,19,22,19,19,True
1810,17623708813,5,4,4,0,3,12,33,12,29,False
799,15260233525,44,7,4,0,3,18,2,18,18,True
3859,13130819298,40,40,4,0,0,22,17,22,23,False
13666,19948700293,26,1,1,0,2,39,22,39,24,False
9605,17331496902,26,0,4,0,3,29,32,29,29,True
2889,19831701219,23,4,1,0,1,9,1,9,9,True
5499,18702113651,25,3,4,0,0,31,14,31,18,False
1797,17623708813,42,44,4,0,0,24,10,24,24,True
5756,18802233956,31,7,2,0,0,22,1,22,19,False
3338,19970957519,20,7,3,0,3,16,25,16,16,True
9750,17331496902,21,8,4,0,0,37,22,37,31,False
2129,17713196465,23,11,4,0,3,16,39,16,18,False
404,13932780308,3,4,2,0,2,24,13,24,25,False
11184,18664891854,1,3,1,0,3,16,24,16,16,True
9710,17331496902,31,3,4,0,1,15,0,15,17,False
2465,17807329663,8,16,4,0,0,25,18,25,23,False
11533,18664891854,49,0,4,0,2,15,36,15,18,False
11479,18664891854,45,1,4,0,3,14,40,14,10,False
557,15260233525,5,7,1,0,0,17,7,17,30,False
9110,16726368276,33,0,1,0,2,4,14,4,24,False
7009,13074255915,30,9,4,0,3,2,41,2,9,False
9809,17527328008,30,0,1,0,2,24,30,24,25,False
5921,18802233956,46,11,4,0,1,4,3,4,9,False
12293,18989781863,6,2,2,0,3,44,47,44,37,False
10397,17731093916,16,1,4,0,1,16,14,16,18,False
6519,19881266563,42,1,3,0,0,10,1,10,10,True
651,15260233525,48,8,2,0,1,12,5,12,18,False
2747,18991311567,39,5,2,0,3,25,31,25,25,True
2628,17807329663,21,26,4,0,1,1,0,1,18,False
10776,18365196069,44,0,4,0,0,40,3,40,32,False
12140,18765816132,4,7,4,0,0,46,26,46,29,False
8236,15165929133,3,6,4,0,0,31,22,31,18,False
4776,15797725211,4,1,4,0,1,17,44,17,17,True
4454,15079495784,33,1,4,0,0,45,9,45,45,True
4883,15797725211,11,17,4,0,3,29,30,29,29,True
1739,17623708813,34,9,3,0,3,37,31,37,37,True
4502,15079495784,31,3,4,0,2,2,32,2,18,False
5941,18802233956,16,14,4,0,2,26,36,26,24,False
4740,15797725211,18,18,3,0,3,8,20,8,32,False
1477,15735414945,23,0,4,0,2,16,33,16,18,False
5320,18053307086,47,6,4,0,3,22,30,22,18,False
5407,18702113651,33,4,2,0,3,18,1,18,18,True
5797,18802233956,22,2,3,0,3,37,41,37,37,True
6162,19852999776,36,8,3,0,3,35,36,35,32,False
10923,18636055184,40,2,2,0,1,29,1,29,32,False
10032,17527328008,2,2,4,0,0,22,36,22,10,False
2107,17713196465,1,10,4,0,0,14,7,14,18,False
7006,13074255915,27,33,4,0,0,48,40,48,29,False
8423,15167050060,39,2,2,0,0,35,7,35,18,False
1573,15735414945,19,41,4,0,0,29,16,29,25,False
4441,15079495784,20,5,4,0,1,17,0,17,17,True
1797,17623708813,42,27,4,0,0,24,10,24,25,False
7684,13943039298,2,4,2,0,2,16,14,16,24,False
804,15260233525,49,1,4,0,3,9,33,9,9,True
3105,19831701219,38,0,4,0,2,39,38,39,12,False
3058,19831701219,41,5,4,0,1,10,31,10,10,True
1713,17623708813,8,0,3,0,0,38,6,38,37,False
2133,17713196465,27,8,4,0,2,6,12,6,18,False
7334,13401917913,4,2,4,0,1,27,18,27,18,False
2586,17807329663,29,24,4,0,0,10,2,10,23,False
4902,15797725211,30,6,4,0,2,22,20,22,9,False
13886,19948700293,30,10,4,0,0,24,9,24,24,True
3410,19970957519,42,29,4,0,0,17,24,17,9,False
8538,15167050060,4,7,4,0,3,31,40,31,25,False
1607,17623708813,3,1,1,0,0,25,11,25,25,True
10561,18365196069,29,5,2,0,0,38,24,38,18,False
4384,15079495784,13,12,3,0,0,12,17,12,18,False
14093,19948700293,21,2,4,0,2,20,33,20,11,False
11022,18636055184,39,3,4,0,3,9,38,9,9,True
6722,19881266563,44,35,4,0,1,26,25,26,32,False
12087,18765816132,1,11,4,0,3,28,14,28,18,False
1488,15735414945,34,25,4,0,0,22,21,22,18,False
7256,13401917913,26,1,4,0,2,31,40,31,18,False
7090,13401917913,11,6,1,0,0,17,9,17,9,False
4459,15079495784,38,2,4,0,1,46,43,46,38,False
741,15260233525,36,12,4,0,1,19,24,19,11,False
1449,15735414945,44,5,4,0,2,22,40,22,3,False
5259,18053307086,36,16,4,0,2,10,9,10,23,False
7320,13401917913,40,0,4,0,0,16,1,16,25,False
12523,18989781863,36,7,4,0,0,41,34,41,30,False
316,13513580369,16,9,4,0,1,15,14,15,18,False
8497,15167050060,13,15,4,0,3,31,39,31,25,False
2279,17713196465,23,10,4,0,1,29,33,29,29,True
3629,13130819298,10,1,2,0,1,11,44,11,11,True
6634,19881266563,7,14,4,0,1,36,16,36,29,False
8501,15167050060,17,5,4,0,1,41,40,41,30,False
857,15260233525,2,10,4,0,1,4,1,4,23,False
2761,18991311567,3,11,3,0,3,44,45,44,37,False
2163,17713196465,7,8,4,0,0,18,22,18,18,True
4116,13670356740,46,19,4,0,0,35,7,35,18,False
4792,15797725211,20,8,4,0,3,19,20,19,19,True
4782,15797725211,10,3,4,0,2,16,33,16,9,False
3181,19831701219,14,20,4,0,3,28,2,28,18,False
4552,15079495784,31,16,4,0,0,29,7,29,25,False
2870,19831701219,4,4,1,0,0,21,16,21,25,False
2690,18991311567,33,7,1,0,0,10,1,10,30,False
11336,18664891854,2,4,4,0,1,9,15,9,9,True
5826,18802233956,1,59,4,0,0,24,16,24,25,False
4528,15079495784,7,17,4,0,3,5,18,5,29,False
5173,18053307086,50,8,4,0,0,27,6,27,32,False
13090,19834840803,1,20,4,0,2,33,39,33,32,False
5980,18802233956,5,0,4,0,2,18,42,18,18,True
3911,13130819298,42,16,4,0,0,46,41,46,23,False
12075,18765816132,39,3,4,0,0,32,5,32,32,True
9312,16726368276,34,11,4,0,2,23,29,23,10,False
13897,19948700293,41,8,4,0,1,34,20,34,38,False
5795,18802233956,20,5,3,0,2,16,7,16,25,False
6076,19852999776,51,5,1,0,3,25,27,25,25,True
11011,18636055184,28,9,4,0,2,3,11,3,3,True
4249,13670356740,29,7,4,0,2,32,11,32,32,True
14044,19948700293,22,3,4,0,1,31,9,31,25,False
9814,17527328008,35,0,1,0,3,8,12,8,37,False
13744,19948700293,3,11,3,0,2,15,39,15,10,False
4716,15797725211,44,0,2,0,0,40,2,40,30,False
1985,17713196465,30,5,1,0,0,19,2,19,32,False
6360,19852999776,34,14,4,0,2,10,21,10,10,True
5530,18702113651,6,156,4,0,2,35,3,35,18,False
3171,19831701219,4,1,4,0,0,39,10,39,25,False
8364,15167050060,31,4,1,0,0,30,17,30,19,False
10432,17731093916,1,0,4,0,1,13,24,13,11,False
8204,15165929133,21,2,4,0,0,37,31,37,45,False
5054,18053307086,31,12,2,0,2,35,46,35,29,False
5498,18702113651,24,32,4,0,1,1,0,1,32,False
1823,17623708813,18,16,4,0,0,26,11,26,32,False
4519,15079495784,48,7,4,0,3,15,34,15,10,False
3395,19970957519,27,12,4,0,0,32,17,32,32,True
12291,18989781863,4,4,2,0,1,45,31,45,45,True
2806,18991311567,48,7,3,0,0,25,2,25,18,False
3775,13130819298,6,4,4,0,0,18,36,18,18,True
550,13932780308,49,32,4,0,3,25,34,25,18,False
3292,19970957519,24,2,2,0,2,2,0,2,11,False
3116,19831701219,49,17,4,0,0,17,25,17,17,True
3319,19970957519,1,7,3,0,0,23,31,23,23,True
341,13513580369,41,10,4,0,3,35,37,35,18,False
2023,17713196465,17,7,2,0,3,16,18,16,16,True
12757,19550593600,16,1,4,0,3,31,10,31,25,False
1828,17623708813,23,14,4,0,2,17,33,17,9,False
5819,18802233956,44,0,3,0,1,17,25,17,17,True
13422,19859608897,32,0,3,0,0,25,22,25,25,True
8464,15167050060,30,22,3,0,2,25,39,25,18,False
13923,19948700293,17,0,4,0,3,43,39,43,18,False
7745,13943039298,13,6,3,0,0,22,8,22,17,False
1758,17623708813,3,19,4,0,0,24,0,24,24,True
6879,13074255915,50,8,3,0,3,4,12,4,16,False
4638,15797725211,17,3,1,0,2,33,39,33,32,False
5913,18802233956,38,13,4,0,3,5,41,5,8,False
12804,19550593600,16,23,4,0,0,31,24,31,18,False
14072,19948700293,50,14,4,0,0,37,24,37,29,False
5950,18802233956,25,11,4,0,3,42,43,42,29,False
1746,17623708813,41,14,3,0,2,38,46,38,17,False
5445,18702113651,21,2,3,0,1,15,21,15,18,False
9087,16726368276,10,8,1,0,3,14,28,14,18,False
1797,17623708813,42,156,4,0,2,24,10,24,24,True
6570,19881266563,43,22,4,0,0,32,14,32,32,True
8262,15165929133,29,9,4,0,3,47,20,47,29,False
4302,15079495784,32,0,1,0,2,22,23,22,17,False
1582,15735414945,28,10,4,0,3,14,39,14,18,False
7861,13943039298,29,1,4,0,1,34,5,34,38,False
12780,19550593600,39,2,4,0,3,9,31,9,9,True
13660,19948700293,20,2,1,0,1,45,37,45,45,True
8489,15167050060,5,14,4,0,0,44,45,44,45,False
11473,18664891854,39,15,4,0,3,22,24,22,32,False
12111,18765816132,25,10,4,0,0,45,24,45,29,False
9151,16726368276,23,6,2,0,1,38,45,38,38,True
1393,15735414945,38,0,3,0,2,12,26,12,12,True
1757,17623708813,2,5,4,0,1,12,3,12,18,False
8729,16630722126,45,0,1,0,0,19,27,19,19,True
6433,19881266563,6,11,2,0,0,9,17,9,9,True
5135,18053307086,12,1,4,0,1,46,42,46,38,False
1177,15661502139,23,26,4,0,2,18,33,18,23,False
8214,15165929133,31,1,4,0,0,35,2,35,18,False
1069,15661502139,13,5,4,0,1,26,6,26,29,False
5731,18802233956,6,3,2,0,1,44,43,44,32,False
8473,15167050060,39,10,3,0,2,2,9,2,9,False
7332,13401917913,2,12,4,0,0,25,20,25,17,False
3023,19831701219,6,5,4,0,3,31,9,31,24,False
1814,17623708813,9,9,4,0,3,17,41,17,17,True
8789,16630722126,4,2,3,0,1,45,30,45,45,True
8961,16630722126,34,4,4,0,0,14,6,14,9,False
2251,17713196465,45,21,4,0,2,33,39,33,11,False
3843,13130819298,24,11,4,0,1,31,23,31,24,False
1647,17623708813,43,1,1,0,2,23,46,23,18,False
9304,16726368276,26,4,4,0,2,8,16,8,9,False
13420,19859608897,30,2,3,0,1,46,24,46,19,False
11052,18636055184,19,0,4,0,3,8,11,8,17,False
5243,18053307086,20,10,4,0,1,12,5,12,18,False
13918,19948700293,12,5,4,0,2,30,24,30,30,True
8808,16630722126,23,9,3,0,2,15,31,15,10,False
9053,16630722126,26,2,4,0,2,20,28,20,25,False
5000,18053307086,28,4,1,0,3,18,3,18,18,True
3169,19831701219,2,21,4,0,0,19,2,19,32,False
1673,17623708813,18,5,2,0,1,37,1,37,37,True
6346,19852999776,20,13,4,0,0,12,5,12,16,False
11188,18664891854,5,4,1,0,3,38,26,38,17,False
12147,18765816132,11,2,4,0,3,23,24,23,25,False
5772,18802233956,47,4,2,0,3,8,9,8,32,False
13875,19948700293,19,0,4,0,3,14,20,14,10,False
2360,17807329663,3,6,2,0,3,32,9,32,32,True
1528,15735414945,24,11,4,0,2,31,36,31,18,False
2481,17807329663,24,11,4,0,0,19,3,19,32,False
4022,13670356740,2,4,3,0,2,39,46,39,18,False
12678,19550593600,35,2,2,0,2,7,28,7,18,False
4830,15797725211,8,3,4,0,1,4,47,4,38,False
2774,18991311567,16,32,3,0,1,33,31,33,32,False
5849,18802233956,24,2,4,0,3,39,0,39,24,False
10228,17731093916,47,7,2,0,0,20,13,20,24,False
11383,18664891854,49,9,4,0,1,18,16,18,18,True
4450,15079495784,29,49,4,0,0,23,18,23,25,False
12456,18989781863,19,6,4,0,3,22,16,22,9,False
8509,15167050060,25,14,4,0,0,22,0,22,32,False
4784,15797725211,12,5,4,0,0,23,9,23,38,False
8961,16630722126,34,9,4,0,3,2,6,2,32,False
1719,17623708813,14,13,3,0,2,12,25,12,12,True
13814,19948700293,8,4,3,0,1,11,9,11,25,False
9030,16630722126,3,6,4,0,1,8,7,8,10,False
2562,17807329663,5,9,4,0,3,30,24,30,9,False
10049,17527328008,19,8,4,0,0,32,20,32,19,False
13396,19859608897,6,7,3,0,1,38,45,38,38,True
1320,15735414945,15,6,2,0,0,9,3,9,9,True
4218,13670356740,48,9,4,0,1,45,36,45,45,True
5830,18802233956,5,15,4,0,1,17,15,17,10,False
8824,16630722126,39,4,3,0,3,17,34,17,17,True
6431,19881266563,4,4,2,0,1,32,13,32,32,True
1500,15735414945,46,0,4,0,2,47,16,47,29,False
3990,13670356740,20,10,2,0,1,26,18,26,37,False
2994,19831701219,27,0,3,0,0,25,16,25,25,True
5586,18702113651,12,0,4,0,3,18,8,18,18,True
11455,18664891854,21,12,4,0,3,16,8,16,24,False
4581,15079495784,10,21,4,0,0,34,18,34,31,False
12445,18989781863,8,16,4,0,1,8,1,8,32,False
3765,13130819298,46,27,4,0,0,29,16,29,25,False
5835,18802233956,10,2,4,0,2,15,39,15,18,False
1644,17623708813,40,1,1,0,1,34,21,34,18,False
13043,19834840803,4,5,3,0,2,20,39,20,24,False
3430,19970957519,12,1,4,0,2,6,12,6,18,False
1791,17623708813,36,53,4,0,0,35,2,35,18,False
741,15260233525,36,28,4,0,1,33,24,33,32,False
1152,15661502139,46,5,4,0,1,10,24,10,3,False
5195,18053307086,22,2,4,0,1,10,1,10,10,True
10713,18365196069,31,16,4,0,3,26,19,26,25,False
10972,18636055184,39,3,3,0,2,39,48,39,18,False
7927,13943039298,45,6,4,0,2,25,34,25,18,False
9215,16726368276,37,8,3,0,3,16,17,16,16,True
5256,18053307086,33,10,4,0,1,19,47,19,19,True
920,15661502139,15,11,1,0,1,19,46,19,37,False
12531,18989781863,44,0,4,0,0,11,12,11,29,False
4917,15797725211,45,16,4,0,0,15,8,15,18,False
2292,17713196465,36,0,4,0,3,21,16,21,18,False
12296,18989781863,9,15,2,0,2,39,47,39,18,False
9780,17527328008,1,10,1,0,0,23,24,23,23,True
7022,13074255915,43,5,4,0,3,22,43,22,3,False
8951,16630722126,24,0,4,0,3,9,1,9,9,True
170,13513580369,20,10,4,0,2,5,6,5,37,False
9823,17527328008,44,1,1,0,1,8,1,8,17,False
11349,18664891854,15,11,4,0,3,31,40,31,25,False
6895,13074255915,16,10,4,0,1,39,25,39,24,False
2264,17713196465,8,0,4,0,3,9,12,9,9,True
1221,15661502139,17,19,4,0,2,26,46,26,25,False
11000,18636055184,17,25,4,0,3,18,27,18,23,False
6855,13074255915,26,1,3,0,2,39,29,39,24,False
6230,19852999776,4,4,4,0,3,19,27,19,10,False
156,13513580369,6,10,4,0,1,2,15,2,18,False
14092,19948700293,20,1,4,0,3,28,7,28,17,False
1069,15661502139,13,12,4,0,0,13,6,13,32,False
3037,19831701219,20,1,4,0,3,10,24,10,10,True
4900,15797725211,28,7,4,0,2,18,39,18,23,False
1693,17623708813,38,7,2,0,1,30,39,30,9,False
6920,13074255915,41,9,4,0,0,45,24,45,29,False
9301,16726368276,23,2,4,0,1,16,8,16,25,False
1098,15661502139,42,30,4,0,2,12,41,12,18,False
1573,15735414945,19,37,4,0,1,36,16,36,32,False
8654,15167050060,20,1,4,0,0,35,7,35,18,False
965,15661502139,9,8,2,0,3,35,38,35,29,False
8914,16630722126,37,26,4,0,0,27,34,27,18,False
4655,15797725211,34,1,1,0,2,3,11,3,9,False
1460,15735414945,6,16,4,0,0,17,24,17,9,False
11485,18664891854,1,18,4,0,3,21,14,21,25,False
3564,19970957519,46,19,4,0,0,14,7,14,17,False
580,15260233525,28,12,1,0,3,25,20,25,29,False
14076,19948700293,4,4,4,0,3,37,45,37,29,False
8796,16630722126,11,8,3,0,1,41,39,41,9,False
307,13513580369,7,14,4,0,1,11,9,11,32,False
13756,19948700293,15,4,3,0,2,4,2,4,24,False
357,13932780308,7,6,1,0,0,9,2,9,9,True
6900,13074255915,21,18,4,0,2,31,29,31,18,False
12432,18989781863,45,1,4,0,2,5,40,5,37,False
4190,13670356740,20,6,4,0,1,36,9,36,32,False
3813,13130819298,44,10,4,0,0,35,0,35,31,False
943,15661502139,38,11,1,0,2,1,7,1,18,False
4910,15797725211,38,34,4,0,2,12,41,12,18,False
8777,16630722126,42,0,2,0,3,36,22,36,32,False
2073,17713196465,17,5,3,0,2,1,0,1,18,False
7253,13401917913,23,30,4,0,1,39,13,39,18,False
13606,19859608897,16,2,4,0,1,26,15,26,18,False
5460,18702113651,36,1,3,0,3,10,20,10,10,True
2263,17713196465,7,23,4,0,2,25,32,25,25,True
4795,15797725211,23,7,4,0,3,30,46,30,10,False
4781,15797725211,9,14,4,0,0,30,25,30,10,False
1541,15735414945,37,4,4,0,3,3,5,3,32,False
11118,18636055184,35,12,4,0,0,11,12,11,25,False
9411,16726368276,33,1,4,0,3,17,4,17,17,True
1311,15735414945,6,24,2,0,2,1,7,1,18,False
2852,18991311567,44,10,4,0,1,29,36,29,24,False
7184,13401917913,4,42,3,0,0,25,24,25,25,True
407,13932780308,6,16,2,0,1,11,17,11,32,False
7182,13401917913,2,2,3,0,1,16,15,16,25,False
2619,17807329663,12,7,4,0,2,29,46,29,25,False
1501,15735414945,47,51,4,0,1,37,16,37,37,True
6619,19881266563,42,9,4,0,0,37,1,37,38,False
5503,18702113651,29,8,4,0,2,25,17,25,25,True
12784,19550593600,43,8,4,0,3,46,48,46,29,False
9842,17527328008,12,0,2,0,3,39,33,39,29,False
10230,17731093916,49,5,2,0,2,18,13,18,18,True
386,13932780308,36,0,1,0,2,23,14,23,23,True
1796,17623708813,41,129,4,0,1,44,0,44,19,False
4693,15797725211,21,4,2,0,1,29,28,29,37,False
11240,18664891854,6,10,2,0,3,26,47,26,26,True
12911,19550593600,23,1,4,0,2,3,4,3,3,True
11263,18664891854,29,14,2,0,1,23,22,23,17,False
558,15260233525,6,2,1,0,1,9,7,9,9,True
3447,19970957519,29,6,4,0,2,15,39,15,23,False
7968,13943039298,36,1,4,0,0,31,15,31,25,False
132,13513580369,32,9,3,0,0,27,20,27,17,False
10956,18636055184,23,1,3,0,3,40,11,40,30,False
8580,15167050060,46,17,4,0,1,3,1,3,32,False
4500,15079495784,29,8,4,0,0,24,15,24,24,True
2906,19831701219,40,2,1,0,1,30,44,30,9,False
5430,18702113651,6,10,3,0,0,35,22,35,18,False
1634,17623708813,30,3,1,0,0,33,25,33,32,False
1230,15661502139,26,5,4,0,1,25,15,25,25,True
3853,13130819298,34,4,4,0,3,31,18,31,25,False
7682,13943039298,51,3,1,0,2,25,41,25,18,False
6083,19852999776,7,4,2,0,1,26,5,26,32,False
2213,17713196465,7,4,4,0,3,26,12,26,32,False
8336,15167050060,3,5,1,0,2,23,28,23,10,False
6090,19852999776,14,13,2,0,0,19,17,19,32,False
13821,19948700293,15,4,3,0,3,33,34,33,32,False
12074,18765816132,38,4,4,0,3,40,47,40,3,False
8120,15165929133,37,10,3,0,0,14,8,14,17,False
8591,15167050060,7,4,4,0,2,25,40,25,18,False
3345,19970957519,27,5,3,0,1,32,16,32,32,True
2282,17713196465,26,1,4,0,2,9,44,9,9,True
13203,19834840803,14,0,4,0,0,19,11,19,19,True
2267,17713196465,11,4,4,0,2,2,7,2,24,False
8255,15165929133,22,6,4,0,0,25,18,25,25,True
8956,16630722126,29,9,4,0,3,32,40,32,32,True
2605,17807329663,48,25,4,0,1,19,31,19,3,False
7792,13943039298,10,3,4,0,1,40,38,40,32,False
3774,13130819298,5,5,4,0,1,22,36,22,10,False
10740,18365196069,8,5,4,0,2,11,8,11,25,False
3682,13130819298,13,20,3,0,1,19,24,19,32,False
12611,19550593600,24,0,1,0,3,37,39,37,37,True
4750,15797725211,28,2,3,0,3,14,10,14,32,False
6089,19852999776,13,3,2,0,0,25,17,25,25,True
6425,19881266563,49,0,1,0,3,39,11,39,29,False
1801,17623708813,46,17,4,0,2,17,32,17,9,False
2201,17713196465,45,4,4,0,3,24,17,24,24,True
5102,18053307086,29,1,3,0,0,44,9,44,37,False
2128,17713196465,22,8,4,0,0,35,22,35,18,False
11856,18758415613,21,14,4,0,3,17,12,17,10,False
6539,19881266563,12,1,4,0,0,20,13,20,18,False
1362,15735414945,7,6,3,0,0,15,9,15,23,False
4071,13670356740,1,16,4,0,0,35,21,35,18,False
1133,15661502139,27,14,4,0,3,32,18,32,32,True
11091,18636055184,8,4,4,0,1,39,4,39,24,False
12207,18765816132,21,5,4,0,2,25,47,25,18,False
11045,18636055184,12,5,4,0,2,33,39,33,32,False
3584,13130819298,16,34,1,0,1,19,20,19,32,False
2466,17807329663,9,39,4,0,0,22,23,22,10,False
10947,18636055184,14,3,3,0,2,34,48,34,18,False
10057,17527328008,27,5,4,0,1,41,48,41,3,False
2537,17807329663,30,8,4,0,3,17,26,17,17,True
4164,13670356740,44,17,4,0,1,13,12,13,9,False
2682,18991311567,25,8,1,0,0,22,7,22,19,False
1375,15735414945,20,17,3,0,2,29,24,29,29,True
4124,13670356740,4,4,4,0,1,37,10,37,37,True
12395,18989781863,8,18,4,0,3,33,34,33,32,False
10783,18365196069,1,6,4,0,2,15,41,15,10,False
5262,18053307086,39,19,4,0,3,29,45,29,3,False
5192,18053307086,19,8,4,0,1,12,17,12,18,False
7295,13401917913,15,3,4,0,3,33,48,33,32,False
207,13513580369,7,9,4,0,1,30,39,30,30,True
4871,15797725211,49,31,4,0,1,10,9,10,23,False
7289,13401917913,9,12,4,0,1,18,10,18,18,True
166,13513580369,16,12,4,0,3,5,25,5,29,False
7360,13401917913,30,9,4,0,1,18,3,18,18,True
1226,15661502139,22,11,4,0,3,12,5,12,18,False
1022,15661502139,16,4,3,0,2,22,44,22,3,False
9381,16726368276,3,5,4,0,1,18,10,18,18,True
3501,19970957519,33,10,4,0,0,15,9,15,18,False
12637,19550593600,50,8,1,0,3,32,47,32,32,True
7950,13943039298,18,3,4,0,1,1,9,1,18,False
805,15260233525,50,6,4,0,1,32,23,32,32,True
11789,18758415613,4,1,4,0,2,32,47,32,32,True
243,13513580369,43,15,4,0,0,35,8,35,18,False
4008,13670356740,38,0,2,0,1,26,13,26,29,False
13935,19948700293,29,8,4,0,0,8,1,8,17,False
2636,17807329663,29,9,4,0,0,24,18,24,25,False
4583,15079495784,12,53,4,0,1,47,46,47,29,False
7158,13401917913,28,0,2,0,3,7,16,7,18,False
6578,19881266563,1,20,4,0,2,25,10,25,25,True
7508,13630678332,27,3,2,0,1,40,32,40,30,False
9387,16726368276,9,6,4,0,0,17,10,17,18,False
2416,17807329663,9,6,3,0,1,17,23,17,17,True
3956,13670356740,37,8,1,0,0,26,6,26,37,False
767,15260233525,12,0,4,0,1,17,37,17,23,False
1806,17623708813,1,53,4,0,3,31,9,31,25,False
4495,15079495784,24,0,4,0,3,7,5,7,18,False
4447,15079495784,26,7,4,0,0,10,15,10,23,False
1875,17623708813,20,11,4,0,3,29,16,29,29,True
10380,17731093916,49,1,4,0,2,38,47,38,23,False
197,13513580369,47,12,4,0,1,22,1,22,19,False
2662,18991311567,5,3,1,0,1,6,1,6,9,False
11386,18664891854,2,2,4,0,3,4,14,4,24,False
11044,18636055184,11,17,4,0,1,17,16,17,18,False
4945,15797725211,23,15,4,0,3,22,32,22,29,False
7610,13630678332,29,0,4,0,3,14,4,14,17,False
5636,18702113651,12,1,4,0,1,12,1,12,18,False
7403,13401917913,23,2,4,0,1,39,30,39,24,False
11055,18636055184,22,34,4,0,1,5,4,5,37,False
2750,18991311567,42,1,2,0,2,24,15,24,24,True
2414,17807329663,7,4,3,0,2,10,37,10,10,True
13453,19859608897,13,8,4,0,3,44,45,44,29,False
4609,15079495784,38,16,4,0,2,37,44,37,16,False
4740,15797725211,18,3,3,0,2,12,20,12,37,False
2181,17713196465,25,23,4,0,1,36,30,36,32,False
12006,18765816132,20,6,3,0,0,22,9,22,9,False
6934,13074255915,5,10,4,0,3,18,27,18,10,False
7477,13630678332,47,1,1,0,1,40,48,40,19,False
11071,18636055184,38,3,4,0,0,15,9,15,18,False
616,15260233525,13,7,2,0,1,26,2,26,32,False
12833,19550593600,45,9,4,0,1,3,2,3,32,False
1231,15661502139,27,0,4,0,2,43,18,43,18,False
2901,19831701219,35,3,1,0,2,22,36,22,9,False
6512,19881266563,35,12,3,0,3,37,45,37,37,True
12137,18765816132,1,6,4,0,0,29,21,29,25,False
2971,19831701219,4,4,3,0,3,29,36,29,37,False
3201,19831701219,34,13,4,0,3,11,20,11,11,True
13232,19834840803,43,15,4,0,2,34,47,34,18,False
4841,15797725211,19,37,4,0,3,2,16,2,25,False
324,13513580369,24,1,4,0,3,21,32,21,25,False
4499,15079495784,28,4,4,0,3,25,32,25,16,False
5146,18053307086,23,18,4,0,1,38,2,38,18,False
1579,15735414945,25,12,4,0,1,20,12,20,18,False
13151,19834840803,12,1,4,0,3,1,10,1,32,False
9995,17527328008,15,11,4,0,0,16,10,16,9,False
8738,16630722126,3,4,2,0,0,37,14,37,32,False
1036,15661502139,30,2,3,0,0,36,21,36,32,False
11121,18636055184,38,0,4,0,0,43,7,43,18,False
2550,17807329663,43,10,4,0,3,18,10,18,18,True
10073,17527328008,43,9,4,0,2,2,9,2,18,False
1823,17623708813,18,25,4,0,1,20,11,20,18,False
4752,15797725211,30,3,3,0,2,22,18,22,9,False
7929,13943039298,47,8,4,0,1,36,15,36,32,False
7078,13074255915,49,1,4,0,1,39,24,39,25,False
10993,18636055184,10,6,4,0,0,46,33,46,29,False
2179,17713196465,23,6,4,0,1,29,39,29,29,True
248,13513580369,48,9,4,0,2,30,31,30,9,False
11282,18664891854,48,9,2,0,3,31,32,31,32,False
9274,16726368276,46,4,4,0,1,23,8,23,23,True
3212,19831701219,45,21,4,0,1,38,1,38,18,False
5653,18702113651,29,10,4,0,1,16,15,16,24,False
315,13513580369,15,2,4,0,3,18,16,18,18,True
3816,13130819298,47,3,4,0,2,18,24,18,18,True
7079,13074255915,50,0,4,0,1,40,25,40,30,False
6647,19881266563,20,44,4,0,3,37,23,37,18,False
4006,13670356740,36,2,2,0,3,32,13,32,32,True
1769,17623708813,14,6,4,0,2,9,16,9,9,True
1253,15661502139,49,42,4,0,0,26,14,26,32,False
9135,16726368276,7,7,2,0,0,18,6,18,17,False
7468,13630678332,38,6,1,0,1,45,2,45,19,False
1466,15735414945,12,0,4,0,0,48,46,48,29,False
9036,16630722126,9,24,4,0,2,39,47,39,18,False
5089,18053307086,16,2,3,0,3,25,32,25,25,True
10815,18365196069,33,3,4,0,0,39,2,39,24,False
8890,16630722126,13,2,4,0,3,29,24,29,29,True
6472,19881266563,45,5,2,0,3,2,12,2,32,False
8236,15165929133,3,0,4,0,2,20,22,20,12,False
14066,19948700293,44,8,4,0,3,33,41,33,32,False
3436,19970957519,18,3,4,0,0,18,8,18,18,True
169,13513580369,19,8,4,0,3,47,41,47,32,False
8917,16630722126,40,26,4,0,2,39,13,39,37,False
6522,19881266563,45,6,3,0,2,24,30,24,24,True
6704,19881266563,26,9,4,0,0,29,21,29,25,False
2935,19831701219,18,3,2,0,2,39,46,39,18,False
12057,18765816132,21,14,4,0,1,41,48,41,30,False
13692,19948700293,1,4,2,0,0,44,14,44,19,False
2917,19831701219,51,3,1,0,3,45,39,45,37,False
12530,18989781863,43,17,4,0,3,15,9,15,18,False
13354,19859608897,14,3,2,0,1,45,25,45,45,True
6583,19881266563,6,13,4,0,2,17,33,17,9,False
13091,19834840803,2,21,4,0,3,38,46,38,9,False
5106,18053307086,33,3,3,0,2,12,27,12,37,False
12065,18765816132,29,16,4,0,0,15,8,15,18,False
9047,16630722126,20,7,4,0,3,29,21,29,25,False
13873,19948700293,17,10,4,0,2,4,9,4,26,False
5508,18702113651,34,17,4,0,0,17,9,17,18,False
6585,19881266563,8,10,4,0,0,25,14,25,25,True
10866,18636055184,34,5,1,0,0,7,1,7,18,False
10395,17731093916,14,11,4,0,2,30,34,30,9,False
1970,17713196465,15,3,1,0,1,9,1,9,9,True
8299,15165929133,16,5,4,0,0,45,31,45,29,False
590,15260233525,38,1,1,0,1,38,16,38,38,True
4932,15797725211,10,22,4,0,0,35,30,35,29,False
11421,18664891854,37,2,4,0,2,38,40,38,23,False
5414,18702113651,40,12,2,0,0,19,17,19,32,False
4069,13670356740,49,10,3,0,1,15,14,15,17,False
7150,13401917913,20,3,2,0,1,8,21,8,32,False
6534,19881266563,7,5,4,0,3,2,16,2,30,False
11010,18636055184,27,27,4,0,2,39,47,39,18,False
3120,19831701219,3,7,4,0,1,18,30,18,18,True
6900,13074255915,21,9,4,0,1,11,29,11,11,True
4538,15079495784,17,7,4,0,0,9,12,9,9,True
11763,18758415613,28,6,4,0,3,31,2,31,24,False
10243,17731093916,12,10,3,0,0,11,5,11,25,False
9448,17331496902,20,5,1,0,3,32,40,32,32,True
6278,19852999776,2,4,4,0,2,13,27,13,10,False
3799,13130819298,30,20,4,0,0,10,3,10,17,False
6589,19881266563,12,12,4,0,1,26,13,26,29,False
179,13513580369,29,7,4,0,1,36,16,36,32,False
3655,13130819298,36,10,2,0,2,33,47,33,3,False
5147,18053307086,24,24,4,0,2,8,7,8,32,False
6521,19881266563,44,6,3,0,2,11,18,11,11,True
4625,15797725211,4,12,1,0,2,30,24,30,9,False
9688,17331496902,9,5,4,0,3,16,12,16,9,False
12385,18989781863,48,0,3,0,2,24,2,24,25,False
4940,15797725211,18,9,4,0,2,26,9,26,25,False
11188,18664891854,5,0,1,0,2,23,26,23,23,True
1387,15735414945,32,14,3,0,1,29,31,29,29,True
7793,13943039298,11,11,4,0,3,28,29,28,18,False
4852,15797725211,30,42,4,0,2,11,23,11,11,True
4487,15079495784,16,18,4,0,1,17,24,17,9,False
94,13513580369,44,5,2,0,3,32,39,32,32,True
8776,16630722126,41,6,2,0,0,25,22,25,32,False
5446,18702113651,22,15,3,0,2,14,21,14,18,False
5215,18053307086,42,20,4,0,0,8,1,8,17,False
2823,18991311567,15,21,4,0,0,25,16,25,25,True
11395,18664891854,11,13,4,0,3,31,46,31,25,False
9407,16726368276,29,8,4,0,0,25,8,25,18,False
1138,15661502139,32,4,4,0,3,31,8,31,24,False
6196,19852999776,20,1,4,0,0,11,14,11,11,True
8869,16630722126,42,3,3,0,0,18,12,18,17,False
8243,15165929133,10,2,4,0,2,7,15,7,10,False
2307,17807329663,1,24,1,0,0,9,36,9,30,False
3450,19970957519,32,15,4,0,3,16,46,16,18,False
3440,19970957519,22,22,4,0,3,11,24,11,11,True
9516,17331496902,37,0,2,0,1,29,0,29,29,True
11626,18758415613,41,17,2,0,3,25,24,25,25,True
1951,17623708813,46,14,4,0,0,22,7,22,18,False
4761,15797725211,39,4,3,0,0,33,13,33,32,False
13562,19859608897,22,4,4,0,2,25,39,25,18,False
10054,17527328008,24,10,4,0,3,29,23,29,25,False
5878,18802233956,3,8,4,0,1,20,12,20,18,False
2830,18991311567,22,16,4,0,1,15,7,15,18,False
4307,15079495784,37,15,1,0,0,8,16,8,32,False
13954,19948700293,48,4,4,0,1,8,15,8,10,False
504,13932780308,3,4,4,0,0,33,25,33,32,False
1371,15735414945,16,10,3,0,1,1,0,1,18,False
12125,18765816132,39,6,4,0,1,34,5,34,38,False
3532,19970957519,14,8,4,0,1,11,3,11,9,False
5859,18802233956,34,45,4,0,2,12,24,12,24,False
6701,19881266563,23,6,4,0,2,11,18,11,32,False
3810,13130819298,41,2,4,0,2,39,15,39,24,False
1834,17623708813,1,5,4,0,3,9,33,9,9,True
7610,13630678332,29,19,4,0,0,11,4,11,18,False
9333,16726368276,5,8,4,0,0,17,9,17,18,False
3232,19970957519,15,7,1,0,0,8,1,8,9,False
14044,19948700293,22,4,4,0,0,31,9,31,24,False
8142,15165929133,9,9,4,0,1,5,9,5,19,False
4506,15079495784,35,9,4,0,2,18,14,18,18,True
8311,15165929133,28,2,4,0,2,7,38,7,18,False
964,15661502139,8,0,2,0,2,15,38,15,15,True
2412,17807329663,5,6,3,0,1,19,18,19,32,False
11452,18664891854,18,3,4,0,2,21,39,21,10,False
6479,19881266563,2,9,3,0,3,42,43,42,32,False
12692,19550593600,4,14,3,0,2,34,39,34,18,False
2440,17807329663,33,7,3,0,0,25,11,25,25,True
8666,15167050060,32,11,4,0,1,33,3,33,26,False
10824,18365196069,42,10,4,0,0,17,10,17,18,False
7262,13401917913,32,1,4,0,3,22,40,22,10,False
6018,18802233956,43,25,4,0,1,32,31,32,32,True
3842,13130819298,23,13,4,0,2,17,27,17,10,False
9004,16630722126,27,7,4,0,0,10,3,10,17,False
14046,19948700293,24,9,4,0,0,11,4,11,25,False
10566,18365196069,34,5,2,0,0,37,0,37,32,False
5545,18702113651,21,22,4,0,1,38,42,38,38,True
6570,19881266563,43,52,4,0,0,35,14,35,18,False
2120,17713196465,14,8,4,0,3,8,4,8,32,False
6523,19881266563,46,5,3,0,0,9,2,9,9,True
2775,18991311567,17,4,3,0,3,9,11,9,9,True
1765,17623708813,10,137,4,0,0,28,13,28,9,False
6594,19881266563,17,19,4,0,1,36,14,36,32,False
6996,13074255915,17,11,4,0,2,11,29,11,11,True
537,13932780308,36,9,4,0,3,16,24,16,25,False
179,13513580369,29,11,4,0,0,22,16,22,17,False
8712,16630722126,28,5,1,0,0,18,20,18,18,True
7009,13074255915,30,11,4,0,2,3,41,3,3,True
8130,15165929133,47,6,3,0,2,18,34,18,10,False
6995,13074255915,16,4,4,0,3,24,5,24,24,True
7450,13630678332,20,2,1,0,1,46,24,46,29,False
11675,18758415613,40,4,3,0,1,5,45,5,29,False
9404,16726368276,26,0,4,0,2,14,36,14,10,False
13083,19834840803,44,2,3,0,1,46,4,46,45,False
12717,19550593600,29,1,3,0,3,31,13,31,16,False
10701,18365196069,19,0,4,0,1,17,9,17,18,False
5802,18802233956,27,14,3,0,3,25,31,25,25,True
2341,17807329663,35,1,1,0,3,25,44,25,25,True
5890,18802233956,15,5,4,0,0,24,2,24,25,False
5938,18802233956,13,1,4,0,2,0,6,0,9,False
11503,18664891854,19,7,4,0,2,3,11,3,3,True
3953,13670356740,34,10,1,0,0,23,38,23,15,False
12163,18765816132,27,5,4,0,3,43,40,43,18,False
13261,19834840803,22,2,4,0,1,4,9,4,25,False
5476,18702113651,2,19,4,0,2,12,32,12,25,False
9423,16726368276,45,18,4,0,0,10,9,10,23,False
12683,19550593600,40,5,2,0,3,33,39,33,32,False
3860,13130819298,41,11,4,0,0,36,14,36,18,False
2589,17807329663,32,18,4,0,0,22,1,22,19,False
7881,13943039298,49,1,4,0,0,12,2,12,12,True
1683,17623708813,28,7,2,0,2,12,19,12,18,False
2098,17713196465,42,1,3,0,2,24,16,24,24,True
2269,17713196465,13,3,4,0,1,3,8,3,32,False
5366,18702113651,43,12,1,0,3,10,24,10,10,True
8718,16630722126,34,1,1,0,2,25,24,25,25,True
10718,18365196069,36,5,4,0,3,28,7,28,18,False
12213,18765816132,27,4,4,0,3,39,31,39,24,False
14099,19948700293,27,6,4,0,2,17,24,17,17,True
1292,15735414945,38,14,1,0,1,32,24,32,32,True
6565,19881266563,38,2,4,0,2,17,18,17,17,True
8338,15167050060,5,0,1,0,1,8,1,8,18,False
1465,15735414945,11,40,4,0,1,24,9,24,25,False
3758,13130819298,39,1,4,0,1,19,21,19,19,True
168,13513580369,18,13,4,0,0,13,6,13,32,False
4358,15079495784,37,11,2,0,1,38,37,38,17,False
3304,19970957519,36,9,2,0,0,25,17,25,25,True
6521,19881266563,44,7,3,0,3,11,18,11,11,True
214,13513580369,14,5,4,0,3,18,15,18,18,True
5979,18802233956,4,14,4,0,0,22,14,22,17,False
8092,15165929133,9,5,3,0,3,47,48,47,37,False
10301,17731093916,20,1,4,0,1,18,9,18,18,True
1921,17623708813,16,48,4,0,3,23,24,23,25,False
1253,15661502139,49,14,4,0,1,37,14,37,18,False
6561,19881266563,34,3,4,0,2,22,41,22,10,False
1954,17623708813,49,36,4,0,0,10,9,10,23,False
12417,18989781863,30,11,4,0,0,11,12,11,25,False
10997,18636055184,14,26,4,0,1,40,46,40,3,False
11886,18765816132,1,3,1,0,3,0,1,0,18,False
12777,19550593600,36,16,4,0,2,33,27,33,29,False
3010,19831701219,43,1,3,0,0,44,25,44,37,False
4379,15079495784,8,18,3,0,1,15,14,15,17,False
13080,19834840803,41,17,3,0,2,34,39,34,18,False
11450,18664891854,16,13,4,0,1,32,48,32,3,False
10322,17731093916,41,3,4,0,2,18,34,18,18,True
9016,16630722126,39,4,4,0,3,39,7,39,24,False
1784,17623708813,29,45,4,0,0,37,19,37,37,True
9639,17331496902,10,4,4,0,2,34,47,34,25,False
3469,19970957519,1,9,4,0,1,10,9,10,23,False
11052,18636055184,19,5,4,0,3,10,11,10,32,False
3530,19970957519,12,4,4,0,1,11,1,11,11,True
4495,15079495784,24,5,4,0,1,22,5,22,9,False
5849,18802233956,24,34,4,0,3,28,0,28,18,False
13161,19834840803,22,1,4,0,2,20,23,20,12,False
8707,16630722126,23,1,1,0,1,47,41,47,37,False
6721,19881266563,43,16,4,0,0,26,0,26,18,False
10659,18365196069,27,3,4,0,3,18,19,18,17,False
690,15260233525,37,0,3,0,0,7,10,7,18,False
2055,17713196465,49,5,2,0,3,23,31,23,23,True
5156,18053307086,33,1,4,0,3,17,26,17,23,False
4115,13670356740,45,29,4,0,0,32,33,32,32,True
1401,15735414945,46,7,3,0,3,8,24,8,32,False
6665,19881266563,38,6,4,0,0,33,6,33,32,False
1577,15735414945,23,16,4,0,0,38,31,38,23,False
6241,19852999776,15,1,4,0,1,5,0,5,12,False
8399,15167050060,15,1,2,0,2,24,22,24,24,True
10160,17731093916,30,0,1,0,1,47,41,47,37,False
1812,17623708813,7,28,4,0,1,38,9,38,18,False
2910,19831701219,44,3,1,0,0,14,0,14,18,False
4272,15079495784,2,0,1,0,1,4,1,4,24,False
7419,13401917913,39,7,4,0,3,4,19,4,32,False
6840,13074255915,11,3,3,0,2,20,29,20,25,False
13876,19948700293,20,21,4,0,1,15,14,15,18,False
13560,19859608897,20,0,4,0,3,39,32,39,18,False
1754,17623708813,49,1,3,0,1,9,39,9,9,True
6596,19881266563,19,78,4,0,1,40,29,40,9,False
10067,17527328008,37,6,4,0,3,35,40,35,18,False
7008,13074255915,29,4,4,0,0,32,5,32,19,False
10728,18365196069,46,6,4,0,1,46,31,46,29,False
6244,19852999776,18,34,4,0,1,29,1,29,37,False
3765,13130819298,46,35,4,0,1,9,16,9,9,True
1945,17623708813,40,11,4,0,3,25,17,25,24,False
12494,18989781863,7,10,4,0,0,37,16,37,29,False
9190,16726368276,12,2,3,0,3,32,47,32,32,True
3530,19970957519,12,3,4,0,0,11,1,11,12,False
4830,15797725211,8,23,4,0,3,37,47,37,29,False
12477,18989781863,40,0,4,0,0,43,1,43,18,False
11860,18758415613,25,14,4,0,3,26,33,26,26,True
10747,18365196069,15,6,4,0,3,23,12,23,9,False
5590,18702113651,16,7,4,0,1,15,0,15,17,False
11784,18758415613,49,1,4,0,3,1,16,1,18,False
6296,19852999776,20,4,4,0,2,23,0,23,25,False
13462,19859608897,22,10,4,0,1,3,2,3,32,False
12624,19550593600,37,2,1,0,1,11,8,11,10,False
12404,18989781863,17,4,4,0,3,32,48,32,32,True
1449,15735414945,44,20,4,0,3,37,40,37,29,False
14058,19948700293,36,18,4,0,1,3,9,3,32,False
8416,15167050060,32,0,2,0,1,27,33,27,18,False
9368,16726368276,40,10,4,0,2,37,48,37,9,False
11469,18664891854,35,15,4,0,3,33,19,33,32,False
6689,19881266563,11,5,4,0,3,16,41,16,18,False
13263,19834840803,24,4,4,0,1,11,3,11,25,False
10164,17731093916,34,1,1,0,2,24,30,24,24,True
9948,17527328008,18,3,4,0,1,45,37,45,45,True
10286,17731093916,5,1,4,0,2,9,31,9,9,True
9717,17331496902,38,11,4,0,3,37,31,37,9,False
4511,15079495784,40,15,4,0,2,10,17,10,23,False
4610,15079495784,39,5,4,0,0,24,21,24,25,False
3097,19831701219,30,5,4,0,2,31,3,31,24,False
13583,19859608897,43,4,4,0,2,11,9,11,25,False
4080,13670356740,10,14,4,0,2,17,25,17,17,True
4966,15797725211,44,24,4,0,2,14,41,14,18,False
4281,15079495784,11,9,1,0,1,32,39,32,32,True
4411,15079495784,40,3,3,0,2,23,46,23,18,False
5521,18702113651,47,15,4,0,0,17,25,17,17,True
10459,17731093916,28,11,4,0,0,25,17,25,10,False
9046,16630722126,19,16,4,0,3,30,32,30,45,False
4292,15079495784,22,3,1,0,2,16,39,16,16,True
10524,18365196069,43,1,1,0,2,3,4,3,3,True
10827,18365196069,45,2,4,0,2,0,30,0,3,False
5904,18802233956,29,3,4,0,1,31,29,31,18,False
12134,18765816132,48,14,4,0,3,33,48,33,32,False
7249,13401917913,19,2,4,0,0,28,0,28,18,False
11495,18664891854,11,0,4,0,1,12,16,12,29,False
185,13513580369,35,13,4,0,3,10,47,10,32,False
6244,19852999776,18,28,4,0,1,23,1,23,23,True
9245,16726368276,17,3,4,0,0,30,1,30,32,False
10368,17731093916,37,17,4,0,0,17,9,17,18,False
12773,19550593600,32,1,4,0,2,9,40,9,9,True
439,13932780308,38,8,2,0,3,10,11,10,32,False
4985,18053307086,13,5,1,0,1,36,22,36,24,False
5530,18702113651,6,195,4,0,0,17,3,17,18,False
8931,16630722126,4,0,4,0,2,30,39,30,30,True
7627,13630678332,46,1,4,0,0,47,1,47,29,False
3329,19970957519,11,3,3,0,2,39,45,39,25,False
8903,16630722126,26,4,4,0,3,22,36,22,3,False
3808,13130819298,39,18,4,0,3,11,33,11,11,True
2731,18991311567,23,7,2,0,0,19,5,19,32,False
6375,19852999776,49,8,4,0,2,26,33,26,25,False
12991,19834840803,2,1,2,0,3,2,32,2,18,False
11705,18758415613,20,5,4,0,0,34,20,34,19,False
5838,18802233956,13,2,4,0,2,8,23,8,3,False
12775,19550593600,34,1,4,0,2,19,20,19,19,True
1265,15735414945,11,5,1,0,2,1,7,1,18,False
9835,17527328008,5,5,2,0,0,23,16,23,23,True
12904,19550593600,16,8,4,0,3,40,24,40,30,False
8633,15167050060,49,14,4,0,2,2,1,2,24,False
2475,17807329663,18,8,4,0,1,17,45,17,17,True
13281,19834840803,42,3,4,0,1,39,10,39,24,False
13884,19948700293,28,11,4,0,2,15,46,15,18,False
11490,18664891854,6,0,4,0,2,24,17,24,25,False
5628,18702113651,4,8,4,0,3,4,5,4,32,False
12858,19550593600,20,6,4,0,2,3,19,3,3,True
10643,18365196069,11,6,4,0,1,45,21,45,45,True
7103,13401917913,24,3,1,0,0,31,24,31,18,False
9361,16726368276,33,1,4,0,2,21,29,21,25,False
1363,15735414945,8,4,3,0,0,15,5,15,23,False
6294,19852999776,18,25,4,0,3,2,16,2,25,False
1452,15735414945,47,1,4,0,3,25,32,25,25,True
1110,15661502139,4,2,4,0,3,18,5,18,18,True
8259,15165929133,26,15,4,0,3,32,39,32,32,True
3735,13130819298,16,19,4,0,3,22,16,22,18,False
11105,18636055184,22,8,4,0,2,29,36,29,24,False
1195,15661502139,41,20,4,0,0,23,25,23,25,False
9922,17527328008,42,10,3,0,3,16,9,16,25,False
3392,19970957519,24,5,4,0,1,46,2,46,29,False
2726,18991311567,18,17,2,0,0,46,39,46,29,False
12,13513580369,13,1,1,0,2,14,28,14,32,False
11049,18636055184,16,2,4,0,3,9,46,9,9,True
2769,18991311567,11,5,3,0,0,33,0,33,32,False
4850,15797725211,28,5,4,0,2,26,32,26,11,False
140,13513580369,40,16,3,0,0,13,6,13,32,False
5158,18053307086,35,3,4,0,1,26,25,26,32,False
11835,18758415613,50,9,4,0,0,30,23,30,23,False
5243,18053307086,20,11,4,0,0,11,5,11,37,False
1533,15735414945,29,1,4,0,1,34,38,34,12,False
7254,13401917913,24,1,4,0,0,24,15,24,25,False
6029,19852999776,4,1,1,0,0,35,44,35,29,False
526,13932780308,25,12,4,0,2,20,18,20,18,False
2492,17807329663,35,17,4,0,3,18,12,18,18,True
1796,17623708813,41,112,4,0,2,23,0,23,23,True
2955,19831701219,38,9,2,0,1,36,17,36,32,False
10244,17731093916,13,0,3,0,1,40,26,40,9,False
6710,19881266563,32,2,4,0,1,16,0,16,24,False
4238,13670356740,18,13,4,0,3,31,26,31,25,False
12906,19550593600,18,7,4,0,0,12,15,12,29,False
1830,17623708813,25,7,4,0,1,31,28,31,18,False
11576,18758415613,42,4,1,0,3,40,24,40,30,False
14099,19948700293,27,15,4,0,0,38,24,38,18,False
443,13932780308,42,5,2,0,3,10,12,10,32,False
3009,19831701219,42,0,3,0,1,4,11,4,16,False
8103,15165929133,20,8,3,0,1,33,26,33,37,False
7392,13401917913,12,4,4,0,3,2,41,2,9,False
4044,13670356740,24,15,3,0,2,18,26,18,18,True
10051,17527328008,21,0,4,0,3,21,1,21,23,False
3772,13130819298,3,15,4,0,2,18,34,18,3,False
6281,19852999776,5,13,4,0,2,30,36,30,30,True
5100,18053307086,27,24,3,0,1,19,31,19,32,False
11608,18758415613,23,8,2,0,2,37,45,37,9,False
9423,16726368276,45,13,4,0,1,17,9,17,18,False
3529,19970957519,11,5,4,0,1,24,19,24,24,True
6167,19852999776,41,11,3,0,2,8,0,8,18,False
10198,17731093916,17,4,2,0,2,30,40,30,10,False
12645,19550593600,2,1,2,0,2,0,38,0,16,False
9261,16726368276,33,1,4,0,2,34,47,34,23,False
995,15661502139,39,9,2,0,0,14,0,14,18,False
6215,19852999776,39,28,4,0,1,26,31,26,32,False
13039,19834840803,50,2,2,0,0,12,3,12,23,False
2769,18991311567,11,0,3,0,0,38,0,38,18,False
260,13513580369,10,1,4,0,1,32,21,32,32,True
11114,18636055184,31,5,4,0,1,4,10,4,23,False
5840,18802233956,15,40,4,0,0,31,21,31,18,False
9573,17331496902,44,3,3,0,0,46,33,46,37,False
6490,19881266563,13,5,3,0,3,32,10,32,32,True
5221,18053307086,48,24,4,0,3,10,31,10,30,False
5692,18802233956,18,1,1,0,3,31,6,31,16,False
4470,15079495784,49,20,4,0,1,36,29,36,24,False
12445,18989781863,8,17,4,0,0,7,1,7,18,False
6714,19881266563,36,4,4,0,3,25,31,25,24,False
3179,19831701219,12,30,4,0,3,40,41,40,32,False
2044,17713196465,38,4,2,0,3,8,6,8,32,False
4946,15797725211,24,37,4,0,1,17,9,17,18,False
187,13513580369,37,12,4,0,3,15,23,15,18,False
13165,19834840803,26,0,4,0,0,21,14,21,23,False
5005,18053307086,33,6,1,0,2,26,46,26,24,False
10747,18365196069,15,0,4,0,1,23,12,23,18,False
159,13513580369,9,7,4,0,2,12,26,12,25,False
2890,19831701219,24,3,1,0,2,2,1,2,23,False
5185,18053307086,12,0,4,0,2,0,12,0,23,False
7653,13943039298,22,0,1,0,1,48,41,48,45,False
10428,17731093916,47,1,4,0,2,15,39,15,18,False
9043,16630722126,16,1,4,0,0,47,41,47,29,False
4481,15079495784,10,7,4,0,1,25,0,25,18,False
12962,19834840803,24,4,1,0,0,9,10,9,9,True
3247,19970957519,30,1,1,0,1,46,28,46,9,False
11466,18664891854,32,13,4,0,2,4,20,4,32,False
11889,18765816132,4,0,1,0,3,29,31,29,29,True
688,15260233525,35,19,3,0,2,16,0,16,25,False
12638,19550593600,51,18,1,0,3,45,47,45,29,False
6725,19881266563,47,31,4,0,3,28,16,28,18,False
987,15661502139,31,21,2,0,1,29,20,29,29,True
5495,18702113651,21,9,4,0,0,23,34,23,23,True
1119,15661502139,13,2,4,0,2,9,17,9,9,True
12201,18765816132,15,24,4,0,1,3,9,3,32,False
2240,17713196465,34,10,4,0,2,4,18,4,32,False
4239,13670356740,19,7,4,0,3,32,34,32,32,True
7242,13401917913,12,11,4,0,1,30,29,30,32,False
13424,19859608897,34,4,3,0,3,16,24,16,16,True
8512,15167050060,28,6,4,0,2,18,20,18,23,False
8569,15167050060,35,14,4,0,3,32,33,32,32,True
11893,18765816132,8,2,1,0,3,14,31,14,32,False
204,13513580369,4,1,4,0,1,33,3,33,32,False
1246,15661502139,42,8,4,0,0,19,12,19,19,True
5918,18802233956,43,23,4,0,2,12,18,12,3,False
12215,18765816132,29,3,4,0,3,1,8,1,18,False
6641,19881266563,14,2,4,0,0,44,2,44,37,False
6520,19881266563,43,0,3,0,3,28,21,28,18,False
2830,18991311567,22,0,4,0,3,23,7,23,25,False
5321,18053307086,48,7,4,0,0,17,32,17,9,False
11335,18664891854,1,0,4,0,0,45,31,45,45,True
11329,18664891854,45,0,3,0,1,8,22,8,18,False
5,13513580369,6,1,1,0,2,31,0,31,24,False
5077,18053307086,4,11,3,0,0,19,17,19,32,False
3302,19970957519,34,0,2,0,0,42,44,42,19,False
11197,18664891854,14,2,1,0,2,5,19,5,37,False
3120,19831701219,3,5,4,0,2,19,30,19,32,False
9631,17331496902,2,1,4,0,3,31,20,31,18,False
12096,18765816132,10,13,4,0,2,13,19,13,3,False
9117,16726368276,40,10,1,0,0,31,24,31,18,False
3280,19970957519,12,1,2,0,0,33,18,33,32,False
2302,17713196465,46,5,4,0,0,33,13,33,32,False
12556,18989781863,19,1,4,0,3,9,34,9,9,True
4083,13670356740,13,15,4,0,0,32,17,32,32,True
141,13513580369,41,3,3,0,0,35,21,35,31,False
2548,17807329663,41,2,4,0,0,30,34,30,30,True
1508,15735414945,4,20,4,0,2,19,47,19,3,False
656,15260233525,3,5,3,0,3,31,9,31,24,False
9036,16630722126,9,21,4,0,2,41,47,41,10,False
8561,15167050060,27,0,4,0,2,27,45,27,18,False
2540,17807329663,33,16,4,0,1,31,9,31,25,False
4735,15797725211,13,17,3,0,2,6,20,6,18,False
7956,13943039298,24,10,4,0,2,38,45,38,25,False
3212,19831701219,45,36,4,0,2,15,1,15,25,False
1254,15661502139,50,22,4,0,2,12,46,12,24,False
4468,15079495784,47,9,4,0,3,23,25,23,25,False
11172,18636055184,39,4,4,0,1,46,7,46,9,False
1573,15735414945,19,21,4,0,3,26,16,26,24,False
10371,17731093916,40,0,4,0,0,25,23,25,25,True
13195,19834840803,6,6,4,0,1,17,30,17,23,False
9013,16630722126,36,28,4,0,2,18,24,18,10,False
5275,18053307086,2,10,4,0,1,18,1,18,18,True
9260,16726368276,32,3,4,0,2,3,6,3,3,True
5285,18053307086,12,10,4,0,1,27,3,27,18,False
3142,19831701219,25,14,4,0,1,38,10,38,18,False
6587,19881266563,10,2,4,0,1,11,16,11,19,False
4535,15079495784,14,2,4,0,1,17,7,17,10,False
1932,17623708813,27,12,4,0,2,37,42,37,23,False
8944,16630722126,17,33,4,0,2,25,24,25,25,True
12523,18989781863,36,5,4,0,0,40,34,40,32,False
2712,18991311567,4,11,2,0,2,28,42,28,18,False
3149,19831701219,32,0,4,0,2,3,18,3,3,True
13438,19859608897,48,5,3,0,2,37,39,37,9,False
7391,13401917913,11,12,4,0,1,37,36,37,32,False
14029,19948700293,7,4,4,0,0,40,25,40,30,False
1061,15661502139,5,10,4,0,0,36,23,36,32,False
13783,19948700293,42,6,3,0,1,15,1,15,18,False
4001,13670356740,31,8,2,0,2,23,38,23,18,False
6997,13074255915,18,3,4,0,3,10,20,10,32,False
10678,18365196069,46,6,4,0,1,18,24,18,18,True
4747,15797725211,25,9,3,0,1,19,33,19,37,False
8879,16630722126,2,10,4,0,3,22,46,22,3,False
5566,18702113651,42,4,4,0,2,18,37,18,23,False
3726,13130819298,7,9,4,0,1,30,7,30,9,False
12497,18989781863,10,3,4,0,3,14,28,14,32,False
1174,15661502139,20,7,4,0,2,19,27,19,19,True
7640,13943039298,9,2,1,0,0,18,4,18,18,True
9864,17527328008,34,0,2,0,2,39,38,39,29,False
7342,13401917913,12,7,4,0,3,26,33,26,26,True
2584,17807329663,27,12,4,0,2,11,19,11,11,True
9158,16726368276,30,3,2,0,1,30,29,30,19,False
5675,18802233956,1,8,1,0,3,25,7,25,24,False
10280,17731093916,49,1,3,0,0,27,12,27,17,False
12578,18989781863,41,7,4,0,2,33,40,33,32,False
9391,16726368276,13,2,4,0,0,12,8,12,11,False
11462,18664891854,28,9,4,0,0,16,2,16,16,True
1151,15661502139,45,1,4,0,2,10,24,10,10,True
3169,19831701219,2,24,4,0,1,10,2,10,30,False
2500,17807329663,43,11,4,0,1,24,17,24,24,True
2850,18991311567,42,43,4,0,2,10,16,10,11,False
1774,17623708813,19,70,4,0,3,25,6,25,25,True
11416,18664891854,32,14,4,0,2,16,8,16,24,False
12456,18989781863,19,0,4,0,1,1,16,1,18,False
3672,13130819298,3,5,3,0,2,31,37,31,18,False
1702,17623708813,47,1,2,0,1,26,3,26,32,False
2786,18991311567,28,2,3,0,3,25,39,25,25,True
7158,13401917913,28,7,2,0,3,22,16,22,9,False
7206,13401917913,26,3,3,0,1,3,2,3,32,False
2273,17713196465,17,0,4,0,3,24,6,24,18,False
11081,18636055184,48,14,4,0,2,39,48,39,18,False
2627,17807329663,20,12,4,0,1,32,2,32,32,True
6953,13074255915,24,21,4,0,0,11,4,11,18,False
5726,18802233956,1,8,2,0,3,16,34,16,16,True
404,13932780308,3,17,2,0,0,19,13,19,32,False
5698,18802233956,24,17,1,0,1,17,16,17,17,True
1123,15661502139,17,8,4,0,1,24,2,24,24,True
9262,16726368276,34,9,4,0,2,16,8,16,24,False
9842,17527328008,12,3,2,0,1,34,33,34,3,False
2400,17807329663,43,2,2,0,3,2,27,2,32,False
7222,13401917913,42,20,3,0,2,25,24,25,25,True
3002,19831701219,35,10,3,0,2,37,43,37,26,False
683,15260233525,30,4,3,0,3,31,2,31,24,False
10314,17731093916,33,2,4,0,2,30,31,30,30,True
9653,17331496902,24,0,4,0,0,19,8,19,19,True
6824,13074255915,45,12,2,0,2,25,24,25,25,True
1802,17623708813,47,47,4,0,1,25,6,25,25,True
10139,17731093916,9,4,1,0,0,30,40,30,10,False
2346,17807329663,40,29,1,0,0,31,24,31,18,False
12494,18989781863,7,2,4,0,3,39,16,39,24,False
5530,18702113651,6,10,4,0,3,24,3,24,24,True
11218,18664891854,35,7,1,0,0,20,13,20,24,False
907,15661502139,2,20,1,0,2,26,31,26,24,False
4620,15079495784,49,0,4,0,0,45,17,45,29,False
481,13932780308,30,7,3,0,3,11,24,11,32,False
7747,13943039298,15,6,3,0,3,16,2,16,16,True
3172,19831701219,5,9,4,0,2,23,15,23,25,False
8126,15165929133,43,8,3,0,3,25,27,25,32,False
2982,19831701219,15,13,3,0,1,11,17,11,32,False
13866,19948700293,10,10,4,0,1,33,11,33,29,False
5182,18053307086,9,2,4,0,0,40,6,40,32,False
9420,16726368276,42,12,4,0,0,32,10,32,32,True
9753,17331496902,24,10,4,0,2,35,42,35,24,False
4618,15079495784,47,11,4,0,2,29,24,29,25,False
2124,17713196465,18,5,4,0,1,18,9,18,18,True
10089,17527328008,9,3,4,0,2,18,19,18,23,False
65,13513580369,15,7,2,0,0,8,1,8,32,False
3855,13130819298,36,9,4,0,3,25,16,25,25,True
3221,19970957519,4,8,1,0,2,15,16,15,18,False
3970,13670356740,51,1,1,0,3,37,25,37,37,True
6789,13074255915,10,7,2,0,3,4,6,4,25,False
9968,17527328008,38,6,4,0,3,0,1,0,9,False
3176,19831701219,9,6,4,0,2,16,44,16,9,False
4957,15797725211,35,3,4,0,1,17,21,17,10,False
4558,15079495784,37,1,4,0,2,14,23,14,10,False
13514,19859608897,24,0,4,0,3,2,16,2,18,False
6493,19881266563,16,14,3,0,2,16,30,16,18,False
9688,17331496902,9,0,4,0,2,23,12,23,18,False
1144,15661502139,38,15,4,0,3,28,0,28,18,False
10061,17527328008,31,0,4,0,3,22,43,22,10,False
1802,17623708813,47,25,4,0,1,26,6,26,29,False
1502,15735414945,48,8,4,0,3,15,23,15,18,False
335,13513580369,35,9,4,0,2,38,32,38,18,False
7560,13630678332,29,7,3,0,3,25,13,25,29,False
7029,13074255915,50,0,4,0,3,24,9,24,25,False
4344,15079495784,23,1,2,0,2,3,11,3,9,False
5649,18702113651,25,2,4,0,3,35,46,35,18,False
4197,13670356740,27,13,4,0,2,1,2,1,18,False
4289,15079495784,19,7,1,0,1,24,16,24,24,True
11722,18758415613,37,5,4,0,3,37,32,37,9,False
11242,18664891854,8,8,2,0,1,40,47,40,30,False
5727,18802233956,2,5,2,0,0,23,34,23,23,True
12979,19834840803,41,1,1,0,1,33,26,33,37,False
5403,18702113651,29,8,2,0,3,36,43,36,26,False
4972,15797725211,50,9,4,0,3,29,46,29,29,True
3776,13130819298,7,15,4,0,2,23,24,23,9,False
5495,18702113651,21,18,4,0,2,19,34,19,3,False
239,13513580369,39,13,4,0,2,37,46,37,29,False
7807,13943039298,25,3,4,0,0,9,18,9,9,True
1101,15661502139,45,3,4,0,0,17,31,17,17,True
12905,19550593600,17,1,4,0,3,36,39,36,18,False
12583,18989781863,46,4,4,0,0,9,4,9,9,True
6783,13074255915,4,6,2,0,0,23,16,23,17,False
4419,15079495784,48,6,3,0,3,25,39,25,25,True
6341,19852999776,15,8,4,0,3,10,27,10,32,False
6150,19852999776,24,3,3,0,2,16,24,16,16,True
5753,18802233956,28,21,2,0,0,14,0,14,18,False
13590,19859608897,50,7,4,0,2,36,43,36,32,False
9304,16726368276,26,1,4,0,2,2,16,2,37,False
2553,17807329663,46,8,4,0,1,15,14,15,18,False
1354,15735414945,49,2,2,0,0,15,9,15,18,False
10728,18365196069,46,15,4,0,2,30,31,30,9,False
8180,15165929133,47,7,4,0,3,3,11,3,18,False
8307,15165929133,24,6,4,0,3,33,34,33,32,False
164,13513580369,14,8,4,0,0,31,25,31,18,False
3771,13130819298,2,15,4,0,0,19,24,19,32,False
13141,19834840803,2,4,4,0,2,32,46,32,32,True
14077,19948700293,5,2,4,0,2,18,12,18,9,False
1086,15661502139,30,9,4,0,3,23,32,23,18,False
2154,17713196465,48,12,4,0,0,28,16,28,18,False
6642,19881266563,15,8,4,0,3,9,10,9,9,True
8362,15167050060,29,17,1,0,3,37,24,37,9,False
11085,18636055184,2,11,4,0,0,32,25,32,19,False
7254,13401917913,24,6,4,0,0,25,15,25,11,False
8300,15165929133,17,13,4,0,3,3,12,3,3,True
11144,18636055184,11,15,4,0,1,32,3,32,32,True
5187,18053307086,14,3,4,0,2,26,15,26,32,False
12921,19550593600,33,2,4,0,2,30,39,30,9,False
4929,15797725211,7,14,4,0,0,40,38,40,32,False
12302,18989781863,15,0,2,0,1,48,33,48,9,False
118,13513580369,18,7,3,0,2,31,23,31,24,False
5441,18702113651,17,12,3,0,2,26,39,26,24,False
10711,18365196069,29,14,4,0,2,18,24,18,18,True
8362,15167050060,29,19,1,0,0,31,24,31,32,False
8330,15165929133,47,29,4,0,1,4,10,4,25,False
1829,17623708813,24,12,4,0,2,41,36,41,18,False
7918,13943039298,36,2,4,0,2,9,30,9,9,True
4171,13670356740,1,5,4,0,1,6,9,6,18,False
5747,18802233956,22,4,2,0,2,18,40,18,18,True
3649,13130819298,30,5,2,0,2,10,18,10,10,True
4199,13670356740,29,6,4,0,0,45,38,45,45,True
10001,17527328008,21,6,4,0,0,41,25,41,30,False
5635,18702113651,11,2,4,0,0,46,19,46,29,False
7105,13401917913,26,11,1,0,1,34,13,34,9,False
7880,13943039298,48,1,4,0,3,45,20,45,45,True
1129,15661502139,23,12,4,0,0,25,6,25,18,False
2963,19831701219,46,8,2,0,1,12,5,12,18,False
180,13513580369,30,13,4,0,3,5,32,5,29,False
7451,13630678332,21,8,1,0,0,30,24,30,30,True
3390,19970957519,22,36,4,0,0,34,36,34,18,False
8996,16630722126,19,30,4,0,2,4,10,4,24,False
2794,18991311567,36,0,3,0,1,38,22,38,18,False
2676,18991311567,19,13,1,0,0,15,9,15,18,False
4124,13670356740,4,5,4,0,0,36,10,36,37,False
11408,18664891854,24,13,4,0,0,37,31,37,29,False
6998,13074255915,19,8,4,0,2,41,48,41,19,False
6649,19881266563,22,14,4,0,1,19,25,19,19,True
4663,15797725211,42,1,1,0,0,44,22,44,19,False
13075,19834840803,36,12,3,0,0,17,10,17,17,True
140,13513580369,40,9,3,0,2,20,6,20,24,False
7270,13401917913,40,5,4,0,3,15,45,15,18,False
3638,13130819298,19,16,2,0,2,26,39,26,24,False
11832,18758415613,47,9,4,0,3,14,28,14,32,False
8882,16630722126,5,7,4,0,0,11,4,11,25,False
2110,17713196465,4,15,4,0,2,35,47,35,18,False
13472,19859608897,32,1,4,0,1,17,15,17,18,False
10612,18365196069,30,17,3,0,3,16,0,16,24,False
9963,17527328008,33,22,4,0,0,38,39,38,38,True
7592,13630678332,11,10,4,0,1,33,27,33,29,False
9489,17331496902,10,5,2,0,0,37,32,37,37,True
11434,18664891854,50,8,4,0,0,33,19,33,32,False
2204,17713196465,48,6,4,0,3,29,39,29,29,True
3274,19970957519,6,0,2,0,3,31,12,31,18,False
3808,13130819298,39,20,4,0,2,19,33,19,3,False
9339,16726368276,11,1,4,0,2,21,29,21,10,False
11400,18664891854,16,4,4,0,0,28,1,28,18,False
8477,15167050060,43,0,3,0,2,4,2,4,16,False
5389,18702113651,15,6,2,0,2,26,47,26,16,False
3881,13130819298,12,19,4,0,0,18,17,18,18,True
8696,16630722126,12,5,1,0,0,30,0,30,32,False
13420,19859608897,30,3,3,0,1,45,24,45,19,False
7293,13401917913,13,4,4,0,1,4,8,4,11,False
12232,18765816132,46,4,4,0,2,39,23,39,24,False
1837,17623708813,4,15,4,0,3,36,37,36,32,False
6087,19852999776,11,3,2,0,0,31,17,31,18,False
7744,13943039298,12,14,3,0,1,36,28,36,32,False
9056,16630722126,29,10,4,0,0,16,9,16,18,False
10471,17731093916,40,13,4,0,3,46,47,46,23,False
1549,15735414945,45,52,4,0,1,37,9,37,37,True
1868,17623708813,13,7,4,0,1,18,10,18,18,True
13102,19834840803,13,11,4,0,0,31,24,31,18,False
7101,13401917913,22,2,1,0,1,32,24,32,32,True
14055,19948700293,33,6,4,0,0,16,15,16,18,False
48,13513580369,49,24,1,0,3,28,16,28,25,False
5866,18802233956,41,1,4,0,0,21,16,21,23,False
3418,19970957519,50,48,4,0,0,29,41,29,25,False
12257,18989781863,21,1,1,0,2,16,19,16,29,False
1304,15735414945,50,2,1,0,1,19,32,19,19,True
18,13513580369,19,1,1,0,2,16,8,16,25,False
12222,18765816132,36,1,4,0,0,15,1,15,18,False
13892,19948700293,36,2,4,0,3,23,26,23,23,True
9606,17331496902,27,7,4,0,0,17,2,17,18,False
9683,17331496902,4,2,4,0,0,32,27,32,32,True
5114,18053307086,41,4,3,0,1,12,2,12,32,False
6320,19852999776,44,0,4,0,0,44,17,44,18,False
2221,17713196465,15,6,4,0,1,8,0,8,17,False
11713,18758415613,28,9,4,0,1,5,2,5,19,False
6756,13074255915,28,1,1,0,2,31,30,31,24,False
7449,13630678332,19,14,1,0,2,18,24,18,10,False
2594,17807329663,37,1,4,0,1,11,1,11,26,False
1890,17623708813,35,6,4,0,3,9,10,9,9,True
8634,15167050060,50,23,4,0,0,37,14,37,24,False
11730,18758415613,45,5,4,0,0,9,1,9,32,False
5021,18053307086,49,1,1,0,0,21,36,21,25,False
4778,15797725211,6,31,4,0,1,10,16,10,23,False
10828,18365196069,46,5,4,0,2,38,39,38,9,False
4591,15079495784,20,8,4,0,0,32,2,32,32,True
2326,17807329663,20,0,1,0,2,8,31,8,29,False
11169,18636055184,36,3,4,0,0,25,24,25,23,False
9042,16630722126,15,17,4,0,2,16,21,16,24,False
3093,19831701219,26,6,4,0,1,19,32,19,32,False
1897,17623708813,42,32,4,0,3,15,16,15,17,False
13809,19948700293,3,4,3,0,3,26,20,26,29,False
7349,13401917913,19,5,4,0,3,3,34,3,3,True
4073,13670356740,3,3,4,0,1,23,0,23,23,True
8819,16630722126,34,9,3,0,0,11,9,11,10,False
458,13932780308,7,9,3,0,3,15,23,15,18,False
1123,15661502139,17,6,4,0,1,24,2,24,24,True
12192,18765816132,6,16,4,0,1,33,26,33,29,False
12351,18989781863,14,7,3,0,2,37,45,37,9,False
9059,16630722126,32,3,4,0,2,12,19,12,18,False
1595,15735414945,41,4,4,0,0,40,8,40,32,False
8487,15167050060,3,3,4,0,0,29,21,29,25,False
1390,15735414945,35,1,3,0,1,37,23,37,37,True
6857,13074255915,28,7,3,0,3,16,10,16,16,True
7039,13074255915,10,8,4,0,0,32,13,32,19,False
9871,17527328008,41,4,2,0,1,45,24,45,45,True
1857,17623708813,2,19,4,0,1,32,15,32,32,True
10752,18365196069,20,9,4,0,3,3,11,3,32,False
245,13513580369,45,1,4,0,0,27,21,27,10,False
3554,19970957519,36,0,4,0,0,43,2,43,18,False
4157,13670356740,37,11,4,0,2,33,46,33,32,False
8636,15167050060,2,12,4,0,3,31,40,31,18,False
1770,17623708813,15,17,4,0,1,3,2,3,32,False
300,13513580369,50,3,4,0,2,18,31,18,18,True
11092,18636055184,9,7,4,0,2,3,47,3,3,True
2673,18991311567,16,8,1,0,0,3,1,3,32,False
10834,18636055184,2,7,1,0,2,33,39,33,32,False
1027,15661502139,21,18,3,0,3,25,41,25,25,True
9747,17331496902,18,12,4,0,0,30,23,30,17,False
6808,13074255915,29,7,2,0,2,25,29,25,18,False
7784,13943039298,2,7,4,0,1,16,8,16,25,False
6977,13074255915,48,15,4,0,3,7,8,7,18,False
4597,15079495784,26,0,4,0,1,32,15,32,32,True
3917,13130819298,48,9,4,0,2,26,7,26,24,False
10764,18365196069,32,9,4,0,2,3,17,3,3,True
7331,13401917913,1,6,4,0,2,38,40,38,23,False
7719,13943039298,37,0,2,0,3,14,11,14,23,False
1083,15661502139,27,22,4,0,2,37,44,37,16,False
6522,19881266563,45,12,3,0,0,35,30,35,29,False
12104,18765816132,18,8,4,0,0,40,34,40,32,False
7966,13943039298,34,5,4,0,3,10,12,10,32,False
1829,17623708813,24,17,4,0,1,39,36,39,38,False
2986,19831701219,19,10,3,0,1,19,18,19,32,False
4852,15797725211,30,49,4,0,0,25,23,25,25,True
4503,15079495784,32,24,4,0,2,38,39,38,9,False
2485,17807329663,28,35,4,0,2,25,32,25,25,True
13823,19948700293,17,2,3,0,0,23,25,23,10,False
5028,18053307086,5,5,2,0,3,25,43,25,25,True
7728,13943039298,46,3,2,0,3,33,47,33,26,False
6488,19881266563,11,0,3,0,2,16,0,16,24,False
11427,18664891854,43,0,4,0,1,31,21,31,25,False
13451,19859608897,11,5,4,0,1,23,22,23,23,True
13254,19834840803,15,12,4,0,1,16,8,16,25,False
11301,18664891854,17,5,3,0,3,17,48,17,17,True
7360,13401917913,30,0,4,0,1,19,3,19,19,True
13275,19834840803,36,17,4,0,1,13,19,13,19,False
285,13513580369,35,10,4,0,1,19,25,19,10,False
1788,17623708813,33,10,4,0,2,17,24,17,17,True
10832,18365196069,50,12,4,0,0,17,8,17,18,False
2180,17713196465,24,24,4,0,2,25,31,25,25,True
3521,19970957519,3,16,4,0,3,15,23,15,18,False
9068,16630722126,41,7,4,0,3,16,11,16,9,False
13864,19948700293,8,8,4,0,1,32,39,32,32,True
7257,13401917913,27,15,4,0,0,29,15,29,25,False
373,13932780308,23,6,1,0,2,19,26,19,32,False
11487,18664891854,3,0,4,0,1,1,8,1,18,False
4117,13670356740,47,7,4,0,1,30,31,30,30,True
6367,19852999776,41,11,4,0,0,35,14,35,31,False
9957,17527328008,27,1,4,0,3,24,46,24,18,False
4615,15079495784,44,5,4,0,1,9,23,9,9,True
3726,13130819298,7,5,4,0,1,16,7,16,25,False
5254,18053307086,31,7,4,0,2,15,23,15,17,False
6806,13074255915,27,6,2,0,2,21,29,21,10,False
7137,13401917913,7,2,2,0,2,39,32,39,16,False
1713,17623708813,8,4,3,0,3,26,6,26,32,False
2594,17807329663,37,4,4,0,1,3,1,3,32,False
11096,18636055184,13,1,4,0,2,7,22,7,18,False
8797,16630722126,12,1,3,0,3,12,28,12,12,True
3201,19831701219,34,2,4,0,2,11,20,11,37,False
1465,15735414945,11,29,4,0,2,25,9,25,25,True
3729,13130819298,10,5,4,0,2,15,47,15,18,False
4885,15797725211,13,17,4,0,1,11,10,11,32,False
5580,18702113651,6,7,4,0,3,28,1,28,18,False
4494,15079495784,23,27,4,0,3,31,16,31,24,False
9793,17527328008,14,3,1,0,1,5,30,5,29,False
11861,18758415613,26,11,4,0,2,19,39,19,19,True
9898,17527328008,18,1,3,0,0,12,8,12,11,False
3893,13130819298,24,4,4,0,3,29,33,29,29,True
2924,19831701219,7,8,2,0,3,4,12,4,9,False
12014,18765816132,28,2,3,0,3,22,24,22,32,False
10278,17731093916,47,15,3,0,1,8,1,8,9,False
7037,13074255915,8,4,4,0,0,30,1,30,32,False
6187,19852999776,11,0,4,0,1,11,7,11,11,True
3951,13670356740,32,10,1,0,3,8,17,8,32,False
5805,18802233956,30,7,3,0,3,11,24,11,32,False
10595,18365196069,13,1,3,0,3,12,20,12,29,False
1413,15735414945,8,2,4,0,2,22,32,22,17,False
8256,15165929133,23,3,4,0,2,0,21,0,3,False
11719,18758415613,34,13,4,0,3,47,48,47,29,False
7396,13401917913,16,3,4,0,0,46,41,46,37,False
12631,19550593600,44,4,1,0,1,40,39,40,9,False
8927,16630722126,50,4,4,0,2,32,39,32,32,True
5200,18053307086,27,13,4,0,2,10,19,10,32,False
9088,16726368276,11,12,1,0,2,23,28,23,23,True
6340,19852999776,14,2,4,0,0,33,29,33,18,False
1438,15735414945,33,1,4,0,2,18,42,18,18,True
12683,19550593600,40,1,2,0,3,37,39,37,37,True
3910,13130819298,41,4,4,0,0,40,8,40,32,False
1233,15661502139,29,10,4,0,2,11,18,11,32,False
5394,18702113651,20,9,2,0,1,36,35,36,32,False
3630,13130819298,11,3,2,0,0,19,8,19,32,False
2597,17807329663,40,2,4,0,0,37,19,37,29,False
3272,19970957519,4,5,2,0,0,8,1,8,9,False
13001,19834840803,12,8,2,0,1,22,28,22,3,False
6046,19852999776,21,4,1,0,0,33,3,33,32,False
1911,17623708813,6,14,4,0,3,25,32,25,25,True
4476,15079495784,5,1,4,0,0,33,0,33,38,False
2148,17713196465,42,2,4,0,1,33,32,33,32,False
10766,18365196069,34,3,4,0,0,41,20,41,30,False
12059,18765816132,23,6,4,0,2,7,31,7,23,False
2755,18991311567,47,13,2,0,0,10,7,10,10,True
4470,15079495784,49,18,4,0,0,37,29,37,32,False
3794,13130819298,25,18,4,0,0,18,10,18,18,True
8327,15165929133,44,17,4,0,0,18,3,18,18,True
12527,18989781863,40,18,4,0,2,4,9,4,24,False
536,13932780308,35,16,4,0,3,12,5,12,18,False
11354,18664891854,20,14,4,0,0,32,17,32,32,True
3364,19970957519,46,12,3,0,1,11,17,11,32,False
3374,19970957519,6,23,4,0,2,20,9,20,18,False
12192,18765816132,6,10,4,0,3,39,26,39,29,False
1940,17623708813,35,24,4,0,0,22,14,22,32,False
10350,17731093916,19,26,4,0,0,17,10,17,38,False
3951,13670356740,32,14,1,0,2,10,17,10,32,False
4391,15079495784,20,1,3,0,3,14,10,14,32,False
7882,13943039298,50,9,4,0,1,31,9,31,25,False
12823,19550593600,35,3,4,0,0,31,22,31,24,False
9776,17331496902,47,15,4,0,0,38,31,38,17,False
6270,19852999776,44,0,4,0,1,27,5,27,18,False
531,13932780308,30,14,4,0,1,9,8,9,9,True
3703,13130819298,34,8,3,0,2,23,24,23,9,False
6967,13074255915,38,1,4,0,1,46,24,46,25,False
13485,19859608897,45,2,4,0,2,13,26,13,10,False
718,15260233525,13,8,4,0,3,29,32,29,18,False
12199,18765816132,13,4,4,0,3,31,4,31,16,False
11743,18758415613,8,0,4,0,1,31,0,31,25,False
5625,18702113651,1,5,4,0,3,36,25,36,29,False
13037,19834840803,48,0,2,0,2,24,3,24,25,False
2472,17807329663,15,20,4,0,0,23,39,23,23,True
7857,13943039298,25,12,4,0,0,18,13,18,23,False
12929,19550593600,41,9,4,0,0,40,26,40,9,False
8217,15165929133,34,7,4,0,0,12,14,12,11,False
940,15661502139,35,1,1,0,2,15,17,15,18,False
2850,18991311567,42,16,4,0,0,24,16,24,24,True
2762,18991311567,4,2,3,0,2,20,19,20,25,False
1758,17623708813,3,35,4,0,0,8,0,8,32,False
4680,15797725211,8,4,2,0,0,30,25,30,30,True
11607,18758415613,22,3,2,0,0,12,45,12,29,False
6686,19881266563,8,19,4,0,2,25,39,25,25,True
6194,19852999776,18,16,4,0,1,19,25,19,10,False
12772,19550593600,31,22,4,0,3,11,20,11,25,False
6707,19881266563,29,7,4,0,1,25,14,25,18,False
1270,15735414945,16,3,1,0,1,30,22,30,9,False
3563,19970957519,45,3,4,0,0,38,25,38,38,True
13986,19948700293,30,0,4,0,1,39,25,39,25,False
12015,18765816132,29,0,3,0,3,36,2,36,32,False
2607,17807329663,50,15,4,0,3,28,23,28,18,False
3099,19831701219,32,12,4,0,3,36,46,36,18,False
13280,19834840803,41,1,4,0,3,10,6,10,32,False
10680,18365196069,48,17,4,0,1,10,9,10,32,False
601,15260233525,49,8,1,0,1,29,37,29,29,True
3155,19831701219,38,32,4,0,0,19,3,19,32,False
7193,13401917913,13,0,3,0,3,39,18,39,29,False
9184,16726368276,6,15,3,0,1,10,8,10,10,True
1227,15661502139,23,3,4,0,3,17,32,17,17,True
5985,18802233956,10,3,4,0,1,25,16,25,25,True
7299,13401917913,19,19,4,0,1,25,24,25,25,True
7848,13943039298,16,14,4,0,0,27,5,27,32,False
1508,15735414945,4,7,4,0,3,29,47,29,29,True
8633,15167050060,49,1,4,0,0,24,1,24,25,False
816,15260233525,11,2,4,0,3,5,39,5,8,False
9646,17331496902,17,1,4,0,0,30,22,30,19,False
12114,18765816132,28,2,4,0,1,40,47,40,3,False
7250,13401917913,20,2,4,0,2,31,48,31,18,False
12384,18989781863,47,3,3,0,3,39,40,39,29,False
5617,18702113651,43,2,4,0,2,28,32,28,18,False
7699,13943039298,17,1,2,0,1,9,1,9,9,True
5688,18802233956,14,9,1,0,3,3,5,3,18,False
2345,17807329663,39,1,1,0,0,10,8,10,10,True
6065,19852999776,40,1,1,0,3,28,21,28,18,False
4826,15797725211,4,1,4,0,3,0,5,0,16,False
10225,17731093916,44,5,2,0,1,5,18,5,5,True
6620,19881266563,43,24,4,0,3,25,31,25,25,True
13203,19834840803,14,5,4,0,1,5,11,5,29,False
12533,18989781863,46,3,4,0,2,2,15,2,24,False
4861,15797725211,39,2,4,0,1,3,0,3,32,False
3881,13130819298,12,8,4,0,2,24,17,24,24,True
4042,13670356740,22,5,3,0,3,28,21,28,18,False
5304,18053307086,31,20,4,0,1,19,39,19,3,False
7104,13401917913,25,2,1,0,0,41,13,41,19,False
5486,18702113651,12,16,4,0,2,16,14,16,24,False
13734,19948700293,43,3,2,0,0,25,22,25,18,False
7902,13943039298,20,3,4,0,2,15,5,15,18,False
9164,16726368276,36,5,2,0,0,44,1,44,19,False
2046,17713196465,40,9,2,0,0,25,6,25,25,True
13670,19948700293,30,7,1,0,3,4,20,4,32,False
6198,19852999776,22,6,4,0,2,24,2,24,24,True
8553,15167050060,19,0,4,0,2,39,36,39,25,False
11954,18765816132,18,5,2,0,0,37,9,37,32,False
10078,17527328008,48,17,4,0,0,7,1,7,18,False
12296,18989781863,9,8,2,0,3,32,47,32,32,True
13078,19834840803,39,2,3,0,2,25,46,25,25,True
1886,17623708813,31,13,4,0,1,36,9,36,32,False
11307,18664891854,23,8,3,0,2,33,39,33,32,False
8363,15167050060,30,7,1,0,0,37,24,37,37,True
3800,13130819298,31,13,4,0,0,25,18,25,23,False
10729,18365196069,47,3,4,0,3,17,31,17,17,True
1502,15735414945,48,3,4,0,2,14,23,14,32,False
6274,19852999776,48,2,4,0,0,46,39,46,23,False
12584,18989781863,47,1,4,0,2,22,28,22,10,False
7626,13630678332,45,8,4,0,0,19,16,19,19,True
10186,17731093916,5,3,2,0,3,8,46,8,32,False
6718,19881266563,40,3,4,0,1,24,22,24,25,False
14023,19948700293,1,0,4,0,1,39,16,39,25,False
527,13932780308,26,6,4,0,3,18,22,18,18,True
11887,18765816132,2,2,1,0,0,7,1,7,18,False
5518,18702113651,44,1,4,0,1,20,16,20,18,False
4873,15797725211,1,12,4,0,2,32,31,32,32,True
2987,19831701219,20,10,3,0,3,11,25,11,11,True
5504,18702113651,30,50,4,0,2,30,24,30,30,True
8349,15167050060,16,2,1,0,3,33,40,33,32,False
6119,19852999776,43,5,2,0,3,4,11,4,32,False
7170,13401917913,40,4,2,0,3,33,34,33,32,False
4162,13670356740,42,6,4,0,2,18,23,18,18,True
1786,17623708813,31,18,4,0,1,26,12,26,37,False
11358,18664891854,24,12,4,0,3,25,19,25,25,True
6595,19881266563,18,12,4,0,1,6,20,6,3,False
2656,17807329663,49,12,4,0,0,33,17,33,32,False
475,13932780308,24,2,3,0,3,25,1,25,24,False
2348,17807329663,42,14,1,0,0,21,24,21,25,False
1886,17623708813,31,4,4,0,3,24,9,24,24,True
3007,19831701219,40,12,3,0,0,10,3,10,30,False
7808,13943039298,26,11,4,0,3,18,5,18,18,True
12332,18989781863,45,3,2,0,1,5,18,5,5,True
13162,19834840803,23,10,4,0,3,30,24,30,9,False
4559,15079495784,38,6,4,0,0,37,29,37,38,False
9798,17527328008,19,2,1,0,2,39,40,39,29,False
4285,15079495784,15,7,1,0,0,29,15,29,29,True
665,15260233525,12,6,3,0,0,30,23,30,30,True
1253,15661502139,49,66,4,0,1,9,14,9,9,True
3584,13130819298,16,5,1,0,1,12,20,12,37,False
13677,19948700293,37,6,1,0,3,46,47,46,29,False
11875,18758415613,40,10,4,0,2,9,30,9,9,True
10430,17731093916,49,1,4,0,1,24,1,24,24,True
9583,17331496902,4,6,4,0,2,30,36,30,10,False
10877,18636055184,45,3,1,0,2,4,18,4,9,False
4494,15079495784,23,17,4,0,0,37,16,37,9,False
2666,18991311567,9,7,1,0,2,27,13,27,9,False
1894,17623708813,39,6,4,0,2,20,10,20,18,False
3125,19831701219,8,19,4,0,2,31,16,31,24,False
4137,13670356740,17,42,4,0,2,33,38,33,19,False
5081,18053307086,8,0,3,0,3,43,8,43,32,False
7430,13401917913,50,9,4,0,1,16,8,16,24,False
2557,17807329663,50,0,4,0,1,19,24,19,19,True
3884,13130819298,15,3,4,0,1,32,3,32,32,True
10460,17731093916,29,13,4,0,1,3,9,3,32,False
10446,17731093916,15,10,4,0,1,23,21,23,25,False
4260,13670356740,40,8,4,0,2,6,12,6,18,False
12341,18989781863,4,1,3,0,3,8,10,8,8,True
5940,18802233956,15,24,4,0,2,33,43,33,18,False
10880,18636055184,48,6,1,0,1,40,39,40,9,False
12742,19550593600,1,7,4,0,2,2,9,2,18,False
6416,19881266563,40,6,1,0,2,28,37,28,18,False
11268,18664891854,34,5,2,0,1,30,28,30,9,False
13234,19834840803,45,9,4,0,0,38,40,38,23,False
3036,19831701219,19,1,4,0,1,11,4,11,25,False
13701,19948700293,10,8,2,0,3,26,27,26,32,False
9756,17331496902,27,8,4,0,3,22,12,22,9,False
2407,17807329663,50,4,2,0,0,8,7,8,8,True
3439,19970957519,21,6,4,0,0,33,2,33,32,False
400,13932780308,50,14,1,0,1,12,11,12,18,False
10029,17527328008,49,11,4,0,0,38,1,38,18,False
12486,18989781863,49,18,4,0,1,32,24,32,32,True
13147,19834840803,8,5,4,0,1,11,9,11,32,False
8882,16630722126,5,1,4,0,2,3,4,3,3,True
4435,15079495784,14,9,4,0,1,4,40,4,3,False
493,13932780308,42,1,3,0,0,10,1,10,10,True
8040,15165929133,7,0,2,0,0,9,18,9,9,True
11029,18636055184,46,10,4,0,1,41,47,41,30,False
9493,17331496902,14,7,2,0,0,20,13,20,24,False
1089,15661502139,33,27,4,0,3,18,9,18,18,True
5902,18802233956,27,5,4,0,2,19,33,19,10,False
14089,19948700293,17,8,4,0,3,32,39,32,32,True
11511,18664891854,27,3,4,0,1,17,9,17,18,False
5233,18053307086,10,3,4,0,0,25,21,25,25,True
8308,15165929133,25,3,4,0,2,0,30,0,3,False
4674,15797725211,2,4,2,0,3,8,11,8,32,False
3463,19970957519,45,1,4,0,0,10,1,10,10,True
6088,19852999776,12,15,2,0,1,18,17,18,18,True
12499,18989781863,12,13,4,0,2,23,33,23,10,False
2877,19831701219,11,0,1,0,0,47,46,47,37,False
7177,13401917913,47,3,2,0,2,37,47,37,9,False
6160,19852999776,34,11,3,0,3,12,13,12,18,False
11892,18765816132,7,3,1,0,2,7,31,7,18,False
1792,17623708813,37,2,4,0,0,44,10,44,37,False
1160,15661502139,6,24,4,0,0,10,3,10,30,False
1569,15735414945,15,2,4,0,0,39,3,39,24,False
11546,18758415613,12,9,1,0,3,22,28,22,32,False
6565,19881266563,38,5,4,0,2,11,18,11,11,True
4386,15079495784,15,3,3,0,2,10,21,10,10,True
6000,18802233956,25,47,4,0,0,26,17,26,18,False
13329,19859608897,40,12,1,0,0,18,15,18,18,True
11203,18664891854,20,8,1,0,2,40,48,40,19,False
8091,15165929133,8,1,3,0,2,23,36,23,10,False
9535,17331496902,6,2,3,0,3,33,48,33,32,False
4922,15797725211,50,4,4,0,0,15,19,15,23,False
6383,19881266563,7,1,1,0,3,14,2,14,32,False
7056,13074255915,27,39,4,0,2,33,47,33,32,False
2349,17807329663,43,32,1,0,1,19,25,19,32,False
7038,13074255915,9,7,4,0,2,11,18,11,25,False
10503,18365196069,22,3,1,0,3,44,46,44,37,False
3106,19831701219,39,25,4,0,2,18,33,18,23,False
11839,18758415613,4,16,4,0,0,29,15,29,25,False
3310,19970957519,42,18,2,0,2,14,21,14,10,False
2568,17807329663,11,2,4,0,0,17,9,17,18,False
4334,15079495784,13,10,2,0,0,23,2,23,17,False
12739,19550593600,1,6,4,0,0,9,10,9,9,True
2520,17807329663,13,1,4,0,2,7,23,7,18,False
5147,18053307086,24,21,4,0,0,8,7,8,10,False
1375,15735414945,20,26,3,0,1,19,24,19,32,False
7831,13943039298,49,25,4,0,1,10,8,10,17,False
6178,19852999776,2,5,4,0,3,23,32,23,25,False
8150,15165929133,17,9,4,0,0,47,27,47,29,False
5060,18053307086,37,1,2,0,2,15,32,15,9,False
11999,18765816132,13,3,3,0,2,36,43,36,26,False
5082,18053307086,9,8,3,0,3,4,11,4,32,False
11047,18636055184,14,5,4,0,3,38,46,38,18,False
8241,15165929133,8,0,4,0,3,39,26,39,18,False
1280,15735414945,26,6,1,0,2,18,25,18,18,True
3258,19970957519,41,0,1,0,1,30,44,30,30,True
6595,19881266563,18,32,4,0,2,17,20,17,10,False
4294,15079495784,24,6,1,0,2,26,39,26,24,False
1476,15735414945,22,2,4,0,0,38,25,38,38,True
1537,15735414945,33,32,4,0,1,10,9,10,23,False
4374,15079495784,3,8,3,0,0,33,9,33,32,False
11305,18664891854,21,8,3,0,2,37,47,37,9,False
8508,15167050060,24,29,4,0,1,40,39,40,30,False
5485,18702113651,11,0,4,0,1,16,21,16,25,False
6215,19852999776,39,7,4,0,0,30,31,30,30,True
7946,13943039298,14,21,4,0,3,32,40,32,32,True
12856,19550593600,18,4,4,0,0,41,34,41,19,False
4458,15079495784,37,0,4,0,2,1,39,1,18,False
6629,19881266563,2,33,4,0,1,10,2,10,30,False
10341,17731093916,10,9,4,0,2,4,2,4,11,False
6939,13074255915,10,3,4,0,2,4,10,4,9,False
9480,17331496902,1,2,2,0,1,8,15,8,8,True
11088,18636055184,5,13,4,0,0,23,7,23,17,False
3742,13130819298,23,7,4,0,0,29,21,29,25,False
7743,13943039298,11,9,3,0,1,40,39,40,9,False
5508,18702113651,34,10,4,0,0,16,9,16,25,False
3338,19970957519,20,8,3,0,0,17,25,17,9,False
1897,17623708813,42,27,4,0,1,30,16,30,9,False
3449,19970957519,31,1,4,0,0,42,18,42,29,False
12140,18765816132,4,32,4,0,0,32,26,32,19,False
6900,13074255915,21,19,4,0,1,38,29,38,18,False
10143,17731093916,13,2,1,0,1,45,16,45,19,False
13506,19859608897,16,19,4,0,0,14,0,14,18,False
6059,19852999776,34,1,1,0,2,3,16,3,3,True
10009,17527328008,29,11,4,0,3,37,25,37,9,False
3862,13130819298,43,5,4,0,1,45,14,45,45,True
3835,13130819298,16,16,4,0,1,17,14,17,17,True
4349,15079495784,28,1,2,0,2,23,36,23,9,False
6918,13074255915,39,1,4,0,2,22,29,22,10,False
3528,19970957519,10,0,4,0,0,39,0,39,25,False
7316,13401917913,36,6,4,0,2,22,43,22,3,False
3897,13130819298,28,4,4,0,3,14,39,14,11,False
13699,19948700293,8,4,2,0,3,17,27,17,17,True
7053,13074255915,24,10,4,0,0,12,45,12,29,False
3970,13670356740,51,3,1,0,3,45,25,45,45,True
3186,19831701219,19,10,4,0,2,26,16,26,25,False
3225,19970957519,8,6,1,0,1,26,13,26,32,False
10617,18365196069,35,9,3,0,0,10,8,10,10,True
12388,18989781863,1,0,4,0,3,29,40,29,29,True
10469,17731093916,38,10,4,0,0,14,7,14,17,False
14022,19948700293,33,2,4,0,1,36,8,36,32,False
5478,18702113651,4,0,4,0,1,10,21,10,10,True
1163,15661502139,9,26,4,0,2,10,23,10,30,False
11532,18664891854,48,18,4,0,3,31,48,31,18,False
5960,18802233956,35,9,4,0,2,12,25,12,24,False
11915,18765816132,30,9,1,0,3,32,33,32,32,True
3319,19970957519,1,11,3,0,1,23,31,23,9,False
5386,18702113651,12,9,2,0,2,29,47,29,29,True
4168,13670356740,48,10,4,0,3,32,25,32,32,True
3531,19970957519,13,3,4,0,2,12,25,12,25,False
8943,16630722126,16,12,4,0,0,20,11,20,18,False
11382,18664891854,48,15,4,0,0,10,3,10,17,False
2142,17713196465,36,2,4,0,3,15,17,15,18,False
2862,18991311567,4,15,4,0,1,26,17,26,32,False
5129,18053307086,6,10,4,0,1,12,23,12,18,False
3698,13130819298,29,2,3,0,0,40,6,40,32,False
5467,18702113651,43,15,3,0,2,31,17,31,18,False
3389,19970957519,21,1,4,0,2,9,26,9,9,True
3752,13130819298,33,0,4,0,0,20,6,20,12,False
6657,19881266563,30,25,4,0,1,26,12,26,37,False
7102,13401917913,23,0,1,0,1,26,24,26,32,False
3550,19970957519,32,10,4,0,2,6,39,6,18,False
8881,16630722126,4,12,4,0,1,18,17,18,18,True
13704,19948700293,13,3,2,0,2,31,32,31,32,False
689,15260233525,36,4,3,0,1,13,20,13,10,False
3787,13130819298,18,0,4,0,0,26,8,26,25,False
3729,13130819298,10,10,4,0,0,30,47,30,30,True
8231,15165929133,48,9,4,0,2,33,48,33,32,False
11776,18758415613,41,11,4,0,3,32,40,32,32,True
1100,15661502139,44,9,4,0,1,46,21,46,38,False
8263,15165929133,30,0,4,0,1,40,18,40,30,False
9279,16726368276,1,5,4,0,0,33,13,33,19,False
2450,17807329663,43,4,3,0,2,22,19,22,9,False
3161,19831701219,44,1,4,0,2,15,41,15,18,False
11101,18636055184,18,3,4,0,3,14,22,14,32,False
7449,13630678332,19,5,1,0,1,46,24,46,45,False
1576,15735414945,22,32,4,0,0,36,31,36,29,False
5457,18702113651,33,11,3,0,2,22,31,22,10,False
1897,17623708813,42,5,4,0,2,9,16,9,9,True
1911,17623708813,6,3,4,0,0,33,32,33,32,False
4336,15079495784,15,5,2,0,0,10,2,10,10,True
8635,15167050060,1,4,4,0,2,2,17,2,16,False
115,13513580369,15,5,3,0,3,31,18,31,32,False
3578,13130819298,10,2,1,0,1,36,15,36,32,False
4202,13670356740,32,4,4,0,1,9,37,9,9,True
1618,17623708813,14,27,1,0,3,11,32,11,11,True
5274,18053307086,1,9,4,0,1,18,17,18,18,True
7626,13630678332,45,1,4,0,1,19,16,19,19,True
6573,19881266563,46,29,4,0,1,13,27,13,10,False
10645,18365196069,13,4,4,0,1,31,3,31,25,False
7260,13401917913,30,4,4,0,0,15,16,15,23,False
5277,18053307086,4,13,4,0,0,19,17,19,32,False
251,13513580369,1,8,4,0,2,6,39,6,3,False
3356,19970957519,38,7,3,0,3,3,6,3,3,True
8592,15167050060,8,25,4,0,2,2,9,2,18,False
6649,19881266563,22,8,4,0,2,3,25,3,32,False
13966,19948700293,10,13,4,0,0,11,12,11,25,False
7934,13943039298,2,28,4,0,2,17,14,17,32,False
530,13932780308,29,18,4,0,2,45,47,45,29,False
7363,13401917913,33,14,4,0,0,33,27,33,29,False
12160,18765816132,24,2,4,0,0,39,38,39,25,False
1065,15661502139,9,12,4,0,0,38,36,38,17,False
1824,17623708813,19,5,4,0,3,24,18,24,25,False
13884,19948700293,28,0,4,0,3,1,46,1,18,False
11127,18636055184,44,0,4,0,0,39,5,39,18,False
5302,18053307086,29,34,4,0,0,33,0,33,32,False
7069,13074255915,40,22,4,0,0,7,1,7,18,False
5698,18802233956,24,13,1,0,0,19,16,19,32,False
4236,13670356740,16,12,4,0,0,38,34,38,23,False
4438,15079495784,17,10,4,0,0,25,6,25,18,False
3406,19970957519,38,5,4,0,1,32,39,32,32,True
7813,13943039298,31,3,4,0,2,15,24,15,18,False
6843,13074255915,14,3,3,0,2,31,46,31,18,False
12173,18765816132,37,7,4,0,1,8,48,8,8,True
8843,16630722126,16,8,3,0,1,40,39,40,9,False
2108,17713196465,2,3,4,0,1,8,0,8,17,False
5465,18702113651,41,0,3,0,2,16,7,16,24,False
4227,13670356740,7,8,4,0,0,22,8,22,32,False
13876,19948700293,20,17,4,0,0,21,14,21,23,False
304,13513580369,4,3,4,0,1,3,0,3,3,True
547,13932780308,46,8,4,0,3,23,27,23,25,False
1436,15735414945,31,7,4,0,3,8,3,8,32,False
3702,13130819298,33,2,3,0,0,19,0,19,32,False
3751,13130819298,32,10,4,0,3,17,34,17,9,False
7176,13401917913,46,5,2,0,3,32,47,32,32,True
6605,19881266563,28,6,4,0,1,5,11,5,29,False
9589,17331496902,10,4,4,0,2,39,46,39,18,False
10612,18365196069,30,1,3,0,2,24,0,24,24,True
6650,19881266563,23,1,4,0,3,38,47,38,17,False
3272,19970957519,4,4,2,0,1,9,1,9,9,True
13080,19834840803,41,7,3,0,0,9,39,9,9,True
1242,15661502139,38,11,4,0,0,25,3,25,25,True
2053,17713196465,47,5,2,0,0,30,31,30,30,True
4129,13670356740,9,26,4,0,2,37,44,37,16,False
942,15661502139,37,2,1,0,0,19,7,19,32,False
8237,15165929133,4,0,4,0,2,24,15,24,25,False
4626,15797725211,5,11,1,0,2,25,24,25,25,True
13210,19834840803,21,3,4,0,0,15,8,15,18,False
4695,15797725211,23,3,2,0,1,38,28,38,17,False
8139,15165929133,6,3,4,0,3,23,39,23,10,False
1838,17623708813,5,1,4,0,0,44,9,44,37,False
8271,15165929133,38,2,4,0,2,25,45,25,11,False
10913,18636055184,30,5,2,0,3,2,31,2,18,False
727,15260233525,22,0,4,0,0,43,18,43,18,False
2485,17807329663,28,4,4,0,2,14,32,14,18,False
5670,18702113651,46,2,4,0,0,45,7,45,45,True
1064,15661502139,8,3,4,0,2,38,46,38,17,False
3206,19831701219,39,7,4,0,1,18,28,18,18,True
8310,15165929133,27,1,4,0,1,27,45,27,18,False
13223,19834840803,34,5,4,0,2,39,32,39,24,False
2579,17807329663,22,7,4,0,0,8,1,8,9,False
12270,18989781863,34,2,1,0,2,7,21,7,18,False
1906,17623708813,1,7,4,0,3,28,25,28,25,False
8179,15165929133,46,3,4,0,3,31,47,31,25,False
5852,18802233956,27,14,4,0,1,37,9,37,37,True
11098,18636055184,15,10,4,0,3,28,21,28,18,False
3215,19831701219,48,13,4,0,0,33,25,33,32,False
13418,19859608897,28,4,3,0,3,1,2,1,18,False
3305,19970957519,37,6,2,0,1,32,17,32,32,True
2874,19831701219,8,8,1,0,0,19,13,19,32,False
136,13513580369,36,1,3,0,0,15,24,15,23,False
3134,19831701219,17,1,4,0,3,30,46,30,19,False
3198,19831701219,31,5,4,0,3,33,13,33,32,False
3638,13130819298,19,0,2,0,1,30,39,30,30,True
10956,18636055184,23,0,3,0,3,39,11,39,29,False
11863,18758415613,28,11,4,0,3,11,12,11,25,False
1375,15735414945,20,4,3,0,3,25,24,25,24,False
799,15260233525,44,9,4,0,1,12,2,12,18,False
12207,18765816132,21,14,4,0,1,40,47,40,30,False
8690,16630722126,6,5,1,0,1,3,9,3,18,False
10384,17731093916,3,5,4,0,3,0,2,0,18,False
3005,19831701219,38,4,3,0,3,8,6,8,32,False
1091,15661502139,35,8,4,0,2,30,39,30,10,False
7427,13401917913,47,33,4,0,3,12,20,12,29,False
1077,15661502139,21,15,4,0,2,2,9,2,18,False
12161,18765816132,25,15,4,0,3,18,13,18,25,False
10513,18365196069,32,8,1,0,0,14,8,14,17,False
7571,13630678332,40,6,3,0,2,33,41,33,32,False
3170,19831701219,3,18,4,0,3,36,24,36,16,False
9456,17331496902,28,4,1,0,0,25,10,25,32,False
6879,13074255915,50,5,3,0,0,18,12,18,18,True
6842,13074255915,13,0,3,0,1,40,42,40,3,False
9935,17527328008,5,1,4,0,0,38,8,38,18,False
4558,15079495784,37,47,4,0,0,36,23,36,29,False
4684,15797725211,12,17,2,0,2,20,19,20,18,False
8304,15165929133,21,0,4,0,3,40,27,40,9,False
7022,13074255915,43,7,4,0,2,30,43,30,3,False
4330,15079495784,9,5,2,0,2,23,47,23,18,False
890,15260233525,35,4,4,0,3,45,46,45,29,False
4057,13670356740,37,2,3,0,0,10,9,10,32,False
12696,19550593600,8,12,3,0,1,41,40,41,9,False
2937,19831701219,20,2,2,0,1,17,46,17,17,True
8957,16630722126,30,12,4,0,2,34,40,34,18,False
7069,13074255915,40,1,4,0,0,36,1,36,32,False
1797,17623708813,42,105,4,0,3,27,10,27,18,False
13201,19834840803,12,4,4,0,2,26,33,26,12,False
9177,16726368276,49,8,2,0,3,45,47,45,29,False
11750,18758415613,15,3,4,0,1,16,8,16,18,False
7503,13630678332,22,0,2,0,2,20,33,20,12,False
5209,18053307086,36,15,4,0,0,25,12,25,23,False
4946,15797725211,24,43,4,0,0,23,9,23,9,False
13862,19948700293,6,37,4,0,1,16,14,16,24,False
12149,18765816132,13,0,4,0,0,26,9,26,25,False
1311,15735414945,6,5,2,0,1,18,7,18,18,True
1686,17623708813,31,6,2,0,2,25,40,25,25,True
10018,17527328008,38,6,4,0,1,48,13,48,45,False
10964,18636055184,31,9,3,0,3,44,45,44,37,False
3767,13130819298,48,3,4,0,2,15,46,15,18,False
2962,19831701219,45,3,2,0,0,31,21,31,32,False
8799,16630722126,14,3,3,0,0,18,9,18,18,True
9946,17527328008,16,20,4,0,1,33,25,33,29,False
3788,13130819298,19,7,4,0,0,9,18,9,9,True
10550,18365196069,18,4,2,0,2,25,48,25,18,False
11434,18664891854,50,22,4,0,3,26,19,26,25,False
2386,17807329663,29,1,2,0,0,45,8,45,19,False
4838,15797725211,16,14,4,0,0,29,24,29,29,True
5530,18702113651,6,129,4,0,0,7,3,7,18,False
2900,19831701219,34,6,1,0,3,35,36,35,32,False
4698,15797725211,26,18,2,0,2,26,44,26,24,False
6344,19852999776,18,24,4,0,3,8,10,8,32,False
2425,17807329663,18,8,3,0,1,37,29,37,37,True
4290,15079495784,20,19,1,0,0,35,16,35,18,False
5060,18053307086,37,20,2,0,1,33,32,33,32,False
5304,18053307086,31,13,4,0,2,17,39,17,9,False
13695,19948700293,4,1,2,0,1,23,14,23,23,True
2060,17713196465,4,1,3,0,1,46,38,46,45,False
10104,17527328008,24,3,4,0,1,22,21,22,23,False
4601,15079495784,30,8,4,0,0,24,7,24,24,True
886,15260233525,31,0,4,0,0,15,39,15,18,False
2561,17807329663,4,9,4,0,1,12,3,12,18,False
92,13513580369,42,1,2,0,3,37,39,37,37,True
3039,19831701219,22,6,4,0,1,39,36,39,24,False
4327,15079495784,6,9,2,0,3,25,47,25,25,True
5124,18053307086,1,20,4,0,1,44,21,44,29,False
12810,19550593600,22,12,4,0,3,40,8,40,30,False
4088,13670356740,18,5,4,0,2,39,43,39,11,False
2228,17713196465,22,36,4,0,1,26,19,26,37,False
8636,15167050060,2,0,4,0,3,30,40,30,10,False
6017,18802233956,42,8,4,0,0,27,1,27,32,False
2799,18991311567,41,11,3,0,3,36,41,36,29,False
7546,13630678332,15,3,3,0,0,23,11,23,23,True
10674,18365196069,42,9,4,0,3,2,34,2,32,False
1067,15661502139,11,14,4,0,0,36,7,36,18,False
1923,17623708813,18,12,4,0,2,2,8,2,18,False
13005,19834840803,16,1,2,0,3,14,21,14,32,False
8214,15165929133,31,12,4,0,1,3,2,3,32,False
2574,17807329663,17,20,4,0,0,38,33,38,23,False
3049,19831701219,32,11,4,0,1,12,16,12,18,False
9851,17527328008,21,3,2,0,1,38,45,38,38,True
13160,19834840803,21,5,4,0,3,8,3,8,32,False
11568,18758415613,34,4,1,0,2,10,12,10,32,False
3791,13130819298,22,38,4,0,2,10,24,10,23,False
6340,19852999776,14,4,4,0,1,25,29,25,18,False
11959,18765816132,23,1,2,0,1,9,30,9,9,True
5511,18702113651,37,9,4,0,3,26,27,26,25,False
7259,13401917913,29,4,4,0,0,18,19,18,17,False
4195,13670356740,25,10,4,0,1,31,28,31,18,False
9865,17527328008,35,8,2,0,2,30,38,30,9,False
3841,13130819298,22,11,4,0,0,29,8,29,25,False
13515,19859608897,25,5,4,0,1,26,33,26,25,False
7408,13401917913,28,14,4,0,1,33,17,33,37,False
12823,19550593600,35,4,4,0,0,24,22,24,24,True
1113,15661502139,7,14,4,0,1,16,15,16,25,False
13108,19834840803,19,23,4,0,1,22,7,22,30,False
5254,18053307086,31,9,4,0,2,22,23,22,10,False
12199,18765816132,13,3,4,0,1,31,4,31,25,False
3701,13130819298,32,18,3,0,0,28,27,28,18,False
6804,13074255915,25,1,2,0,2,31,45,31,16,False
1515,15735414945,11,13,4,0,3,45,39,45,29,False
10932,18636055184,49,6,2,0,1,13,19,13,19,False
1081,15661502139,25,3,4,0,2,25,44,25,24,False
7757,13943039298,25,1,3,0,2,7,25,7,10,False
5175,18053307086,2,17,4,0,0,18,13,18,18,True
3032,19831701219,15,14,4,0,3,11,39,11,11,True
3284,19970957519,16,8,2,0,0,17,46,17,9,False
3959,13670356740,40,5,1,0,1,44,43,44,37,False
8523,15167050060,39,1,4,0,1,12,2,12,29,False
8703,16630722126,19,1,1,0,1,46,37,46,9,False
12096,18765816132,10,6,4,0,3,18,19,18,23,False
6700,19881266563,22,12,4,0,3,12,5,12,25,False
10566,18365196069,34,10,2,0,0,10,0,10,10,True
1998,17713196465,43,4,1,0,3,4,20,4,32,False
13290,19859608897,1,1,1,0,2,12,34,12,37,False
4229,13670356740,9,11,4,0,3,33,25,33,32,False
4286,15079495784,16,7,1,0,1,31,21,31,24,False
10586,18365196069,4,3,3,0,1,46,38,46,45,False
1115,15661502139,9,29,4,0,1,33,25,33,12,False
711,15260233525,6,2,4,0,2,40,47,40,32,False
5819,18802233956,44,11,3,0,0,32,25,32,32,True
4196,13670356740,26,15,4,0,3,35,32,35,18,False
9285,16726368276,7,5,4,0,1,32,16,32,32,True
2678,18991311567,21,0,1,0,1,31,9,31,25,False
2214,17713196465,8,0,4,0,2,40,13,40,32,False
12524,18989781863,37,5,4,0,3,2,48,2,9,False
5382,18702113651,8,15,2,0,3,12,41,12,29,False
1937,17623708813,32,8,4,0,2,1,39,1,18,False
8784,16630722126,49,0,2,0,1,40,47,40,8,False
12469,18989781863,32,1,4,0,1,39,0,39,25,False
5246,18053307086,23,0,4,0,2,22,39,22,10,False
2718,18991311567,10,9,2,0,0,25,10,25,25,True
4925,15797725211,3,17,4,0,3,28,30,28,18,False
11849,18758415613,14,2,4,0,2,10,4,10,10,True
11117,18636055184,34,21,4,0,3,46,47,46,23,False
2229,17713196465,23,7,4,0,3,22,4,22,9,False
8582,15167050060,48,9,4,0,1,3,15,3,32,False
1627,17623708813,23,17,1,0,0,22,15,22,19,False
8316,15165929133,33,17,4,0,0,21,8,21,23,False
57,13513580369,7,6,2,0,3,10,45,10,32,False
4592,15079495784,21,8,4,0,0,19,0,19,32,False
4274,15079495784,4,9,1,0,0,14,7,14,18,False
9757,17331496902,28,1,4,0,3,16,14,16,25,False
12607,19550593600,20,5,1,0,0,10,8,10,10,True
698,15260233525,45,5,3,0,0,9,10,9,9,True
3541,19970957519,23,8,4,0,0,37,16,37,38,False
7043,13074255915,14,25,4,0,3,32,40,32,32,True
2518,17807329663,11,2,4,0,2,18,39,18,23,False
3720,13130819298,1,0,4,0,1,20,23,20,12,False
12394,18989781863,7,2,4,0,1,16,8,16,25,False
6026,19852999776,1,1,1,0,3,31,41,31,11,False
8859,16630722126,32,0,3,0,0,30,32,30,30,True
1802,17623708813,47,44,4,0,0,18,6,18,18,True
4247,13670356740,27,8,4,0,1,9,46,9,9,True
6522,19881266563,45,8,3,0,1,38,30,38,9,False
11120,18636055184,37,5,4,0,0,12,17,12,29,False
2185,17713196465,29,20,4,0,3,32,25,32,32,True
13055,19834840803,16,8,3,0,1,41,39,41,9,False
8430,15167050060,46,2,2,0,3,44,45,44,37,False
6095,19852999776,19,1,2,0,3,25,28,25,24,False
3155,19831701219,38,9,4,0,0,26,3,26,32,False
6585,19881266563,8,27,4,0,0,22,14,22,17,False
7463,13630678332,33,18,1,0,1,41,46,41,30,False
11603,18758415613,18,2,2,0,2,10,19,10,10,True
11946,18765816132,10,3,2,0,3,14,46,14,32,False
9465,17331496902,37,11,1,0,3,26,20,26,32,False
8235,15165929133,2,8,4,0,1,18,9,18,18,True
5140,18053307086,17,10,4,0,1,36,21,36,18,False
12570,18989781863,33,16,4,0,1,33,27,33,29,False
3295,19970957519,27,1,2,0,0,44,8,44,19,False
990,15661502139,34,10,2,0,1,6,20,6,3,False
8809,16630722126,24,5,3,0,0,27,11,27,30,False
3776,13130819298,7,56,4,0,2,18,24,18,18,True
8421,15167050060,37,3,2,0,3,28,7,28,18,False
9886,17527328008,6,13,3,0,0,10,8,10,10,True
5450,18702113651,26,4,3,0,2,12,19,12,18,False
5107,18053307086,34,3,3,0,0,25,15,25,25,True
13549,19859608897,9,0,4,0,0,23,12,23,18,False
2060,17713196465,4,0,3,0,2,39,38,39,12,False
4787,15797725211,15,19,4,0,3,25,32,25,25,True
13687,19948700293,47,8,1,0,2,3,11,3,18,False
13158,19834840803,19,6,4,0,2,15,43,15,18,False
3451,19970957519,33,1,4,0,2,10,7,10,10,True
7424,13401917913,44,11,4,0,0,18,5,18,18,True
3560,19970957519,42,4,4,0,1,10,9,10,10,True
2808,18991311567,50,35,3,0,2,26,24,26,24,False
3753,13130819298,34,1,4,0,3,26,13,26,32,False
5828,18802233956,3,4,4,0,1,38,29,38,18,False
4403,15079495784,32,0,3,0,2,1,11,1,18,False
4455,15079495784,34,2,4,0,1,38,8,38,38,True
9157,16726368276,29,0,2,0,2,12,29,12,12,True
14011,19948700293,22,10,4,0,1,3,8,3,32,False
13424,19859608897,34,6,3,0,2,18,24,18,18,True
12449,18989781863,12,10,4,0,1,17,9,17,18,False
2506,17807329663,49,10,4,0,3,40,41,40,32,False
7630,13630678332,49,14,4,0,1,34,4,34,38,False
1684,17623708813,29,0,2,0,0,21,19,21,25,False
10671,18365196069,39,6,4,0,0,33,18,33,32,False
7847,13943039298,15,3,4,0,3,37,39,37,37,True
11510,18664891854,26,12,4,0,3,46,48,46,29,False
9941,17527328008,11,20,4,0,0,18,13,18,23,False
188,13513580369,38,1,4,0,1,18,14,18,18,True
6680,19881266563,2,4,4,0,2,15,46,15,17,False
9110,16726368276,33,5,1,0,1,23,14,23,23,True
6615,19881266563,38,5,4,0,1,4,31,4,9,False
3523,19970957519,5,19,4,0,0,8,0,8,17,False
8343,15167050060,10,2,1,0,3,31,10,31,24,False
8623,15167050060,39,2,4,0,3,22,31,22,17,False
7998,15165929133,16,21,1,0,1,5,39,5,37,False
4966,15797725211,44,48,4,0,0,7,41,7,10,False
3276,19970957519,8,3,2,0,0,25,12,25,25,True
4330,15079495784,9,6,2,0,2,30,47,30,9,False
5787,18802233956,12,2,3,0,3,11,39,11,11,True
13384,19859608897,44,3,2,0,0,17,9,17,18,False
5991,18802233956,16,35,4,0,1,19,26,19,19,True
10539,18365196069,7,6,2,0,0,36,8,36,37,False
4418,15079495784,47,2,3,0,3,39,47,39,16,False
1619,17623708813,15,23,1,0,2,28,32,28,18,False
7427,13401917913,47,30,4,0,2,12,20,12,37,False
977,15661502139,21,0,2,0,0,44,6,44,37,False
11798,18758415613,13,8,4,0,3,14,19,14,18,False
6859,13074255915,30,10,3,0,0,20,13,20,11,False
11925,18765816132,40,5,1,0,1,27,47,27,8,False
6497,19881266563,20,10,3,0,3,25,31,25,25,True
1921,17623708813,16,26,4,0,1,26,24,26,32,False
13515,19859608897,25,2,4,0,1,27,33,27,23,False
4089,13670356740,19,28,4,0,3,35,44,35,18,False
13337,19859608897,48,6,1,0,2,10,16,10,32,False
14018,19948700293,29,15,4,0,1,38,45,38,25,False
895,15260233525,40,4,4,0,2,25,47,25,18,False
9886,17527328008,6,10,3,0,1,17,8,17,9,False
6477,19881266563,50,2,2,0,3,14,5,14,32,False
12578,18989781863,41,1,4,0,3,36,40,36,37,False
12215,18765816132,29,2,4,0,3,0,8,0,3,False
11487,18664891854,3,2,4,0,3,7,8,7,18,False
5992,18802233956,17,11,4,0,1,9,14,9,9,True
3216,19831701219,49,4,4,0,0,16,7,16,24,False
1169,15661502139,15,8,4,0,2,10,47,10,18,False
4536,15079495784,15,1,4,0,0,25,8,25,25,True
1689,17623708813,34,5,2,0,2,18,40,18,18,True
7318,13401917913,38,16,4,0,0,10,8,10,30,False
2378,17807329663,21,1,2,0,0,27,13,27,17,False
12252,18989781863,16,5,1,0,1,30,36,30,30,True
13441,19859608897,1,7,4,0,1,15,8,15,17,False
8212,15165929133,29,9,4,0,2,33,20,33,29,False
7287,13401917913,7,10,4,0,1,45,32,45,29,False
11335,18664891854,1,2,4,0,0,44,31,44,37,False
13645,19948700293,5,10,1,0,3,8,9,8,32,False
2862,18991311567,4,7,4,0,0,24,17,24,25,False
4068,13670356740,48,15,3,0,3,12,13,12,18,False
6256,19852999776,30,6,4,0,0,15,16,15,18,False
5518,18702113651,44,10,4,0,0,19,16,19,32,False
2053,17713196465,47,14,2,0,3,25,31,25,25,True
2300,17713196465,44,7,4,0,1,20,13,20,18,False
13961,19948700293,5,9,4,0,3,33,40,33,32,False
3031,19831701219,14,18,4,0,1,22,14,22,32,False
1510,15735414945,6,9,4,0,2,22,23,22,10,False
3668,13130819298,49,4,2,0,3,18,3,18,18,True
7676,13943039298,45,2,1,0,2,13,27,13,10,False
768,15260233525,13,1,4,0,3,37,17,37,37,True
6621,19881266563,44,49,4,0,3,9,20,9,9,True
1478,15735414945,24,24,4,0,2,14,21,14,15,False
11922,18765816132,37,13,1,0,2,5,12,5,37,False
12555,18989781863,18,0,4,0,2,22,39,22,10,False
6937,13074255915,8,1,4,0,0,24,15,24,25,False
852,15260233525,47,4,4,0,1,36,30,36,29,False
6630,19881266563,3,14,4,0,3,30,24,30,30,True
13049,19834840803,10,2,3,0,1,34,5,34,9,False
7915,13943039298,33,2,4,0,3,39,41,39,18,False
5714,18802233956,40,0,1,0,3,45,47,45,45,True
13456,19859608897,16,6,4,0,2,30,36,30,10,False
13557,19859608897,17,4,4,0,2,20,27,20,25,False
7432,13630678332,2,0,1,0,3,32,40,32,32,True
4531,15079495784,10,12,4,0,3,35,46,35,18,False
10979,18636055184,46,5,3,0,0,17,9,17,9,False
8603,15167050060,19,7,4,0,3,32,40,32,32,True
871,15260233525,16,3,4,0,3,18,7,18,18,True
9028,16630722126,1,16,4,0,3,37,24,37,9,False
13911,19948700293,5,6,4,0,0,27,12,27,32,False
2472,17807329663,15,10,4,0,2,15,39,15,10,False
13218,19834840803,29,5,4,0,0,40,17,40,32,False
7001,13074255915,22,1,4,0,1,19,18,19,19,True
4066,13670356740,46,8,3,0,0,32,2,32,32,True
6026,19852999776,1,4,1,0,2,34,41,34,15,False
14023,19948700293,1,16,4,0,3,24,16,24,24,True
10902,18636055184,19,3,2,0,0,25,10,25,32,False
12858,19550593600,20,3,4,0,0,9,19,9,9,True
4930,15797725211,8,13,4,0,1,36,16,36,32,False
3658,13130819298,39,0,2,0,0,17,47,17,17,True
1780,17623708813,25,6,4,0,2,29,46,29,3,False
3755,13130819298,36,8,4,0,0,30,23,30,10,False
426,13932780308,25,12,2,0,0,35,0,35,32,False
702,15260233525,49,3,3,0,3,8,11,8,32,False
3745,13130819298,26,11,4,0,1,37,2,37,37,True
9935,17527328008,5,3,4,0,0,24,8,24,25,False
2563,17807329663,6,15,4,0,3,18,15,18,18,True
3052,19831701219,35,1,4,0,1,47,46,47,29,False
7602,13630678332,21,14,4,0,1,32,39,32,32,True
10700,18365196069,18,15,4,0,0,31,23,31,24,False
3654,13130819298,35,2,2,0,2,6,11,6,18,False
12910,19550593600,22,4,4,0,0,12,17,12,12,True
4426,15079495784,5,57,4,0,3,10,11,10,17,False
9841,17527328008,11,6,2,0,2,34,33,34,3,False
10713,18365196069,31,20,4,0,1,13,19,13,19,False
8460,15167050060,26,2,3,0,1,32,24,32,32,True
1224,15661502139,20,21,4,0,3,24,22,24,24,True
3964,13670356740,45,5,1,0,2,6,20,6,18,False
2733,18991311567,25,3,2,0,3,12,5,12,18,False
6563,19881266563,36,20,4,0,1,25,24,25,25,True
11901,18765816132,16,5,1,0,1,33,27,33,37,False
12117,18765816132,31,0,4,0,3,36,2,36,32,False
12059,18765816132,23,15,4,0,2,23,31,23,10,False
4558,15079495784,37,14,4,0,3,15,23,15,18,False
1457,15735414945,3,16,4,0,2,38,46,38,16,False
6223,19852999776,47,3,4,0,0,38,17,38,18,False
7190,13401917913,10,9,3,0,1,17,8,17,18,False
11328,18664891854,44,13,3,0,2,3,6,3,3,True
1441,15735414945,36,10,4,0,3,29,23,29,29,True
5485,18702113651,11,4,4,0,1,30,21,30,38,False
3523,19970957519,5,17,4,0,1,9,0,9,9,True
11513,18664891854,29,10,4,0,3,25,20,25,17,False
4237,13670356740,17,3,4,0,3,2,26,2,18,False
9255,16726368276,27,10,4,0,1,10,9,10,17,False
1192,15661502139,38,25,4,0,3,25,32,25,25,True
3747,13130819298,28,12,4,0,0,27,10,27,32,False
3032,19831701219,15,4,4,0,3,30,39,30,17,False
8546,15167050060,12,22,4,0,3,25,6,25,25,True
5386,18702113651,12,13,2,0,2,28,47,28,18,False
10878,18636055184,46,2,1,0,1,32,39,32,32,True
8432,15167050060,48,2,2,0,3,2,45,2,18,False
12535,18989781863,48,3,4,0,2,23,40,23,10,False
4030,13670356740,10,18,3,0,0,30,23,30,30,True
10754,18365196069,22,9,4,0,2,33,41,33,32,False
799,15260233525,44,5,4,0,1,26,2,26,32,False
11174,18636055184,41,12,4,0,2,27,34,27,23,False
4781,15797725211,9,3,4,0,2,14,25,14,32,False
4862,15797725211,40,7,4,0,2,18,17,18,18,True
5826,18802233956,1,88,4,0,0,25,16,25,25,True
587,15260233525,35,3,1,0,1,26,19,26,37,False
2767,18991311567,9,7,3,0,2,30,36,30,30,True
7281,13401917913,1,11,4,0,2,11,20,11,10,False
4005,13670356740,35,7,2,0,0,17,38,17,9,False
9836,17527328008,6,6,2,0,0,9,6,9,9,True
10023,17527328008,43,4,4,0,3,9,27,9,9,True
961,15661502139,5,7,2,0,2,12,25,12,12,True
3472,19970957519,4,4,4,0,2,5,47,5,37,False
2083,17713196465,27,6,3,0,0,30,26,30,30,True
8508,15167050060,24,3,4,0,3,15,39,15,10,False
13993,19948700293,4,4,4,0,3,0,1,0,25,False
13164,19834840803,25,0,4,0,1,11,24,11,11,True
11977,18765816132,41,5,2,0,1,36,29,36,37,False
3176,19831701219,9,10,4,0,1,30,44,30,9,False
6259,19852999776,33,6,4,0,2,33,39,33,32,False
536,13932780308,35,18,4,0,1,6,5,6,18,False
7335,13401917913,5,2,4,0,2,0,22,0,3,False
6241,19852999776,15,4,4,0,2,3,0,3,32,False
306,13513580369,6,2,4,0,1,38,9,38,38,True
6334,19852999776,8,4,4,0,0,45,30,45,29,False
6235,19852999776,9,16,4,0,3,9,25,9,9,True
565,15260233525,13,3,1,0,1,36,15,36,32,False
5506,18702113651,32,9,4,0,3,37,41,37,29,False
4605,15079495784,34,1,4,0,1,24,8,24,25,False
4527,15079495784,6,6,4,0,0,18,1,18,18,True
8173,15165929133,40,5,4,0,2,4,2,4,26,False
3485,19970957519,17,10,4,0,0,24,9,24,25,False
7379,13401917913,49,8,4,0,0,23,16,23,9,False
1981,17713196465,26,1,1,0,2,16,36,16,16,True
12186,18765816132,50,6,4,0,0,31,9,31,24,False
1540,15735414945,36,1,4,0,3,18,3,18,18,True
8341,15167050060,8,1,1,0,2,37,48,37,37,True
3411,19970957519,43,6,4,0,3,23,40,23,18,False
14088,19948700293,16,20,4,0,1,25,24,25,25,True
11528,18664891854,44,5,4,0,1,8,17,8,8,True
5149,18053307086,26,7,4,0,1,13,19,13,30,False
655,15260233525,2,5,3,0,3,16,24,16,16,True
1917,17623708813,12,9,4,0,2,2,1,2,24,False
7763,13943039298,31,2,3,0,0,19,24,19,19,True
13001,19834840803,12,1,2,0,1,9,28,9,9,True
703,15260233525,50,5,3,0,3,26,12,26,32,False
10943,18636055184,10,15,3,0,0,31,24,31,32,False
5961,18802233956,36,5,4,0,1,26,9,26,18,False
6200,19852999776,24,3,4,0,2,8,44,8,9,False
4290,15079495784,20,7,1,0,0,39,16,39,24,False
11476,18664891854,42,7,4,0,2,7,32,7,10,False
12605,19550593600,18,5,1,0,2,2,9,2,9,False
8483,15167050060,49,4,3,0,2,3,6,3,3,True
7508,13630678332,27,5,2,0,3,39,32,39,16,False
6218,19852999776,42,14,4,0,0,33,10,33,32,False
1234,15661502139,30,1,4,0,0,31,21,31,18,False
4622,15797725211,1,42,1,0,0,16,15,16,24,False
7625,13630678332,44,32,4,0,2,11,3,11,25,False
4209,13670356740,39,6,4,0,1,19,26,19,10,False
1639,17623708813,35,6,1,0,3,29,16,29,37,False
1796,17623708813,41,43,4,0,3,3,0,3,24,False
98,13513580369,48,6,2,0,0,17,25,17,9,False
7917,13943039298,35,14,4,0,2,40,48,40,30,False
12173,18765816132,37,11,4,0,3,15,48,15,18,False
804,15260233525,49,0,4,0,2,9,33,9,9,True
6530,19881266563,3,7,4,0,3,24,25,24,18,False
2047,17713196465,41,3,2,0,0,31,5,31,18,False
8896,16630722126,19,10,4,0,0,17,7,17,18,False
1758,17623708813,3,22,4,0,2,31,0,31,24,False
8184,15165929133,1,13,4,0,1,15,14,15,18,False
2404,17807329663,47,11,2,0,1,36,7,36,32,False
11010,18636055184,27,21,4,0,3,33,47,33,32,False
13931,19948700293,25,8,4,0,1,3,9,3,32,False
13319,19859608897,30,6,1,0,3,33,34,33,32,False
362,13932780308,12,4,1,0,1,36,30,36,32,False
6255,19852999776,29,17,4,0,0,42,43,42,29,False
6226,19852999776,50,7,4,0,2,26,32,26,25,False
5835,18802233956,10,5,4,0,2,29,39,29,29,True
2474,17807329663,17,46,4,0,1,39,38,39,25,False
5729,18802233956,4,2,2,0,2,14,34,14,32,False
4217,13670356740,47,7,4,0,2,25,32,25,25,True
3147,19831701219,30,20,4,0,0,22,21,22,18,False
11029,18636055184,46,0,4,0,2,38,47,38,17,False
7444,13630678332,14,4,1,0,2,36,43,36,26,False
6304,19852999776,28,3,4,0,2,32,30,32,32,True
3653,13130819298,34,1,2,0,0,9,11,9,9,True
6836,13074255915,7,1,3,0,2,25,39,25,25,True
6548,19881266563,21,10,4,0,1,19,33,19,19,True
9502,17331496902,23,3,2,0,0,44,1,44,19,False
10533,18365196069,1,6,2,0,2,34,41,34,18,False
3422,19970957519,4,1,4,0,2,7,39,7,18,False
11505,18664891854,21,9,4,0,3,30,31,30,23,False
4740,15797725211,18,44,3,0,3,25,20,25,29,False
9700,17331496902,21,0,4,0,0,22,1,22,17,False
12904,19550593600,16,9,4,0,0,41,24,41,30,False
2715,18991311567,7,4,2,0,0,25,10,25,25,True
12216,18765816132,30,9,4,0,1,11,10,11,25,False
11467,18664891854,33,9,4,0,1,47,27,47,29,False
4160,13670356740,40,11,4,0,3,31,34,31,25,False
1946,17623708813,41,10,4,0,2,33,39,33,32,False
13956,19948700293,50,2,4,0,3,30,24,30,9,False
1261,15735414945,7,18,1,0,2,26,19,26,37,False
291,13513580369,41,4,4,0,1,3,14,3,3,True
9032,16630722126,5,1,4,0,1,40,7,40,30,False
12171,18765816132,35,1,4,0,1,25,15,25,25,True
6329,19852999776,3,11,4,0,2,37,46,37,29,False
1948,17623708813,43,12,4,0,3,45,46,45,29,False
14114,19948700293,42,9,4,0,2,38,39,38,38,True
6264,19852999776,38,2,4,0,1,12,38,12,23,False
3946,13670356740,27,3,1,0,0,29,9,29,29,True
7387,13401917913,7,4,4,0,3,40,11,40,32,False
1952,17623708813,47,7,4,0,1,3,0,3,32,False
1836,17623708813,3,5,4,0,3,30,31,30,9,False
5438,18702113651,14,5,3,0,0,19,25,19,32,False
4455,15079495784,34,1,4,0,0,45,8,45,45,True
1126,15661502139,20,13,4,0,3,25,26,25,25,True
5490,18702113651,16,0,4,0,1,34,15,34,25,False
8149,15165929133,16,18,4,0,0,23,10,23,17,False
7998,15165929133,16,44,1,0,3,31,39,31,18,False
5572,18702113651,48,0,4,0,0,40,10,40,32,False
12007,18765816132,21,1,3,0,1,18,15,18,18,True
8600,15167050060,16,8,4,0,3,21,14,21,25,False
12,13513580369,13,2,1,0,0,21,28,21,25,False
12544,18989781863,7,4,4,0,0,44,38,44,45,False
3788,13130819298,19,14,4,0,2,11,18,11,11,True
772,15260233525,17,7,4,0,3,4,27,4,18,False
3682,13130819298,13,21,3,0,2,18,24,18,18,True
11457,18664891854,23,3,4,0,3,44,45,44,29,False
919,15661502139,14,0,1,0,2,22,46,22,10,False
11809,18758415613,24,7,4,0,2,12,19,12,37,False
360,13932780308,10,23,1,0,2,39,30,39,25,False
6528,19881266563,1,4,4,0,3,2,10,2,9,False
7133,13401917913,3,0,2,0,2,39,43,39,24,False
6279,19852999776,3,4,4,0,0,34,13,34,18,False
8136,15165929133,3,13,4,0,0,26,19,26,25,False
5950,18802233956,25,3,4,0,2,16,43,16,23,False
5154,18053307086,31,8,4,0,2,18,16,18,18,True
12291,18989781863,4,5,2,0,0,44,31,44,37,False
2396,17807329663,39,6,2,0,0,9,10,9,9,True
1301,15735414945,47,15,1,0,2,14,21,14,18,False
13674,19948700293,34,9,1,0,0,23,24,23,23,True
6342,19852999776,16,10,4,0,1,11,3,11,18,False
1793,17623708813,38,52,4,0,3,31,34,31,25,False
3644,13130819298,25,2,2,0,0,19,1,19,32,False
5402,18702113651,28,6,2,0,3,36,43,36,32,False
13413,19859608897,23,3,3,0,1,37,43,37,19,False
3527,19970957519,9,12,4,0,0,45,10,45,45,True
10285,17731093916,4,20,4,0,0,14,7,14,17,False
1059,15661502139,3,26,4,0,2,35,42,35,24,False
12058,18765816132,22,7,4,0,1,23,24,23,25,False
7048,13074255915,19,3,4,0,3,14,16,14,32,False
202,13513580369,2,4,4,0,1,24,13,24,24,True
9789,17527328008,10,84,1,0,1,8,28,8,8,True
10714,18365196069,32,7,4,0,3,7,8,7,18,False
6088,19852999776,12,2,2,0,0,31,17,31,32,False
2127,17713196465,21,12,4,0,1,32,16,32,32,True
6138,19852999776,12,3,3,0,2,18,47,18,18,True
5137,18053307086,14,5,4,0,2,18,29,18,18,True
3437,19970957519,19,10,4,0,0,15,18,15,23,False
13972,19948700293,16,10,4,0,1,27,22,27,18,False
1806,17623708813,1,56,4,0,2,33,9,33,32,False
5522,18702113651,48,1,4,0,3,11,8,11,11,True
11177,18636055184,44,1,4,0,2,20,34,20,12,False
9274,16726368276,46,1,4,0,0,23,8,23,23,True
11368,18664891854,34,21,4,0,0,14,7,14,18,False
2563,17807329663,6,9,4,0,0,26,15,26,24,False
14085,19948700293,13,8,4,0,0,37,15,37,38,False
8539,15167050060,5,8,4,0,0,23,0,23,17,False
13303,19859608897,14,1,1,0,2,7,37,7,23,False
13897,19948700293,41,6,4,0,0,41,20,41,19,False
4601,15079495784,30,15,4,0,1,45,7,45,45,True
3528,19970957519,10,15,4,0,0,25,0,25,18,False
11519,18664891854,35,1,4,0,2,9,19,9,17,False
4947,15797725211,25,14,4,0,0,38,10,38,18,False
1589,15735414945,35,8,4,0,1,31,29,31,24,False
14014,19948700293,25,12,4,0,3,46,48,46,29,False
9007,16630722126,30,6,4,0,2,10,11,10,32,False
2487,17807329663,30,16,4,0,2,18,25,18,18,True
6566,19881266563,39,18,4,0,1,29,38,29,29,True
4760,15797725211,38,16,3,0,1,23,15,23,23,True
4104,13670356740,34,1,4,0,0,21,23,21,25,False
14068,19948700293,46,3,4,0,2,31,29,31,24,False
2812,18991311567,4,0,4,0,3,7,3,7,18,False
14103,19948700293,31,0,4,0,1,10,0,10,10,True
4159,13670356740,39,3,4,0,2,26,28,26,24,False
5716,18802233956,42,3,1,0,2,40,47,40,32,False
1079,15661502139,23,6,4,0,3,23,24,23,25,False
3839,13130819298,20,0,4,0,0,16,0,16,25,False
5142,18053307086,19,3,4,0,1,18,44,18,18,True
8983,16630722126,6,2,4,0,3,9,18,9,9,True
9916,17527328008,36,5,3,0,2,20,41,20,24,False
1719,17623708813,14,3,3,0,2,16,25,16,16,True
1420,15735414945,15,7,4,0,3,16,34,16,18,False
5921,18802233956,46,2,4,0,0,25,3,25,25,True
9373,16726368276,45,3,4,0,0,30,22,30,19,False
4249,13670356740,29,25,4,0,2,3,11,3,9,False
2190,17713196465,34,35,4,0,3,5,6,5,32,False
9645,17331496902,16,3,4,0,2,25,48,25,18,False
6197,19852999776,21,9,4,0,1,30,15,30,9,False
12443,18989781863,6,4,4,0,3,30,26,30,17,False
13693,19948700293,2,2,2,0,1,18,14,18,18,True
5892,18802233956,17,8,4,0,2,13,20,13,32,False
3457,19970957519,39,25,4,0,1,25,33,25,18,False
2720,18991311567,12,3,2,0,2,22,23,22,32,False
1083,15661502139,27,5,4,0,3,23,44,23,18,False
3881,13130819298,12,23,4,0,1,11,17,11,18,False
2470,17807329663,13,46,4,0,2,13,25,13,3,False
2475,17807329663,18,7,4,0,2,17,45,17,17,True
3962,13670356740,43,1,1,0,3,10,20,10,10,True
13010,19834840803,21,0,2,0,0,11,12,11,18,False
4196,13670356740,26,8,4,0,2,23,32,23,23,True
7078,13074255915,49,13,4,0,3,16,24,16,25,False
7972,13943039298,40,12,4,0,1,16,1,16,25,False
2809,18991311567,1,27,4,0,2,18,46,18,23,False
5252,18053307086,29,13,4,0,3,21,16,21,25,False
8653,15167050060,19,1,4,0,3,38,40,38,17,False
9830,17527328008,51,1,1,0,1,23,14,23,23,True
6921,13074255915,42,17,4,0,0,15,1,15,17,False
7689,13943039298,7,2,2,0,0,41,27,41,19,False
11509,18664891854,25,9,4,0,0,31,24,31,25,False
3982,13670356740,12,10,2,0,3,36,37,36,32,False
3071,19831701219,4,5,4,0,3,21,39,21,23,False
7608,13630678332,27,6,4,0,3,18,20,18,10,False
5221,18053307086,48,31,4,0,2,25,31,25,25,True
1806,17623708813,1,60,4,0,0,40,9,40,32,False
2897,19831701219,31,4,1,0,2,22,23,22,32,False
5678,18802233956,4,7,1,0,3,16,25,16,16,True
2502,17807329663,45,28,4,0,2,12,25,12,24,False
9088,16726368276,11,3,1,0,3,8,28,8,32,False
3180,19831701219,13,0,4,0,2,32,30,32,32,True
5396,18702113651,22,7,2,0,3,32,10,32,32,True
7315,13401917913,35,6,4,0,3,0,22,0,32,False
3681,13130819298,12,1,3,0,1,32,22,32,32,True
2008,17713196465,2,12,2,0,1,3,1,3,32,False
9791,17527328008,12,12,1,0,2,15,28,15,18,False
4816,15797725211,44,15,4,0,2,12,33,12,9,False
7794,13943039298,12,11,4,0,0,7,1,7,18,False
12681,19550593600,38,10,2,0,3,33,39,33,32,False
2866,18991311567,8,6,4,0,2,8,23,8,8,True
1557,15735414945,3,24,4,0,0,18,23,18,18,True
1391,15735414945,36,12,3,0,0,18,1,18,18,True
1757,17623708813,2,7,4,0,1,11,3,11,18,False
1225,15661502139,21,24,4,0,1,19,32,19,3,False
4526,15079495784,5,33,4,0,0,40,24,40,30,False
12079,18765816132,43,0,4,0,1,24,21,24,25,False
7231,13401917913,1,9,4,0,0,30,1,30,32,False
6787,13074255915,8,3,2,0,3,17,6,17,17,True
12855,19550593600,17,3,4,0,1,19,33,19,19,True
3433,19970957519,15,13,4,0,3,47,41,47,32,False
4815,15797725211,43,17,4,0,0,33,2,33,32,False
11995,18765816132,9,11,3,0,0,10,3,10,17,False
2381,17807329663,24,3,2,0,0,25,13,25,25,True
8174,15165929133,41,10,4,0,2,16,8,16,24,False
12527,18989781863,40,2,4,0,1,31,9,31,18,False
12173,18765816132,37,17,4,0,3,30,48,30,3,False
4687,15797725211,15,12,2,0,2,12,19,12,29,False
9876,17527328008,46,8,2,0,3,32,47,32,32,True
9511,17331496902,32,7,2,0,0,43,42,43,32,False
1999,17713196465,44,10,1,0,2,12,20,12,29,False
6597,19881266563,20,4,4,0,2,24,22,24,24,True
95,13513580369,45,6,2,0,1,40,39,40,30,False
1145,15661502139,39,5,4,0,3,2,12,2,9,False
6851,13074255915,22,0,3,0,2,10,15,10,10,True
1879,17623708813,24,1,4,0,0,47,19,47,32,False
4496,15079495784,25,5,4,0,0,23,46,23,23,True
4916,15797725211,44,3,4,0,1,24,14,24,25,False
11756,18758415613,21,15,4,0,1,2,8,2,23,False
2165,17713196465,9,8,4,0,3,23,41,23,25,False
5950,18802233956,25,5,4,0,2,30,43,30,30,True
2953,19831701219,36,10,2,0,1,18,17,18,18,True
6640,19881266563,13,60,4,0,0,19,30,19,32,False
2035,17713196465,29,0,2,0,1,40,16,40,9,False
7147,13401917913,17,18,2,0,0,25,21,25,32,False
6532,19881266563,5,45,4,0,0,35,43,35,11,False
1729,17623708813,24,7,3,0,2,24,21,24,24,True
655,15260233525,2,27,3,0,2,26,24,26,24,False
3226,19970957519,9,16,1,0,0,19,13,19,32,False
3635,13130819298,16,18,2,0,2,38,39,38,38,True
5010,18053307086,38,7,1,0,1,9,7,9,9,True
12063,18765816132,27,8,4,0,0,25,13,25,23,False
8359,15167050060,26,4,1,0,3,36,29,36,26,False
11596,18758415613,11,5,2,0,3,40,33,40,32,False
12879,19550593600,41,17,4,0,0,8,0,8,17,False
3047,19831701219,30,10,4,0,2,24,29,24,24,True
11011,18636055184,28,1,4,0,3,9,11,9,9,True
3679,13130819298,10,12,3,0,2,18,32,18,18,True
5230,18053307086,7,40,4,0,3,37,47,37,29,False
1730,17623708813,25,1,3,0,2,37,43,37,26,False
5105,18053307086,32,4,3,0,0,23,39,23,10,False
6475,19881266563,48,1,2,0,3,31,5,31,32,False
4433,15079495784,12,8,4,0,3,28,14,28,18,False
9294,16726368276,16,9,4,0,1,12,39,12,29,False
7037,13074255915,8,0,4,0,1,28,1,28,17,False
1807,17623708813,2,9,4,0,0,44,2,44,19,False
8278,15165929133,45,13,4,0,3,16,3,16,16,True
13776,19948700293,35,9,3,0,0,20,19,20,25,False
7022,13074255915,43,1,4,0,2,14,43,14,18,False
6162,19852999776,36,6,3,0,1,29,36,29,26,False
10656,18365196069,24,12,4,0,1,23,14,23,23,True
1796,17623708813,41,52,4,0,1,23,0,23,23,True
12748,19550593600,7,7,4,0,1,25,24,25,25,True
3995,13670356740,25,6,2,0,0,29,14,29,25,False
2076,17713196465,20,17,3,0,1,32,31,32,32,True
2036,17713196465,30,5,2,0,2,26,16,26,24,False
6230,19852999776,4,0,4,0,1,10,27,10,10,True
8277,15165929133,44,6,4,0,3,11,12,11,25,False
12970,19834840803,32,2,1,0,3,14,36,14,32,False
7263,13401917913,33,20,4,0,3,33,34,33,32,False
8531,15167050060,47,0,4,0,3,15,4,15,38,False
5725,18802233956,51,9,1,0,1,26,11,26,32,False
7393,13401917913,13,5,4,0,3,7,22,7,10,False
1259,15735414945,5,7,1,0,1,19,27,19,32,False
8445,15167050060,11,0,3,0,1,27,24,27,18,False
7401,13401917913,21,1,4,0,3,24,4,24,25,False
1796,17623708813,41,190,4,0,2,33,0,33,9,False
683,15260233525,30,13,3,0,0,10,2,10,10,True
12173,18765816132,37,44,4,0,3,46,48,46,29,False
8412,15167050060,28,4,2,0,2,35,42,35,18,False
7020,13074255915,41,5,4,0,1,9,0,9,9,True
2101,17713196465,45,4,3,0,2,15,46,15,10,False
9206,16726368276,28,1,3,0,0,46,10,46,45,False
3924,13670356740,5,0,1,0,2,0,31,0,16,False
4001,13670356740,31,16,2,0,3,36,38,36,32,False
1924,17623708813,19,49,4,0,1,11,16,11,18,False
1492,15735414945,38,1,4,0,1,13,26,13,3,False
6189,19852999776,13,25,4,0,0,36,7,36,24,False
9943,17527328008,13,1,4,0,3,31,25,31,18,False
12603,19550593600,16,1,1,0,1,16,9,16,16,True
6399,19881266563,23,1,1,0,3,2,26,2,32,False
3810,13130819298,41,12,4,0,0,29,15,29,18,False
9345,16726368276,17,3,4,0,0,41,33,41,19,False
10161,17731093916,31,0,1,0,1,3,1,3,3,True
7959,13943039298,27,3,4,0,3,18,47,18,17,False
3185,19831701219,18,19,4,0,0,29,14,29,25,False
5129,18053307086,6,12,4,0,1,10,23,10,23,False
6330,19852999776,4,21,4,0,2,2,1,2,3,False
9456,17331496902,28,6,1,0,0,17,10,17,9,False
1638,17623708813,34,3,1,0,3,14,16,14,18,False
9922,17527328008,42,6,3,0,1,18,9,18,18,True
12193,18765816132,7,11,4,0,3,9,38,9,9,True
3358,19970957519,40,3,3,0,3,31,3,31,24,False
8209,15165929133,26,1,4,0,3,38,48,38,23,False
7479,13630678332,49,2,1,0,3,32,40,32,32,True
4797,15797725211,25,5,4,0,3,19,27,19,19,True
5322,18053307086,49,13,4,0,3,45,46,45,29,False
10424,17731093916,43,10,4,0,2,18,27,18,10,False
5887,18802233956,12,9,4,0,2,2,1,2,24,False
1432,15735414945,27,35,4,0,1,19,7,19,32,False
9321,16726368276,43,5,4,0,1,5,9,5,19,False
11240,18664891854,6,3,2,0,3,2,47,2,18,False
7635,13943039298,4,0,1,0,2,4,9,4,16,False
2987,19831701219,20,5,3,0,0,30,25,30,30,True
13842,19948700293,36,8,3,0,0,22,14,22,32,False
8634,15167050060,50,28,4,0,2,16,14,16,24,False
11091,18636055184,8,11,4,0,0,25,4,25,19,False
8176,15165929133,43,24,4,0,0,17,9,17,32,False
754,15260233525,49,13,4,0,1,19,34,19,10,False
1801,17623708813,46,26,4,0,2,25,32,25,25,True
6318,19852999776,42,4,4,0,2,7,4,7,18,False
13885,19948700293,29,1,4,0,0,15,5,15,23,False
7196,13401917913,16,2,3,0,1,46,30,46,45,False
13272,19834840803,33,5,4,0,1,46,2,46,29,False
10375,17731093916,44,1,4,0,2,20,34,20,12,False
1405,15735414945,50,18,3,0,3,16,24,16,16,True
12663,19550593600,20,11,2,0,0,38,31,38,18,False
12543,18989781863,6,0,4,0,1,33,30,33,18,False
7286,13401917913,6,2,4,0,0,39,31,39,24,False
8497,15167050060,13,21,4,0,1,40,39,40,9,False
12180,18765816132,44,5,4,0,0,18,6,18,9,False
5161,18053307086,38,8,4,0,2,26,32,26,25,False
11108,18636055184,25,11,4,0,3,10,34,10,17,False
10359,17731093916,28,4,4,0,3,2,20,2,17,False
12940,19834840803,2,1,1,0,3,7,3,7,18,False
5382,18702113651,8,32,2,0,3,45,41,45,37,False
3397,19970957519,29,0,4,0,3,23,32,23,18,False
7329,13401917913,49,5,4,0,1,5,23,5,12,False
4573,15079495784,2,3,4,0,0,33,11,33,32,False
10029,17527328008,49,86,4,0,3,36,1,36,32,False
12198,18765816132,12,0,4,0,3,23,24,23,18,False
6909,13074255915,30,27,4,0,3,26,20,26,11,False
7499,13630678332,18,6,2,0,0,38,39,38,9,False
9908,17527328008,28,10,3,0,0,23,10,23,17,False
8485,15167050060,1,14,4,0,2,33,40,33,32,False
2000,17713196465,45,12,1,0,0,22,20,22,17,False
12621,19550593600,34,8,1,0,0,25,11,25,32,False
6597,19881266563,20,3,4,0,0,24,22,24,24,True
1606,17623708813,2,13,1,0,0,32,11,32,32,True
11308,18664891854,24,1,3,0,3,17,4,17,17,True
6203,19852999776,27,27,4,0,3,17,31,17,9,False
3330,19970957519,12,7,3,0,2,26,47,26,16,False
10662,18365196069,30,4,4,0,1,26,34,26,18,False
3139,19831701219,22,0,4,0,3,12,5,12,18,False
5840,18802233956,15,58,4,0,0,35,21,35,31,False
9316,16726368276,38,7,4,0,2,14,31,14,10,False
7764,13943039298,32,11,3,0,0,14,8,14,17,False
10291,17731093916,10,11,4,0,3,38,39,38,38,True
11746,18758415613,11,3,4,0,2,31,30,31,24,False
5782,18802233956,7,2,3,0,1,33,30,33,32,False
9272,16726368276,44,0,4,0,1,4,14,4,24,False
291,13513580369,41,8,4,0,1,15,14,15,18,False
7882,13943039298,50,8,4,0,2,24,9,24,24,True
4362,15079495784,41,1,2,0,0,31,30,31,18,False
13976,19948700293,20,2,4,0,3,23,19,23,23,True
9102,16726368276,25,5,1,0,2,4,9,4,24,False
2966,19831701219,49,0,2,0,0,47,5,47,37,False
12310,18989781863,23,2,2,0,3,32,27,32,32,True
9337,16726368276,9,14,4,0,3,35,36,35,18,False
9067,16630722126,40,12,4,0,2,33,47,33,3,False
3049,19831701219,32,24,4,0,3,29,16,29,29,True
1075,15661502139,19,6,4,0,1,36,29,36,32,False
11363,18664891854,29,19,4,0,0,23,16,23,9,False
2406,17807329663,49,2,2,0,3,28,7,28,18,False
5006,18053307086,34,4,1,0,2,26,31,26,24,False
10018,17527328008,38,2,4,0,3,46,13,46,29,False
6322,19852999776,46,3,4,0,0,9,11,9,9,True
8261,15165929133,28,9,4,0,0,18,12,18,23,False
6703,19881266563,25,39,4,0,1,40,46,40,32,False
9228,16726368276,50,1,3,0,0,14,12,14,23,False
4517,15079495784,46,27,4,0,0,14,7,14,18,False
1885,17623708813,30,33,4,0,2,18,20,18,23,False
11696,18758415613,11,16,4,0,1,34,13,34,38,False
1229,15661502139,25,9,4,0,3,24,10,24,24,True
4971,15797725211,49,2,4,0,1,32,14,32,32,True
2309,17807329663,3,12,1,0,1,33,36,33,32,False
3836,13130819298,17,13,4,0,2,12,25,12,24,False
499,13932780308,48,2,3,0,1,26,8,26,9,False
12796,19550593600,8,2,4,0,3,26,20,26,25,False
12741,19550593600,3,4,4,0,0,14,1,14,17,False
1788,17623708813,33,36,4,0,3,25,24,25,25,True
4090,13670356740,20,4,4,0,2,2,9,2,18,False
4110,13670356740,40,13,4,0,1,29,46,29,29,True
4537,15079495784,16,8,4,0,3,8,31,8,9,False
3117,19831701219,50,12,4,0,0,36,23,36,37,False
6682,19881266563,4,10,4,0,0,36,0,36,24,False
11349,18664891854,15,4,4,0,3,23,40,23,10,False
3450,19970957519,32,36,4,0,3,45,46,45,29,False
4225,13670356740,5,3,4,0,0,39,29,39,25,False
8327,15165929133,44,27,4,0,0,16,3,16,18,False
12394,18989781863,7,7,4,0,1,15,8,15,18,False
6062,19852999776,37,1,1,0,2,1,0,1,18,False
2797,18991311567,39,6,3,0,3,25,20,25,29,False
9981,17527328008,1,15,4,0,3,37,32,37,9,False
1946,17623708813,41,2,4,0,3,43,39,43,18,False
4437,15079495784,16,10,4,0,2,19,39,19,3,False
862,15260233525,7,1,4,0,2,10,15,10,10,True
12924,19550593600,36,2,4,0,2,38,47,38,38,True
7420,13401917913,40,7,4,0,2,32,47,32,32,True
9020,16630722126,43,1,4,0,2,11,19,11,19,False
8970,16630722126,43,10,4,0,0,11,3,11,18,False
4404,15079495784,33,2,3,0,0,35,1,35,18,False
8625,15167050060,41,1,4,0,2,20,40,20,12,False
253,13513580369,3,9,4,0,3,18,12,18,18,True
4845,15797725211,23,34,4,0,3,8,16,8,32,False
270,13513580369,20,9,4,0,0,12,5,12,18,False
1006,15661502139,50,0,2,0,0,45,42,45,45,True
2127,17713196465,21,1,4,0,1,18,16,18,18,True
8082,15165929133,49,3,2,0,0,30,26,30,9,False
6333,19852999776,7,2,4,0,2,9,26,9,9,True
13739,19948700293,48,2,2,0,3,32,47,32,32,True
5544,18702113651,20,1,4,0,2,6,27,6,18,False
101,13513580369,1,5,3,0,3,18,5,18,18,True
7074,13074255915,45,3,4,0,1,38,46,38,38,True
7232,13401917913,2,3,4,0,2,38,39,38,38,True
7876,13943039298,44,7,4,0,2,3,6,3,18,False
10654,18365196069,22,2,4,0,3,0,5,0,18,False
5923,18802233956,48,13,4,0,2,22,30,22,10,False
557,15260233525,5,14,1,0,0,14,7,14,18,False
4903,15797725211,31,3,4,0,1,24,9,24,24,True
4053,13670356740,33,8,3,0,2,12,31,12,24,False
12105,18765816132,19,11,4,0,3,17,11,17,17,True
11511,18664891854,27,1,4,0,0,25,9,25,25,True
13129,19834840803,40,3,4,0,0,34,13,34,17,False
9284,16726368276,6,1,4,0,0,8,1,8,18,False
6652,19881266563,25,21,4,0,2,25,31,25,25,True
1230,15661502139,26,43,4,0,0,22,15,22,23,False
11235,18664891854,1,4,2,0,1,33,25,33,37,False
5010,18053307086,38,5,1,0,1,3,7,3,32,False
1924,17623708813,19,29,4,0,0,31,16,31,18,False
5806,18802233956,31,1,3,0,0,30,32,30,30,True
9584,17331496902,5,0,4,0,3,17,48,17,23,False
13346,19859608897,6,3,2,0,2,26,40,26,19,False
462,13932780308,11,6,3,0,0,8,0,8,9,False
13020,19834840803,31,3,2,0,1,26,40,26,32,False
12096,18765816132,10,18,4,0,1,26,19,26,29,False
1856,17623708813,1,29,4,0,0,17,31,17,9,False
5936,18802233956,11,12,4,0,1,26,17,26,32,False
10944,18636055184,11,8,3,0,2,27,40,27,10,False
4072,13670356740,2,7,4,0,1,30,21,30,38,False
8321,15165929133,38,33,4,0,0,32,2,32,32,True
8807,16630722126,22,3,3,0,0,23,25,23,10,False
1522,15735414945,18,12,4,0,0,26,11,26,32,False
8199,15165929133,16,4,4,0,2,8,46,8,9,False
3209,19831701219,42,8,4,0,1,25,23,25,25,True
8623,15167050060,39,5,4,0,3,30,31,30,17,False
3032,19831701219,15,13,4,0,2,11,39,11,32,False
4600,15079495784,29,10,4,0,0,32,18,32,32,True
4219,13670356740,49,9,4,0,0,35,14,35,18,False
2172,17713196465,16,6,4,0,3,24,17,24,24,True
5386,18702113651,12,3,2,0,2,3,47,3,3,True
9361,16726368276,33,5,4,0,1,30,29,30,32,False
10229,17731093916,48,0,2,0,3,45,13,45,37,False
9360,16726368276,32,17,4,0,2,30,31,30,30,True
2203,17713196465,47,8,4,0,1,29,1,29,37,False
11261,18664891854,27,3,2,0,3,14,22,14,32,False
3099,19831701219,32,4,4,0,3,29,46,29,29,True
6666,19881266563,39,11,4,0,2,25,28,25,24,False
2633,17807329663,26,17,4,0,0,36,15,36,18,False
3920,13670356740,1,2,1,0,0,35,7,35,32,False
3129,19831701219,12,5,4,0,1,5,4,5,37,False
2656,17807329663,49,4,4,0,1,24,17,24,24,True
5506,18702113651,32,4,4,0,2,22,41,22,10,False
49,13513580369,50,6,1,0,1,17,16,17,17,True
8329,15165929133,46,18,4,0,1,4,1,4,9,False
2527,17807329663,20,22,4,0,0,18,9,18,18,True
4054,13670356740,34,4,3,0,2,22,44,22,3,False
3867,13130819298,48,26,4,0,2,26,34,26,18,False
987,15661502139,31,28,2,0,3,32,20,32,32,True
14043,19948700293,21,8,4,0,3,17,5,17,9,False
12194,18765816132,8,20,4,0,0,10,9,10,23,False
7565,13630678332,34,5,3,0,2,31,39,31,18,False
4395,15079495784,24,6,3,0,3,16,46,16,18,False
4007,13670356740,37,16,2,0,0,19,13,19,32,False
2812,18991311567,4,11,4,0,2,1,3,1,18,False
135,13513580369,35,7,3,0,1,4,11,4,25,False
1377,15735414945,22,4,3,0,0,32,15,32,32,True
11498,18664891854,14,2,4,0,1,41,46,41,23,False
7592,13630678332,11,6,4,0,0,41,27,41,30,False
3881,13130819298,12,22,4,0,1,12,17,12,18,False
1558,15735414945,4,3,4,0,1,38,44,38,23,False
2130,17713196465,24,20,4,0,3,3,13,3,32,False
5994,18802233956,19,11,4,0,1,33,29,33,18,False
7815,13943039298,33,19,4,0,3,28,8,28,18,False
8153,15165929133,20,2,4,0,2,24,0,24,24,True
9885,17527328008,5,6,3,0,3,14,28,14,32,False
6044,19852999776,19,4,1,0,0,25,3,25,18,False
7839,13943039298,7,0,4,0,2,12,15,12,12,True
1834,17623708813,1,13,4,0,3,30,33,30,10,False
11043,18636055184,10,15,4,0,1,13,19,13,19,False
6727,19881266563,49,4,4,0,2,39,28,39,24,False
8420,15167050060,36,2,2,0,1,38,7,38,9,False
8595,15167050060,11,16,4,0,3,47,48,47,29,False
4506,15079495784,35,56,4,0,0,38,14,38,18,False
12924,19550593600,36,8,4,0,2,34,47,34,18,False
485,13932780308,34,0,3,0,1,30,44,30,30,True
1432,15735414945,27,73,4,0,1,47,7,47,32,False
11044,18636055184,11,9,4,0,0,19,16,19,19,True
2620,17807329663,13,12,4,0,3,16,17,16,25,False
2197,17713196465,41,21,4,0,2,12,19,12,15,False
4790,15797725211,18,14,4,0,2,12,46,12,24,False
1149,15661502139,43,12,4,0,2,25,22,25,25,True
11141,18636055184,8,8,4,0,2,17,26,17,17,True
10379,17731093916,48,1,4,0,2,15,17,15,38,False
6337,19852999776,11,7,4,0,0,26,9,26,32,False
13828,19948700293,22,2,3,0,3,40,11,40,30,False
2538,17807329663,31,7,4,0,2,30,31,30,9,False
13978,19948700293,22,2,4,0,1,46,38,46,29,False
2289,17713196465,33,6,4,0,3,16,33,16,18,False
4974,18053307086,2,8,1,0,0,25,6,25,25,True
3770,13130819298,1,10,4,0,3,35,38,35,18,False
5432,18702113651,8,5,3,0,1,29,31,29,29,True
8394,15167050060,10,1,2,0,2,39,4,39,25,False
7661,13943039298,30,4,1,0,3,25,20,25,29,False
4540,15079495784,19,18,4,0,0,46,18,46,23,False
1220,15661502139,16,10,4,0,0,30,23,30,10,False
4528,15079495784,7,12,4,0,3,2,18,2,9,False
559,15260233525,7,3,1,0,1,37,42,37,32,False
9859,17527328008,29,18,2,0,1,30,29,30,9,False
6702,19881266563,24,9,4,0,3,23,24,23,18,False
990,15661502139,34,5,2,0,2,12,20,12,16,False
2596,17807329663,39,19,4,0,3,42,46,42,29,False
3094,19831701219,27,3,4,0,3,22,26,22,18,False
5360,18702113651,37,12,1,0,3,37,45,37,29,False
227,13513580369,27,6,4,0,3,8,19,8,32,False
10573,18365196069,41,2,2,0,0,30,2,30,19,False
5043,18053307086,20,2,2,0,3,2,10,2,32,False
221,13513580369,21,4,4,0,2,8,21,8,10,False
4945,15797725211,23,39,4,0,3,2,32,2,9,False
5975,18802233956,50,31,4,0,1,19,31,19,19,True
6561,19881266563,34,15,4,0,3,10,41,10,25,False
9350,16726368276,22,9,4,0,0,10,2,10,17,False
8438,15167050060,4,5,3,0,1,37,21,37,32,False
180,13513580369,30,3,4,0,0,9,32,9,9,True
11788,18758415613,3,6,4,0,0,31,24,31,25,False
6293,19852999776,17,0,4,0,2,15,25,15,15,True
8658,15167050060,24,16,4,0,0,11,12,11,25,False
1079,15661502139,23,25,4,0,2,26,24,26,25,False
3136,19831701219,19,20,4,0,0,13,6,13,32,False
1610,17623708813,6,7,1,0,3,11,39,11,32,False
4910,15797725211,38,36,4,0,3,19,41,19,10,False
4307,15079495784,37,13,1,0,0,22,16,22,17,False
7846,13943039298,14,2,4,0,1,26,18,26,12,False
12773,19550593600,32,0,4,0,3,9,40,9,9,True
6735,13074255915,7,9,1,0,2,13,20,13,19,False
3004,19831701219,37,12,3,0,2,7,1,7,10,False
4621,15079495784,50,13,4,0,0,17,11,17,23,False
14001,19948700293,12,7,4,0,3,0,1,0,18,False
7018,13074255915,39,8,4,0,0,11,5,11,25,False
2342,17807329663,36,1,1,0,3,25,44,25,25,True
4871,15797725211,49,13,4,0,1,32,9,32,32,True
2829,18991311567,21,52,4,0,0,35,23,35,23,False
13995,19948700293,6,2,4,0,2,24,17,24,25,False
8567,15167050060,33,14,4,0,0,22,8,22,32,False
13672,19948700293,32,7,1,0,3,45,48,45,29,False
12739,19550593600,1,0,4,0,1,0,10,0,23,False
10592,18365196069,10,3,3,0,1,34,27,34,9,False
5344,18702113651,21,8,1,0,0,30,23,30,30,True
3587,13130819298,19,3,1,0,3,10,25,10,10,True
3293,19970957519,25,7,2,0,0,7,0,7,18,False
3089,19831701219,22,7,4,0,3,17,24,17,17,True
4316,15079495784,46,5,1,0,0,15,1,15,18,False
6778,13074255915,50,3,1,0,1,15,14,15,18,False
12263,18989781863,27,6,1,0,1,17,22,17,18,False
11613,18758415613,28,1,2,0,2,0,29,0,16,False
12082,18765816132,46,3,4,0,1,26,19,26,29,False
12071,18765816132,35,21,4,0,1,45,25,45,29,False
2104,17713196465,48,1,3,0,2,15,39,15,10,False
13391,19859608897,1,11,3,0,2,41,48,41,26,False
7200,13401917913,20,10,3,0,3,47,48,47,37,False
9394,16726368276,16,3,4,0,1,4,22,4,11,False
10807,18365196069,25,13,4,0,2,11,19,11,11,True
2459,17807329663,2,27,4,0,3,45,47,45,29,False
5067,18053307086,44,4,2,0,3,10,20,10,29,False
12343,18989781863,6,4,3,0,2,39,47,39,18,False
7977,13943039298,45,14,4,0,2,40,46,40,30,False
4531,15079495784,10,13,4,0,2,36,46,36,18,False
2488,17807329663,31,25,4,0,2,19,39,19,3,False
2588,17807329663,31,9,4,0,2,31,0,31,24,False
3200,19831701219,33,9,4,0,3,32,39,32,32,True
399,13932780308,49,7,1,0,1,12,11,12,18,False
5208,18053307086,35,8,4,0,2,30,41,30,10,False
3703,13130819298,34,9,3,0,1,30,24,30,9,False
4213,13670356740,43,8,4,0,0,33,10,33,32,False
1468,15735414945,14,2,4,0,1,33,29,33,18,False
8509,15167050060,25,0,4,0,0,28,0,28,17,False
8791,16630722126,6,4,3,0,1,18,9,18,18,True
6247,19852999776,21,19,4,0,1,30,15,30,9,False
6900,13074255915,21,16,4,0,1,24,29,24,18,False
3852,13130819298,33,3,4,0,1,10,21,10,10,True
11169,18636055184,36,8,4,0,2,25,24,25,25,True
4783,15797725211,11,18,4,0,2,9,16,9,9,True
14102,19948700293,30,3,4,0,3,37,24,37,9,False
0,13513580369,1,11,1,0,2,24,10,24,24,True
4356,15079495784,35,3,2,0,3,2,3,2,32,False
8331,15165929133,48,8,4,0,0,16,15,16,25,False
4598,15079495784,27,9,4,0,1,29,25,29,29,True
12723,19550593600,35,6,3,0,1,36,14,36,32,False
9019,16630722126,42,0,4,0,3,15,16,15,18,False
10360,17731093916,29,2,4,0,0,46,41,46,37,False
6631,19881266563,4,2,4,0,0,39,10,39,25,False
11031,18636055184,48,1,4,0,3,47,41,47,37,False
12874,19550593600,36,1,4,0,2,10,20,10,10,True
11397,18664891854,13,2,4,0,0,38,2,38,18,False
13370,19859608897,30,4,2,0,2,10,18,10,32,False
468,13932780308,17,15,3,0,2,40,47,40,32,False
4468,15079495784,47,5,4,0,0,28,25,28,25,False
11743,18758415613,8,15,4,0,0,29,0,29,25,False
9575,17331496902,46,6,3,0,1,3,2,3,32,False
11700,18758415613,15,7,4,0,2,16,15,16,24,False
4246,13670356740,26,17,4,0,3,36,32,36,29,False
9583,17331496902,4,4,4,0,3,22,36,22,3,False
11853,18758415613,18,3,4,0,0,22,1,22,32,False
1225,15661502139,21,26,4,0,2,25,32,25,25,True
10162,17731093916,32,1,1,0,0,10,1,10,10,True
1352,15735414945,47,8,2,0,0,37,9,37,37,True
12885,19550593600,47,13,4,0,1,2,8,2,12,False
7594,13630678332,13,12,4,0,1,33,39,33,32,False
6285,19852999776,9,0,4,0,2,15,16,15,18,False
6508,19881266563,31,15,3,0,0,30,23,30,19,False
8575,15167050060,41,18,4,0,3,28,14,28,18,False
9924,17527328008,44,5,3,0,3,40,41,40,32,False
2489,17807329663,32,11,4,0,1,22,0,22,19,False
7611,13630678332,30,7,4,0,2,40,0,40,30,False
4439,15079495784,18,19,4,0,0,30,16,30,30,True
7091,13401917913,12,9,1,0,2,2,9,2,18,False
2741,18991311567,33,13,2,0,3,29,16,29,37,False
7671,13943039298,40,5,1,0,3,32,33,32,32,True
12470,18989781863,33,9,4,0,0,32,26,32,19,False
13363,19859608897,23,3,2,0,2,21,29,21,10,False
6780,13074255915,1,3,2,0,2,8,16,8,32,False
2636,17807329663,29,10,4,0,3,24,18,24,25,False
9381,16726368276,3,6,4,0,0,17,10,17,18,False
2179,17713196465,23,9,4,0,3,42,39,42,29,False
3066,19831701219,49,9,4,0,2,23,24,23,9,False
8972,16630722126,45,7,4,0,2,33,41,33,32,False
205,13513580369,5,16,4,0,3,30,24,30,9,False
5204,18053307086,31,3,4,0,1,18,0,18,18,True
6015,18802233956,40,15,4,0,2,11,34,11,32,False
3416,19970957519,48,7,4,0,0,8,6,8,9,False
6099,19852999776,23,4,2,0,1,32,30,32,32,True
13275,19834840803,36,1,4,0,0,26,19,26,37,False
13445,19859608897,5,4,4,0,1,9,1,9,9,True
13220,19834840803,31,8,4,0,0,41,32,41,30,False
1043,15661502139,37,6,3,0,0,10,1,10,30,False
1115,15661502139,9,2,4,0,0,40,25,40,32,False
10445,17731093916,14,2,4,0,2,21,29,21,10,False
2282,17713196465,26,4,4,0,2,15,44,15,18,False
12102,18765816132,16,0,4,0,2,2,46,2,18,False
13551,19859608897,11,8,4,0,3,17,6,17,17,True
2502,17807329663,45,22,4,0,3,17,25,17,17,True
1239,15661502139,35,21,4,0,2,14,21,14,10,False
6872,13074255915,43,7,3,0,1,22,21,22,17,False
13739,19948700293,48,0,2,0,0,38,47,38,17,False
2244,17713196465,38,12,4,0,1,30,38,30,9,False
12425,18989781863,38,8,4,0,1,11,8,11,25,False
10991,18636055184,8,3,4,0,0,33,20,33,37,False
10663,18365196069,31,2,4,0,3,14,15,14,18,False
14073,19948700293,1,5,4,0,2,10,17,10,32,False
9299,16726368276,21,0,4,0,0,22,1,22,17,False
1427,15735414945,22,26,4,0,1,30,46,30,9,False
5054,18053307086,31,1,2,0,3,14,46,14,18,False
5048,18053307086,25,6,2,0,0,25,8,25,31,False
4845,15797725211,23,39,4,0,0,9,16,9,9,True
167,13513580369,17,6,4,0,3,35,41,35,29,False
1748,17623708813,43,0,3,0,2,2,1,2,29,False
1663,17623708813,8,9,2,0,2,35,42,35,18,False
10807,18365196069,25,7,4,0,3,10,19,10,32,False
5794,18802233956,19,14,3,0,2,10,15,10,10,True
11323,18664891854,39,12,3,0,3,46,47,46,29,False
4821,15797725211,49,11,4,0,2,3,11,3,3,True
1235,15661502139,31,8,4,0,0,32,11,32,32,True
3520,19970957519,2,8,4,0,3,29,23,29,29,True
10276,17731093916,45,6,3,0,3,26,20,26,29,False
7700,13943039298,18,0,2,0,3,29,1,29,29,True
11927,18765816132,42,9,1,0,2,39,47,39,18,False
13586,19859608897,46,4,4,0,0,22,15,22,17,False
1501,15735414945,47,18,4,0,1,26,16,26,32,False
3896,13130819298,27,4,4,0,0,16,7,16,18,False
6998,13074255915,19,2,4,0,3,32,48,32,32,True
12281,18989781863,45,1,1,0,2,25,33,25,18,False
6500,19881266563,23,1,3,0,0,40,38,40,32,False
13076,19834840803,37,2,3,0,3,31,2,31,24,False
12948,19834840803,10,9,1,0,3,32,41,32,32,True
545,13932780308,44,20,4,0,3,12,6,12,18,False
8997,16630722126,20,23,4,0,1,3,1,3,32,False
9761,17331496902,32,3,4,0,0,14,8,14,17,False
12753,19550593600,12,8,4,0,0,30,8,30,19,False
5938,18802233956,13,7,4,0,3,1,6,1,32,False
8239,15165929133,6,3,4,0,2,8,40,8,9,False
2263,17713196465,7,19,4,0,2,12,32,12,24,False
5846,18802233956,21,7,4,0,3,15,11,15,9,False
13096,19834840803,7,13,4,0,1,17,14,17,18,False
6739,13074255915,11,13,1,0,1,2,28,2,25,False
170,13513580369,20,11,4,0,1,5,6,5,29,False
1937,17623708813,32,0,4,0,0,1,39,1,18,False
3793,13130819298,24,16,4,0,0,19,13,19,19,True
4836,15797725211,14,21,4,0,0,11,3,11,9,False
4152,13670356740,32,12,4,0,1,17,16,17,10,False
2547,17807329663,40,28,4,0,2,12,18,12,24,False
8914,16630722126,37,4,4,0,2,26,34,26,18,False
8105,15165929133,22,13,3,0,2,7,4,7,18,False
12863,19550593600,25,10,4,0,0,30,24,30,23,False
4664,15797725211,43,1,1,0,1,9,44,9,9,True
772,15260233525,17,12,4,0,2,12,27,12,9,False
8514,15167050060,30,0,4,0,2,39,37,39,25,False
13462,19859608897,22,6,4,0,0,23,2,23,17,False
375,13932780308,25,7,1,0,0,8,0,8,32,False
12147,18765816132,11,9,4,0,2,25,24,25,25,True
1459,15735414945,5,24,4,0,1,31,1,31,24,False
12528,18989781863,41,1,4,0,2,14,36,14,10,False
1774,17623708813,19,24,4,0,3,19,6,19,32,False
2442,17807329663,35,14,3,0,1,12,10,12,18,False
11865,18758415613,30,3,4,0,3,39,18,39,24,False
1151,15661502139,45,15,4,0,2,11,24,11,32,False
10940,18636055184,7,8,3,0,3,4,5,4,16,False
6677,19881266563,50,0,4,0,3,30,18,30,30,True
2110,17713196465,4,2,4,0,1,11,47,11,11,True
6963,13074255915,34,8,4,0,3,4,19,4,32,False
4735,15797725211,13,8,3,0,1,13,20,13,19,False
4559,15079495784,38,9,4,0,1,36,29,36,32,False
3898,13130819298,29,16,4,0,0,22,1,22,19,False
8212,15165929133,29,11,4,0,0,34,20,34,23,False
7312,13401917913,32,6,4,0,3,39,3,39,24,False
11049,18636055184,16,15,4,0,2,18,46,18,10,False
9285,16726368276,7,22,4,0,0,12,16,12,18,False
6538,19881266563,11,8,4,0,1,5,20,5,37,False
11821,18758415613,36,1,4,0,2,32,40,32,32,True
2525,17807329663,18,3,4,0,3,24,11,24,25,False
11768,18758415613,33,9,4,0,0,33,27,33,29,False
4309,15079495784,39,1,1,0,1,38,16,38,38,True
13637,19859608897,47,4,4,0,0,44,21,44,19,False
5178,18053307086,5,31,4,0,3,25,24,25,25,True
6983,13074255915,4,21,4,0,0,48,26,48,29,False
707,15260233525,2,7,4,0,0,47,44,47,29,False
12096,18765816132,10,5,4,0,3,17,19,17,9,False
6516,19881266563,39,6,3,0,2,31,36,31,18,False
1843,17623708813,10,6,4,0,2,9,16,9,9,True
12488,18989781863,1,8,4,0,0,25,13,25,17,False
11686,18758415613,1,3,4,0,2,19,26,19,19,True
8831,16630722126,4,7,3,0,1,26,39,26,19,False
13228,19834840803,39,3,4,0,2,9,24,9,10,False
2892,19831701219,26,12,1,0,3,17,25,17,9,False
306,13513580369,6,6,4,0,3,28,9,28,18,False
12090,18765816132,4,2,4,0,0,14,1,14,17,False
9736,17331496902,7,5,4,0,1,25,17,25,10,False
6033,19852999776,8,8,1,0,0,8,1,8,9,False
9617,17331496902,38,5,4,0,3,4,20,4,32,False
6210,19852999776,34,8,4,0,0,22,14,22,17,False
7969,13943039298,37,20,4,0,3,32,47,32,32,True
6253,19852999776,27,3,4,0,1,24,8,24,24,True
8704,16630722126,20,2,1,0,1,45,37,45,45,True
7599,13630678332,18,0,4,0,3,2,0,2,29,False
13894,19948700293,38,6,4,0,3,18,19,18,18,True
10612,18365196069,30,8,3,0,0,11,0,11,10,False
2871,19831701219,5,0,1,0,0,21,16,21,23,False
9311,16726368276,33,3,4,0,0,40,17,40,32,False
1412,15735414945,7,7,4,0,2,29,43,29,24,False
4506,15079495784,35,7,4,0,1,18,14,18,18,True
1487,15735414945,33,9,4,0,3,8,2,8,32,False
6694,19881266563,16,7,4,0,3,11,18,11,11,True
1191,15661502139,37,7,4,0,3,32,46,32,32,True
3859,13130819298,40,18,4,0,2,24,17,24,24,True
9757,17331496902,28,3,4,0,1,17,14,17,17,True
4800,15797725211,28,5,4,0,3,23,46,23,25,False
3097,19831701219,30,6,4,0,2,38,3,38,18,False
6192,19852999776,16,24,4,0,0,36,8,36,37,False
4473,15079495784,2,1,4,0,3,21,23,21,25,False
14108,19948700293,36,4,4,0,3,33,47,33,32,False
1013,15661502139,7,7,3,0,2,28,31,28,18,False
5918,18802233956,43,6,4,0,2,7,18,7,10,False
4235,13670356740,15,8,4,0,3,35,43,35,18,False
12306,18989781863,19,1,2,0,3,22,6,22,9,False
1175,15661502139,21,9,4,0,1,31,42,31,18,False
3791,13130819298,22,12,4,0,2,17,24,17,9,False
8205,15165929133,22,7,4,0,0,34,4,34,25,False
11418,18664891854,34,3,4,0,3,32,46,32,32,True
10884,18636055184,1,2,2,0,0,37,30,37,37,True
1027,15661502139,21,16,3,0,1,19,41,19,19,True
5465,18702113651,41,1,3,0,2,23,7,23,9,False
12916,19550593600,28,26,4,0,2,11,3,11,24,False
2014,17713196465,8,0,2,0,0,41,22,41,23,False
475,13932780308,24,5,3,0,2,26,1,26,24,False
2548,17807329663,41,11,4,0,3,10,34,10,18,False
4458,15079495784,37,7,4,0,2,2,39,2,16,False
4791,15797725211,19,35,4,0,1,32,24,32,32,True
2860,18991311567,2,7,4,0,0,18,1,18,18,True
10676,18365196069,44,8,4,0,3,24,7,24,24,True
8340,15167050060,7,1,1,0,3,38,48,38,17,False
11863,18758415613,28,3,4,0,3,16,12,16,9,False
8139,15165929133,6,15,4,0,2,38,39,38,38,True
7461,13630678332,31,21,1,0,2,25,46,25,18,False
6645,19881266563,18,18,4,0,1,11,14,11,18,False
422,13932780308,21,8,2,0,0,15,0,15,9,False
3481,19970957519,13,7,4,0,0,30,23,30,10,False
1455,15735414945,1,15,4,0,1,1,7,1,32,False
5026,18053307086,3,4,2,0,1,29,43,29,29,True
10874,18636055184,42,4,1,0,0,14,0,14,18,False
11294,18664891854,10,5,3,0,1,33,27,33,45,False
3428,19970957519,10,5,4,0,0,20,13,20,18,False
13609,19859608897,19,6,4,0,0,32,10,32,32,True
2953,19831701219,36,15,2,0,2,10,17,10,10,True
4852,15797725211,30,28,4,0,0,22,23,22,10,False
10308,17731093916,27,2,4,0,3,11,19,11,25,False
4005,13670356740,35,14,2,0,2,26,38,26,24,False
1549,15735414945,45,40,4,0,2,32,9,32,32,True
7297,13401917913,17,5,4,0,3,40,33,40,32,False
12047,18765816132,11,4,4,0,3,32,39,32,32,True
8781,16630722126,46,2,2,0,1,40,47,40,30,False
10986,18636055184,3,14,4,0,3,25,19,25,25,True
6595,19881266563,18,45,4,0,2,17,20,17,10,False
12704,19550593600,16,6,3,0,2,23,32,23,10,False
10208,17731093916,27,2,2,0,1,5,21,5,19,False
5313,18053307086,40,12,4,0,2,40,47,40,32,False
9305,16726368276,27,3,4,0,3,2,18,2,9,False
4979,18053307086,7,0,1,0,1,36,15,36,32,False
9662,17331496902,33,11,4,0,1,33,27,33,37,False
12584,18989781863,47,2,4,0,3,22,28,22,32,False
8976,16630722126,49,11,4,0,3,7,8,7,18,False
6521,19881266563,44,9,3,0,1,19,18,19,32,False
2658,18991311567,1,4,1,0,3,18,11,18,18,True
2304,17713196465,48,3,4,0,1,26,10,26,32,False
11767,18758415613,32,2,4,0,1,40,20,40,32,False
6899,13074255915,20,10,4,0,3,18,20,18,23,False
11968,18765816132,32,2,2,0,3,39,25,39,16,False
13011,19834840803,22,0,2,0,1,26,12,26,29,False
2589,17807329663,32,16,4,0,0,29,1,29,25,False
1203,15661502139,49,12,4,0,3,23,37,23,23,True
12118,18765816132,32,2,4,0,1,16,8,16,24,False
6542,19881266563,15,36,4,0,3,8,10,8,32,False
2859,18991311567,1,33,4,0,1,11,17,11,18,False
3762,13130819298,43,20,4,0,3,38,47,38,18,False
1762,17623708813,7,15,4,0,3,29,41,29,18,False
2958,19831701219,41,13,2,0,0,29,21,29,19,False
10425,17731093916,44,2,4,0,2,31,40,31,18,False
7758,13943039298,26,0,3,0,3,29,15,29,29,True
4620,15079495784,49,22,4,0,1,27,17,27,18,False
2492,17807329663,35,7,4,0,3,26,12,26,32,False
4545,15079495784,24,9,4,0,0,30,32,30,30,True
1223,15661502139,19,3,4,0,0,40,6,40,19,False
11278,18664891854,44,1,2,0,0,19,17,19,32,False
6991,13074255915,12,11,4,0,0,16,2,16,23,False
5503,18702113651,29,16,4,0,1,24,17,24,24,True
6264,19852999776,38,3,4,0,2,11,38,11,11,True
4875,15797725211,3,7,4,0,3,32,12,32,32,True
7327,13401917913,47,9,4,0,3,17,27,17,17,True
3149,19831701219,32,2,4,0,2,17,18,17,17,True
6849,13074255915,20,2,3,0,0,32,20,32,32,True
14014,19948700293,25,2,4,0,0,38,48,38,23,False
9402,16726368276,24,8,4,0,3,32,39,32,32,True
2992,19831701219,25,30,3,0,0,31,24,31,32,False
13230,19834840803,41,2,4,0,3,36,40,36,18,False
1360,15735414945,5,5,3,0,1,30,31,30,9,False
10798,18365196069,16,10,4,0,3,24,9,24,24,True
7438,13630678332,8,7,1,0,3,4,12,4,16,False
8206,15165929133,23,16,4,0,1,9,8,9,9,True
7402,13401917913,22,6,4,0,2,23,36,23,10,False
4805,15797725211,33,3,4,0,0,20,2,20,18,False
1144,15661502139,38,12,4,0,1,30,0,30,30,True
9854,17527328008,24,6,2,0,2,23,45,23,10,False
5670,18702113651,46,1,4,0,1,46,7,46,38,False
11413,18664891854,29,14,4,0,2,17,24,17,17,True
3087,19831701219,20,12,4,0,2,20,2,20,18,False
3921,13670356740,2,5,1,0,0,22,7,22,19,False
6048,19852999776,23,8,1,0,2,28,36,28,18,False
13890,19948700293,34,6,4,0,3,38,39,38,18,False
1659,17623708813,4,0,2,0,1,26,22,26,26,True
5962,18802233956,37,16,4,0,2,2,16,2,18,False
8576,15167050060,42,2,4,0,0,45,38,45,45,True
10995,18636055184,12,5,4,0,1,39,24,39,24,False
11514,18664891854,30,7,4,0,2,34,40,34,25,False
1515,15735414945,11,9,4,0,1,32,39,32,32,True
11452,18664891854,18,9,4,0,2,23,39,23,10,False
5216,18053307086,43,10,4,0,0,35,8,35,19,False
13537,19859608897,47,1,4,0,3,21,36,21,10,False
12171,18765816132,35,6,4,0,1,18,15,18,18,True
71,13513580369,21,7,2,0,1,46,43,46,9,False
5826,18802233956,1,2,4,0,1,20,16,20,18,False
9434,17331496902,6,0,1,0,2,11,3,11,19,False
927,15661502139,22,7,1,0,1,36,16,36,37,False
4854,15797725211,32,22,4,0,2,11,39,11,11,True
12782,19550593600,41,3,4,0,0,19,27,19,19,True
1796,17623708813,41,90,4,0,0,28,0,28,9,False
1177,15661502139,23,14,4,0,0,30,33,30,30,True
8864,16630722126,37,3,3,0,0,32,2,32,32,True
6639,19881266563,12,35,4,0,3,10,41,10,9,False
6555,19881266563,28,25,4,0,0,28,21,28,18,False
3580,13130819298,12,1,1,0,1,37,15,37,32,False
3163,19831701219,46,3,4,0,1,33,32,33,18,False
6577,19881266563,50,3,4,0,1,23,7,23,23,True
8917,16630722126,40,19,4,0,0,48,13,48,29,False
4023,13670356740,3,9,3,0,1,32,15,32,32,True
1408,15735414945,3,9,4,0,3,24,9,24,24,True
4875,15797725211,3,6,4,0,3,31,12,31,25,False
6537,19881266563,10,5,4,0,3,0,11,0,32,False
7420,13401917913,40,0,4,0,3,10,47,10,10,True
13074,19834840803,35,2,3,0,3,2,10,2,32,False
9764,17331496902,35,18,4,0,1,8,2,8,32,False
1759,17623708813,4,17,4,0,3,35,43,35,18,False
12469,18989781863,32,13,4,0,1,16,0,16,24,False
8255,15165929133,22,3,4,0,2,24,18,24,24,True
5757,18802233956,32,4,2,0,0,15,1,15,18,False
9960,17527328008,30,5,4,0,0,34,20,34,17,False
1143,15661502139,37,14,4,0,0,28,21,28,18,False
5997,18802233956,22,20,4,0,0,19,41,19,19,True
2498,17807329663,41,15,4,0,1,29,14,29,31,False
1062,15661502139,6,17,4,0,3,16,39,16,18,False
3344,19970957519,26,1,3,0,1,9,43,9,9,True
10765,18365196069,33,4,4,0,1,11,8,11,25,False
739,15260233525,34,2,4,0,3,29,41,29,29,True
12901,19550593600,13,3,4,0,0,25,15,25,11,False
9405,16726368276,27,2,4,0,1,22,24,22,18,False
12502,18989781863,15,12,4,0,2,37,41,37,9,False
2026,17713196465,20,4,2,0,1,19,18,19,19,True
5234,18053307086,11,18,4,0,0,18,17,18,18,True
10874,18636055184,42,2,1,0,0,22,0,22,30,False
6010,18802233956,35,4,4,0,2,10,27,10,10,True
5538,18702113651,14,27,4,0,1,30,28,30,9,False
5492,18702113651,18,6,4,0,1,40,30,40,32,False
12495,18989781863,8,2,4,0,2,4,10,4,24,False
6104,19852999776,28,0,2,0,1,19,9,19,19,True
6722,19881266563,44,4,4,0,3,5,25,5,29,False
12189,18765816132,3,18,4,0,2,11,9,11,25,False
3379,19970957519,11,2,4,0,0,8,10,8,32,False
1106,15661502139,50,13,4,0,1,24,16,24,25,False
10328,17731093916,47,3,4,0,2,3,41,3,3,True
14035,19948700293,13,7,4,0,2,10,11,10,10,True
9848,17527328008,18,7,2,0,2,12,19,12,37,False
13069,19834840803,30,2,3,0,2,12,8,12,18,False
10209,17731093916,28,4,2,0,1,37,21,37,32,False
5411,18702113651,37,5,2,0,0,31,17,31,18,False
1930,17623708813,25,6,4,0,3,16,46,16,18,False
1646,17623708813,42,2,1,0,2,31,21,31,18,False
5859,18802233956,34,29,4,0,1,30,24,30,9,False
5038,18053307086,15,11,2,0,2,2,15,2,23,False
6016,18802233956,41,0,4,0,2,6,27,6,17,False
7256,13401917913,26,0,4,0,2,24,40,24,18,False
2092,17713196465,36,48,3,0,1,15,24,15,17,False
13077,19834840803,38,1,3,0,1,41,48,41,19,False
7328,13401917913,48,8,4,0,0,33,4,33,37,False
7364,13401917913,34,15,4,0,3,16,32,16,18,False
8332,15165929133,49,3,4,0,3,33,40,33,18,False
9262,16726368276,34,2,4,0,3,28,8,28,18,False
13151,19834840803,12,5,4,0,1,1,10,1,18,False
12231,18765816132,45,8,4,0,2,34,40,34,18,False
13035,19834840803,46,12,2,0,0,10,3,10,17,False
12343,18989781863,6,0,3,0,3,33,47,33,10,False
9011,16630722126,34,4,4,0,1,36,42,36,19,False
7750,13943039298,18,6,3,0,1,37,42,37,32,False
9660,17331496902,31,3,4,0,3,40,32,40,30,False
10634,18365196069,2,18,4,0,0,18,11,18,17,False
7596,13630678332,15,4,4,0,1,1,3,1,18,False
261,13513580369,11,1,4,0,0,31,17,31,32,False
13633,19859608897,43,3,4,0,2,5,19,5,37,False
13689,19948700293,49,4,1,0,3,32,41,32,32,True
1567,15735414945,13,0,4,0,2,10,44,10,10,True
12641,19550593600,3,14,2,0,1,8,15,8,32,False
2138,17713196465,32,15,4,0,2,16,28,16,24,False
10661,18365196069,29,4,4,0,2,11,2,11,24,False
7796,13943039298,14,9,4,0,2,23,48,23,18,False
111,13513580369,11,1,3,0,0,10,1,10,10,True
2176,17713196465,20,8,4,0,3,31,8,31,24,False
1089,15661502139,33,1,4,0,3,36,9,36,32,False
8303,15165929133,20,2,4,0,2,15,11,15,17,False
12325,18989781863,38,5,2,0,1,15,0,15,38,False
149,13513580369,49,9,3,0,3,28,7,28,18,False
4641,15797725211,20,17,1,0,3,25,24,25,24,False
3529,19970957519,11,17,4,0,1,27,19,27,18,False
518,13932780308,17,11,4,0,1,30,7,30,9,False
6000,18802233956,25,29,4,0,1,33,17,33,32,False
9372,16726368276,44,15,4,0,3,11,20,11,25,False
10348,17731093916,17,1,4,0,1,17,15,17,10,False
11857,18758415613,22,4,4,0,3,31,18,31,25,False
3411,19970957519,43,0,4,0,3,17,40,17,23,False
9447,17331496902,19,7,1,0,2,34,40,34,18,False
4413,15079495784,42,1,3,0,2,22,45,22,17,False
6808,13074255915,29,6,2,0,1,26,29,26,32,False
5530,18702113651,6,77,4,0,1,29,3,29,29,True
13955,19948700293,49,1,4,0,1,18,14,18,18,True
10601,18365196069,19,5,3,0,1,45,38,45,45,True
166,13513580369,16,3,4,0,3,1,25,1,18,False
2744,18991311567,36,6,2,0,0,29,31,29,29,True
1545,15735414945,41,15,4,0,2,26,34,26,18,False
10824,18365196069,42,6,4,0,0,30,10,30,19,False
11786,18758415613,1,18,4,0,1,3,9,3,32,False
8531,15167050060,47,4,4,0,0,7,4,7,25,False
12296,18989781863,9,7,2,0,2,25,47,25,18,False
8288,15165929133,5,22,4,0,1,9,0,9,9,True
6541,19881266563,14,19,4,0,0,35,29,35,25,False
9006,16630722126,29,3,4,0,0,47,41,47,29,False
1913,17623708813,8,12,4,0,2,25,47,25,25,True
6202,19852999776,26,15,4,0,0,19,17,19,32,False
4181,13670356740,11,5,4,0,2,34,39,34,23,False
8034,15165929133,1,4,2,0,3,36,32,36,32,False
2472,17807329663,15,6,4,0,3,21,39,21,23,False
3838,13130819298,19,6,4,0,1,32,38,32,32,True
8466,15167050060,32,2,3,0,0,46,33,46,37,False
2994,19831701219,27,5,3,0,2,10,16,10,10,True
2900,19831701219,34,5,1,0,2,28,36,28,18,False
4189,13670356740,19,4,4,0,0,38,18,38,18,False
153,13513580369,3,10,4,0,1,15,7,15,18,False
3216,19831701219,49,0,4,0,0,23,7,23,25,False
8330,15165929133,47,33,4,0,0,17,10,17,17,True
2839,18991311567,31,29,4,0,0,12,15,12,18,False
2316,17807329663,10,3,1,0,2,22,23,22,32,False
9318,16726368276,40,21,4,0,2,2,9,2,18,False
14090,19948700293,18,7,4,0,1,17,15,17,18,False
1535,15735414945,31,12,4,0,2,11,31,11,32,False
13113,19834840803,24,0,4,0,2,8,38,8,18,False
1001,15661502139,45,10,2,0,1,3,9,3,32,False
6961,13074255915,32,11,4,0,2,4,23,4,26,False
12326,18989781863,39,1,2,0,0,22,0,22,32,False
5288,18053307086,15,8,4,0,0,43,36,43,18,False
6331,19852999776,5,3,4,0,1,27,1,27,18,False
5327,18702113651,4,14,1,0,3,31,32,31,32,False
5567,18702113651,43,17,4,0,2,28,43,28,18,False
1030,15661502139,24,9,3,0,3,11,31,11,32,False
12228,18765816132,42,5,4,0,0,21,14,21,23,False
4785,15797725211,13,19,4,0,0,15,16,15,18,False
4426,15079495784,5,2,4,0,2,26,11,26,37,False
849,15260233525,44,0,4,0,0,15,41,15,8,False
11217,18664891854,34,6,1,0,0,27,13,27,30,False
7226,13401917913,46,0,3,0,0,19,21,19,19,True
11056,18636055184,23,0,4,0,0,29,8,29,29,True
8651,15167050060,17,0,4,0,3,43,39,43,18,False
1826,17623708813,21,12,4,0,3,17,18,17,9,False
7033,13074255915,4,1,4,0,3,9,32,9,17,False
1004,15661502139,48,7,2,0,1,37,42,37,3,False
4972,15797725211,50,0,4,0,3,21,46,21,18,False
10119,17527328008,39,6,4,0,3,25,5,25,17,False
5969,18802233956,44,2,4,0,2,46,44,46,38,False
13098,19834840803,9,6,4,0,3,32,41,32,32,True
8531,15167050060,47,26,4,0,2,10,4,10,10,True
3790,13130819298,21,0,4,0,0,40,2,40,30,False
4725,15797725211,3,6,3,0,3,2,6,2,32,False
5429,18702113651,5,0,3,0,1,33,29,33,32,False
11328,18664891854,44,14,3,0,2,10,6,10,32,False
3633,13130819298,14,4,2,0,1,38,8,38,38,True
6950,13074255915,21,3,4,0,3,23,5,23,9,False
4946,15797725211,24,32,4,0,3,16,9,16,18,False
1527,15735414945,23,12,4,0,3,16,33,16,18,False
4928,15797725211,6,12,4,0,0,30,17,30,30,True
1238,15661502139,34,5,4,0,1,33,24,33,18,False
8570,15167050060,36,15,4,0,3,46,48,46,29,False
1098,15661502139,42,49,4,0,1,11,41,11,37,False
178,13513580369,28,0,4,0,0,16,2,16,18,False
10011,17527328008,31,0,4,0,1,46,31,46,29,False
12441,18989781863,4,10,4,0,2,25,32,25,25,True
3100,19831701219,33,4,4,0,2,10,7,10,10,True
8709,16630722126,25,7,1,0,1,23,22,23,17,False
1103,15661502139,47,11,4,0,1,12,8,12,18,False
9263,16726368276,35,9,4,0,0,29,1,29,25,False
5776,18802233956,1,8,3,0,1,12,10,12,18,False
4188,13670356740,18,7,4,0,0,34,11,34,18,False
4740,15797725211,18,36,3,0,2,12,20,12,29,False
2537,17807329663,30,11,4,0,2,11,26,11,32,False
4691,15797725211,19,2,2,0,3,8,16,8,32,False
10388,17731093916,7,5,4,0,3,33,40,33,3,False
6647,19881266563,20,49,4,0,0,24,23,24,24,True
5859,18802233956,34,4,4,0,2,3,24,3,3,True
7286,13401917913,6,15,4,0,2,18,31,18,10,False
6439,19881266563,12,1,2,0,2,18,35,18,18,True
250,13513580369,50,20,4,0,0,30,23,30,10,False
9702,17331496902,23,4,4,0,1,15,8,15,18,False
13238,19834840803,49,3,4,0,2,0,16,0,3,False
12634,19550593600,47,12,1,0,3,21,28,21,25,False
3958,13670356740,39,4,1,0,0,48,6,48,19,False
7690,13943039298,8,0,2,0,1,9,27,9,9,True
12539,18989781863,2,8,4,0,0,33,20,33,37,False
693,15260233525,40,6,3,0,3,25,46,25,25,True
2204,17713196465,48,19,4,0,2,12,39,12,24,False
6081,19852999776,5,12,2,0,2,23,0,23,23,True
1549,15735414945,45,9,4,0,2,25,9,25,24,False
7881,13943039298,49,11,4,0,3,16,2,16,16,True
2585,17807329663,28,5,4,0,2,29,45,29,24,False
8407,15167050060,23,3,2,0,1,17,9,17,18,False
1498,15735414945,44,3,4,0,1,31,29,31,18,False
11048,18636055184,15,19,4,0,0,10,8,10,30,False
1076,15661502139,20,7,4,0,0,18,31,18,18,True
1831,17623708813,26,30,4,0,3,38,32,38,18,False
253,13513580369,3,2,4,0,1,24,12,24,24,True
8907,16630722126,30,13,4,0,2,11,3,11,25,False
7790,13943039298,8,7,4,0,1,18,3,18,18,True
2626,17807329663,19,62,4,0,0,35,2,35,19,False
3989,13670356740,19,0,2,0,2,20,18,20,11,False
13215,19834840803,26,8,4,0,1,10,1,10,17,False
2600,17807329663,43,11,4,0,0,29,8,29,25,False
1694,17623708813,39,9,2,0,0,46,39,46,29,False
8805,16630722126,20,3,3,0,0,32,1,32,32,True
790,15260233525,35,10,4,0,1,26,17,26,32,False
1486,15735414945,32,10,4,0,2,30,31,30,30,True
8445,15167050060,11,3,3,0,1,32,24,32,32,True
958,15661502139,2,2,2,0,3,14,25,14,32,False
6071,19852999776,46,19,1,0,0,30,31,30,30,True
6566,19881266563,39,3,4,0,1,4,38,4,25,False
10137,17731093916,7,6,1,0,3,32,40,32,32,True
7446,13630678332,16,16,1,0,2,33,39,33,32,False
4187,13670356740,17,8,4,0,1,45,9,45,45,True
5,13513580369,6,10,1,0,0,14,0,14,18,False
10021,17527328008,41,7,4,0,2,34,40,34,18,False
1402,15735414945,47,10,3,0,1,12,11,12,18,False
13479,19859608897,39,3,4,0,1,29,28,29,24,False
13178,19834840803,39,2,4,0,2,9,39,9,9,True
4727,15797725211,5,1,3,0,0,33,6,33,32,False
962,15661502139,6,7,2,0,1,30,38,30,9,False
2288,17713196465,32,9,4,0,3,35,44,35,18,False
7372,13401917913,42,10,4,0,3,15,32,15,18,False
9541,17331496902,12,2,3,0,2,31,1,31,24,False
6020,18802233956,45,4,4,0,2,20,22,20,18,False
3614,13130819298,46,7,1,0,3,2,4,2,32,False
1806,17623708813,1,73,4,0,1,33,9,33,18,False
10254,17731093916,23,12,3,0,1,3,8,3,32,False
1569,15735414945,15,36,4,0,0,17,3,17,18,False
5344,18702113651,21,1,1,0,0,15,23,15,18,False
14040,19948700293,18,0,4,0,1,43,22,43,18,False
2778,18991311567,20,11,3,0,0,35,22,35,18,False
12134,18765816132,48,20,4,0,2,39,48,39,18,False
8660,15167050060,26,17,4,0,0,16,9,16,16,True
4365,15079495784,44,4,2,0,2,31,30,31,24,False
5683,18802233956,9,7,1,0,1,17,16,17,17,True
13118,19834840803,29,1,4,0,3,9,10,9,9,True
4112,13670356740,42,0,4,0,2,10,25,10,10,True
4070,13670356740,50,1,3,0,2,7,2,7,18,False
14114,19948700293,42,13,4,0,3,45,39,45,29,False
10513,18365196069,32,7,1,0,1,15,8,15,18,False
9601,17331496902,22,4,4,0,2,25,34,25,18,False
2380,17807329663,23,15,2,0,0,19,13,19,32,False
2823,18991311567,15,2,4,0,0,39,16,39,25,False
7497,13630678332,16,4,2,0,2,32,39,32,32,True
11623,18758415613,38,5,2,0,3,0,1,0,18,False
4938,15797725211,16,1,4,0,1,0,23,0,9,False
13930,19948700293,24,2,4,0,0,9,12,9,9,True
6254,19852999776,28,9,4,0,1,3,9,3,32,False
10184,17731093916,3,19,2,0,2,39,46,39,18,False
9727,17331496902,48,11,4,0,3,37,40,37,29,False
6547,19881266563,20,16,4,0,2,23,33,23,23,True
6573,19881266563,46,19,4,0,3,23,27,23,25,False
5975,18802233956,50,14,4,0,3,22,31,22,29,False
557,15260233525,5,2,1,0,2,10,7,10,11,False
6394,19881266563,18,8,1,0,1,15,7,15,17,False
111,13513580369,11,6,3,0,0,8,1,8,9,False
12184,18765816132,48,27,4,0,3,26,20,26,25,False
13711,19948700293,20,4,2,0,1,18,1,18,18,True
11017,18636055184,34,12,4,0,1,32,39,32,32,True
1797,17623708813,42,184,4,0,1,26,10,26,24,False
7626,13630678332,45,7,4,0,1,19,16,19,19,True
2348,17807329663,42,5,1,0,2,17,24,17,17,True
12373,18989781863,36,8,3,0,3,26,27,26,32,False
1760,17623708813,5,10,4,0,1,37,17,37,37,True
1349,15735414945,44,23,2,0,0,21,23,21,23,False
2447,17807329663,40,2,3,0,0,8,0,8,9,False
9248,16726368276,20,13,4,0,3,15,31,15,18,False
4373,15079495784,2,0,3,0,2,15,24,15,15,True
3201,19831701219,34,12,4,0,0,11,20,11,11,True
122,13513580369,22,23,3,0,1,15,0,15,9,False
4630,15797725211,9,11,1,0,3,28,29,28,18,False
11829,18758415613,44,3,4,0,0,39,20,39,38,False
4885,15797725211,13,11,4,0,0,25,10,25,25,True
995,15661502139,39,8,2,0,1,15,0,15,38,False
9908,17527328008,28,4,3,0,2,39,10,39,24,False
4040,13670356740,20,12,3,0,3,11,18,11,32,False
44,13513580369,45,1,1,0,2,6,39,6,15,False
14116,19948700293,44,6,4,0,0,41,25,41,30,False
2039,17713196465,33,6,2,0,1,37,9,37,37,True
12865,19550593600,27,6,4,0,1,4,9,4,25,False
6395,19881266563,19,15,1,0,1,32,17,32,32,True
7796,13943039298,14,20,4,0,3,47,48,47,29,False
9382,16726368276,4,13,4,0,3,44,45,44,29,False
12790,19550593600,2,6,4,0,0,38,40,38,23,False
2042,17713196465,36,7,2,0,1,26,6,26,37,False
8821,16630722126,36,1,3,0,1,45,43,45,45,True
3772,13130819298,3,16,4,0,3,25,34,25,18,False
3161,19831701219,44,24,4,0,2,34,41,34,18,False
7682,13943039298,51,2,1,0,1,26,41,26,32,False
8212,15165929133,29,62,4,0,3,40,20,40,32,False
2547,17807329663,40,2,4,0,3,21,18,21,25,False
4525,15079495784,4,9,4,0,3,31,32,31,25,False
12963,19834840803,25,7,1,0,1,18,9,18,18,True
6675,19881266563,48,15,4,0,0,33,25,33,32,False
6331,19852999776,5,7,4,0,0,18,1,18,18,True
2140,17713196465,34,0,4,0,2,39,44,39,12,False
9606,17331496902,27,2,4,0,0,12,2,12,18,False
5640,18702113651,16,7,4,0,2,26,24,26,25,False
3061,19831701219,44,7,4,0,2,24,18,24,25,False
1925,17623708813,20,36,4,0,3,28,16,28,18,False
13065,19834840803,26,13,3,0,0,38,24,38,18,False
4777,15797725211,5,0,4,0,0,45,17,45,29,False
7219,13401917913,39,10,3,0,1,41,40,41,9,False
10086,17527328008,6,4,4,0,0,25,17,25,11,False
9595,17331496902,16,2,4,0,3,22,17,22,9,False
3888,13130819298,19,14,4,0,0,35,16,35,29,False
10286,17731093916,5,4,4,0,3,2,31,2,9,False
12220,18765816132,34,9,4,0,0,24,22,24,24,True
1045,15661502139,39,1,3,0,3,39,19,39,29,False
2585,17807329663,28,4,4,0,1,30,45,30,9,False
110,13513580369,10,5,3,0,0,10,2,10,10,True
5304,18053307086,31,26,4,0,3,32,39,32,32,True
8679,15167050060,45,7,4,0,1,2,44,2,9,False
10260,17731093916,29,2,3,0,0,23,19,23,23,True
7806,13943039298,24,6,4,0,2,24,9,24,24,True
2599,17807329663,42,0,4,0,1,32,1,32,32,True
3751,13130819298,32,32,4,0,3,17,34,17,17,True
13571,19859608897,31,3,4,0,0,22,0,22,30,False
8999,16630722126,22,8,4,0,3,32,40,32,32,True
8509,15167050060,25,16,4,0,1,15,0,15,18,False
4428,15079495784,7,19,4,0,2,19,26,19,10,False
11260,18664891854,26,4,2,0,3,14,22,14,32,False
14102,19948700293,30,0,4,0,2,23,24,23,18,False
3284,19970957519,16,7,2,0,3,16,46,16,18,False
12675,19550593600,32,15,2,0,2,23,28,23,10,False
2326,17807329663,20,3,1,0,3,29,31,29,29,True
12455,18989781863,18,4,4,0,2,0,9,0,3,False
4836,15797725211,14,9,4,0,0,32,3,32,32,True
122,13513580369,22,6,3,0,3,31,0,31,24,False
6881,13074255915,2,3,4,0,2,15,21,15,24,False
11405,18664891854,21,28,4,0,1,38,39,38,38,True
6868,13074255915,39,0,3,0,2,24,26,24,25,False
9417,16726368276,39,8,4,0,3,4,20,4,32,False
7859,13943039298,27,10,4,0,2,33,40,33,32,False
11429,18664891854,45,2,4,0,2,3,19,3,3,True
13186,19834840803,47,15,4,0,3,32,40,32,32,True
2873,19831701219,7,9,1,0,0,20,13,20,24,False
5205,18053307086,32,29,4,0,0,26,1,26,32,False
6135,19852999776,9,1,3,0,3,35,25,35,29,False
1123,15661502139,17,9,4,0,2,24,2,24,24,True
12107,18765816132,21,9,4,0,3,17,31,17,17,True
1806,17623708813,1,88,4,0,0,15,9,15,18,False
6265,19852999776,39,12,4,0,0,19,10,19,32,False
6508,19881266563,31,14,3,0,3,29,23,29,29,True
4113,13670356740,43,20,4,0,1,30,24,30,30,True
9929,17527328008,49,4,3,0,0,22,8,22,17,False
3383,19970957519,15,31,4,0,0,46,39,46,23,False
8978,16630722126,1,15,4,0,2,23,24,23,23,True
3194,19831701219,27,2,4,0,0,24,8,24,24,True
12114,18765816132,28,1,4,0,2,40,47,40,10,False
12920,19550593600,32,7,4,0,0,23,3,23,23,True
688,15260233525,35,28,3,0,0,14,0,14,18,False
10236,17731093916,5,3,3,0,1,37,8,37,32,False
4172,13670356740,2,1,4,0,1,37,2,37,37,True
81,13513580369,31,3,2,0,2,3,24,3,9,False
878,15260233525,23,2,4,0,0,22,19,22,23,False
2036,17713196465,30,20,2,0,0,9,16,9,9,True
3702,13130819298,33,4,3,0,1,11,0,11,32,False
10144,17731093916,14,6,1,0,0,23,16,23,17,False
8394,15167050060,10,11,2,0,0,10,4,10,17,False
10269,17731093916,38,2,3,0,0,32,13,32,32,True
12445,18989781863,8,3,4,0,3,29,1,29,25,False
6646,19881266563,19,30,4,0,0,9,16,9,9,True
8536,15167050060,2,9,4,0,0,16,2,16,18,False
4140,13670356740,20,4,4,0,1,26,23,26,25,False
7067,13074255915,38,19,4,0,2,13,20,13,10,False
12286,18989781863,50,2,1,0,3,44,47,44,37,False
1996,17713196465,41,4,1,0,0,35,9,35,18,False
6906,13074255915,27,5,4,0,3,44,46,44,29,False
6507,19881266563,30,4,3,0,3,8,24,8,32,False
8265,15165929133,32,19,4,0,2,12,19,12,18,False
10208,17731093916,27,8,2,0,1,23,21,23,23,True
12140,18765816132,4,17,4,0,3,47,26,47,32,False
2833,18991311567,25,3,4,0,1,31,30,31,18,False
11093,18636055184,10,0,4,0,0,44,42,44,19,False
2257,17713196465,1,19,4,0,1,38,30,38,18,False
4790,15797725211,18,19,4,0,3,25,46,25,25,True
3224,19970957519,7,1,1,0,0,38,13,38,18,False
13134,19834840803,45,1,4,0,3,30,31,30,10,False
9056,16630722126,29,18,4,0,2,2,9,2,18,False
6643,19881266563,16,1,4,0,0,23,15,23,23,True
11614,18758415613,29,5,2,0,2,11,29,11,25,False
4718,15797725211,46,5,2,0,3,18,5,18,18,True
12410,18989781863,23,0,4,0,3,14,43,14,10,False
2766,18991311567,8,1,3,0,1,19,32,19,19,True
9825,17527328008,46,2,1,0,1,37,42,37,32,False
14097,19948700293,25,4,4,0,1,17,9,17,17,True
13506,19859608897,16,6,4,0,1,36,0,36,18,False
1017,15661502139,11,3,3,0,1,26,11,26,37,False
10601,18365196069,19,6,3,0,0,44,38,44,19,False
301,13513580369,1,0,4,0,1,39,3,39,25,False
67,13513580369,17,15,2,0,1,26,3,26,37,False
3629,13130819298,10,8,2,0,2,28,44,28,18,False
1938,17623708813,33,9,4,0,1,17,25,17,17,True
13300,19859608897,11,6,1,0,0,31,29,31,18,False
3635,13130819298,16,20,2,0,0,46,39,46,29,False
3450,19970957519,32,2,4,0,2,9,46,9,9,True
8939,16630722126,12,6,4,0,0,33,20,33,37,False
2641,17807329663,34,5,4,0,1,38,8,38,18,False
8936,16630722126,9,10,4,0,0,10,2,10,23,False
4871,15797725211,49,22,4,0,1,18,9,18,18,True
2411,17807329663,4,7,3,0,3,36,31,36,32,False
5779,18802233956,4,4,3,0,0,31,22,31,24,False
11852,18758415613,17,3,4,0,3,23,16,23,23,True
12382,18989781863,45,7,3,0,0,11,5,11,25,False
6750,13074255915,22,4,1,0,2,3,10,3,3,True
12396,18989781863,9,9,4,0,2,3,5,3,18,False
3737,13130819298,18,5,4,0,2,25,31,25,24,False
9494,17331496902,15,6,2,0,3,25,13,25,29,False
2304,17713196465,48,7,4,0,1,18,10,18,18,True
1215,15661502139,11,4,4,0,2,10,39,10,10,True
12887,19550593600,49,4,4,0,2,30,36,30,10,False
3807,13130819298,38,1,4,0,1,46,38,46,29,False
10389,17731093916,8,2,4,0,0,25,9,25,11,False
13474,19859608897,34,1,4,0,0,41,2,41,30,False
8612,15167050060,28,4,4,0,3,23,19,23,25,False
1261,15735414945,7,2,1,0,2,24,19,24,24,True
5564,18702113651,40,4,4,0,0,9,10,9,9,True
6577,19881266563,50,2,4,0,2,16,7,16,24,False
1242,15661502139,38,6,4,0,0,32,3,32,32,True
14081,19948700293,9,1,4,0,0,42,39,42,29,False
11170,18636055184,37,14,4,0,3,16,9,16,16,True
5488,18702113651,14,6,4,0,0,25,1,25,18,False
533,13932780308,32,18,4,0,0,15,14,15,18,False
48,13513580369,49,33,1,0,3,2,16,2,25,False
1992,17713196465,37,6,1,0,0,22,14,22,19,False
5878,18802233956,3,3,4,0,0,26,12,26,32,False
13186,19834840803,47,11,4,0,2,26,40,26,12,False
6452,19881266563,25,7,2,0,2,24,0,24,24,True
7531,13630678332,50,8,2,0,1,15,7,15,18,False
6147,19852999776,21,20,3,0,1,27,17,27,9,False
12564,18989781863,27,1,4,0,3,31,41,31,23,False
4795,15797725211,23,22,4,0,3,36,46,36,29,False
6570,19881266563,43,11,4,0,3,36,14,36,32,False
4663,15797725211,42,9,1,0,2,31,22,31,24,False
8085,15165929133,2,1,3,0,0,22,7,22,32,False
387,13932780308,37,6,1,0,0,30,16,30,30,True
589,15260233525,37,21,1,0,0,15,16,15,17,False
3097,19831701219,30,18,4,0,0,40,3,40,32,False
3461,19970957519,43,13,4,0,2,11,25,11,32,False
11455,18664891854,21,4,4,0,0,28,8,28,18,False
35,13513580369,36,2,1,0,1,32,24,32,32,True
534,13932780308,33,2,4,0,3,24,1,24,24,True
5253,18053307086,30,10,4,0,3,18,28,18,18,True
343,13513580369,43,7,4,0,3,45,33,45,29,False
13779,19948700293,38,0,3,0,2,10,15,10,10,True
6596,19881266563,19,51,4,0,0,32,29,32,32,True
13092,19834840803,3,17,4,0,2,25,40,25,18,False
2602,17807329663,45,27,4,0,1,15,21,15,18,False
3172,19831701219,5,4,4,0,2,10,15,10,10,True
8123,15165929133,40,0,3,0,1,30,1,30,19,False
2218,17713196465,12,3,4,0,2,19,33,19,10,False
177,13513580369,27,5,4,0,1,33,38,33,11,False
7188,13401917913,8,7,3,0,3,22,28,22,32,False
10576,18365196069,44,1,2,0,0,12,2,12,32,False
2226,17713196465,20,4,4,0,0,24,10,24,25,False
7001,13074255915,22,17,4,0,2,13,18,13,3,False
7967,13943039298,35,12,4,0,1,45,38,45,45,True
3173,19831701219,6,11,4,0,2,31,21,31,24,False
10812,18365196069,30,11,4,0,0,37,22,37,31,False
11269,18664891854,35,3,2,0,2,15,28,15,18,False
4171,13670356740,1,19,4,0,1,23,9,23,9,False
12724,19550593600,36,3,3,0,3,17,6,17,17,True
7607,13630678332,26,8,4,0,2,10,26,10,10,True
13034,19834840803,45,4,2,0,0,37,0,37,9,False
12972,19834840803,34,1,1,0,0,12,11,12,32,False
11567,18758415613,33,1,1,0,2,11,14,11,23,False
4605,15079495784,34,3,4,0,1,31,8,31,25,False
6719,19881266563,41,5,4,0,2,25,29,25,24,False
3492,19970957519,24,5,4,0,2,25,36,25,24,False
5819,18802233956,44,14,3,0,1,26,25,26,32,False
12903,19550593600,15,6,4,0,1,41,39,41,23,False
4487,15079495784,16,21,4,0,3,30,24,30,9,False
2162,17713196465,6,15,4,0,1,24,17,24,24,True
1447,15735414945,42,11,4,0,1,11,16,11,19,False
9071,16630722126,44,13,4,0,3,4,5,4,25,False
213,13513580369,13,2,4,0,0,26,13,26,32,False
5166,18053307086,43,18,4,0,2,17,24,17,23,False
5307,18053307086,34,12,4,0,2,2,8,2,24,False
11424,18664891854,40,15,4,0,3,31,39,31,25,False
7072,13074255915,43,16,4,0,3,16,17,16,29,False
4848,15797725211,26,23,4,0,0,37,13,37,37,True
1446,15735414945,41,5,4,0,1,19,18,19,10,False
8153,15165929133,20,9,4,0,1,4,0,4,25,False
7453,13630678332,23,4,1,0,3,8,10,8,32,False
6624,19881266563,47,3,4,0,0,40,3,40,32,False
10105,17527328008,25,1,4,0,0,41,24,41,30,False
12607,19550593600,20,2,1,0,0,23,8,23,30,False
5960,18802233956,35,6,4,0,3,10,25,10,25,False
878,15260233525,23,10,4,0,2,5,19,5,3,False
7862,13943039298,30,4,4,0,0,9,41,9,9,True
8147,15165929133,14,6,4,0,3,14,46,14,18,False
5847,18802233956,22,13,4,0,2,18,19,18,18,True
3257,19970957519,40,5,1,0,2,28,44,28,18,False
6997,13074255915,18,5,4,0,3,17,20,17,10,False
10303,17731093916,22,10,4,0,0,30,1,30,32,False
6226,19852999776,50,0,4,0,2,13,32,13,11,False
10138,17731093916,8,11,1,0,1,41,40,41,9,False
7277,13401917913,47,0,4,0,2,5,34,5,18,False
12745,19550593600,4,5,4,0,1,5,10,5,12,False
11062,18636055184,29,6,4,0,3,33,20,33,32,False
704,15260233525,1,29,4,0,1,15,21,15,18,False
1619,17623708813,15,7,1,0,3,3,32,3,3,True
784,15260233525,29,2,4,0,0,17,1,17,32,False
10029,17527328008,49,74,4,0,2,35,1,35,18,False
9259,16726368276,31,6,4,0,0,15,9,15,18,False
4065,13670356740,45,1,3,0,1,46,2,46,45,False
12739,19550593600,1,5,4,0,2,9,10,9,9,True
12392,18989781863,5,2,4,0,0,12,3,12,11,False
5916,18802233956,41,4,4,0,1,13,47,13,3,False
5178,18053307086,5,34,4,0,1,32,24,32,32,True
4234,13670356740,14,16,4,0,3,4,11,4,32,False
637,15260233525,34,1,2,0,1,26,3,26,32,False
5521,18702113651,47,0,4,0,2,2,25,2,18,False
1096,15661502139,40,7,4,0,2,23,8,23,25,False
8507,15167050060,23,2,4,0,1,34,20,34,38,False
3175,19831701219,8,7,4,0,2,30,43,30,23,False
1529,15735414945,25,62,4,0,2,23,28,23,23,True
2375,17807329663,18,7,2,0,3,37,25,37,37,True
7754,13943039298,22,8,3,0,0,32,25,32,32,True
567,15260233525,15,3,1,0,1,36,15,36,32,False
13677,19948700293,37,0,1,0,3,33,47,33,10,False
9471,17331496902,43,8,1,0,1,27,15,27,3,False
10146,17731093916,16,5,1,0,0,11,5,11,18,False
7522,13630678332,41,8,2,0,0,18,12,18,17,False
5962,18802233956,37,30,4,0,3,15,16,15,18,False
7031,13074255915,2,16,4,0,0,16,14,16,18,False
5643,18702113651,19,6,4,0,3,29,16,29,25,False
13663,19948700293,23,0,1,0,1,48,41,48,45,False
1889,17623708813,34,13,4,0,2,1,11,1,18,False
7979,13943039298,47,1,4,0,2,8,28,8,32,False
12705,19550593600,17,3,3,0,2,3,6,3,3,True
1597,15735414945,43,13,4,0,0,25,21,25,25,True
1465,15735414945,11,30,4,0,1,25,9,25,25,True
13953,19948700293,47,11,4,0,1,13,9,13,10,False
4782,15797725211,10,0,4,0,3,17,33,17,23,False
13921,19948700293,15,6,4,0,2,34,39,34,11,False
13953,19948700293,47,15,4,0,1,4,9,4,3,False
5870,18802233956,45,1,4,0,2,19,44,19,10,False
3037,19831701219,20,6,4,0,1,13,24,13,10,False
5199,18053307086,26,9,4,0,2,10,19,10,32,False
13973,19948700293,17,10,4,0,1,34,33,34,18,False
5341,18702113651,18,1,1,0,0,47,45,47,45,False
6004,18802233956,29,17,4,0,2,18,33,18,23,False
8917,16630722126,40,32,4,0,0,23,13,23,25,False
5987,18802233956,12,14,4,0,1,26,13,26,29,False
4093,13670356740,23,0,4,0,1,38,2,38,18,False
3476,19970957519,8,0,4,0,0,11,8,11,11,True
1798,17623708813,43,3,4,0,0,39,44,39,24,False
11949,18765816132,13,2,2,0,2,18,40,18,10,False
5271,18053307086,48,26,4,0,1,19,46,19,10,False
5625,18702113651,1,8,4,0,3,45,25,45,45,True
9637,17331496902,8,4,4,0,1,17,0,17,18,False
2238,17713196465,32,15,4,0,2,25,32,25,25,True
10689,18365196069,7,8,4,0,1,34,17,34,38,False
8083,15165929133,50,3,2,0,2,3,26,3,3,True
966,15661502139,10,14,2,0,3,25,38,25,25,True
3761,13130819298,42,34,4,0,3,22,9,22,18,False
7784,13943039298,2,1,4,0,0,26,8,26,18,False
280,13513580369,30,3,4,0,2,10,28,10,10,True
11196,18664891854,13,8,1,0,2,12,19,12,18,False
5254,18053307086,31,11,4,0,0,30,23,30,10,False
12029,18765816132,43,4,3,0,2,23,43,23,10,False
1738,17623708813,33,2,3,0,3,32,18,32,32,True
2274,17713196465,18,27,4,0,2,26,41,26,18,False
8337,15167050060,4,2,1,0,3,7,1,7,18,False
13253,19834840803,14,23,4,0,2,40,47,40,30,False
8476,15167050060,42,7,3,0,3,33,40,33,32,False
11617,18758415613,32,1,2,0,0,44,38,44,37,False
7112,13401917913,33,1,1,0,2,15,5,15,23,False
11947,18765816132,11,2,2,0,1,38,40,38,9,False
4639,15797725211,18,1,1,0,2,37,39,37,9,False
7056,13074255915,27,10,4,0,3,3,47,3,3,True
12790,19550593600,2,2,4,0,3,36,40,36,29,False
7559,13630678332,28,13,3,0,3,33,40,33,32,False
6212,19852999776,36,19,4,0,3,26,2,26,32,False
6570,19881266563,43,9,4,0,0,36,14,36,32,False
1946,17623708813,41,4,4,0,3,37,39,37,29,False
4232,13670356740,12,5,4,0,2,12,40,12,9,False
6984,13074255915,5,3,4,0,2,39,31,39,24,False
2144,17713196465,38,1,4,0,3,17,38,17,10,False
9085,16726368276,8,1,1,0,1,33,20,33,37,False
9561,17331496902,32,3,3,0,1,48,3,48,37,False
11310,18664891854,26,1,3,0,2,10,47,10,32,False
7270,13401917913,40,9,4,0,2,23,45,23,10,False
8557,15167050060,23,0,4,0,1,26,14,26,25,False
5251,18053307086,28,12,4,0,0,42,43,42,29,False
12624,19550593600,37,12,1,0,0,15,8,15,18,False
6310,19852999776,34,3,4,0,3,31,18,31,32,False
6111,19852999776,35,2,2,0,0,23,32,23,23,True
2316,17807329663,10,1,1,0,2,8,23,8,37,False
1583,15735414945,29,28,4,0,0,8,1,8,9,False
5580,18702113651,6,8,4,0,0,29,1,29,25,False
4835,15797725211,13,34,4,0,3,5,25,5,29,False
2485,17807329663,28,23,4,0,0,23,32,23,23,True
13885,19948700293,29,8,4,0,3,18,5,18,18,True
4821,15797725211,49,12,4,0,3,10,11,10,32,False
11084,18636055184,1,3,4,0,1,27,24,27,18,False
12395,18989781863,8,15,4,0,1,26,34,26,18,False
4052,13670356740,32,12,3,0,0,25,18,25,25,True
7704,13943039298,22,2,2,0,1,37,42,37,32,False
388,13932780308,38,3,1,0,2,10,16,10,32,False
4895,15797725211,23,5,4,0,2,18,46,18,25,False
7949,13943039298,17,8,4,0,0,14,9,14,17,False
4458,15079495784,37,33,4,0,1,29,39,29,16,False
1529,15735414945,25,6,4,0,1,18,28,18,18,True
9589,17331496902,10,0,4,0,3,33,46,33,10,False
3754,13130819298,35,4,4,0,0,45,44,45,45,True
11838,18758415613,3,6,4,0,1,25,22,25,18,False
5492,18702113651,18,31,4,0,3,29,30,29,29,True
2580,17807329663,23,1,4,0,0,19,5,19,19,True
7310,13401917913,30,0,4,0,1,39,25,39,25,False
474,13932780308,23,0,3,0,2,39,38,39,12,False
2296,17713196465,40,9,4,0,3,2,10,2,25,False
1810,17623708813,5,33,4,0,1,2,33,2,16,False
1864,17623708813,9,7,4,0,3,31,1,31,24,False
6253,19852999776,27,4,4,0,2,24,8,24,24,True
10481,17731093916,50,5,4,0,0,17,8,17,18,False
4871,15797725211,49,32,4,0,0,10,9,10,23,False
1497,15735414945,43,7,4,0,2,3,39,3,18,False
5421,18702113651,47,1,2,0,3,10,26,10,10,True
1208,15661502139,4,7,4,0,2,11,19,11,32,False
1057,15661502139,1,15,4,0,1,15,0,15,18,False
4607,15079495784,36,6,4,0,3,11,37,11,11,True
1244,15661502139,40,15,4,0,2,9,11,9,9,True
4945,15797725211,23,34,4,0,0,15,32,15,17,False
10268,17731093916,37,6,3,0,3,2,3,2,32,False
277,13513580369,27,0,4,0,3,11,20,11,19,False
8799,16630722126,14,13,3,0,2,2,9,2,18,False
13775,19948700293,34,9,3,0,0,25,9,25,32,False
7643,13943039298,12,6,1,0,0,7,0,7,18,False
7944,13943039298,12,11,4,0,0,16,9,16,18,False
8959,16630722126,32,1,4,0,0,22,14,22,30,False
3446,19970957519,28,20,4,0,3,25,32,25,9,False
7668,13943039298,37,4,1,0,1,41,47,41,3,False
1062,15661502139,6,26,4,0,3,19,39,19,10,False
13075,19834840803,36,7,3,0,0,44,10,44,19,False
4442,15079495784,21,12,4,0,3,19,31,19,32,False
3700,13130819298,31,9,3,0,1,30,21,30,9,False
11509,18664891854,25,3,4,0,1,46,24,46,29,False
10684,18365196069,2,6,4,0,0,37,29,37,29,False
13140,19834840803,1,3,4,0,2,23,31,23,18,False
922,15661502139,17,2,1,0,2,15,36,15,23,False
6754,13074255915,26,3,1,0,2,12,9,12,18,False
8010,15165929133,28,9,1,0,1,36,42,36,32,False
3440,19970957519,22,27,4,0,1,25,24,25,25,True
12747,19550593600,6,11,4,0,3,33,39,33,32,False
4160,13670356740,40,15,4,0,3,32,34,32,32,True
9915,17527328008,35,1,3,0,1,36,7,36,32,False
5859,18802233956,34,41,4,0,2,3,24,3,3,True
6760,13074255915,32,0,1,0,2,4,14,4,24,False
1818,17623708813,13,7,4,0,3,29,23,29,29,True
10757,18365196069,25,0,4,0,3,1,30,1,18,False
1569,15735414945,15,35,4,0,3,16,3,16,9,False
12550,18989781863,13,1,4,0,1,32,23,32,32,True
11273,18664891854,39,7,2,0,3,33,34,33,32,False
5382,18702113651,8,5,2,0,0,30,41,30,9,False
5865,18802233956,40,16,4,0,0,37,16,37,18,False
6233,19852999776,7,23,4,0,2,25,12,25,25,True
4540,15079495784,19,23,4,0,0,32,18,32,32,True
3487,19970957519,19,10,4,0,1,26,18,26,32,False
764,15260233525,9,3,4,0,3,18,10,18,18,True
13283,19834840803,44,9,4,0,0,23,16,23,9,False
8367,15167050060,34,9,1,0,3,29,21,29,25,False
10744,18365196069,12,12,4,0,3,15,6,15,18,False
1647,17623708813,43,4,1,0,3,16,46,16,18,False
12069,18765816132,33,7,4,0,2,39,48,39,18,False
3805,13130819298,36,8,4,0,2,26,37,26,24,False
3088,19831701219,21,30,4,0,1,25,2,25,25,True
2394,17807329663,37,1,2,0,3,2,10,2,32,False
3884,13130819298,15,7,4,0,3,24,3,24,24,True
6010,18802233956,35,16,4,0,3,4,27,4,32,False
13800,19948700293,9,3,4,0,3,38,39,38,9,False
7837,13943039298,5,2,4,0,1,39,31,39,9,False
1906,17623708813,1,16,4,0,3,9,25,9,9,True
11074,18636055184,41,5,4,0,0,37,0,37,32,False
1784,17623708813,29,72,4,0,0,26,19,26,37,False
9776,17331496902,47,11,4,0,3,23,31,23,25,False
1486,15735414945,32,16,4,0,3,17,31,17,17,True
6451,19881266563,24,2,2,0,1,38,0,38,17,False
8141,15165929133,8,9,4,0,3,11,20,11,25,False
8871,16630722126,44,0,3,0,1,40,4,40,30,False
10027,17527328008,47,11,4,0,3,31,39,31,25,False
1214,15661502139,10,8,4,0,3,37,30,37,37,True
13064,19834840803,25,2,3,0,0,30,7,30,19,False
3712,13130819298,43,5,3,0,3,29,23,29,37,False
5160,18053307086,37,21,4,0,1,13,39,13,10,False
12165,18765816132,29,7,4,0,0,11,5,11,25,False
12111,18765816132,25,34,4,0,3,23,24,23,18,False
5530,18702113651,6,160,4,0,2,29,3,29,29,True
520,13932780308,19,9,4,0,2,34,41,34,23,False
5025,18053307086,2,9,2,0,3,36,43,36,32,False
750,15260233525,45,9,4,0,0,33,5,33,37,False
14114,19948700293,42,11,4,0,2,37,39,37,9,False
12898,19550593600,10,24,4,0,1,41,45,41,23,False
3730,13130819298,11,10,4,0,2,24,17,24,24,True
1602,15735414945,48,60,4,0,0,45,7,45,45,True
6985,13074255915,6,9,4,0,1,23,15,23,23,True
5706,18802233956,32,1,1,0,3,29,37,29,29,True
4076,13670356740,6,11,4,0,0,26,23,26,25,False
4554,15079495784,33,13,4,0,3,8,33,8,32,False
2774,18991311567,16,27,3,0,2,12,31,12,24,False
12734,19550593600,46,2,3,0,1,46,3,46,29,False
3480,19970957519,12,8,4,0,1,2,7,2,3,False
1919,17623708813,14,6,4,0,0,24,3,24,25,False
4709,15797725211,37,3,2,0,3,37,9,37,37,True
14037,19948700293,15,15,4,0,2,31,38,31,18,False
2892,19831701219,26,8,1,0,2,23,25,23,9,False
3209,19831701219,42,11,4,0,1,33,23,33,32,False
9170,16726368276,42,0,2,0,1,26,24,26,26,True
9394,16726368276,16,5,4,0,2,11,22,11,11,True
232,13513580369,32,17,4,0,1,6,1,6,9,False
1073,15661502139,17,5,4,0,3,16,32,16,18,False
12220,18765816132,34,2,4,0,1,25,22,25,25,True
9224,16726368276,46,4,3,0,3,37,25,37,37,True
927,15661502139,22,13,1,0,3,8,16,8,32,False
12927,19550593600,39,6,4,0,0,17,10,17,17,True
112,13513580369,12,1,3,0,0,31,12,31,32,False
5200,18053307086,27,10,4,0,0,9,19,9,9,True
161,13513580369,11,11,4,0,1,15,14,15,18,False
2464,17807329663,7,9,4,0,2,24,17,24,24,True
3392,19970957519,24,14,4,0,2,31,2,31,24,False
5905,18802233956,30,16,4,0,3,12,20,12,16,False
9048,16630722126,21,5,4,0,0,32,4,32,32,True
8716,16630722126,32,19,1,0,1,41,48,41,26,False
5600,18702113651,26,1,4,0,0,9,18,9,9,True
3566,19970957519,48,11,4,0,2,6,34,6,18,False
3939,13670356740,20,2,1,0,3,37,39,37,37,True
2968,19831701219,1,13,3,0,2,12,31,12,24,False
11151,18636055184,18,3,4,0,2,0,10,0,3,False
8507,15167050060,23,10,4,0,0,26,20,26,25,False
12801,19550593600,13,16,4,0,0,30,7,30,32,False
2047,17713196465,41,11,2,0,2,20,5,20,11,False
6395,19881266563,19,28,1,0,0,33,17,33,32,False
5780,18802233956,5,0,3,0,0,46,47,46,37,False
7386,13401917913,6,4,4,0,3,14,21,14,18,False
12457,18989781863,20,11,4,0,2,34,41,34,18,False
5055,18053307086,32,6,2,0,1,29,46,29,29,True
4476,15079495784,5,13,4,0,1,33,0,33,9,False
185,13513580369,35,21,4,0,2,26,47,26,25,False
10942,18636055184,9,3,3,0,0,17,9,17,17,True
12783,19550593600,42,6,4,0,2,4,9,4,24,False
1731,17623708813,26,3,3,0,1,9,0,9,9,True
5508,18702113651,34,20,4,0,1,3,9,3,32,False
7740,13943039298,8,8,3,0,2,23,36,23,10,False
11049,18636055184,16,0,4,0,2,2,46,2,18,False
2996,19831701219,29,6,3,0,3,2,10,2,32,False
2572,17807329663,15,2,4,0,0,44,41,44,29,False
1578,15735414945,24,5,4,0,2,30,33,30,10,False
10295,17731093916,14,9,4,0,1,13,19,13,19,False
13332,19859608897,43,2,1,0,1,5,9,5,19,False
6270,19852999776,44,6,4,0,0,19,5,19,32,False
7427,13401917913,47,7,4,0,0,34,20,34,18,False
9710,17331496902,31,5,4,0,3,7,0,7,18,False
12646,19550593600,3,6,2,0,0,44,38,44,19,False
4917,15797725211,45,6,4,0,1,38,8,38,18,False
2949,19831701219,32,2,2,0,2,15,44,15,18,False
6370,19852999776,44,9,4,0,1,46,29,46,25,False
2951,19831701219,34,2,2,0,3,36,44,36,32,False
9725,17331496902,46,6,4,0,0,22,15,22,17,False
196,13513580369,46,1,4,0,0,45,30,45,29,False
11754,18758415613,19,9,4,0,3,22,34,22,32,False
10909,18636055184,26,1,2,0,0,46,31,46,37,False
4715,15797725211,43,12,2,0,0,15,2,15,18,False
13876,19948700293,20,7,4,0,1,4,14,4,11,False
12498,18989781863,11,15,4,0,3,5,6,5,32,False
888,15260233525,33,2,4,0,1,40,45,40,32,False
13051,19834840803,12,12,3,0,0,14,7,14,18,False
3416,19970957519,48,11,4,0,3,8,6,8,29,False
2894,19831701219,28,1,1,0,0,40,28,40,30,False
4876,15797725211,4,6,4,0,3,32,41,32,32,True
2530,17807329663,23,9,4,0,3,30,33,30,10,False
1928,17623708813,23,22,4,0,3,25,16,25,25,True
11945,18765816132,9,4,2,0,2,31,46,31,18,False
4495,15079495784,24,27,4,0,2,18,5,18,18,True
4198,13670356740,28,2,4,0,3,2,33,2,25,False
10602,18365196069,20,3,3,0,2,34,40,34,18,False
6630,19881266563,3,28,4,0,2,3,24,3,3,True
772,15260233525,17,4,4,0,3,2,27,2,9,False
12613,19550593600,26,3,1,0,2,18,24,18,10,False
1515,15735414945,11,3,4,0,1,25,39,25,25,True
3138,19831701219,21,23,4,0,3,25,32,25,9,False
12230,18765816132,44,3,4,0,0,14,2,14,17,False
7089,13401917913,10,8,1,0,0,17,9,17,18,False
5933,18802233956,8,1,4,0,2,9,45,9,9,True
3521,19970957519,3,19,4,0,2,9,23,9,9,True
13679,19948700293,39,4,1,0,2,39,47,39,18,False
7396,13401917913,16,4,4,0,3,39,41,39,18,False
13019,19834840803,30,3,2,0,0,44,38,44,19,False
1591,15735414945,37,24,4,0,3,45,46,45,29,False
505,13932780308,4,12,4,0,0,17,33,17,17,True
12773,19550593600,32,2,4,0,0,9,40,9,9,True
6941,13074255915,12,2,4,0,1,27,34,27,23,False
2850,18991311567,42,7,4,0,3,31,16,31,24,False
3472,19970957519,4,0,4,0,3,2,47,2,18,False
9344,16726368276,16,14,4,0,3,33,40,33,3,False
6386,19881266563,10,3,1,0,0,38,30,38,18,False
6985,13074255915,6,8,4,0,2,16,15,16,18,False
3725,13130819298,6,11,4,0,1,30,46,30,10,False
4554,15079495784,33,11,4,0,3,15,33,15,18,False
12718,19550593600,30,4,3,0,2,30,39,30,9,False
109,13513580369,9,4,3,0,3,2,20,2,32,False
7900,13943039298,18,5,4,0,1,4,9,4,18,False
5526,18702113651,2,9,4,0,0,23,15,23,25,False
7913,13943039298,31,4,4,0,2,7,24,7,18,False
11118,18636055184,35,9,4,0,3,17,12,17,9,False
5097,18053307086,24,17,3,0,0,44,46,44,37,False
12872,19550593600,34,16,4,0,3,21,14,21,25,False
7253,13401917913,23,21,4,0,3,31,13,31,18,False
11082,18636055184,49,3,4,0,2,21,36,21,10,False
9020,16630722126,43,0,4,0,3,11,19,11,19,False
6639,19881266563,12,0,4,0,3,15,41,15,8,False
6594,19881266563,17,15,4,0,1,38,14,38,38,True
13108,19834840803,19,14,4,0,2,4,7,4,24,False
10783,18365196069,1,19,4,0,2,34,41,34,23,False
11892,18765816132,7,2,1,0,2,0,31,0,16,False
968,15661502139,12,3,2,0,1,18,8,18,18,True
10132,17731093916,2,3,1,0,2,4,2,4,23,False
7686,13943039298,4,2,2,0,1,22,14,22,10,False
3717,13130819298,48,8,3,0,3,2,31,2,18,False
12659,19550593600,16,1,2,0,1,46,31,46,37,False
8543,15167050060,9,10,4,0,3,25,32,25,25,True
3068,19831701219,1,0,4,0,2,17,38,17,23,False
1690,17623708813,35,16,2,0,2,26,40,26,29,False
8616,15167050060,32,6,4,0,0,44,43,44,19,False
739,15260233525,34,16,4,0,2,27,41,27,32,False
13191,19834840803,2,14,4,0,0,27,20,27,32,False
6596,19881266563,19,7,4,0,1,31,29,31,18,False
2634,17807329663,27,17,4,0,3,38,25,38,18,False
10809,18365196069,27,1,4,0,1,15,5,15,18,False
3024,19831701219,7,4,4,0,1,25,14,25,25,True
6982,13074255915,3,13,4,0,3,10,48,10,3,False
886,15260233525,31,13,4,0,3,25,39,25,25,True
3909,13130819298,40,0,4,0,3,44,41,44,29,False
2738,18991311567,30,0,2,0,3,8,20,8,29,False
2822,18991311567,14,4,4,0,1,9,14,9,9,True
7623,13630678332,42,1,4,0,1,34,13,34,38,False
4767,15797725211,45,15,3,0,0,8,0,8,32,False
12496,18989781863,9,1,4,0,0,16,12,16,37,False
1125,15661502139,19,14,4,0,1,18,0,18,18,True
4252,13670356740,32,1,4,0,1,10,44,10,10,True
6641,19881266563,14,35,4,0,0,9,2,9,9,True
9951,17527328008,21,10,4,0,1,12,29,12,29,False
8489,15167050060,5,33,4,0,3,32,45,32,32,True
11793,18758415613,8,7,4,0,3,14,31,14,3,False
2634,17807329663,27,11,4,0,2,29,25,29,25,False
4587,15079495784,16,12,4,0,3,21,38,21,18,False
8212,15165929133,29,47,4,0,3,32,20,32,32,True
2081,17713196465,25,12,3,0,0,19,10,19,32,False
5178,18053307086,5,22,4,0,2,12,24,12,24,False
1666,17623708813,11,6,2,0,0,31,21,31,25,False
2959,19831701219,42,6,2,0,0,31,21,31,25,False
7166,13401917913,36,0,2,0,3,47,34,47,37,False
4639,15797725211,18,0,1,0,1,38,39,38,17,False
487,13932780308,36,1,3,0,0,45,21,45,19,False
7312,13401917913,32,27,4,0,0,10,3,10,17,False
11839,18758415613,4,22,4,0,2,16,15,16,24,False
2337,17807329663,31,5,1,0,2,16,24,16,16,True
10330,17731093916,49,4,4,0,0,22,15,22,10,False
12502,18989781863,15,19,4,0,0,47,41,47,29,False
1322,15735414945,17,3,2,0,3,18,17,18,18,True
1172,15661502139,18,15,4,0,2,10,41,10,32,False
13373,19859608897,33,1,2,0,0,9,38,9,9,True
3625,13130819298,6,11,2,0,2,18,44,18,18,True
6321,19852999776,45,21,4,0,1,15,0,15,38,False
2813,18991311567,5,1,4,0,2,24,23,24,25,False
589,15260233525,37,8,1,0,3,25,16,25,25,True
11994,18765816132,8,2,3,0,2,23,25,23,10,False
7709,13943039298,27,9,2,0,0,27,19,27,17,False
8176,15165929133,43,23,4,0,3,16,9,16,25,False
2512,17807329663,5,6,4,0,2,26,33,26,25,False
7178,13401917913,48,1,2,0,1,41,47,41,19,False
9716,17331496902,37,1,4,0,2,7,48,7,18,False
7315,13401917913,35,18,4,0,2,3,22,3,24,False
1929,17623708813,24,11,4,0,3,2,5,2,32,False
8100,15165929133,17,6,3,0,1,34,26,34,32,False
1128,15661502139,22,1,4,0,0,21,16,21,23,False
2484,17807329663,27,18,4,0,0,25,17,25,23,False
4832,15797725211,10,14,4,0,2,24,0,24,24,True
1806,17623708813,1,15,4,0,0,33,9,33,32,False
6686,19881266563,8,9,4,0,2,17,39,17,9,False
12873,19550593600,35,10,4,0,3,16,19,16,25,False
1783,17623708813,28,24,4,0,2,29,38,29,16,False
5991,18802233956,16,10,4,0,3,23,26,23,18,False
12111,18765816132,25,37,4,0,2,30,24,30,9,False
2569,17807329663,12,9,4,0,3,9,12,9,9,True
7234,13401917913,4,11,4,0,3,32,47,32,32,True
11634,18758415613,49,4,2,0,3,46,47,46,29,False
6536,19881266563,9,7,4,0,2,29,36,29,24,False
3893,13130819298,24,22,4,0,3,25,33,25,18,False
2801,18991311567,43,7,3,0,3,26,27,26,29,False
11781,18758415613,46,2,4,0,0,15,4,15,23,False
1516,15735414945,12,3,4,0,1,25,7,25,25,True
4373,15079495784,2,14,3,0,0,23,24,23,23,True
6815,13074255915,36,25,2,0,1,3,1,3,32,False
11004,18636055184,21,5,4,0,3,24,40,24,25,False
2449,17807329663,42,12,3,0,1,22,21,22,19,False
3178,19831701219,11,16,4,0,0,33,2,33,32,False
3305,19970957519,37,12,2,0,1,44,17,44,37,False
4838,15797725211,16,51,4,0,3,26,24,26,25,False
1103,15661502139,47,20,4,0,1,16,8,16,24,False
8206,15165929133,23,12,4,0,0,10,8,10,30,False
12902,19550593600,14,11,4,0,1,17,23,17,18,False
10438,17731093916,7,0,4,0,3,40,11,40,32,False
8629,15167050060,45,0,4,0,3,30,33,30,10,False
8139,15165929133,6,34,4,0,0,43,39,43,18,False
5012,18053307086,40,4,1,0,2,2,9,2,18,False
7588,13630678332,7,9,4,0,0,17,2,17,18,False
1550,15735414945,46,41,4,0,2,1,14,1,18,False
14100,19948700293,28,11,4,0,1,11,3,11,25,False
1534,15735414945,30,12,4,0,3,12,26,12,29,False
1900,17623708813,45,11,4,0,1,38,8,38,18,False
1219,15661502139,15,23,4,0,2,28,36,28,18,False
978,15661502139,22,4,2,0,3,31,6,31,32,False
11338,18664891854,4,19,4,0,1,15,9,15,18,False
10125,17527328008,45,0,4,0,2,13,34,13,19,False
10206,17731093916,25,0,2,0,0,43,39,43,18,False
4465,15079495784,44,0,4,0,1,25,42,25,25,True
65,13513580369,15,4,2,0,0,29,1,29,26,False
10142,17731093916,12,4,1,0,2,25,34,25,25,True
