subid,batch,maze,day,createdat,task,block,raw_phase,raw_trial,trial,rep,trial_set,replan,start,goal,short_path,action,hits,rt_raw,rt,true_path,maze_wall,sequence_trial_index,is_validation_trial,source,n_action,n_hit,hit_rate,shortest_steps,actual_steps,successful_moves,excess_steps,path_efficiency,final_state,reached_goal,is_optimal_by_length,is_clean_optimal,is_exact_short_path,total_rt,mean_rt,median_rt,first_rt,mean_rt_after_first
13015195273.0,1,1,1,739474.4681,1,1,0,3,4,1,23,0,44,30,"[44, 37, 36, 35, 28, 29, 30]","[0, 1, 0, 0, 0, 1, 0, 3, 1, 1, 1, 0, 3, 3]","[False, False, True, True, True, False, False, False, False, False, False, True, False, False]","[1.55,1.048,0.401,1.068,1.245,0.435,1.301,0.417,0.382,0.419,0.949,0.364,0.419,0.666]","[nan, nan, nan, nan, nan, nan, nan, nan, nan, nan, nan, nan, nan, nan]","[44, 37, 36, 36, 36, 36, 35, 28, 29, 28, 27, 26, 26, 27, 28]",,3,True,model_teacher_forced,14,4,0.2857142857142857,6,14,10,8,0.42857142857142855,28,0,0,0,0,,,,,
13015195273.0,1,1,1,739474.4681,1,1,0,3,4,1,23,0,44,30,"[44, 37, 36, 35, 28, 29, 30]","[0, 3, 0, 1, 0, 1, 2, 2, 1, 1, 1, 0, 3, 3]","[False, False, False, True, False, True, False, False, False, False, False, False, False, False]","[1.55,1.048,0.401,1.068,1.245,0.435,1.301,0.417,0.382,0.419,0.949,0.364,0.419,0.666]","[1.55, 1.048, 0.401, 1.068, 0.2450000000000001, 0.435, 0.30099999999999993, 0.417, 0.382, 0.419, 0.949, 0.364, 0.419, 0.666]","[44, 37, 38, 31, 31, 24, 24, 31, 38, 37, 36, 35, 28, 29, 30]",,3,True,actual_subject,14,2,0.14285714285714285,6,14,12,8,0.42857142857142855,30,1,0,0,0,8.663999999999998,0.6188571428571427,0.419,1.55,0.5472307692307692
13015195273.0,1,1,1,739474.4684,1,1,0,7,8,0,23,0,39,38,"[39, 46, 45, 38]","[2, 1, 0]","[False, False, False]","[0.877,0.382,0.352]","[nan, nan, nan]","[39, 46, 45, 38]",,7,True,model_teacher_forced,3,0,0.0,3,3,3,0,1.0,38,1,1,1,1,,,,,
13015195273.0,1,1,1,739474.4684,1,1,0,7,8,0,23,0,39,38,"[39, 46, 45, 38]","[2, 1, 0]","[False, False, False]","[0.877,0.382,0.352]","[0.877, 0.382, 0.352]","[39, 46, 45, 38]",,7,True,actual_subject,3,0,0.0,3,3,3,0,1.0,38,1,1,1,1,1.6109999999999998,0.5369999999999999,0.382,0.877,0.367
13015195273.0,1,1,1,739474.4687,1,1,0,11,12,0,23,0,47,46,"[47, 40, 39, 46]","[0, 1, 2]","[False, False, False]","[0.947,0.364,0.231]","[nan, nan, nan]","[47, 40, 39, 46]",,11,True,model_teacher_forced,3,0,0.0,3,3,3,0,1.0,46,1,1,1,1,,,,,
13015195273.0,1,1,1,739474.4687,1,1,0,11,12,0,23,0,47,46,"[47, 40, 39, 46]","[0, 1, 2]","[False, False, False]","[0.947,0.364,0.231]","[0.947, 0.364, 0.231]","[47, 40, 39, 46]",,11,True,actual_subject,3,0,0.0,3,3,3,0,1.0,46,1,1,1,1,1.542,0.514,0.364,0.947,0.2975
13015195273.0,1,1,1,739474.4691,1,1,0,15,16,1,23,0,20,6,"[20, 27, 26, 25, 18, 19, 12, 13, 6]","[2, 2, 1, 0, 0, 3, 0, 3, 0]","[False, False, False, False, True, False, False, False, False]","[1.625,1.691,0.446,1.299,0.435,0.98,0.454,1.516,0.498]","[nan, nan, nan, nan, nan, nan, nan, nan, nan]","[20, 27, 34, 33, 26, 26, 27, 20, 21, 14]",,15,True,model_teacher_forced,9,1,0.1111111111111111,8,9,8,1,0.8888888888888888,14,0,0,0,0,,,,,
13015195273.0,1,1,1,739474.4691,1,1,0,15,16,1,23,0,20,6,"[20, 27, 26, 25, 18, 19, 12, 13, 6]","[0, 2, 1, 1, 0, 3, 0, 3, 0]","[True, False, False, False, False, False, False, False, False]","[1.625,1.691,0.446,1.299,0.435,0.98,0.454,1.516,0.498]","[1.625, 0.6910000000000001, 0.446, 1.299, 0.435, 0.98, 0.454, 1.516, 0.498]","[20, 20, 27, 26, 25, 18, 19, 12, 13, 6]",,15,True,actual_subject,9,1,0.1111111111111111,8,9,8,1,0.8888888888888888,6,1,0,0,0,7.944,0.8826666666666667,0.6910000000000001,1.625,0.7898750000000001
13015195273.0,1,1,1,739474.4697,1,1,0,19,20,0,23,0,25,0,"[25, 18, 19, 12, 11, 10, 3, 2, 9, 8, 15, 14, 7, 0]","[0, 1, 0, 1, 1, 0, 1, 0, 1, 2, 1, 0, 1, 2, 1]","[False, True, True, True, True, True, True, True, True, False, True, False, True, False, True]","[0.93,0.832,0.568,0.482,1.515,0.333,0.769,0.632,0.384,0.884,0.351,1.031,0.331,0.404,0.8]","[nan, nan, nan, nan, nan, nan, nan, nan, nan, nan, nan, nan, nan, nan, nan]","[25, 18, 18, 18, 18, 18, 18, 18, 18, 18, 25, 25, 18, 18, 25, 25]",,19,True,model_teacher_forced,15,11,0.7333333333333333,13,15,4,2,0.8666666666666667,25,0,0,0,0,,,,,
13015195273.0,1,1,1,739474.4697,1,1,0,19,20,0,23,0,25,0,"[25, 18, 19, 12, 11, 10, 3, 2, 9, 8, 15, 14, 7, 0]","[0, 3, 0, 3, 1, 1, 1, 0, 1, 2, 1, 2, 1, 0, 0]","[False, False, False, False, False, False, False, False, False, False, False, False, False, False, False]","[0.93,0.832,0.568,0.482,1.515,0.333,0.769,0.632,0.384,0.884,0.351,1.031,0.331,0.404,0.8]","[0.93, 0.832, 0.568, 0.482, 1.515, 0.333, 0.769, 0.632, 0.384, 0.884, 0.351, 1.031, 0.331, 0.404, 0.8]","[25, 18, 19, 12, 13, 12, 11, 10, 3, 2, 9, 8, 15, 14, 7, 0]",,19,True,actual_subject,15,0,0.0,13,15,15,2,0.8666666666666667,0,1,0,0,0,10.246,0.6830666666666667,0.632,0.93,0.6654285714285715
13015195273.0,1,1,1,739474.4703,1,1,0,23,24,0,23,0,7,19,"[7, 14, 15, 8, 9, 2, 3, 10, 11, 12, 19]","[2, 3, 2, 3, 0, 3, 3, 3, 3, 3, 2, 2]","[False, False, False, True, False, True, True, True, True, True, False, False]","[0.665,0.536,0.448,0.5,0.967,0.35,0.483,1.232,0.836,0.598,0.884,0.298]","[nan, nan, nan, nan, nan, nan, nan, nan, nan, nan, nan, nan]","[7, 14, 15, 22, 22, 15, 15, 15, 15, 15, 15, 22, 29]",,23,True,model_teacher_forced,12,6,0.5,10,12,6,2,0.8333333333333334,29,0,0,0,0,,,,,
13015195273.0,1,1,1,739474.4703,1,1,0,23,24,0,23,0,7,19,"[7, 14, 15, 8, 9, 2, 3, 10, 11, 12, 19]","[2, 3, 0, 3, 0, 3, 2, 2, 0, 3, 3, 2]","[False, False, False, False, False, False, False, False, False, False, False, False]","[0.665,0.536,0.448,0.5,0.967,0.35,0.483,1.232,0.836,0.598,0.884,0.298]","[0.665, 0.536, 0.448, 0.5, 0.967, 0.35, 0.483, 1.232, 0.836, 0.598, 0.884, 0.298]","[7, 14, 15, 8, 9, 2, 3, 10, 17, 10, 11, 12, 19]",,23,True,actual_subject,12,0,0.0,10,12,12,2,0.8333333333333334,19,1,0,0,0,7.797000000000001,0.64975,0.567,0.665,0.6483636363636364
13015195273.0,1,1,1,739474.4709,1,1,0,27,28,1,23,0,46,12,"[46, 39, 40, 33, 26, 25, 18, 19, 12]","[0, 3, 0, 1, 3, 0, 0, 1, 1, 0, 0, 0]","[False, False, False, False, False, False, True, False, True, False, True, True]","[1.442,0.583,0.483,0.531,0.65,0.365,0.985,0.533,0.449,0.452,0.431,0.416]","[nan, nan, nan, nan, nan, nan, nan, nan, nan, nan, nan, nan]","[46, 39, 40, 33, 32, 33, 26, 26, 25, 25, 18, 18, 18]",,27,True,model_teacher_forced,12,4,0.3333333333333333,8,12,8,4,0.6666666666666666,18,0,0,0,0,,,,,
13015195273.0,1,1,1,739474.4709,1,1,0,27,28,1,23,0,46,12,"[46, 39, 40, 33, 26, 25, 18, 19, 12]","[0, 3, 0, 0, 3, 0, 2, 1, 1, 0, 3, 0]","[False, False, False, False, False, False, False, False, False, False, False, False]","[1.442,0.583,0.483,0.531,0.65,0.365,0.985,0.533,0.449,0.452,0.431,0.416]","[1.442, 0.583, 0.483, 0.531, 0.65, 0.365, 0.985, 0.533, 0.449, 0.452, 0.431, 0.416]","[46, 39, 40, 33, 26, 27, 20, 27, 26, 25, 18, 19, 12]",,27,True,actual_subject,12,0,0.0,8,12,12,4,0.6666666666666666,12,1,0,0,0,7.32,0.61,0.507,1.442,0.5343636363636364
13015195273.0,1,1,1,739474.4715,1,1,0,31,32,0,23,0,35,25,"[35, 36, 37, 38, 31, 32, 33, 26, 25]","[3, 3, 3, 0, 3, 3, 2, 2, 3, 0, 0, 1, 0, 0, 1]","[False, False, False, False, False, False, False, False, False, False, False, False, False, True, False]","[0.921,0.466,0.867,0.716,2.851,0.797,0.436,1.55,0.513,1.314,1.357,0.681,0.487,0.579,0.484]","[nan, nan, nan, nan, nan, nan, nan, nan, nan, nan, nan, nan, nan, nan, nan]","[35, 36, 37, 38, 31, 32, 33, 40, 47, 48, 41, 34, 33, 26, 26, 25]",,31,True,model_teacher_forced,15,1,0.06666666666666667,8,15,14,7,0.5333333333333333,25,1,0,0,0,,,,,
13015195273.0,1,1,1,739474.4715,1,1,0,31,32,0,23,0,35,25,"[35, 36, 37, 38, 31, 32, 33, 26, 25]","[3, 3, 3, 0, 3, 1, 1, 0, 3, 0, 2, 3, 3, 0, 1]","[False, False, False, False, False, False, True, False, True, True, False, False, False, False, False]","[0.921,0.466,0.867,0.716,2.851,0.797,0.436,1.55,0.513,1.314,1.357,0.681,0.487,0.579,0.484]","[0.921, 0.466, 0.867, 0.716, 2.851, 0.797, 0.436, 0.55, 0.513, 0.31400000000000006, 0.357, 0.681, 0.487, 0.579, 0.484]","[35, 36, 37, 38, 31, 32, 31, 31, 24, 24, 24, 31, 32, 33, 26, 25]",,31,True,actual_subject,15,3,0.2,8,15,12,7,0.5333333333333333,25,1,0,0,0,11.019000000000002,0.7346000000000001,0.55,0.921,0.7212857142857144
13015195273.0,1,1,1,739474.4719,1,1,0,35,36,0,23,0,37,8,"[37, 36, 35, 28, 29, 22, 15, 8]","[1, 0, 0, 3, 0, 0, 0]","[False, True, True, False, True, True, True]","[2.285,0.567,0.464,0.965,0.371,0.415,0.214]","[nan, nan, nan, nan, nan, nan, nan]","[37, 36, 36, 36, 37, 37, 37, 37]",,35,True,model_teacher_forced,7,5,0.7142857142857143,7,7,2,0,1.0,37,0,0,0,0,,,,,
13015195273.0,1,1,1,739474.4719,1,1,0,35,36,0,23,0,37,8,"[37, 36, 35, 28, 29, 22, 15, 8]","[1, 1, 0, 3, 0, 0, 0]","[False, False, False, False, False, False, False]","[2.285,0.567,0.464,0.965,0.371,0.415,0.214]","[2.285, 0.567, 0.464, 0.965, 0.371, 0.415, 0.214]","[37, 36, 35, 28, 29, 22, 15, 8]",,35,True,actual_subject,7,0,0.0,7,7,7,0,1.0,8,1,1,1,1,5.2810000000000015,0.7544285714285717,0.464,2.285,0.49933333333333335
13015195273.0,1,1,1,739474.4724,1,1,0,39,40,1,23,0,12,44,"[12, 19, 18, 25, 26, 33, 32, 31, 38, 37, 44]","[2, 1, 2, 3, 2, 1, 1, 2, 2, 2]","[False, False, False, False, False, False, False, False, False, True]","[1.182,0.851,0.47,0.842,0.503,0.95,0.698,0.552,2.014,0.421]","[nan, nan, nan, nan, nan, nan, nan, nan, nan, nan]","[12, 19, 18, 25, 26, 33, 32, 31, 38, 45, 45]",,39,True,model_teacher_forced,10,1,0.1,10,10,9,0,1.0,45,0,0,0,0,,,,,
13015195273.0,1,1,1,739474.4724,1,1,0,39,40,1,23,0,12,44,"[12, 19, 18, 25, 26, 33, 32, 31, 38, 37, 44]","[2, 1, 2, 3, 2, 1, 1, 2, 1, 2]","[False, False, False, False, False, False, False, False, False, False]","[1.182,0.851,0.47,0.842,0.503,0.95,0.698,0.552,2.014,0.421]","[1.182, 0.851, 0.47, 0.842, 0.503, 0.95, 0.698, 0.552, 2.014, 0.421]","[12, 19, 18, 25, 26, 33, 32, 31, 38, 37, 44]",,39,True,actual_subject,10,0,0.0,10,10,10,0,1.0,44,1,1,1,1,8.482999999999999,0.8482999999999998,0.77,1.182,0.8112222222222222
13015195273.0,1,1,1,739474.473,1,1,0,43,44,0,23,0,31,7,"[31, 38, 37, 36, 35, 28, 29, 22, 15, 14, 7]","[2, 1, 1, 0, 0, 3, 0, 0, 0, 0]","[False, False, False, True, True, False, True, True, True, True]","[0.816,0.499,0.365,0.451,0.699,0.451,0.383,0.485,0.666,0.65]","[nan, nan, nan, nan, nan, nan, nan, nan, nan, nan]","[31, 38, 37, 36, 36, 36, 37, 37, 37, 37, 37]",,43,True,model_teacher_forced,10,6,0.6,10,10,4,0,1.0,37,0,0,0,0,,,,,
13015195273.0,1,1,1,739474.473,1,1,0,43,44,0,23,0,31,7,"[31, 38, 37, 36, 35, 28, 29, 22, 15, 14, 7]","[2, 1, 1, 1, 0, 3, 0, 0, 1, 0]","[False, False, False, False, False, False, False, False, False, False]","[0.816,0.499,0.365,0.451,0.699,0.451,0.383,0.485,0.666,0.65]","[0.816, 0.499, 0.365, 0.451, 0.699, 0.451, 0.383, 0.485, 0.666, 0.65]","[31, 38, 37, 36, 35, 28, 29, 22, 15, 14, 7]",,43,True,actual_subject,10,0,0.0,10,10,10,0,1.0,7,1,1,1,1,5.465000000000001,0.5465000000000001,0.492,0.816,0.5165555555555555
13015195273.0,1,1,1,739474.4734,1,1,0,47,48,0,23,0,25,46,"[25, 26, 33, 40, 39, 46]","[2, 2, 2, 1, 2]","[True, True, True, True, True]","[1.036,0.45,0.67,0.544,0.231]","[nan, nan, nan, nan, nan]","[25, 25, 25, 25, 25, 25]",,47,True,model_teacher_forced,5,5,1.0,5,5,0,0,1.0,25,0,0,0,0,,,,,
13015195273.0,1,1,1,739474.4734,1,1,0,47,48,0,23,0,25,46,"[25, 26, 33, 40, 39, 46]","[3, 2, 2, 1, 2]","[False, False, False, False, False]","[1.036,0.45,0.67,0.544,0.231]","[1.036, 0.45, 0.67, 0.544, 0.231]","[25, 26, 33, 40, 39, 46]",,47,True,actual_subject,5,0,0.0,5,5,5,0,1.0,46,1,1,1,1,2.931,0.5862,0.544,1.036,0.47375000000000006
13015195273.0,1,1,1,739474.4743,2,2,1,0,1,1,23,0,11,39,"[11, 12, 19, 18, 25, 26, 33, 40, 39]","[3, 2, 0, 2, 2, 2, 1, 2, 0, 0, 2, 2, 3, 0]","[False, False, False, False, True, True, False, False, False, True, False, True, False, True]","[4.982,0.581,0.748,0.467,0.522,0.981,1.233,0.416,0.533,0.467,1.615,1.155,0.448,0.481]","[nan, nan, nan, nan, nan, nan, nan, nan, nan, nan, nan, nan, nan, nan]","[11, 12, 19, 12, 19, 19, 19, 18, 25, 18, 18, 25, 25, 26, 26]",,51,True,model_teacher_forced,14,5,0.35714285714285715,8,14,9,6,0.5714285714285714,26,0,0,0,0,,,,,
13015195273.0,1,1,1,739474.4743,2,2,1,0,1,1,23,0,11,39,"[11, 12, 19, 18, 25, 26, 33, 40, 39]","[1, 2, 1, 2, 2, 1, 1, 2, 3, 3, 3, 2, 3, 0]","[False, False, False, False, False, False, False, False, False, False, False, False, False, False]","[4.982,0.581,0.748,0.467,0.522,0.981,1.233,0.416,0.533,0.467,1.615,1.155,0.448,0.481]","[4.982, 0.581, 0.748, 0.467, 0.522, 0.981, 1.233, 0.416, 0.533, 0.467, 1.615, 1.155, 0.448, 0.481]","[11, 10, 17, 16, 23, 30, 29, 28, 35, 36, 37, 38, 45, 46, 39]",,51,True,actual_subject,14,0,0.0,8,14,14,6,0.5714285714285714,39,1,0,0,0,14.629,1.0449285714285714,0.5569999999999999,4.982,0.7420769230769231
13015195273.0,1,1,1,739474.4748,2,2,1,4,5,1,23,0,23,39,"[23, 30, 29, 28, 35, 36, 37, 38, 45, 46, 39]","[0, 2, 2, 2, 3, 3, 2, 3, 3, 2, 3, 0]","[False, False, False, True, True, True, True, True, True, True, True, False]","[0.985,0.768,0.498,0.536,0.514,0.567,0.55,1.167,0.368,0.385,0.313,0.417]","[nan, nan, nan, nan, nan, nan, nan, nan, nan, nan, nan, nan]","[23, 16, 23, 30, 30, 30, 30, 30, 30, 30, 30, 30, 23]",,55,True,model_teacher_forced,12,8,0.6666666666666666,10,12,4,2,0.8333333333333334,23,0,0,0,0,,,,,
13015195273.0,1,1,1,739474.4748,2,2,1,4,5,1,23,0,23,39,"[23, 30, 29, 28, 35, 36, 37, 38, 45, 46, 39]","[2, 1, 1, 2, 3, 3, 2, 0, 3, 2, 3, 0]","[False, False, False, False, False, False, False, False, False, False, False, False]","[0.985,0.768,0.498,0.536,0.514,0.567,0.55,1.167,0.368,0.385,0.313,0.417]","[0.985, 0.768, 0.498, 0.536, 0.514, 0.567, 0.55, 1.167, 0.368, 0.385, 0.313, 0.417]","[23, 30, 29, 28, 35, 36, 37, 44, 37, 38, 45, 46, 39]",,55,True,actual_subject,12,0,0.0,10,12,12,2,0.8333333333333334,39,1,0,0,0,7.068,0.589,0.525,0.985,0.5529999999999999
13015195273.0,1,1,1,739474.4753,2,2,1,8,9,1,23,0,25,28,"[25, 26, 33, 32, 31, 38, 37, 36, 35, 28]","[0, 1, 1, 2, 1, 1, 2, 1, 1, 0, 0]","[False, True, True, False, True, True, True, True, True, False, True]","[1.996,1.387,0.613,0.516,0.467,0.449,1.533,0.468,0.485,2.214,0.566]","[nan, nan, nan, nan, nan, nan, nan, nan, nan, nan, nan]","[25, 18, 18, 18, 25, 25, 25, 25, 25, 25, 18, 18]",,59,True,model_teacher_forced,11,8,0.7272727272727273,9,11,3,2,0.8181818181818182,18,0,0,0,0,,,,,
13015195273.0,1,1,1,739474.4753,2,2,1,8,9,1,23,0,25,28,"[25, 26, 33, 32, 31, 38, 37, 36, 35, 28]","[0, 2, 3, 2, 1, 1, 2, 1, 1, 1, 0]","[False, False, False, False, False, False, False, False, False, False, False]","[1.996,1.387,0.613,0.516,0.467,0.449,1.533,0.468,0.485,2.214,0.566]","[1.996, 1.387, 0.613, 0.516, 0.467, 0.449, 1.533, 0.468, 0.485, 2.214, 0.566]","[25, 18, 25, 26, 33, 32, 31, 38, 37, 36, 35, 28]",,59,True,actual_subject,11,0,0.0,9,11,11,2,0.8181818181818182,28,1,0,0,0,10.694,0.9721818181818183,0.566,1.996,0.8698
13015195273.0,1,1,1,739474.4758,2,2,1,12,13,1,23,0,17,32,"[17, 10, 11, 12, 19, 18, 25, 26, 33, 32]","[2, 3, 3, 3, 2, 0, 2, 2, 1, 0, 2, 3, 2, 2, 0, 3]","[True, True, True, True, True, False, False, True, False, True, False, True, False, True, False, True]","[3.171,0.27,0.517,1.017,0.381,0.503,0.481,0.587,1.613,1.786,0.383,0.482,0.637,0.714,1.05,0.265]","[nan, nan, nan, nan, nan, nan, nan, nan, nan, nan, nan, nan, nan, nan, nan, nan]","[17, 17, 17, 17, 17, 17, 10, 17, 17, 16, 16, 23, 23, 30, 30, 23, 23]",,63,True,model_teacher_forced,16,10,0.625,9,16,6,7,0.5625,23,0,0,0,0,,,,,
13015195273.0,1,1,1,739474.4758,2,2,1,12,13,1,23,0,17,32,"[17, 10, 11, 12, 19, 18, 25, 26, 33, 32]","[0, 3, 2, 1, 2, 1, 2, 2, 1, 1, 2, 3, 3, 3, 0, 3]","[False, False, True, False, False, False, False, False, False, False, False, False, False, False, False, False]","[3.171,0.27,0.517,1.017,0.381,0.503,0.481,0.587,1.613,1.786,0.383,0.482,0.637,0.714,1.05,0.265]","[3.171, 0.27, 0.517, 0.016999999999999904, 0.381, 0.503, 0.481, 0.587, 1.613, 1.786, 0.383, 0.482, 0.637, 0.714, 1.05, 0.265]","[17, 10, 11, 11, 10, 17, 16, 23, 30, 29, 28, 35, 36, 37, 38, 31, 32]",,63,True,actual_subject,16,1,0.0625,9,16,15,7,0.5625,32,1,0,0,0,12.857000000000001,0.8035625000000001,0.51,3.171,0.6457333333333335
13015195273.0,1,1,1,739474.4769,2,2,1,16,17,1,23,0,15,23,"[15, 22, 29, 30, 23]","[2, 2, 2, 3, 0]","[False, False, True, False, False]","[1.786,0.396,1.369,0.472,0.545]","[nan, nan, nan, nan, nan]","[15, 22, 29, 29, 30, 23]",,67,True,model_teacher_forced,5,1,0.2,4,5,4,1,0.8,23,1,0,0,0,,,,,
13015195273.0,1,1,1,739474.4769,2,2,1,16,17,1,23,0,15,23,"[15, 22, 29, 30, 23]","[2, 3, 2, 3, 0]","[False, True, False, False, False]","[1.786,0.396,1.369,0.472,0.545]","[1.786, 0.396, 0.369, 0.472, 0.545]","[15, 22, 22, 29, 30, 23]",,67,True,actual_subject,5,1,0.2,4,5,4,1,0.8,23,1,0,0,0,3.568,0.7136,0.472,1.786,0.4455
13015195273.0,1,1,1,739474.4773,2,2,1,20,21,1,23,0,2,1,"[2, 9, 8, 1]","[1, 1, 0]","[True, True, True]","[2.45,0.499,0.468]","[nan, nan, nan]","[2, 2, 2, 2]",,71,True,model_teacher_forced,3,3,1.0,3,3,0,0,1.0,2,0,0,0,0,,,,,
13015195273.0,1,1,1,739474.4773,2,2,1,20,21,1,23,0,2,1,"[2, 9, 8, 1]","[2, 1, 0]","[False, False, False]","[2.45,0.499,0.468]","[2.45, 0.499, 0.468]","[2, 9, 8, 1]",,71,True,actual_subject,3,0,0.0,3,3,3,0,1.0,1,1,1,1,1,3.4170000000000003,1.139,0.499,2.45,0.48350000000000004
13015195273.0,1,1,1,739474.4777,2,2,1,24,25,1,23,0,11,1,"[11, 10, 3, 2, 9, 8, 1]","[3, 2, 2, 2, 1, 0]","[False, False, True, True, False, True]","[1.033,0.747,0.484,0.669,0.33,0.301]","[nan, nan, nan, nan, nan, nan]","[11, 12, 19, 19, 19, 18, 18]",,75,True,model_teacher_forced,6,3,0.5,6,6,3,0,1.0,18,0,0,0,0,,,,,
13015195273.0,1,1,1,739474.4777,2,2,1,24,25,1,23,0,11,1,"[11, 10, 3, 2, 9, 8, 1]","[1, 0, 1, 2, 1, 0]","[False, False, False, False, False, False]","[1.033,0.747,0.484,0.669,0.33,0.301]","[1.033, 0.747, 0.484, 0.669, 0.33, 0.301]","[11, 10, 3, 2, 9, 8, 1]",,75,True,actual_subject,6,0,0.0,6,6,6,0,1.0,1,1,1,1,1,3.564,0.594,0.5765,1.033,0.5062
13015195273.0,1,1,1,739474.4783,2,2,1,28,29,1,23,0,40,5,"[40, 33, 26, 25, 18, 19, 12, 13, 6, 5]","[1, 0, 3, 0, 0, 0, 3, 0, 1]","[False, True, False, False, False, True, False, False, True]","[1.203,0.565,0.998,0.485,0.665,0.568,0.4,0.35,0.399]","[nan, nan, nan, nan, nan, nan, nan, nan, nan]","[40, 39, 39, 40, 33, 26, 26, 27, 20, 20]",,79,True,model_teacher_forced,9,3,0.3333333333333333,9,9,6,0,1.0,20,0,0,0,0,,,,,
13015195273.0,1,1,1,739474.4783,2,2,1,28,29,1,23,0,40,5,"[40, 33, 26, 25, 18, 19, 12, 13, 6, 5]","[0, 0, 1, 0, 3, 0, 3, 0, 1]","[False, False, False, False, False, False, False, False, False]","[1.203,0.565,0.998,0.485,0.665,0.568,0.4,0.35,0.399]","[1.203, 0.565, 0.998, 0.485, 0.665, 0.568, 0.4, 0.35, 0.399]","[40, 33, 26, 25, 18, 19, 12, 13, 6, 5]",,79,True,actual_subject,9,0,0.0,9,9,9,0,1.0,5,1,1,1,1,5.633,0.6258888888888889,0.565,1.203,0.55375
13015195273.0,1,1,1,739474.479,2,2,1,32,33,1,23,0,3,46,"[3, 10, 11, 12, 19, 18, 25, 26, 33, 40, 39, 46]","[2, 2, 2, 2, 2, 2, 2, 1, 2, 3, 2, 2, 0, 3]","[False, False, True, True, True, True, True, False, False, True, False, True, False, True]","[0.974,0.748,0.966,0.501,0.499,0.85,0.463,1.169,0.42,0.512,0.504,0.563,0.421,0.466]","[nan, nan, nan, nan, nan, nan, nan, nan, nan, nan, nan, nan, nan, nan]","[3, 10, 17, 17, 17, 17, 17, 17, 16, 23, 23, 30, 30, 23, 23]",,83,True,model_teacher_forced,14,8,0.5714285714285714,11,14,6,3,0.7857142857142857,23,0,0,0,0,,,,,
13015195273.0,1,1,1,739474.479,2,2,1,32,33,1,23,0,3,46,"[3, 10, 11, 12, 19, 18, 25, 26, 33, 40, 39, 46]","[2, 2, 1, 2, 2, 1, 2, 1, 2, 3, 3, 3, 2, 3]","[False, False, False, False, False, False, True, False, False, False, False, False, False, False]","[0.974,0.748,0.966,0.501,0.499,0.85,0.463,1.169,0.42,0.512,0.504,0.563,0.421,0.466]","[0.974, 0.748, 0.966, 0.501, 0.499, 0.85, 0.463, 0.16900000000000004, 0.42, 0.512, 0.504, 0.563, 0.421, 0.466]","[3, 10, 17, 16, 23, 30, 29, 29, 28, 35, 36, 37, 38, 45, 46]",,83,True,actual_subject,14,1,0.07142857142857142,11,14,13,3,0.7857142857142857,46,1,0,0,0,8.056,0.5754285714285714,0.5025,0.974,0.5447692307692308
13015195273.0,1,1,1,739474.4798,2,2,1,36,37,1,23,0,16,24,"[16, 23, 30, 29, 28, 35, 36, 37, 38, 31, 24]","[2, 2, 0, 0, 2, 1, 1, 0, 0, 1, 0, 2, 0, 3, 3, 2, 1, 2, 1, 0, 0, 0, 1, 1, 0]","[False, False, False, False, False, True, True, False, True, True, True, False, False, False, True, True, False, False, True, False, True, True, True, True, True]","[1.321,1.033,0.529,0.85,0.406,0.716,0.483,1.317,1.996,1.624,0.397,0.567,0.701,0.33,0.848,0.385,1.501,0.466,0.334,1.316,1.283,0.334,0.449,1.485,0.448]","[nan, nan, nan, nan, nan, nan, nan, nan, nan, nan, nan, nan, nan, nan, nan, nan, nan, nan, nan, nan, nan, nan, nan, nan, nan]","[16, 23, 30, 23, 16, 23, 23, 23, 16, 16, 16, 16, 23, 16, 17, 17, 17, 16, 23, 23, 16, 16, 16, 16, 16, 16]",,87,True,model_teacher_forced,25,13,0.52,10,25,12,15,0.4,16,0,0,0,0,,,,,
13015195273.0,1,1,1,739474.4798,2,2,1,36,37,1,23,0,16,24,"[16, 23, 30, 29, 28, 35, 36, 37, 38, 31, 24]","[2, 0, 3, 1, 2, 2, 3, 0, 2, 0, 0, 3, 0, 3, 3, 2, 1, 2, 1, 2, 3, 2, 1, 1, 0]","[False, False, False, False, False, False, True, False, False, False, False, False, False, False, False, False, False, False, True, True, False, False, False, False, False]","[1.321,1.033,0.529,0.85,0.406,0.716,0.483,1.317,1.996,1.624,0.397,0.567,0.701,0.33,0.848,0.385,1.501,0.466,0.334,1.316,1.283,0.334,0.449,1.485,0.448]","[1.321, 1.033, 0.529, 0.85, 0.406, 0.716, 0.483, 0.31699999999999995, 1.996, 1.624, 0.397, 0.567, 0.701, 0.33, 0.848, 0.385, 1.501, 0.466, 0.334, 0.31600000000000006, 0.2829999999999999, 0.334, 0.449, 1.485, 0.448]","[16, 23, 16, 17, 16, 23, 30, 30, 23, 30, 23, 16, 17, 10, 11, 12, 19, 18, 25, 25, 25, 26, 33, 32, 31, 24]",,87,True,actual_subject,25,3,0.12,10,25,22,15,0.4,24,1,0,0,0,18.119,0.72476,0.483,1.321,0.6999166666666667
13015195273.0,1,1,1,739474.4808,2,2,1,40,41,1,23,0,20,16,"[20, 27, 26, 25, 18, 19, 12, 11, 10, 17, 16]","[2, 1, 0, 0, 0, 0, 2, 1, 1, 0, 2, 2, 1, 1, 0, 0, 3, 0, 0, 0, 3, 3, 2, 3, 3, 1, 3, 2, 2, 0]","[False, False, True, True, True, True, False, False, False, False, False, False, False, False, True, True, False, True, True, True, False, True, False, False, True, False, False, True, True, False]","[0.987,0.584,0.467,1.245,1.035,0.935,0.5,0.466,0.464,0.633,1.587,0.85,0.433,0.601,0.815,0.385,0.497,0.514,0.37,1.102,0.818,0.365,1.497,0.438,0.53,1.119,0.397,0.551,0.851,0.513]","[nan, nan, nan, nan, nan, nan, nan, nan, nan, nan, nan, nan, nan, nan, nan, nan, nan, nan, nan, nan, nan, nan, nan, nan, nan, nan, nan, nan, nan, nan]","[20, 27, 26, 26, 26, 26, 26, 33, 32, 31, 24, 31, 38, 37, 36, 36, 36, 37, 37, 37, 37, 38, 38, 45, 46, 46, 45, 46, 46, 46, 39]",,91,True,model_teacher_forced,30,13,0.43333333333333335,10,30,17,20,0.3333333333333333,39,0,0,0,0,,,,,
13015195273.0,1,1,1,739474.4808,2,2,1,40,41,1,23,0,20,16,"[20, 27, 26, 25, 18, 19, 12, 11, 10, 17, 16]","[2, 1, 1, 0, 2, 3, 2, 1, 1, 0, 2, 2, 1, 1, 1, 0, 3, 0, 3, 0, 2, 3, 0, 0, 3, 0, 3, 2, 2, 1]","[False, False, False, False, False, False, False, False, False, False, False, False, False, False, False, False, False, False, True, False, False, True, False, False, False, False, False, False, False, False]","[0.987,0.584,0.467,1.245,1.035,0.935,0.5,0.466,0.464,0.633,1.587,0.85,0.433,0.601,0.815,0.385,0.497,0.514,0.37,1.102,0.818,0.365,1.497,0.438,0.53,1.119,0.397,0.551,0.851,0.513]","[0.987, 0.584, 0.467, 1.245, 1.035, 0.935, 0.5, 0.466, 0.464, 0.633, 1.587, 0.85, 0.433, 0.601, 0.815, 0.385, 0.497, 0.514, 0.37, 0.10200000000000009, 0.818, 0.365, 0.4970000000000001, 0.438, 0.53, 1.119, 0.397, 0.551, 0.851, 0.513]","[20, 27, 26, 25, 18, 25, 26, 33, 32, 31, 24, 31, 38, 37, 36, 35, 28, 29, 22, 22, 15, 22, 22, 15, 8, 9, 2, 3, 10, 17, 16]",,91,True,actual_subject,30,2,0.06666666666666667,10,30,28,20,0.3333333333333333,16,1,0,0,0,19.549,0.6516333333333333,0.522,0.987,0.6400689655172415
13015195273.0,1,1,1,739474.4814,2,2,1,44,45,1,23,0,19,16,"[19, 12, 11, 10, 17, 16]","[0, 2, 1, 0, 0, 0, 1, 1, 2, 1]","[False, False, False, True, True, True, True, True, False, True]","[1.352,0.717,0.997,1.354,0.398,0.414,0.583,0.499,0.871,0.58]","[nan, nan, nan, nan, nan, nan, nan, nan, nan, nan]","[19, 12, 19, 18, 18, 18, 18, 18, 18, 25, 25]",,95,True,model_teacher_forced,10,6,0.6,5,10,4,5,0.5,25,0,0,0,0,,,,,
13015195273.0,1,1,1,739474.4814,2,2,1,44,45,1,23,0,19,16,"[19, 12, 11, 10, 17, 16]","[1, 2, 1, 0, 3, 0, 1, 1, 2, 1]","[False, False, True, False, False, False, False, False, False, False]","[1.352,0.717,0.997,1.354,0.398,0.414,0.583,0.499,0.871,0.58]","[1.352, 0.717, 0.997, 0.3540000000000001, 0.398, 0.414, 0.583, 0.499, 0.871, 0.58]","[19, 18, 25, 25, 18, 19, 12, 11, 10, 17, 16]",,95,True,actual_subject,10,1,0.1,5,10,9,5,0.5,16,1,0,0,0,6.765000000000001,0.6765000000000001,0.5814999999999999,1.352,0.6014444444444444
13015195273.0,1,1,1,739474.4818,2,2,1,48,49,1,23,0,32,14,"[32, 31, 38, 37, 36, 35, 28, 29, 22, 15, 14]","[0, 0, 2, 1, 1, 1, 0, 0, 3, 0, 0, 1]","[True, True, True, False, True, True, False, True, True, True, True, True]","[1.228,0.734,0.881,0.501,1.616,0.535,0.548,0.552,0.466,0.515,0.685,0.415]","[nan, nan, nan, nan, nan, nan, nan, nan, nan, nan, nan, nan]","[32, 32, 32, 32, 31, 31, 31, 24, 24, 24, 24, 24, 24]",,99,True,model_teacher_forced,12,10,0.8333333333333334,10,12,2,2,0.8333333333333334,24,0,0,0,0,,,,,
13015195273.0,1,1,1,739474.4818,2,2,1,48,49,1,23,0,32,14,"[32, 31, 38, 37, 36, 35, 28, 29, 22, 15, 14]","[1, 0, 2, 2, 1, 1, 1, 0, 3, 0, 0, 1]","[False, False, False, False, False, False, False, False, False, False, False, False]","[1.228,0.734,0.881,0.501,1.616,0.535,0.548,0.552,0.466,0.515,0.685,0.415]","[1.228, 0.734, 0.881, 0.501, 1.616, 0.535, 0.548, 0.552, 0.466, 0.515, 0.685, 0.415]","[32, 31, 24, 31, 38, 37, 36, 35, 28, 29, 22, 15, 14]",,99,True,actual_subject,12,0,0.0,10,12,12,2,0.8333333333333334,14,1,0,0,0,8.676,0.723,0.55,1.228,0.6770909090909091
13015195273.0,1,1,1,739474.4837,3,3,2,2,3,1,23,0,19,21,"[19, 12, 11, 10, 3, 2, 9, 8, 15, 14, 21]","[1, 2, 1, 2, 1, 1, 0, 2, 0, 1, 1, 1, 0, 0, 0, 0, 1, 2]","[False, False, True, True, True, True, False, False, False, True, True, True, True, True, True, True, True, False]","[1.153,0.699,1.403,0.448,0.522,0.445,1.082,0.673,0.361,0.454,0.428,0.472,0.7,0.517,0.415,1.465,0.385,0.817]","[nan, nan, nan, nan, nan, nan, nan, nan, nan, nan, nan, nan, nan, nan, nan, nan, nan, nan]","[19, 18, 25, 25, 25, 25, 25, 18, 25, 18, 18, 18, 18, 18, 18, 18, 18, 18, 25]",,103,True,model_teacher_forced,18,12,0.6666666666666666,10,18,6,8,0.5555555555555556,25,0,0,0,0,,,,,
13015195273.0,1,1,1,739474.4837,3,3,2,2,3,1,23,0,19,21,"[19, 12, 11, 10, 3, 2, 9, 8, 15, 14, 21]","[1, 2, 3, 2, 1, 1, 0, 2, 2, 1, 1, 1, 0, 3, 0, 0, 1, 2]","[False, False, False, False, False, False, False, False, False, False, False, False, False, False, False, False, False, False]","[1.153,0.699,1.403,0.448,0.522,0.445,1.082,0.673,0.361,0.454,0.428,0.472,0.7,0.517,0.415,1.465,0.385,0.817]","[1.153, 0.699, 1.403, 0.448, 0.522, 0.445, 1.082, 0.673, 0.361, 0.454, 0.428, 0.472, 0.7, 0.517, 0.415, 1.465, 0.385, 0.817]","[19, 18, 25, 26, 33, 32, 31, 24, 31, 38, 37, 36, 35, 28, 29, 22, 15, 14, 21]",,103,True,actual_subject,18,0,0.0,10,18,18,8,0.5555555555555556,21,1,0,0,0,12.438999999999998,0.6910555555555554,0.5195000000000001,1.153,0.6638823529411765
13015195273.0,1,1,1,739474.4842,3,3,2,6,7,1,23,0,2,40,"[2, 3, 10, 11, 12, 19, 18, 25, 26, 33, 40]","[2, 1, 3, 2, 3, 3, 3, 3, 2, 1, 2, 1, 2, 1]","[False, False, False, True, True, True, True, True, True, False, False, False, False, False]","[1.047,2,0.531,0.517,0.6,1.25,0.4,0.67,0.461,0.7,0.47,0.664,0.402,0.515]","[nan, nan, nan, nan, nan, nan, nan, nan, nan, nan, nan, nan, nan, nan]","[2, 9, 8, 9, 9, 9, 9, 9, 9, 9, 8, 15, 14, 21, 20]",,107,True,model_teacher_forced,14,6,0.42857142857142855,10,14,8,4,0.7142857142857143,20,0,0,0,0,,,,,
13015195273.0,1,1,1,739474.4842,3,3,2,6,7,1,23,0,2,40,"[2, 3, 10, 11, 12, 19, 18, 25, 26, 33, 40]","[2, 0, 3, 2, 2, 0, 3, 3, 2, 1, 2, 3, 2, 2]","[False, False, False, False, False, False, False, False, False, False, False, False, False, False]","[1.047,2,0.531,0.517,0.6,1.25,0.4,0.67,0.461,0.7,0.47,0.664,0.402,0.515]","[1.047, 2, 0.531, 0.517, 0.6, 1.25, 0.4, 0.67, 0.461, 0.7, 0.47, 0.664, 0.402, 0.515]","[2, 9, 2, 3, 10, 17, 10, 11, 12, 19, 18, 25, 26, 33, 40]",,107,True,actual_subject,14,0,0.0,10,14,14,4,0.7142857142857143,40,1,0,0,0,10.227,0.7305,0.5655,1.047,0.7061538461538461
13015195273.0,1,1,1,739474.4847,3,3,2,10,11,1,23,0,47,45,"[47, 40, 39, 46, 45]","[0, 1, 0, 1]","[False, False, True, True]","[1.234,0.499,0.55,0.448]","[nan, nan, nan, nan]","[47, 40, 39, 39, 39]",,111,True,model_teacher_forced,4,2,0.5,4,4,2,0,1.0,39,0,0,0,0,,,,,
13015195273.0,1,1,1,739474.4847,3,3,2,10,11,1,23,0,47,45,"[47, 40, 39, 46, 45]","[0, 1, 2, 1]","[False, False, False, False]","[1.234,0.499,0.55,0.448]","[1.234, 0.499, 0.55, 0.448]","[47, 40, 39, 46, 45]",,111,True,actual_subject,4,0,0.0,4,4,4,0,1.0,45,1,1,1,1,2.7310000000000003,0.6827500000000001,0.5245,1.234,0.49899999999999994
13015195273.0,1,1,1,739474.4852,3,3,2,14,15,1,23,0,43,18,"[43, 44, 37, 38, 31, 32, 33, 26, 25, 18]","[0, 0, 3, 0, 3, 3, 0, 1, 0]","[True, True, False, False, False, True, False, True, False]","[1.007,0.635,0.464,0.485,0.515,0.918,0.519,0.683,0.397]","[nan, nan, nan, nan, nan, nan, nan, nan, nan]","[43, 43, 43, 44, 37, 38, 38, 31, 31, 24]",,115,True,model_teacher_forced,9,4,0.4444444444444444,9,9,5,0,1.0,24,0,0,0,0,,,,,
13015195273.0,1,1,1,739474.4852,3,3,2,14,15,1,23,0,43,18,"[43, 44, 37, 38, 31, 32, 33, 26, 25, 18]","[3, 0, 3, 0, 3, 3, 0, 1, 0]","[False, False, False, False, False, False, False, False, False]","[1.007,0.635,0.464,0.485,0.515,0.918,0.519,0.683,0.397]","[1.007, 0.635, 0.464, 0.485, 0.515, 0.918, 0.519, 0.683, 0.397]","[43, 44, 37, 38, 31, 32, 33, 26, 25, 18]",,115,True,actual_subject,9,0,0.0,9,9,9,0,1.0,18,1,1,1,1,5.623,0.6247777777777778,0.519,1.007,0.5770000000000001
13015195273.0,1,1,1,739474.4858,3,3,2,18,19,1,23,0,36,17,"[36, 35, 28, 29, 30, 23, 16, 17]","[3, 0, 0, 0, 2, 2, 1, 3, 3, 0, 1, 0, 1, 2, 0, 1, 1, 0]","[False, True, True, True, False, True, False, False, True, False, False, True, False, False, False, False, False, False]","[2.652,0.626,0.621,0.832,1.149,0.449,0.904,0.398,0.55,0.448,0.602,0.499,0.317,1.035,0.549,0.449,0.433,0.666]","[nan, nan, nan, nan, nan, nan, nan, nan, nan, nan, nan, nan, nan, nan, nan, nan, nan, nan]","[36, 37, 37, 37, 37, 44, 44, 43, 44, 44, 37, 36, 36, 35, 42, 35, 34, 33, 26]",,119,True,model_teacher_forced,18,6,0.3333333333333333,7,18,12,11,0.3888888888888889,26,0,0,0,0,,,,,
13015195273.0,1,1,1,739474.4858,3,3,2,18,19,1,23,0,36,17,"[36, 35, 28, 29, 30, 23, 16, 17]","[3, 3, 0, 3, 1, 0, 2, 3, 3, 0, 1, 0, 1, 3, 0, 1, 1, 2]","[False, False, False, False, False, False, False, False, False, False, False, False, True, False, False, False, False, False]","[2.652,0.626,0.621,0.832,1.149,0.449,0.904,0.398,0.55,0.448,0.602,0.499,0.317,1.035,0.549,0.449,0.433,0.666]","[2.652, 0.626, 0.621, 0.832, 1.149, 0.449, 0.904, 0.398, 0.55, 0.448, 0.602, 0.499, 0.317, 0.03499999999999992, 0.549, 0.449, 0.433, 0.666]","[36, 37, 38, 31, 32, 31, 24, 31, 32, 33, 26, 25, 18, 18, 19, 12, 11, 10, 17]",,119,True,actual_subject,18,1,0.05555555555555555,7,18,17,11,0.3888888888888889,17,1,0,0,0,12.179,0.6766111111111112,0.5495000000000001,2.652,0.5604117647058824
13015195273.0,1,1,1,739474.4863,3,3,2,22,23,1,23,0,42,45,"[42, 35, 36, 37, 38, 45]","[3, 3, 0, 2, 3, 3, 2]","[True, True, False, False, True, True, True]","[1.73,0.4,0.483,0.881,0.719,0.314,0.349]","[nan, nan, nan, nan, nan, nan, nan]","[42, 42, 42, 35, 42, 42, 42, 42]",,123,True,model_teacher_forced,7,5,0.7142857142857143,5,7,2,2,0.7142857142857143,42,0,0,0,0,,,,,
13015195273.0,1,1,1,739474.4863,3,3,2,22,23,1,23,0,42,45,"[42, 35, 36, 37, 38, 45]","[0, 3, 3, 2, 0, 3, 2]","[False, False, False, False, False, False, False]","[1.73,0.4,0.483,0.881,0.719,0.314,0.349]","[1.73, 0.4, 0.483, 0.881, 0.719, 0.314, 0.349]","[42, 35, 36, 37, 44, 37, 38, 45]",,123,True,actual_subject,7,0,0.0,5,7,7,2,0.7142857142857143,45,1,0,0,0,4.876,0.6965714285714286,0.483,1.73,0.5243333333333333
13015195273.0,1,1,1,739474.4868,3,3,2,26,27,1,23,0,36,2,"[36, 35, 28, 29, 22, 15, 8, 9, 2]","[1, 0, 0, 0, 0, 3, 3, 0, 0, 0, 0, 0, 0, 3, 1, 0, 1]","[False, False, True, True, True, False, False, False, False, True, True, True, True, False, False, True, True]","[1.301,0.419,1.282,0.45,0.483,1.218,0.647,0.652,0.45,0.951,0.484,1.014,0.486,0.633,0.486,0.545,0.516]","[nan, nan, nan, nan, nan, nan, nan, nan, nan, nan, nan, nan, nan, nan, nan, nan, nan]","[36, 35, 28, 28, 28, 28, 29, 30, 23, 16, 16, 16, 16, 16, 17, 16, 16, 16]",,127,True,model_teacher_forced,17,9,0.5294117647058824,8,17,8,9,0.47058823529411764,16,0,0,0,0,,,,,
13015195273.0,1,1,1,739474.4868,3,3,2,26,27,1,23,0,36,2,"[36, 35, 28, 29, 22, 15, 8, 9, 2]","[3, 0, 3, 0, 0, 2, 3, 3, 0, 1, 0, 3, 0, 1, 1, 0, 1]","[False, True, False, False, False, False, False, False, False, False, False, False, False, False, False, False, False]","[1.301,0.419,1.282,0.45,0.483,1.218,0.647,0.652,0.45,0.951,0.484,1.014,0.486,0.633,0.486,0.545,0.516]","[1.301, 0.419, 0.28200000000000003, 0.45, 0.483, 1.218, 0.647, 0.652, 0.45, 0.951, 0.484, 1.014, 0.486, 0.633, 0.486, 0.545, 0.516]","[36, 37, 37, 38, 31, 24, 31, 32, 33, 26, 25, 18, 19, 12, 11, 10, 3, 2]",,127,True,actual_subject,17,1,0.058823529411764705,8,17,16,9,0.47058823529411764,2,1,0,0,0,11.017,0.6480588235294117,0.516,1.301,0.6072500000000001
13015195273.0,1,1,1,739474.4875,3,3,2,30,31,1,23,0,16,45,"[16, 23, 30, 29, 28, 35, 36, 37, 38, 45]","[2, 2, 3, 1, 2, 3, 3, 3, 3, 0, 3, 2]","[False, False, True, False, True, False, True, True, True, False, True, False]","[1.422,0.483,0.869,0.611,0.438,1.132,0.783,0.516,0.368,1.065,0.451,0.283]","[nan, nan, nan, nan, nan, nan, nan, nan, nan, nan, nan, nan]","[16, 23, 30, 30, 29, 29, 30, 30, 30, 30, 23, 23, 30]",,131,True,model_teacher_forced,12,6,0.5,9,12,6,3,0.75,30,0,0,0,0,,,,,
13015195273.0,1,1,1,739474.4875,3,3,2,30,31,1,23,0,16,45,"[16, 23, 30, 29, 28, 35, 36, 37, 38, 45]","[2, 2, 1, 1, 2, 3, 3, 2, 3, 0, 3, 2]","[False, False, False, False, False, False, False, False, True, False, False, False]","[1.422,0.483,0.869,0.611,0.438,1.132,0.783,0.516,0.368,1.065,0.451,0.283]","[1.422, 0.483, 0.869, 0.611, 0.438, 1.132, 0.783, 0.516, 0.368, 0.06499999999999995, 0.451, 0.283]","[16, 23, 30, 29, 28, 35, 36, 37, 44, 44, 37, 38, 45]",,131,True,actual_subject,12,1,0.08333333333333333,9,12,11,3,0.75,45,1,0,0,0,7.420999999999999,0.6184166666666666,0.4995,1.422,0.5453636363636363
13015195273.0,1,1,1,739474.4882,3,3,2,34,35,1,23,0,23,7,"[23, 30, 29, 22, 15, 14, 7]","[0, 2, 0, 0, 1, 2, 1, 0, 1, 2, 1, 2, 1, 0]","[False, False, False, True, True, False, True, False, True, False, True, False, False, False]","[1.12,0.866,0.534,0.701,0.482,0.883,0.551,0.724,0.442,1.566,0.516,1.739,0.413,0.384]","[nan, nan, nan, nan, nan, nan, nan, nan, nan, nan, nan, nan, nan, nan]","[23, 16, 23, 16, 16, 16, 23, 23, 16, 16, 23, 23, 30, 29, 22]",,135,True,model_teacher_forced,14,5,0.35714285714285715,6,14,9,8,0.42857142857142855,22,0,0,0,0,,,,,
13015195273.0,1,1,1,739474.4882,3,3,2,34,35,1,23,0,23,7,"[23, 30, 29, 22, 15, 14, 7]","[0, 3, 0, 0, 1, 2, 1, 0, 1, 2, 1, 2, 1, 0]","[False, False, False, False, False, False, False, False, True, False, True, False, False, False]","[1.12,0.866,0.534,0.701,0.482,0.883,0.551,0.724,0.442,1.566,0.516,1.739,0.413,0.384]","[1.12, 0.866, 0.534, 0.701, 0.482, 0.883, 0.551, 0.724, 0.442, 0.5660000000000001, 0.516, 0.7390000000000001, 0.413, 0.384]","[23, 16, 17, 10, 3, 2, 9, 8, 1, 1, 8, 8, 15, 14, 7]",,135,True,actual_subject,14,2,0.14285714285714285,6,14,12,8,0.42857142857142855,7,1,0,0,0,8.921000000000001,0.6372142857142858,0.5585,1.12,0.6000769230769231
13015195273.0,1,1,1,739474.4886,3,3,2,38,39,1,23,0,8,17,"[8, 9, 2, 3, 10, 17]","[2, 2, 2, 3, 3, 1, 1, 2, 2]","[False, False, False, False, True, False, False, False, False]","[1.522,0.828,0.917,0.351,0.353,0.963,0.33,0.552,0.53]","[nan, nan, nan, nan, nan, nan, nan, nan, nan]","[8, 15, 22, 29, 30, 30, 29, 28, 35, 42]",,139,True,model_teacher_forced,9,1,0.1111111111111111,5,9,8,4,0.5555555555555556,42,0,0,0,0,,,,,
13015195273.0,1,1,1,739474.4886,3,3,2,38,39,1,23,0,8,17,"[8, 9, 2, 3, 10, 17]","[2, 2, 0, 0, 3, 0, 3, 2, 2]","[False, False, False, False, False, False, False, False, False]","[1.522,0.828,0.917,0.351,0.353,0.963,0.33,0.552,0.53]","[1.522, 0.828, 0.917, 0.351, 0.353, 0.963, 0.33, 0.552, 0.53]","[8, 15, 22, 15, 8, 9, 2, 3, 10, 17]",,139,True,actual_subject,9,0,0.0,5,9,9,4,0.5555555555555556,17,1,0,0,0,6.346000000000001,0.7051111111111112,0.552,1.522,0.603
13015195273.0,1,1,1,739474.4891,3,3,2,42,43,1,23,0,43,7,"[43, 44, 37, 36, 35, 28, 29, 22, 15, 14, 7]","[0, 0, 0, 1, 0, 3, 0, 0, 0, 0]","[True, True, True, True, True, False, False, True, True, True]","[1.278,0.543,1.211,0.588,0.503,0.748,0.419,0.65,1.136,0.631]","[nan, nan, nan, nan, nan, nan, nan, nan, nan, nan]","[43, 43, 43, 43, 43, 43, 44, 37, 37, 37, 37]",,143,True,model_teacher_forced,10,8,0.8,10,10,2,0,1.0,37,0,0,0,0,,,,,
13015195273.0,1,1,1,739474.4891,3,3,2,42,43,1,23,0,43,7,"[43, 44, 37, 36, 35, 28, 29, 22, 15, 14, 7]","[3, 0, 1, 1, 0, 3, 0, 0, 1, 0]","[False, False, False, False, False, False, False, False, False, False]","[1.278,0.543,1.211,0.588,0.503,0.748,0.419,0.65,1.136,0.631]","[1.278, 0.543, 1.211, 0.588, 0.503, 0.748, 0.419, 0.65, 1.136, 0.631]","[43, 44, 37, 36, 35, 28, 29, 22, 15, 14, 7]",,143,True,actual_subject,10,0,0.0,10,10,10,0,1.0,7,1,1,1,1,7.707,0.7706999999999999,0.6405000000000001,1.278,0.7143333333333334
13015195273.0,1,1,1,739474.4896,3,3,2,46,47,1,23,0,48,46,"[48, 47, 40, 39, 46]","[2, 2, 1, 2]","[True, True, False, True]","[2.273,0.78,0.536,0.434]","[nan, nan, nan, nan]","[48, 48, 48, 47, 47]",,147,True,model_teacher_forced,4,3,0.75,4,4,1,0,1.0,47,0,0,0,0,,,,,
13015195273.0,1,1,1,739474.4896,3,3,2,46,47,1,23,0,48,46,"[48, 47, 40, 39, 46]","[1, 0, 1, 2]","[False, False, False, False]","[2.273,0.78,0.536,0.434]","[2.273, 0.78, 0.536, 0.434]","[48, 47, 40, 39, 46]",,147,True,actual_subject,4,0,0.0,4,4,4,0,1.0,46,1,1,1,1,4.023,1.00575,0.658,2.273,0.5833333333333334
13015195273.0,1,1,1,739474.4914,4,4,3,0,1,1,23,0,36,9,"[36, 35, 28, 29, 22, 15, 8, 9]","[3, 3, 0, 3, 0, 0, 3, 3, 3, 3, 3, 0, 0, 0, 3, 0, 3, 3, 0, 3, 3, 0, 0, 1, 0, 0, 1, 0, 3, 0, 1, 1, 0, 0, 1, 2]","[False, False, False, False, True, True, False, False, False, False, False, True, True, True, False, False, False, False, False, False, False, True, True, False, False, True, True, True, False, False, False, False, True, True, False, True]","[2.863,2.267,1.437,1.317,0.651,0.679,1.386,1.069,1.481,1.701,1.382,1.167,1.55,1.699,1.433,1.633,0.667,1.2,0.583,1.236,1.049,0.517,1.516,1.216,0.635,1.281,1.77,1.148,1.651,0.5,0.565,0.418,0.465,1.801,0.801,0.582]","[nan, nan, nan, nan, nan, nan, nan, nan, nan, nan, nan, nan, nan, nan, nan, nan, nan, nan, nan, nan, nan, nan, nan, nan, nan, nan, nan, nan, nan, nan, nan, nan, nan, nan, nan, nan]","[36, 37, 38, 31, 32, 32, 32, 33, 34, 35, 36, 37, 37, 37, 37, 38, 31, 32, 33, 26, 27, 28, 28, 28, 27, 20, 20, 20, 20, 21, 14, 13, 12, 12, 12, 11, 11]",,151,True,model_teacher_forced,36,13,0.3611111111111111,7,36,23,29,0.19444444444444445,11,0,0,0,0,,,,,
13015195273.0,1,1,1,739474.4914,4,4,3,0,1,1,23,0,36,9,"[36, 35, 28, 29, 22, 15, 8, 9]","[0, 3, 0, 3, 0, 0, 0, 1, 1, 0, 3, 3, 1, 0, 3, 2, 1, 3, 0, 0, 3, 0, 0, 1, 1, 0, 1, 0, 3, 0, 1, 1, 1, 0, 1, 2]","[True, False, True, False, False, False, True, True, True, True, True, True, True, True, True, False, True, False, True, True, False, False, True, False, True, False, True, True, False, False, False, False, True, False, False, False]","[2.863,2.267,1.437,1.317,0.651,0.679,1.386,1.069,1.481,1.701,1.382,1.167,1.55,1.699,1.433,1.633,0.667,1.2,0.583,1.236,1.049,0.517,1.516,1.216,0.635,1.281,1.77,1.148,1.651,0.5,0.565,0.418,0.465,1.801,0.801,0.582]","[2.863, 1.267, 1.437, 0.31699999999999995, 0.651, 0.679, 1.386, 0.06899999999999995, 0.4810000000000001, 0.7010000000000001, 0.3819999999999999, 0.16700000000000004, 0.55, 0.6990000000000001, 0.43300000000000005, 0.633, 0.667, 0.19999999999999996, 0.583, 0.236, 0.04899999999999993, 0.517, 1.516, 0.21599999999999997, 0.635, 0.2809999999999999, 1.77, 0.1479999999999999, 0.651, 0.5, 0.565, 0.418, 0.465, 0.8009999999999999, 0.801, 0.582]","[36, 36, 37, 37, 38, 31, 24, 24, 24, 24, 24, 24, 24, 24, 24, 24, 31, 31, 32, 32, 32, 33, 26, 26, 25, 25, 18, 18, 18, 19, 12, 11, 10, 10, 3, 2, 9]",,151,True,actual_subject,36,19,0.5277777777777778,7,36,17,29,0.19444444444444445,9,1,0,0,0,24.316,0.6754444444444444,0.5734999999999999,2.863,0.612942857142857
13015195273.0,1,1,1,739474.4923,4,4,3,4,5,1,23,0,10,15,"[10, 3, 2, 9, 8, 15]","[2, 2, 1, 1, 2, 2, 2, 2, 2, 1, 1, 1]","[False, True, False, True, False, False, True, True, True, False, False, False]","[1.717,1.18,0.498,1.169,1.065,1.052,0.447,1.118,1.815,0.669,0.551,0.398]","[nan, nan, nan, nan, nan, nan, nan, nan, nan, nan, nan, nan]","[10, 17, 17, 16, 16, 23, 30, 30, 30, 30, 29, 28, 27]",,155,True,model_teacher_forced,12,5,0.4166666666666667,5,12,7,7,0.4166666666666667,27,0,0,0,0,,,,,
13015195273.0,1,1,1,739474.4923,4,4,3,4,5,1,23,0,10,15,"[10, 3, 2, 9, 8, 15]","[1, 2, 2, 1, 1, 2, 1, 1, 2, 1, 0, 0]","[True, False, True, False, True, False, True, True, False, False, False, False]","[1.717,1.18,0.498,1.169,1.065,1.052,0.447,1.118,1.815,0.669,0.551,0.398]","[1.717, 0.17999999999999994, 0.498, 0.16900000000000004, 1.065, 0.052000000000000046, 0.447, 0.1180000000000001, 0.815, 0.669, 0.551, 0.398]","[10, 10, 17, 17, 16, 16, 23, 23, 23, 30, 29, 22, 15]",,155,True,actual_subject,12,5,0.4166666666666667,5,12,7,7,0.4166666666666667,15,1,0,0,0,6.679,0.5565833333333333,0.47250000000000003,1.717,0.45109090909090904
13015195273.0,1,1,1,739474.4928,4,4,3,8,9,1,23,0,14,12,"[14, 15, 8, 9, 2, 3, 10, 11, 12]","[3, 3, 0, 3, 3, 0, 3, 2, 2, 3, 2, 3, 2, 3]","[False, True, False, False, True, False, False, False, False, True, True, True, True, True]","[1.254,0.467,1.18,0.42,0.433,1.247,0.551,0.468,0.534,1.203,0.349,1.348,0.383,0.383]","[nan, nan, nan, nan, nan, nan, nan, nan, nan, nan, nan, nan, nan, nan]","[14, 15, 15, 8, 9, 9, 2, 3, 10, 17, 17, 17, 17, 17, 17]",,159,True,model_teacher_forced,14,7,0.5,8,14,7,6,0.5714285714285714,17,0,0,0,0,,,,,
13015195273.0,1,1,1,739474.4928,4,4,3,8,9,1,23,0,14,12,"[14, 15, 8, 9, 2, 3, 10, 11, 12]","[3, 3, 0, 3, 3, 0, 3, 3, 2, 3, 2, 3, 2, 1]","[False, True, False, False, True, False, False, False, True, False, True, False, False, False]","[1.254,0.467,1.18,0.42,0.433,1.247,0.551,0.468,0.534,1.203,0.349,1.348,0.383,0.383]","[1.254, 0.467, 0.17999999999999994, 0.42, 0.433, 0.2470000000000001, 0.551, 0.468, 0.534, 0.20300000000000007, 0.349, 0.3480000000000001, 0.383, 0.383]","[14, 15, 15, 8, 9, 9, 2, 3, 4, 4, 5, 5, 6, 13, 12]",,159,True,actual_subject,14,4,0.2857142857142857,8,14,10,6,0.5714285714285714,12,1,0,0,0,6.22,0.4442857142857143,0.40149999999999997,1.254,0.382
13015195273.0,1,1,1,739474.494,4,4,3,12,13,1,23,0,0,11,"[0, 7, 14, 15, 8, 9, 2, 3, 10, 11]","[3, 3, 2, 3, 2, 2, 3, 3, 2, 3, 2, 2, 3, 2, 3, 0, 2, 0, 3, 2, 1, 2]","[True, True, False, True, False, False, True, True, True, True, True, True, True, True, True, False, False, False, False, False, True, False]","[2.236,0.585,1.099,0.416,0.434,1.146,0.405,0.433,1.034,0.367,0.399,0.515,1.2,1.599,1.317,0.386,0.415,1.122,1.295,0.398,0.436,0.417]","[nan, nan, nan, nan, nan, nan, nan, nan, nan, nan, nan, nan, nan, nan, nan, nan, nan, nan, nan, nan, nan, nan]","[0, 0, 0, 7, 7, 14, 21, 21, 21, 21, 21, 21, 21, 21, 21, 21, 14, 21, 14, 15, 22, 22, 29]",,163,True,model_teacher_forced,22,13,0.5909090909090909,9,22,9,13,0.4090909090909091,29,0,0,0,0,,,,,
13015195273.0,1,1,1,739474.494,4,4,3,12,13,1,23,0,0,11,"[0, 7, 14, 15, 8, 9, 2, 3, 10, 11]","[2, 3, 2, 3, 3, 0, 3, 3, 0, 3, 3, 2, 1, 0, 3, 3, 2, 2, 3, 2, 1, 1]","[False, True, False, False, True, False, False, True, False, False, False, True, False, True, False, False, True, True, False, False, False, False]","[2.236,0.585,1.099,0.416,0.434,1.146,0.405,0.433,1.034,0.367,0.399,0.515,1.2,1.599,1.317,0.386,0.415,1.122,1.295,0.398,0.436,0.417]","[2.236, 0.585, 0.09899999999999998, 0.416, 0.434, 0.1459999999999999, 0.405, 0.433, 0.03400000000000003, 0.367, 0.399, 0.515, 0.19999999999999996, 1.599, 0.31699999999999995, 0.386, 0.415, 0.12200000000000011, 0.29499999999999993, 0.398, 0.436, 0.417]","[0, 7, 7, 14, 15, 15, 8, 9, 9, 2, 3, 4, 4, 3, 3, 4, 5, 5, 5, 6, 13, 12, 11]",,163,True,actual_subject,22,7,0.3181818181818182,9,22,15,13,0.4090909090909091,11,1,0,0,0,10.653999999999998,0.4842727272727272,0.402,2.236,0.4008571428571428
13015195273.0,1,1,1,739474.4956,4,4,3,16,17,1,23,0,18,0,"[18, 19, 12, 11, 10, 3, 2, 9, 8, 15, 14, 7, 0]","[2, 2, 1, 1, 0, 1, 0, 1, 0, 0, 0, 1, 1, 1, 3, 1, 1, 1, 0, 1, 1, 1, 2, 2, 1, 2, 2, 1, 2, 1, 1, 1, 0, 0]","[False, True, True, True, False, True, True, True, True, True, True, True, True, True, False, False, True, True, True, True, True, True, False, True, True, True, True, True, True, True, True, True, False, True]","[1.09,1.167,1.182,0.435,1.249,1.134,0.465,1.317,0.536,1.214,1.183,1.184,1.002,1.231,1.115,0.486,0.415,1.117,0.483,1.168,0.466,0.617,0.467,1.6,0.417,0.568,1.097,0.382,1.07,1.15,0.717,0.464,0.469,0.615]","[nan, nan, nan, nan, nan, nan, nan, nan, nan, nan, nan, nan, nan, nan, nan, nan, nan, nan, nan, nan, nan, nan, nan, nan, nan, nan, nan, nan, nan, nan, nan, nan, nan, nan]","[18, 25, 25, 25, 25, 18, 18, 18, 18, 18, 18, 18, 18, 18, 18, 19, 18, 18, 18, 18, 18, 18, 18, 25, 25, 25, 25, 25, 25, 25, 25, 25, 25, 18, 18]",,167,True,model_teacher_forced,34,28,0.8235294117647058,12,34,6,22,0.35294117647058826,18,0,0,0,0,,,,,
13015195273.0,1,1,1,739474.4956,4,4,3,16,17,1,23,0,18,0,"[18, 19, 12, 11, 10, 3, 2, 9, 8, 15, 14, 7, 0]","[1, 0, 2, 1, 2, 3, 0, 1, 1, 1, 2, 0, 0, 1, 3, 0, 0, 1, 0, 1, 0, 1, 1, 2, 1, 1, 0, 1, 1, 2, 2, 1, 0, 0]","[True, True, False, True, True, False, True, False, True, True, True, False, True, True, False, False, True, False, True, False, False, False, True, False, False, True, False, True, True, False, False, False, False, False]","[1.09,1.167,1.182,0.435,1.249,1.134,0.465,1.317,0.536,1.214,1.183,1.184,1.002,1.231,1.115,0.486,0.415,1.117,0.483,1.168,0.466,0.617,0.467,1.6,0.417,0.568,1.097,0.382,1.07,1.15,0.717,0.464,0.469,0.615]","[1.09, 0.16700000000000004, 0.18199999999999994, 0.435, 0.2490000000000001, 0.1339999999999999, 0.465, 0.31699999999999995, 0.536, 0.21399999999999997, 0.18300000000000005, 0.18399999999999994, 1.002, 0.2310000000000001, 0.11499999999999999, 0.486, 0.415, 0.11699999999999999, 0.483, 0.16799999999999993, 0.466, 0.617, 0.467, 0.6000000000000001, 0.417, 0.568, 0.09699999999999998, 0.382, 0.07000000000000006, 0.1499999999999999, 0.717, 0.464, 0.469, 0.615]","[18, 18, 18, 25, 25, 25, 26, 26, 25, 25, 25, 25, 18, 18, 18, 19, 12, 12, 11, 11, 10, 3, 2, 2, 9, 8, 8, 1, 1, 1, 8, 15, 14, 7, 0]",,167,True,actual_subject,34,16,0.47058823529411764,12,34,18,22,0.35294117647058826,0,1,0,0,0,13.272,0.39035294117647057,0.416,1.09,0.3691515151515152
13015195273.0,1,1,1,739474.4965,4,4,3,20,21,1,23,0,24,8,"[24, 31, 38, 37, 36, 35, 28, 29, 22, 15, 8]","[0, 0, 1, 0, 0, 2, 0, 0, 0, 0, 1, 0, 0, 1, 2, 0, 1, 1, 0, 0, 1, 1, 2, 1]","[True, True, True, True, True, False, False, True, True, True, True, True, True, True, False, False, True, True, True, True, True, True, False, True]","[1.211,1.464,1.034,1.251,0.45,1.268,0.445,2.037,0.449,0.484,1.149,0.435,0.466,1.168,1.133,0.432,0.4,0.416,0.569,1.066,0.484,0.496,1.453,0.518]","[nan, nan, nan, nan, nan, nan, nan, nan, nan, nan, nan, nan, nan, nan, nan, nan, nan, nan, nan, nan, nan, nan, nan, nan]","[24, 24, 24, 24, 24, 24, 31, 24, 24, 24, 24, 24, 24, 24, 24, 31, 24, 24, 24, 24, 24, 24, 24, 31, 31]",,171,True,model_teacher_forced,24,19,0.7916666666666666,10,24,5,14,0.4166666666666667,31,0,0,0,0,,,,,
13015195273.0,1,1,1,739474.4965,4,4,3,20,21,1,23,0,24,8,"[24, 31, 38, 37, 36, 35, 28, 29, 22, 15, 8]","[1, 0, 3, 2, 1, 3, 0, 3, 0, 0, 1, 0, 0, 1, 3, 0, 1, 1, 1, 0, 1, 1, 2, 1]","[True, True, True, False, True, False, True, False, False, True, False, False, True, True, False, False, False, False, True, False, False, True, False, False]","[1.211,1.464,1.034,1.251,0.45,1.268,0.445,2.037,0.449,0.484,1.149,0.435,0.466,1.168,1.133,0.432,0.4,0.416,0.569,1.066,0.484,0.496,1.453,0.518]","[1.211, 0.46399999999999997, 0.03400000000000003, 0.2509999999999999, 0.45, 0.268, 0.445, 1.037, 0.449, 0.484, 0.14900000000000002, 0.435, 0.466, 0.16799999999999993, 0.133, 0.432, 0.4, 0.416, 0.569, 0.06600000000000006, 0.484, 0.496, 0.45300000000000007, 0.518]","[24, 24, 24, 24, 31, 31, 32, 32, 33, 26, 26, 25, 18, 18, 18, 19, 12, 11, 10, 10, 3, 2, 2, 9, 8]",,171,True,actual_subject,24,10,0.4166666666666667,10,24,14,14,0.4166666666666667,8,1,0,0,0,10.277999999999999,0.42824999999999996,0.447,1.211,0.39421739130434785
13015195273.0,1,1,1,739474.4974,4,4,3,24,25,1,23,0,46,8,"[46, 45, 38, 37, 36, 35, 28, 29, 22, 15, 8]","[0, 0, 1, 2, 0, 0, 1, 1, 0, 0, 1, 0, 2, 0, 0, 1, 1, 0, 0, 1, 1, 2, 1]","[False, True, True, False, False, True, True, True, True, True, True, True, False, False, True, True, True, True, True, True, True, False, False]","[1.587,0.5,1.132,1.318,0.432,0.436,0.413,1.168,0.584,1.265,0.434,1.184,1.601,1.051,0.416,0.449,0.363,0.185,1.186,0.449,0.551,1.056,0.394]","[nan, nan, nan, nan, nan, nan, nan, nan, nan, nan, nan, nan, nan, nan, nan, nan, nan, nan, nan, nan, nan, nan, nan]","[46, 39, 39, 39, 46, 39, 39, 39, 39, 39, 39, 39, 39, 46, 39, 39, 39, 39, 39, 39, 39, 39, 46, 45]",,175,True,model_teacher_forced,23,16,0.6956521739130435,10,23,7,13,0.43478260869565216,45,0,0,0,0,,,,,
13015195273.0,1,1,1,739474.4974,4,4,3,24,25,1,23,0,46,8,"[46, 45, 38, 37, 36, 35, 28, 29, 22, 15, 8]","[0, 0, 1, 3, 0, 0, 0, 1, 1, 0, 1, 0, 1, 3, 0, 1, 1, 1, 0, 1, 1, 2, 1]","[False, True, True, False, False, False, True, False, True, False, True, True, True, False, False, False, False, True, False, False, True, False, False]","[1.587,0.5,1.132,1.318,0.432,0.436,0.413,1.168,0.584,1.265,0.434,1.184,1.601,1.051,0.416,0.449,0.363,0.185,1.186,0.449,0.551,1.056,0.394]","[1.587, 0.5, 0.1319999999999999, 0.31800000000000006, 0.432, 0.436, 0.413, 0.16799999999999993, 0.584, 0.2649999999999999, 0.434, 0.18399999999999994, 0.601, 0.050999999999999934, 0.416, 0.449, 0.363, 0.185, 0.18599999999999994, 0.449, 0.551, 0.05600000000000005, 0.394]","[46, 39, 39, 39, 40, 33, 26, 26, 25, 25, 18, 18, 18, 18, 19, 12, 11, 10, 10, 3, 2, 2, 9, 8]",,175,True,actual_subject,23,9,0.391304347826087,10,23,14,13,0.43478260869565216,8,1,0,0,0,9.153999999999998,0.3979999999999999,0.413,1.587,0.3439545454545454
13015195273.0,1,1,1,739474.4983,4,4,3,28,29,1,23,0,12,44,"[12, 19, 18, 25, 26, 33, 32, 31, 38, 37, 44]","[2, 1, 1, 2, 1, 2, 2, 2, 1, 1, 1, 1, 1, 2, 1, 2, 1, 0, 2, 1, 2]","[False, False, True, False, True, True, True, True, True, True, True, True, True, True, True, True, True, False, False, True, True]","[1.079,0.532,1.431,0.388,0.481,1.333,1.549,0.381,0.336,0.217,0.549,1.42,0.397,0.683,0.735,0.682,1.2,0.416,1.336,0.38,0.316]","[nan, nan, nan, nan, nan, nan, nan, nan, nan, nan, nan, nan, nan, nan, nan, nan, nan, nan, nan, nan, nan]","[12, 19, 18, 18, 25, 25, 25, 25, 25, 25, 25, 25, 25, 25, 25, 25, 25, 25, 18, 25, 25, 25]",,179,True,model_teacher_forced,21,16,0.7619047619047619,10,21,5,11,0.47619047619047616,25,0,0,0,0,,,,,
13015195273.0,1,1,1,739474.4983,4,4,3,28,29,1,23,0,12,44,"[12, 19, 18, 25, 26, 33, 32, 31, 38, 37, 44]","[2, 2, 1, 2, 2, 1, 3, 2, 2, 2, 1, 0, 1, 2, 1, 0, 2, 1, 0, 1, 2]","[False, True, False, False, True, True, False, False, False, False, True, False, False, False, False, False, False, True, False, False, False]","[1.079,0.532,1.431,0.388,0.481,1.333,1.549,0.381,0.336,0.217,0.549,1.42,0.397,0.683,0.735,0.682,1.2,0.416,1.336,0.38,0.316]","[1.079, 0.532, 0.43100000000000005, 0.388, 0.481, 0.33299999999999996, 0.5489999999999999, 0.381, 0.336, 0.217, 0.549, 0.41999999999999993, 0.397, 0.683, 0.735, 0.682, 1.2, 0.416, 0.3360000000000001, 0.38, 0.316]","[12, 19, 19, 18, 25, 25, 25, 26, 33, 40, 47, 47, 40, 39, 46, 45, 38, 45, 45, 38, 37, 44]",,179,True,actual_subject,21,5,0.23809523809523808,10,21,16,11,0.47619047619047616,44,1,0,0,0,10.841000000000001,0.5162380952380953,0.41999999999999993,1.079,0.4881000000000001
13015195273.0,1,1,1,739474.499,4,4,3,32,33,1,23,0,46,19,"[46, 39, 40, 33, 26, 25, 18, 19]","[0, 0, 0, 3, 3, 3, 0, 3]","[False, True, True, False, True, True, False, False]","[2.717,1.396,0.504,0.462,1.171,1.299,0.416,0.351]","[nan, nan, nan, nan, nan, nan, nan, nan]","[46, 39, 39, 39, 40, 40, 40, 33, 34]",,183,True,model_teacher_forced,8,4,0.5,7,8,4,1,0.875,34,0,0,0,0,,,,,
13015195273.0,1,1,1,739474.499,4,4,3,32,33,1,23,0,46,19,"[46, 39, 40, 33, 26, 25, 18, 19]","[0, 3, 0, 0, 0, 1, 0, 3]","[False, False, False, False, True, False, False, False]","[2.717,1.396,0.504,0.462,1.171,1.299,0.416,0.351]","[2.717, 1.396, 0.504, 0.462, 1.171, 0.29899999999999993, 0.416, 0.351]","[46, 39, 40, 33, 26, 26, 25, 18, 19]",,183,True,actual_subject,8,1,0.125,7,8,7,1,0.875,19,1,0,0,0,7.316,0.9145,0.483,2.717,0.657
13015195273.0,1,1,1,739474.4995,4,4,3,36,37,1,23,0,38,18,"[38, 31, 32, 33, 26, 25, 18]","[0, 0, 0, 3, 0, 0, 0, 0]","[False, False, True, True, True, True, True, True]","[0.934,0.748,1.184,1.181,0.451,0.391,1.142,0.334]","[nan, nan, nan, nan, nan, nan, nan, nan]","[38, 31, 24, 24, 24, 24, 24, 24, 24]",,187,True,model_teacher_forced,8,6,0.75,6,8,2,2,0.75,24,0,0,0,0,,,,,
13015195273.0,1,1,1,739474.4995,4,4,3,36,37,1,23,0,38,18,"[38, 31, 32, 33, 26, 25, 18]","[0, 3, 0, 3, 0, 0, 1, 0]","[False, False, True, False, False, True, False, False]","[0.934,0.748,1.184,1.181,0.451,0.391,1.142,0.334]","[0.934, 0.748, 1.184, 0.18100000000000005, 0.451, 0.391, 0.1419999999999999, 0.334]","[38, 31, 32, 32, 33, 26, 26, 25, 18]",,187,True,actual_subject,8,2,0.25,6,8,6,2,0.75,18,1,0,0,0,4.365,0.545625,0.42100000000000004,0.934,0.49014285714285716
13015195273.0,1,1,1,739474.5007,4,4,3,40,41,1,23,0,2,45,"[2, 9, 8, 15, 22, 29, 28, 35, 36, 37, 38, 45]","[2, 2, 3, 2, 2, 2, 2, 3, 3, 2, 3, 2, 2, 2, 3, 3, 3, 3, 0, 3, 2]","[False, True, True, True, True, True, True, True, True, True, True, True, True, True, True, True, True, True, False, False, False]","[1.187,0.451,1.132,1.217,0.383,0.401,0.416,0.584,1.165,0.467,1.183,1.051,0.351,0.448,0.418,0.497,0.385,0.367,1.735,0.414,0.517]","[nan, nan, nan, nan, nan, nan, nan, nan, nan, nan, nan, nan, nan, nan, nan, nan, nan, nan, nan, nan, nan]","[2, 9, 9, 9, 9, 9, 9, 9, 9, 9, 9, 9, 9, 9, 9, 9, 9, 9, 9, 2, 3, 10]",,191,True,model_teacher_forced,21,17,0.8095238095238095,11,21,4,10,0.5238095238095238,10,0,0,0,0,,,,,
13015195273.0,1,1,1,739474.5007,4,4,3,40,41,1,23,0,2,45,"[2, 9, 8, 15, 22, 29, 28, 35, 36, 37, 38, 45]","[2, 2, 3, 1, 2, 2, 2, 2, 3, 2, 3, 1, 1, 2, 3, 3, 2, 3, 0, 3, 2]","[False, True, True, False, False, False, False, True, False, True, True, False, False, False, False, False, False, True, False, False, False]","[1.187,0.451,1.132,1.217,0.383,0.401,0.416,0.584,1.165,0.467,1.183,1.051,0.351,0.448,0.418,0.497,0.385,0.367,1.735,0.414,0.517]","[1.187, 0.451, 0.1319999999999999, 0.21700000000000008, 0.383, 0.401, 0.416, 0.584, 0.16500000000000004, 0.467, 0.18300000000000005, 0.050999999999999934, 0.351, 0.448, 0.418, 0.497, 0.385, 0.367, 0.7350000000000001, 0.414, 0.517]","[2, 9, 9, 9, 8, 15, 22, 29, 29, 30, 30, 30, 29, 28, 35, 36, 37, 44, 44, 37, 38, 45]",,191,True,actual_subject,21,6,0.2857142857142857,11,21,15,10,0.5238095238095238,45,1,0,0,0,8.769,0.4175714285714286,0.414,1.187,0.37910000000000005
13015195273.0,1,1,1,739474.5015,4,4,3,44,45,1,23,0,37,39,"[37, 38, 45, 46, 39]","[3, 2, 0, 3, 0]","[False, False, False, True, False]","[0.937,0.549,1.2,0.417,0.382]","[nan, nan, nan, nan, nan]","[37, 38, 45, 38, 38, 31]",,195,True,model_teacher_forced,5,1,0.2,4,5,4,1,0.8,31,0,0,0,0,,,,,
13015195273.0,1,1,1,739474.5015,4,4,3,44,45,1,23,0,37,39,"[37, 38, 45, 46, 39]","[3, 3, 2, 3, 0]","[False, True, False, False, False]","[0.937,0.549,1.2,0.417,0.382]","[0.937, 0.549, 0.19999999999999996, 0.417, 0.382]","[37, 38, 38, 45, 46, 39]",,195,True,actual_subject,5,1,0.2,4,5,4,1,0.8,39,1,0,0,0,2.4850000000000003,0.49700000000000005,0.417,0.937,0.387
13015195273.0,1,1,1,739474.5022,4,4,3,48,49,1,23,0,18,39,"[18, 25, 26, 33, 40, 39]","[2, 3, 3, 3, 2, 2, 1]","[False, False, False, False, False, False, False]","[0.947,0.518,1.283,1.267,0.402,0.396,0.553]","[nan, nan, nan, nan, nan, nan, nan]","[18, 25, 26, 27, 28, 35, 42, 41]",,199,True,model_teacher_forced,7,0,0.0,5,7,7,2,0.7142857142857143,41,0,0,0,0,,,,,
13015195273.0,1,1,1,739474.5022,4,4,3,48,49,1,23,0,18,39,"[18, 25, 26, 33, 40, 39]","[2, 2, 1, 3, 2, 2, 1]","[False, True, True, False, False, False, False]","[0.947,0.518,1.283,1.267,0.402,0.396,0.553]","[0.947, 0.518, 0.2829999999999999, 0.2669999999999999, 0.402, 0.396, 0.553]","[18, 25, 25, 25, 26, 33, 40, 39]",,199,True,actual_subject,7,2,0.2857142857142857,5,7,5,2,0.7142857142857143,39,1,0,0,0,3.3659999999999997,0.4808571428571428,0.402,0.947,0.4031666666666666
13015195273.0,1,1,2,739475.4971,4,5,0,2,3,1,43,0,21,18,"[21, 14, 15, 8, 9, 2, 3, 10, 11, 12, 19, 18]","[0, 0, 0, 3, 3, 2, 3, 0, 0, 3, 2, 2, 3, 2, 3, 2, 3, 3, 1, 0, 3, 2, 2, 1]","[False, False, False, True, True, False, True, False, True, True, False, False, False, False, True, False, False, True, False, False, True, False, True, False]","[10.155,1.668,1.15,0.419,0.931,1.218,0.414,0.469,1.148,0.4,0.387,0.598,1.385,0.382,0.384,0.332,1.217,0.383,0.483,1.033,0.387,0.364,0.368,0.401]","[nan, nan, nan, nan, nan, nan, nan, nan, nan, nan, nan, nan, nan, nan, nan, nan, nan, nan, nan, nan, nan, nan, nan, nan]","[21, 14, 7, 0, 0, 0, 7, 7, 0, 0, 0, 7, 14, 15, 22, 22, 29, 30, 30, 29, 22, 22, 29, 29, 28]",,203,True,model_teacher_forced,24,9,0.375,11,24,15,13,0.4583333333333333,28,0,0,0,0,,,,,
13015195273.0,1,1,2,739475.4971,4,5,0,2,3,1,43,0,21,18,"[21, 14, 15, 8, 9, 2, 3, 10, 11, 12, 19, 18]","[1, 3, 0, 3, 3, 0, 3, 3, 0, 3, 3, 2, 1, 2, 3, 2, 1, 2, 3, 0, 3, 3, 2, 1]","[True, True, False, False, True, False, False, True, False, False, False, True, False, False, False, True, False, False, True, False, False, False, False, False]","[10.155,1.668,1.15,0.419,0.931,1.218,0.414,0.469,1.148,0.4,0.387,0.598,1.385,0.382,0.384,0.332,1.217,0.383,0.483,1.033,0.387,0.364,0.368,0.401]","[10.155, 0.6679999999999999, 0.1499999999999999, 0.419, 0.931, 0.21799999999999997, 0.414, 0.469, 0.1479999999999999, 0.4, 0.387, 0.598, 0.385, 0.382, 0.384, 0.332, 0.21700000000000008, 0.383, 0.483, 0.03299999999999992, 0.387, 0.364, 0.368, 0.401]","[21, 21, 21, 14, 15, 15, 8, 9, 9, 2, 3, 4, 4, 3, 10, 11, 11, 10, 17, 17, 10, 11, 12, 19, 18]",,203,True,actual_subject,24,7,0.2916666666666667,11,24,17,13,0.4583333333333333,18,1,0,0,0,19.076,0.7948333333333334,0.386,10.155,0.38786956521739135
13015195273.0,1,1,2,739475.4984,4,5,0,6,7,1,43,0,41,38,"[41, 34, 33, 32, 31, 38]","[1, 0, 1, 0, 0, 1, 1, 1, 0]","[True, False, False, False, True, False, True, True, False]","[1.913,1.298,0.5,0.468,1.2,0.33,0.471,0.466,0.417]","[nan, nan, nan, nan, nan, nan, nan, nan, nan]","[41, 41, 34, 33, 26, 26, 25, 25, 25, 18]",,207,True,model_teacher_forced,9,4,0.4444444444444444,5,9,5,4,0.5555555555555556,18,0,0,0,0,,,,,
13015195273.0,1,1,2,739475.4984,4,5,0,6,7,1,43,0,41,38,"[41, 34, 33, 32, 31, 38]","[1, 2, 1, 1, 0, 1, 2, 1, 0]","[True, False, False, True, False, False, False, False, False]","[1.913,1.298,0.5,0.468,1.2,0.33,0.471,0.466,0.417]","[1.913, 0.29800000000000004, 0.5, 0.468, 0.19999999999999996, 0.33, 0.471, 0.466, 0.417]","[41, 41, 48, 47, 47, 40, 39, 46, 45, 38]",,207,True,actual_subject,9,2,0.2222222222222222,5,9,7,4,0.5555555555555556,38,1,0,0,0,5.063000000000001,0.5625555555555556,0.466,1.913,0.39375
13015195273.0,1,1,2,739475.4993,4,5,0,10,11,1,43,0,11,36,"[11, 10, 17, 16, 23, 30, 29, 28, 35, 36]","[3, 2, 2, 3, 3, 2, 1, 3, 1, 1, 2, 3]","[False, False, True, True, True, True, False, False, False, True, False, False]","[1.451,0.466,0.451,0.484,0.532,1.321,0.713,1.264,0.385,1.15,0.298,0.371]","[nan, nan, nan, nan, nan, nan, nan, nan, nan, nan, nan, nan]","[11, 12, 19, 19, 19, 19, 19, 18, 19, 18, 18, 25, 26]",,211,True,model_teacher_forced,12,5,0.4166666666666667,9,12,7,3,0.75,26,0,0,0,0,,,,,
13015195273.0,1,1,2,739475.4993,4,5,0,10,11,1,43,0,11,36,"[11, 10, 17, 16, 23, 30, 29, 28, 35, 36]","[1, 2, 1, 2, 1, 2, 2, 1, 2, 1, 2, 3]","[False, False, False, False, True, False, True, False, True, False, False, False]","[1.451,0.466,0.451,0.484,0.532,1.321,0.713,1.264,0.385,1.15,0.298,0.371]","[1.451, 0.466, 0.451, 0.484, 0.532, 0.32099999999999995, 0.713, 0.264, 0.385, 0.1499999999999999, 0.298, 0.371]","[11, 10, 17, 16, 23, 23, 30, 30, 29, 29, 28, 35, 36]",,211,True,actual_subject,12,3,0.25,9,12,9,3,0.75,36,1,0,0,0,5.886000000000001,0.4905000000000001,0.41800000000000004,1.451,0.4031818181818181
13015195273.0,1,1,2,739475.5004,4,5,0,14,15,1,43,0,18,44,"[18, 25, 26, 33, 32, 31, 38, 37, 44]","[2, 2, 3, 3, 2, 2, 1, 1, 2, 2, 1, 0, 1, 2]","[False, True, False, False, False, False, True, True, False, True, False, False, False, False]","[1.171,1.13,0.717,1.149,1.29,0.345,0.286,0.483,1.262,1.122,0.579,0.47,0.317,0.4]","[nan, nan, nan, nan, nan, nan, nan, nan, nan, nan, nan, nan, nan, nan]","[18, 25, 25, 26, 27, 34, 41, 41, 41, 48, 48, 47, 40, 39, 46]",,215,True,model_teacher_forced,14,4,0.2857142857142857,8,14,10,6,0.5714285714285714,46,0,0,0,0,,,,,
13015195273.0,1,1,2,739475.5004,4,5,0,14,15,1,43,0,18,44,"[18, 25, 26, 33, 32, 31, 38, 37, 44]","[1, 2, 2, 1, 3, 2, 2, 1, 1, 2, 1, 0, 1, 2]","[True, False, True, True, False, False, False, False, True, False, False, False, False, False]","[1.171,1.13,0.717,1.149,1.29,0.345,0.286,0.483,1.262,1.122,0.579,0.47,0.317,0.4]","[1.171, 0.1299999999999999, 0.717, 0.14900000000000002, 0.29000000000000004, 0.345, 0.286, 0.483, 1.262, 0.12200000000000011, 0.579, 0.47, 0.317, 0.4]","[18, 18, 25, 25, 25, 26, 33, 40, 39, 39, 46, 45, 38, 37, 44]",,215,True,actual_subject,14,4,0.2857142857142857,8,14,10,6,0.5714285714285714,44,1,0,0,0,6.721,0.4800714285714286,0.3725,1.171,0.42692307692307696
13015195273.0,1,1,2,739475.5013,4,5,0,18,19,1,43,0,46,29,"[46, 45, 38, 37, 36, 35, 28, 29]","[1, 0, 1, 0, 0, 1, 0, 1, 1, 0, 3]","[False, False, False, True, True, False, True, False, False, False, False]","[4.11,0.766,0.466,0.901,0.433,1.598,0.401,1.252,0.417,0.381,0.333]","[nan, nan, nan, nan, nan, nan, nan, nan, nan, nan, nan]","[46, 45, 38, 37, 37, 37, 36, 36, 35, 34, 27, 28]",,219,True,model_teacher_forced,11,3,0.2727272727272727,7,11,8,4,0.6363636363636364,28,0,0,0,0,,,,,
13015195273.0,1,1,2,739475.5013,4,5,0,18,19,1,43,0,46,29,"[46, 45, 38, 37, 36, 35, 28, 29]","[1, 0, 1, 1, 0, 3, 0, 1, 1, 0, 3]","[False, False, False, False, True, False, True, False, False, False, False]","[4.11,0.766,0.466,0.901,0.433,1.598,0.401,1.252,0.417,0.381,0.333]","[4.11, 0.766, 0.466, 0.901, 0.433, 0.5980000000000001, 0.401, 0.252, 0.417, 0.381, 0.333]","[46, 45, 38, 37, 36, 36, 37, 37, 36, 35, 28, 29]",,219,True,actual_subject,11,2,0.18181818181818182,7,11,9,4,0.6363636363636364,29,1,0,0,0,9.058000000000002,0.8234545454545456,0.433,4.11,0.4948
13015195273.0,1,1,2,739475.5022,4,5,0,22,23,1,43,0,3,40,"[3, 10, 11, 12, 19, 18, 25, 26, 33, 40]","[2, 2, 0, 1, 2, 2, 3, 2, 3, 3, 3, 2, 1, 2, 3, 3, 3, 0, 0, 3, 0, 3]","[False, False, False, True, False, True, True, True, True, True, True, True, False, False, True, True, True, False, True, False, False, False]","[2.315,0.798,0.847,1.171,2.22,0.329,0.499,1.234,0.434,1.167,1.117,0.329,1.155,0.345,0.42,0.215,0.166,0.185,1.166,0.419,0.382,0.283]","[nan, nan, nan, nan, nan, nan, nan, nan, nan, nan, nan, nan, nan, nan, nan, nan, nan, nan, nan, nan, nan, nan]","[3, 10, 17, 10, 10, 17, 17, 17, 17, 17, 17, 17, 17, 16, 23, 23, 23, 23, 16, 16, 17, 10, 11]",,223,True,model_teacher_forced,22,12,0.5454545454545454,9,22,10,13,0.4090909090909091,11,0,0,0,0,,,,,
13015195273.0,1,1,2,739475.5022,4,5,0,22,23,1,43,0,3,40,"[3, 10, 11, 12, 19, 18, 25, 26, 33, 40]","[2, 2, 2, 3, 1, 2, 3, 2, 3, 2, 1, 2, 1, 2, 3, 3, 3, 3, 2, 3, 0, 3]","[False, False, True, True, False, False, True, False, True, True, False, True, False, False, False, False, False, True, False, False, False, False]","[2.315,0.798,0.847,1.171,2.22,0.329,0.499,1.234,0.434,1.167,1.117,0.329,1.155,0.345,0.42,0.215,0.166,0.185,1.166,0.419,0.382,0.283]","[2.315, 0.798, 0.847, 0.17100000000000004, 1.2200000000000002, 0.329, 0.499, 0.23399999999999999, 0.434, 0.16700000000000004, 0.11699999999999999, 0.329, 0.15500000000000003, 0.345, 0.42, 0.215, 0.166, 0.185, 0.16599999999999993, 0.419, 0.382, 0.283]","[3, 10, 17, 17, 17, 16, 23, 23, 30, 30, 30, 29, 29, 28, 35, 36, 37, 38, 38, 45, 46, 39, 40]",,223,True,actual_subject,22,7,0.3181818181818182,9,22,15,13,0.4090909090909091,40,1,0,0,0,10.196000000000002,0.4634545454545455,0.329,2.315,0.3752857142857142
13015195273.0,1,1,2,739475.5032,4,5,0,26,27,1,43,0,10,25,"[10, 11, 12, 19, 18, 25]","[3, 3, 2, 1, 2, 3, 2, 3, 2, 1, 3, 3, 2, 3, 3, 3, 2, 2, 1, 2]","[False, False, False, False, False, False, False, False, False, True, False, True, True, True, True, True, True, True, False, False]","[5.368,1.298,1.25,1.187,0.316,0.434,1.165,0.466,1.12,1.348,0.182,0.352,1,0.382,0.684,1.202,0.599,0.531,1.085,0.23]","[nan, nan, nan, nan, nan, nan, nan, nan, nan, nan, nan, nan, nan, nan, nan, nan, nan, nan, nan, nan]","[10, 11, 12, 19, 18, 25, 26, 33, 34, 41, 41, 42, 42, 42, 42, 42, 42, 42, 42, 41, 48]",,227,True,model_teacher_forced,20,8,0.4,5,20,12,15,0.25,48,0,0,0,0,,,,,
13015195273.0,1,1,2,739475.5032,4,5,0,26,27,1,43,0,10,25,"[10, 11, 12, 19, 18, 25]","[2, 3, 2, 1, 2, 3, 2, 3, 2, 0, 0, 3, 0, 3, 2, 3, 2, 2, 1, 2]","[False, True, True, False, False, True, False, True, True, False, False, False, False, False, True, False, False, True, False, False]","[5.368,1.298,1.25,1.187,0.316,0.434,1.165,0.466,1.12,1.348,0.182,0.352,1,0.382,0.684,1.202,0.599,0.531,1.085,0.23]","[5.368, 1.298, 0.25, 0.18700000000000006, 0.316, 0.434, 0.16500000000000004, 0.466, 0.1200000000000001, 0.3480000000000001, 0.182, 0.352, 1, 0.382, 0.684, 0.20199999999999996, 0.599, 0.531, 0.08499999999999996, 0.23]","[10, 17, 17, 17, 16, 23, 23, 30, 30, 30, 23, 16, 17, 10, 11, 11, 12, 19, 19, 18, 25]",,227,True,actual_subject,20,7,0.35,5,20,13,15,0.25,25,1,0,0,0,13.199000000000002,0.65995,0.35000000000000003,5.368,0.4121578947368421
13015195273.0,1,1,2,739475.5039,4,5,0,30,31,1,43,0,15,10,"[15, 8, 9, 2, 3, 10]","[2, 0, 3, 3, 2, 2, 3, 2, 3, 3]","[False, False, True, True, False, False, False, True, True, True]","[2.544,1.109,0.708,0.299,1.301,1.101,0.417,0.431,0.234,0.416]","[nan, nan, nan, nan, nan, nan, nan, nan, nan, nan]","[15, 22, 15, 15, 15, 22, 29, 30, 30, 30, 30]",,231,True,model_teacher_forced,10,5,0.5,5,10,5,5,0.5,30,0,0,0,0,,,,,
13015195273.0,1,1,2,739475.5039,4,5,0,30,31,1,43,0,15,10,"[15, 8, 9, 2, 3, 10]","[3, 0, 0, 3, 1, 2, 3, 0, 3, 2]","[True, False, False, True, True, False, False, False, False, False]","[2.544,1.109,0.708,0.299,1.301,1.101,0.417,0.431,0.234,0.416]","[2.544, 0.10899999999999999, 0.708, 0.299, 0.30099999999999993, 0.10099999999999998, 0.417, 0.431, 0.234, 0.416]","[15, 15, 8, 1, 1, 1, 8, 9, 2, 3, 10]",,231,True,actual_subject,10,3,0.3,5,10,7,5,0.5,10,1,0,0,0,5.5600000000000005,0.556,0.35849999999999993,2.544,0.3351111111111111
13015195273.0,1,1,2,739475.5045,4,5,0,34,35,1,43,0,11,27,"[11, 12, 19, 18, 25, 26, 27]","[3, 3, 2, 2, 2, 1, 2, 3, 2, 1, 2]","[False, False, True, True, True, False, False, True, True, False, False]","[1.448,1.232,0.467,0.534,1.182,1.218,0.332,0.432,0.453,0.416,0.381]","[nan, nan, nan, nan, nan, nan, nan, nan, nan, nan, nan]","[11, 12, 13, 13, 13, 13, 12, 19, 19, 19, 18, 25]",,235,True,model_teacher_forced,11,5,0.45454545454545453,6,11,6,5,0.5454545454545454,25,0,0,0,0,,,,,
13015195273.0,1,1,2,739475.5045,4,5,0,34,35,1,43,0,11,27,"[11, 12, 19, 18, 25, 26, 27]","[2, 3, 2, 3, 2, 1, 2, 3, 2, 3, 0]","[True, False, False, True, True, False, False, False, False, False, False]","[1.448,1.232,0.467,0.534,1.182,1.218,0.332,0.432,0.453,0.416,0.381]","[1.448, 0.23199999999999998, 0.467, 0.534, 0.18199999999999994, 0.21799999999999997, 0.332, 0.432, 0.453, 0.416, 0.381]","[11, 11, 12, 19, 19, 19, 18, 25, 26, 33, 34, 27]",,235,True,actual_subject,11,3,0.2727272727272727,6,11,8,5,0.5454545454545454,27,1,0,0,0,5.095000000000001,0.46318181818181825,0.416,1.448,0.3647
13015195273.0,1,1,2,739475.5053,4,5,0,38,39,1,43,0,25,46,"[25, 26, 33, 40, 39, 46]","[3, 3, 2, 2, 2, 3, 2, 1, 2, 1, 2]","[False, False, False, False, False, True, True, False, True, True, True]","[1.454,1.583,0.416,0.549,0.383,0.464,1.236,0.384,0.498,0.936,0.467]","[nan, nan, nan, nan, nan, nan, nan, nan, nan, nan, nan]","[25, 26, 27, 34, 41, 48, 48, 48, 47, 47, 47, 47]",,239,True,model_teacher_forced,11,5,0.45454545454545453,5,11,6,6,0.45454545454545453,47,0,0,0,0,,,,,
13015195273.0,1,1,2,739475.5053,4,5,0,38,39,1,43,0,25,46,"[25, 26, 33, 40, 39, 46]","[2, 3, 2, 3, 2, 1, 2, 1, 0, 1, 2]","[True, False, False, False, False, True, False, False, False, False, False]","[1.454,1.583,0.416,0.549,0.383,0.464,1.236,0.384,0.498,0.936,0.467]","[1.454, 0.583, 0.416, 0.549, 0.383, 0.464, 0.236, 0.384, 0.498, 0.936, 0.467]","[25, 25, 26, 33, 34, 41, 41, 48, 47, 40, 39, 46]",,239,True,actual_subject,11,2,0.18181818181818182,5,11,9,6,0.45454545454545453,46,1,0,0,0,6.369999999999999,0.579090909090909,0.467,1.454,0.4915999999999999
13015195273.0,1,1,2,739475.5063,4,5,0,42,43,1,43,0,23,31,"[23, 30, 29, 28, 35, 36, 37, 38, 31]","[0, 2, 1, 2, 0, 3, 2, 2, 0, 0, 2, 2, 2, 2, 3, 3, 0, 1, 2, 3, 2, 2, 0]","[False, False, True, False, False, True, False, True, False, False, False, False, True, True, True, True, False, True, False, True, True, True, False]","[3.63,1.348,1.831,1.132,1.706,0.555,0.409,0.386,1.217,1.131,0.635,1.183,0.698,1.446,0.554,1.236,0.35,1.212,0.388,0.481,0.218,0.206,0.443]","[nan, nan, nan, nan, nan, nan, nan, nan, nan, nan, nan, nan, nan, nan, nan, nan, nan, nan, nan, nan, nan, nan, nan]","[23, 16, 23, 23, 30, 23, 23, 30, 30, 23, 16, 23, 30, 30, 30, 30, 30, 23, 23, 30, 30, 30, 30, 23]",,243,True,model_teacher_forced,23,11,0.4782608695652174,8,23,12,15,0.34782608695652173,23,0,0,0,0,,,,,
13015195273.0,1,1,2,739475.5063,4,5,0,42,43,1,43,0,23,31,"[23, 30, 29, 28, 35, 36, 37, 38, 31]","[3, 2, 3, 2, 0, 0, 3, 2, 3, 1, 1, 2, 1, 2, 2, 1, 2, 1, 2, 3, 3, 3, 0]","[True, False, True, True, False, False, False, True, True, False, True, False, True, False, True, False, True, False, False, False, False, False, False]","[3.63,1.348,1.831,1.132,1.706,0.555,0.409,0.386,1.217,1.131,0.635,1.183,0.698,1.446,0.554,1.236,0.35,1.212,0.388,0.481,0.218,0.206,0.443]","[3.63, 0.3480000000000001, 1.831, 0.1319999999999999, 0.706, 0.555, 0.409, 0.386, 0.21700000000000008, 0.131, 0.635, 0.18300000000000005, 0.698, 0.44599999999999995, 0.554, 0.236, 0.35, 0.21199999999999997, 0.388, 0.481, 0.218, 0.206, 0.443]","[23, 23, 30, 30, 30, 23, 16, 17, 17, 17, 16, 16, 23, 23, 30, 30, 29, 29, 28, 35, 36, 37, 38, 31]",,243,True,actual_subject,23,9,0.391304347826087,8,23,14,15,0.34782608695652173,31,1,0,0,0,13.395,0.582391304347826,0.388,3.63,0.4438636363636363
13015195273.0,1,1,2,739475.508,4,5,0,46,47,1,43,0,39,3,"[39, 40, 33, 26, 25, 18, 19, 12, 11, 10, 3]","[2, 2, 3, 3, 3, 1, 1, 3, 0, 1, 0, 1, 2, 1, 2, 0, 0, 1, 3, 3, 0, 1, 1, 2, 1, 0]","[False, True, True, True, True, False, True, False, False, True, True, True, False, False, True, False, False, True, False, False, False, False, True, True, True, False]","[3.417,1.118,1.151,0.433,0.582,0.565,1.166,1.236,0.399,0.385,0.416,0.434,1.101,1.116,0.397,0.402,0.466,0.432,1.184,1.101,0.366,0.502,1.182,0.433,1.099,0.482]","[nan, nan, nan, nan, nan, nan, nan, nan, nan, nan, nan, nan, nan, nan, nan, nan, nan, nan, nan, nan, nan, nan, nan, nan, nan, nan]","[39, 46, 46, 46, 46, 46, 45, 45, 46, 39, 39, 39, 39, 46, 45, 45, 38, 31, 31, 32, 33, 26, 25, 25, 25, 25, 18]",,247,True,model_teacher_forced,26,13,0.5,10,26,13,16,0.38461538461538464,18,0,0,0,0,,,,,
13015195273.0,1,1,2,739475.508,4,5,0,46,47,1,43,0,39,3,"[39, 40, 33, 26, 25, 18, 19, 12, 11, 10, 3]","[1, 0, 3, 0, 1, 0, 0, 3, 0, 3, 0, 1, 0, 2, 1, 1, 0, 1, 0, 3, 0, 0, 1, 0, 1, 0]","[True, True, False, False, False, True, True, False, False, False, False, True, True, False, False, False, False, True, True, False, False, True, False, True, False, False]","[3.417,1.118,1.151,0.433,0.582,0.565,1.166,1.236,0.399,0.385,0.416,0.434,1.101,1.116,0.397,0.402,0.466,0.432,1.184,1.101,0.366,0.502,1.182,0.433,1.099,0.482]","[3.417, 0.1180000000000001, 0.15100000000000002, 0.433, 0.582, 0.565, 0.16599999999999993, 0.236, 0.399, 0.385, 0.416, 0.434, 0.10099999999999998, 0.1160000000000001, 0.397, 0.402, 0.466, 0.432, 0.18399999999999994, 0.10099999999999998, 0.366, 0.502, 0.18199999999999994, 0.433, 0.09899999999999998, 0.482]","[39, 39, 39, 40, 33, 32, 32, 32, 33, 26, 27, 20, 20, 20, 27, 26, 25, 18, 18, 18, 19, 12, 12, 11, 11, 10, 3]",,247,True,actual_subject,26,10,0.38461538461538464,10,26,16,16,0.38461538461538464,3,1,0,0,0,11.565,0.4448076923076923,0.398,3.417,0.32592
13015195273.0,1,1,2,739475.509,4,6,1,0,1,1,28,0,16,14,"[16, 23, 30, 29, 22, 15, 14]","[2, 2, 2, 1, 2, 1, 1, 1, 0, 1]","[False, False, True, False, True, False, False, False, True, False]","[4.052,1.16,1.204,0.452,1.097,0.368,0.548,0.667,1.133,0.468]","[nan, nan, nan, nan, nan, nan, nan, nan, nan, nan]","[16, 23, 30, 30, 29, 29, 28, 27, 26, 26, 25]",,251,True,model_teacher_forced,10,3,0.3,6,10,7,4,0.6,25,0,0,0,0,,,,,
13015195273.0,1,1,2,739475.509,4,6,1,0,1,1,28,0,16,14,"[16, 23, 30, 29, 22, 15, 14]","[1, 0, 2, 1, 2, 1, 0, 1, 0, 1]","[True, True, False, True, False, False, False, True, False, False]","[4.052,1.16,1.204,0.452,1.097,0.368,0.548,0.667,1.133,0.468]","[4.052, 0.15999999999999992, 0.20399999999999996, 0.452, 0.09699999999999998, 0.368, 0.548, 0.667, 0.133, 0.468]","[16, 16, 16, 23, 23, 30, 29, 22, 22, 15, 14]",,251,True,actual_subject,10,4,0.4,6,10,6,4,0.6,14,1,0,0,0,7.149,0.7149,0.41000000000000003,4.052,0.3441111111111111
13015195273.0,1,1,2,739475.5103,4,6,1,4,5,1,28,0,12,15,"[12, 11, 10, 3, 2, 9, 8, 15]","[2, 2, 0, 0, 1, 1, 0, 3, 1, 2, 1, 1, 1]","[False, True, False, True, False, False, False, False, False, False, True, True, True]","[6.503,1.085,0.85,1.264,0.555,0.781,1.167,1.164,0.572,1.095,0.401,0.452,0.214]","[nan, nan, nan, nan, nan, nan, nan, nan, nan, nan, nan, nan, nan]","[12, 19, 19, 12, 12, 11, 10, 3, 4, 3, 10, 10, 10, 10]",,255,True,model_teacher_forced,13,5,0.38461538461538464,7,13,8,6,0.5384615384615384,10,0,0,0,0,,,,,
13015195273.0,1,1,2,739475.5103,4,6,1,4,5,1,28,0,12,15,"[12, 11, 10, 3, 2, 9, 8, 15]","[1, 1, 1, 2, 1, 1, 0, 2, 1, 2, 1, 0, 0]","[False, False, True, False, False, True, True, False, True, False, False, False, False]","[6.503,1.085,0.85,1.264,0.555,0.781,1.167,1.164,0.572,1.095,0.401,0.452,0.214]","[6.503, 1.085, 0.85, 0.264, 0.555, 0.781, 0.16700000000000004, 0.16399999999999992, 0.572, 0.09499999999999997, 0.401, 0.452, 0.214]","[12, 11, 10, 10, 17, 16, 16, 16, 23, 23, 30, 29, 22, 15]",,255,True,actual_subject,13,4,0.3076923076923077,7,13,9,6,0.5384615384615384,15,1,0,0,0,12.103,0.9309999999999999,0.452,6.503,0.4666666666666666
13015195273.0,1,1,2,739475.5113,4,6,1,8,9,1,28,0,2,44,"[2, 9, 8, 15, 22, 29, 28, 35, 36, 37, 44]","[2, 2, 2, 2, 2, 2, 2, 3, 2, 3, 2, 2, 2, 2, 1, 2, 3, 3, 3, 2]","[False, True, True, True, True, True, True, True, True, True, True, True, True, True, False, False, True, True, True, False]","[13.508,0.817,0.446,0.589,0.68,1.117,1.232,0.485,0.466,1.282,0.7,0.602,1.145,0.337,1.147,0.384,0.434,0.381,1.218,0.302]","[nan, nan, nan, nan, nan, nan, nan, nan, nan, nan, nan, nan, nan, nan, nan, nan, nan, nan, nan, nan]","[2, 9, 9, 9, 9, 9, 9, 9, 9, 9, 9, 9, 9, 9, 9, 8, 15, 15, 15, 15, 22]",,259,True,model_teacher_forced,20,16,0.8,10,20,4,10,0.5,22,0,0,0,0,,,,,
13015195273.0,1,1,2,739475.5113,4,6,1,8,9,1,28,0,2,44,"[2, 9, 8, 15, 22, 29, 28, 35, 36, 37, 44]","[2, 1, 2, 2, 3, 1, 2, 3, 2, 1, 3, 3, 1, 2, 1, 2, 3, 2, 3, 2]","[False, False, False, False, True, True, False, False, True, False, False, True, False, True, False, False, False, True, False, False]","[13.508,0.817,0.446,0.589,0.68,1.117,1.232,0.485,0.466,1.282,0.7,0.602,1.145,0.337,1.147,0.384,0.434,0.381,1.218,0.302]","[13.508, 0.817, 0.446, 0.589, 0.68, 0.11699999999999999, 0.23199999999999998, 0.485, 0.466, 0.28200000000000003, 0.7, 0.602, 0.14500000000000002, 0.337, 0.14700000000000002, 0.384, 0.434, 0.381, 0.21799999999999997, 0.302]","[2, 9, 8, 15, 22, 22, 22, 29, 30, 30, 29, 30, 30, 29, 29, 28, 35, 36, 36, 37, 44]",,259,True,actual_subject,20,6,0.3,10,20,14,10,0.5,44,1,0,0,0,21.272,1.0635999999999999,0.40900000000000003,13.508,0.40863157894736846
13015195273.0,1,1,2,739475.5126,4,6,1,12,13,1,28,0,32,30,"[32, 31, 38, 37, 36, 35, 28, 29, 30]","[3, 3, 1, 2, 2, 2, 1, 1, 1, 1, 1, 0, 0, 0, 1, 3, 0, 0, 1, 0, 3, 3]","[False, False, False, False, False, True, True, True, True, True, True, False, False, False, False, False, True, True, False, False, False, True]","[3.169,1.853,1.498,1.584,2.222,0.411,0.469,0.532,1.117,0.65,1.683,0.417,0.366,0.384,1.551,1.234,0.517,0.378,0.354,0.399,0.334,0.233]","[nan, nan, nan, nan, nan, nan, nan, nan, nan, nan, nan, nan, nan, nan, nan, nan, nan, nan, nan, nan, nan, nan]","[32, 33, 34, 33, 40, 47, 47, 47, 47, 47, 47, 47, 40, 33, 26, 25, 26, 26, 26, 25, 18, 19, 19]",,263,True,model_teacher_forced,22,9,0.4090909090909091,8,22,13,14,0.36363636363636365,19,0,0,0,0,,,,,
13015195273.0,1,1,2,739475.5126,4,6,1,12,13,1,28,0,32,30,"[32, 31, 38, 37, 36, 35, 28, 29, 30]","[2, 0, 1, 0, 2, 2, 1, 0, 1, 0, 3, 2, 1, 0, 0, 3, 0, 1, 1, 0, 3, 3]","[True, True, False, False, False, False, False, True, False, True, False, False, False, True, True, False, False, False, False, False, False, False]","[3.169,1.853,1.498,1.584,2.222,0.411,0.469,0.532,1.117,0.65,1.683,0.417,0.366,0.384,1.551,1.234,0.517,0.378,0.354,0.399,0.334,0.233]","[3.169, 0.853, 0.498, 1.584, 2.222, 0.411, 0.469, 0.532, 0.11699999999999999, 0.65, 0.683, 0.417, 0.366, 0.384, 0.5509999999999999, 0.23399999999999999, 0.517, 0.378, 0.354, 0.399, 0.334, 0.233]","[32, 32, 32, 31, 24, 31, 38, 37, 37, 36, 36, 37, 44, 43, 43, 43, 44, 37, 36, 35, 28, 29, 30]",,263,True,actual_subject,22,6,0.2727272727272727,8,22,16,14,0.36363636363636365,30,1,0,0,0,15.355,0.6979545454545455,0.44299999999999995,3.169,0.5802857142857143
13015195273.0,1,1,2,739475.5138,4,6,1,16,17,1,28,0,9,38,"[9, 8, 15, 22, 29, 28, 35, 36, 37, 38]","[0, 0, 0, 2, 2, 2, 0, 3, 0, 0, 3, 0, 2, 3, 0, 0, 0, 0, 1, 2, 3, 3, 3]","[False, True, True, False, True, True, False, False, True, True, False, True, True, False, True, True, True, True, False, True, False, False, False]","[5.253,1.09,1.307,0.443,0.652,1.181,0.421,0.55,1.129,1.672,0.381,0.55,0.554,0.661,0.574,1.309,2.253,0.497,1.156,0.411,0.441,0.213,0.195]","[nan, nan, nan, nan, nan, nan, nan, nan, nan, nan, nan, nan, nan, nan, nan, nan, nan, nan, nan, nan, nan, nan, nan]","[9, 2, 2, 2, 9, 9, 9, 2, 3, 3, 3, 4, 4, 4, 5, 5, 5, 5, 5, 4, 4, 5, 6, 7]",,267,True,model_teacher_forced,23,13,0.5652173913043478,9,23,10,14,0.391304347826087,7,0,0,0,0,,,,,
13015195273.0,1,1,2,739475.5138,4,6,1,16,17,1,28,0,9,38,"[9, 8, 15, 22, 29, 28, 35, 36, 37, 38]","[2, 3, 1, 2, 3, 1, 2, 3, 3, 0, 3, 2, 2, 3, 2, 3, 1, 2, 1, 2, 3, 3, 3]","[True, True, False, False, True, False, False, True, True, False, False, False, False, False, True, True, False, True, False, False, False, False, False]","[5.253,1.09,1.307,0.443,0.652,1.181,0.421,0.55,1.129,1.672,0.381,0.55,0.554,0.661,0.574,1.309,2.253,0.497,1.156,0.411,0.441,0.213,0.195]","[5.253, 0.09000000000000008, 0.30699999999999994, 0.443, 0.652, 0.18100000000000005, 0.421, 0.55, 0.129, 0.6719999999999999, 0.381, 0.55, 0.554, 0.661, 0.574, 0.30899999999999994, 1.2530000000000001, 0.497, 0.15599999999999992, 0.411, 0.441, 0.213, 0.195]","[9, 9, 9, 8, 15, 15, 14, 21, 21, 21, 14, 15, 22, 29, 30, 30, 30, 29, 29, 28, 35, 36, 37, 38]",,267,True,actual_subject,23,8,0.34782608695652173,9,23,15,14,0.391304347826087,38,1,0,0,0,14.893,0.6475217391304348,0.441,5.253,0.43818181818181823
13015195273.0,1,1,2,739475.5154,4,6,1,20,21,1,28,0,15,18,"[15, 8, 9, 2, 3, 10, 11, 12, 19, 18]","[3, 0, 3, 3, 2, 3, 2, 2, 3, 3, 1, 2, 1, 1, 2, 2]","[True, False, False, True, True, True, True, True, True, True, False, False, False, False, True, True]","[4.382,1.248,0.518,0.883,1.534,0.732,0.483,0.567,1.184,0.481,1.186,0.466,0.466,1.233,0.296,0.371]","[nan, nan, nan, nan, nan, nan, nan, nan, nan, nan, nan, nan, nan, nan, nan, nan]","[15, 15, 8, 9, 9, 9, 9, 9, 9, 9, 9, 8, 15, 14, 13, 13, 13]",,271,True,model_teacher_forced,16,10,0.625,9,16,6,7,0.5625,13,0,0,0,0,,,,,
13015195273.0,1,1,2,739475.5154,4,6,1,20,21,1,28,0,15,18,"[15, 8, 9, 2, 3, 10, 11, 12, 19, 18]","[3, 0, 3, 3, 0, 3, 3, 2, 3, 2, 3, 2, 2, 1, 2, 1]","[True, False, False, True, False, False, False, True, False, True, False, False, True, False, False, False]","[4.382,1.248,0.518,0.883,1.534,0.732,0.483,0.567,1.184,0.481,1.186,0.466,0.466,1.233,0.296,0.371]","[4.382, 0.248, 0.518, 0.883, 0.534, 0.732, 0.483, 0.567, 0.18399999999999994, 0.481, 0.18599999999999994, 0.466, 0.466, 0.2330000000000001, 0.296, 0.371]","[15, 15, 8, 9, 9, 2, 3, 4, 4, 5, 5, 6, 13, 13, 12, 19, 18]",,271,True,actual_subject,16,5,0.3125,9,16,11,7,0.5625,18,1,0,0,0,11.03,0.689375,0.47350000000000003,4.382,0.4432
13015195273.0,1,1,2,739475.5162,4,6,1,24,25,1,28,0,23,31,"[23, 30, 29, 28, 35, 36, 37, 38, 31]","[0, 2, 1, 1, 2, 1, 2, 3, 3, 3, 0]","[False, False, True, True, False, False, True, False, True, True, False]","[4.082,1.084,0.583,1.467,0.348,1.168,0.333,0.486,0.163,0.199,0.518]","[nan, nan, nan, nan, nan, nan, nan, nan, nan, nan, nan]","[23, 16, 23, 23, 23, 30, 29, 29, 30, 30, 30, 23]",,275,True,model_teacher_forced,11,5,0.45454545454545453,8,11,6,3,0.7272727272727273,23,0,0,0,0,,,,,
13015195273.0,1,1,2,739475.5162,4,6,1,24,25,1,28,0,23,31,"[23, 30, 29, 28, 35, 36, 37, 38, 31]","[3, 2, 2, 1, 2, 1, 2, 3, 3, 3, 0]","[True, False, True, False, True, False, False, False, False, False, False]","[4.082,1.084,0.583,1.467,0.348,1.168,0.333,0.486,0.163,0.199,0.518]","[4.082, 0.08400000000000007, 0.583, 0.4670000000000001, 0.348, 0.16799999999999993, 0.333, 0.486, 0.163, 0.199, 0.518]","[23, 23, 30, 30, 29, 29, 28, 35, 36, 37, 38, 31]",,275,True,actual_subject,11,3,0.2727272727272727,8,11,8,3,0.7272727272727273,31,1,0,0,0,7.431,0.6755454545454546,0.348,4.082,0.33490000000000003
13015195273.0,1,1,2,739475.5169,4,6,1,28,29,1,28,0,19,38,"[19, 18, 25, 26, 33, 32, 31, 38]","[0, 1, 2, 1, 1, 2, 1, 1, 1, 1]","[False, False, True, False, True, False, False, True, True, True]","[1.515,1.4,0.787,1.464,1.182,0.384,0.518,0.978,1.302,0.318]","[nan, nan, nan, nan, nan, nan, nan, nan, nan, nan]","[19, 12, 11, 11, 10, 10, 17, 16, 16, 16, 16]",,279,True,model_teacher_forced,10,5,0.5,7,10,5,3,0.7,16,0,0,0,0,,,,,
13015195273.0,1,1,2,739475.5169,4,6,1,28,29,1,28,0,19,38,"[19, 18, 25, 26, 33, 32, 31, 38]","[2, 1, 2, 2, 3, 2, 1, 2, 1, 2]","[True, False, False, True, False, False, False, True, False, False]","[1.515,1.4,0.787,1.464,1.182,0.384,0.518,0.978,1.302,0.318]","[1.515, 0.3999999999999999, 0.787, 1.464, 0.18199999999999994, 0.384, 0.518, 0.978, 0.30200000000000005, 0.318]","[19, 19, 18, 25, 25, 26, 33, 32, 32, 31, 38]",,279,True,actual_subject,10,3,0.3,7,10,7,3,0.7,38,1,0,0,0,6.847999999999999,0.6847999999999999,0.45899999999999996,1.515,0.5925555555555555
13015195273.0,1,1,2,739475.5179,4,6,1,32,33,1,28,0,43,39,"[43, 44, 37, 38, 45, 46, 39]","[3, 2, 0, 3, 2, 2, 3, 0, 3, 0, 1]","[False, True, False, False, False, True, False, False, False, False, False]","[1.647,0.548,1.2,0.484,0.837,1.177,0.42,0.484,1.164,0.585,0.501]","[nan, nan, nan, nan, nan, nan, nan, nan, nan, nan, nan]","[43, 44, 44, 37, 38, 45, 45, 46, 39, 40, 33, 32]",,283,True,model_teacher_forced,11,2,0.18181818181818182,6,11,9,5,0.5454545454545454,32,0,0,0,0,,,,,
13015195273.0,1,1,2,739475.5179,4,6,1,32,33,1,28,0,43,39,"[43, 44, 37, 38, 45, 46, 39]","[3, 3, 0, 3, 3, 0, 3, 2, 3, 2, 1]","[False, True, False, False, True, False, False, True, False, False, False]","[1.647,0.548,1.2,0.484,0.837,1.177,0.42,0.484,1.164,0.585,0.501]","[1.647, 0.548, 0.19999999999999996, 0.484, 0.837, 0.17700000000000005, 0.42, 0.484, 0.16399999999999992, 0.585, 0.501]","[43, 44, 44, 37, 38, 38, 31, 32, 32, 33, 40, 39]",,283,True,actual_subject,11,3,0.2727272727272727,6,11,8,5,0.5454545454545454,39,1,0,0,0,6.047000000000001,0.5497272727272727,0.484,1.647,0.44000000000000006
13015195273.0,1,1,2,739475.5188,4,6,1,36,37,1,28,0,12,46,"[12, 19, 18, 25, 26, 33, 40, 39, 46]","[2, 1, 1, 1, 1, 2, 1, 2, 3, 2, 2, 2, 3, 2, 2, 1, 0, 0, 1, 2]","[False, False, True, True, True, False, True, True, False, False, False, False, False, True, True, False, False, False, False, True]","[3.228,1.253,4.329,1.201,1.149,1.732,0.701,1.185,1.199,0.434,0.734,0.651,1.197,0.486,0.581,0.534,1.15,1.065,0.386,0.5]","[nan, nan, nan, nan, nan, nan, nan, nan, nan, nan, nan, nan, nan, nan, nan, nan, nan, nan, nan, nan]","[12, 19, 18, 18, 18, 18, 25, 25, 25, 26, 33, 40, 47, 48, 48, 48, 47, 40, 33, 32, 32]",,287,True,model_teacher_forced,20,8,0.4,8,20,12,12,0.4,32,0,0,0,0,,,,,
13015195273.0,1,1,2,739475.5188,4,6,1,36,37,1,28,0,12,46,"[12, 19, 18, 25, 26, 33, 40, 39, 46]","[2, 2, 3, 2, 1, 2, 1, 2, 3, 2, 1, 2, 3, 2, 2, 1, 1, 0, 1, 2]","[False, True, True, True, False, False, True, True, False, False, False, True, False, False, False, True, True, False, False, False]","[3.228,1.253,4.329,1.201,1.149,1.732,0.701,1.185,1.199,0.434,0.734,0.651,1.197,0.486,0.581,0.534,1.15,1.065,0.386,0.5]","[3.228, 1.253, 3.3289999999999997, 0.20100000000000007, 0.14900000000000002, 1.732, 0.701, 0.18500000000000005, 0.19900000000000007, 0.434, 0.734, 0.651, 0.19700000000000006, 0.486, 0.581, 0.534, 0.1499999999999999, 0.06499999999999995, 0.386, 0.5]","[12, 19, 19, 19, 19, 18, 25, 25, 25, 26, 33, 32, 32, 33, 40, 47, 47, 47, 40, 39, 46]",,287,True,actual_subject,20,8,0.4,8,20,12,12,0.4,46,1,0,0,0,15.695,0.7847500000000001,0.493,3.228,0.656157894736842
13015195273.0,1,1,2,739475.5203,4,6,1,40,41,1,28,0,0,34,"[0, 7, 14, 15, 22, 29, 28, 35, 36, 37, 38, 31, 32, 33, 34]","[3, 3, 2, 3, 3, 2, 2, 3, 3, 3, 2, 3, 3, 3, 3, 2, 3, 2, 3, 0, 3, 2, 3, 2, 3, 3, 2, 3, 2, 2, 2, 3, 2, 2, 3, 3, 2, 3]","[True, True, False, True, True, False, False, True, True, True, True, True, True, True, True, True, True, True, True, False, False, False, True, False, False, True, True, True, True, True, True, True, True, True, True, True, True, True]","[1.329,0.618,1.417,0.534,0.683,1.334,1.183,0.233,0.449,0.482,1.101,0.667,0.585,1.28,0.333,1.152,0.265,0.536,1.117,1.084,0.262,0.471,1.049,0.366,0.801,1.101,1.098,0.234,0.351,2.465,0.452,0.697,1.15,0.301,0.816,1.184,0.417,0.684]","[nan, nan, nan, nan, nan, nan, nan, nan, nan, nan, nan, nan, nan, nan, nan, nan, nan, nan, nan, nan, nan, nan, nan, nan, nan, nan, nan, nan, nan, nan, nan, nan, nan, nan, nan, nan, nan, nan]","[0, 0, 0, 7, 7, 7, 14, 21, 21, 21, 21, 21, 21, 21, 21, 21, 21, 21, 21, 21, 14, 15, 22, 22, 29, 30, 30, 30, 30, 30, 30, 30, 30, 30, 30, 30, 30, 30, 30]",,291,True,model_teacher_forced,38,30,0.7894736842105263,14,38,8,24,0.3684210526315789,30,0,0,0,0,,,,,
13015195273.0,1,1,2,739475.5203,4,6,1,40,41,1,28,0,0,34,"[0, 7, 14, 15, 22, 29, 28, 35, 36, 37, 38, 31, 32, 33, 34]","[2, 3, 2, 2, 2, 3, 0, 3, 2, 3, 2, 3, 2, 0, 3, 0, 3, 2, 3, 0, 3, 2, 3, 2, 2, 3, 0, 3, 2, 1, 2, 3, 1, 2, 2, 3, 2, 3]","[False, True, False, False, True, True, False, False, False, True, False, False, True, False, True, False, False, True, True, False, False, True, False, False, True, True, False, False, True, False, False, True, False, False, True, False, False, False]","[1.329,0.618,1.417,0.534,0.683,1.334,1.183,0.233,0.449,0.482,1.101,0.667,0.585,1.28,0.333,1.152,0.265,0.536,1.117,1.084,0.262,0.471,1.049,0.366,0.801,1.101,1.098,0.234,0.351,2.465,0.452,0.697,1.15,0.301,0.816,1.184,0.417,0.684]","[1.329, 0.618, 0.41700000000000004, 0.534, 0.683, 0.3340000000000001, 0.18300000000000005, 0.233, 0.449, 0.482, 0.10099999999999998, 0.667, 0.585, 0.28, 0.333, 0.1519999999999999, 0.265, 0.536, 0.11699999999999999, 0.08400000000000007, 0.262, 0.471, 0.04899999999999993, 0.366, 0.801, 0.10099999999999998, 0.09800000000000009, 0.234, 0.351, 1.4649999999999999, 0.452, 0.697, 0.1499999999999999, 0.301, 0.816, 0.18399999999999994, 0.417, 0.684]","[0, 7, 7, 14, 21, 21, 21, 14, 15, 22, 22, 29, 30, 30, 23, 23, 16, 17, 17, 17, 10, 11, 11, 12, 19, 19, 19, 12, 13, 13, 12, 19, 19, 18, 25, 25, 26, 33, 34]",,291,True,actual_subject,38,14,0.3684210526315789,14,38,24,24,0.3684210526315789,34,1,0,0,0,16.281,0.4284473684210526,0.3585,1.329,0.4041081081081081
13015195273.0,1,1,2,739475.5211,4,6,1,44,45,1,28,0,26,1,"[26, 25, 18, 19, 12, 11, 10, 3, 2, 9, 8, 1]","[1, 1, 1, 0, 1, 1, 1, 0, 0, 1, 0, 0, 1, 1, 1, 0, 1, 2, 2, 1, 0]","[False, True, True, False, True, True, True, True, True, True, True, True, True, True, True, True, True, False, True, True, False]","[1.56,1.351,0.682,0.387,0.399,0.517,0.463,0.551,1.169,0.482,1.153,0.365,0.397,0.501,1.214,0.471,0.419,0.564,1.152,0.331,0.334]","[nan, nan, nan, nan, nan, nan, nan, nan, nan, nan, nan, nan, nan, nan, nan, nan, nan, nan, nan, nan, nan]","[26, 25, 25, 25, 18, 18, 18, 18, 18, 18, 18, 18, 18, 18, 18, 18, 18, 18, 25, 25, 25, 18]",,295,True,model_teacher_forced,21,17,0.8095238095238095,11,21,4,10,0.5238095238095238,18,0,0,0,0,,,,,
13015195273.0,1,1,2,739475.5211,4,6,1,44,45,1,28,0,26,1,"[26, 25, 18, 19, 12, 11, 10, 3, 2, 9, 8, 1]","[2, 3, 0, 2, 1, 0, 1, 1, 0, 1, 3, 0, 1, 0, 1, 0, 1, 1, 2, 1, 0]","[False, False, False, False, False, False, False, True, False, True, False, False, False, True, False, False, False, True, False, False, False]","[1.56,1.351,0.682,0.387,0.399,0.517,0.463,0.551,1.169,0.482,1.153,0.365,0.397,0.501,1.214,0.471,0.419,0.564,1.152,0.331,0.334]","[1.56, 1.351, 0.682, 0.387, 0.399, 0.517, 0.463, 0.551, 0.16900000000000004, 0.482, 0.15300000000000002, 0.365, 0.397, 0.501, 0.21399999999999997, 0.471, 0.419, 0.564, 0.1519999999999999, 0.331, 0.334]","[26, 33, 34, 27, 34, 33, 26, 25, 25, 18, 18, 19, 12, 11, 11, 10, 3, 2, 2, 9, 8, 1]",,295,True,actual_subject,21,4,0.19047619047619047,11,21,17,10,0.5238095238095238,1,1,0,0,0,10.462,0.4981904761904762,0.419,1.56,0.44509999999999994
13015195273.0,1,1,2,739475.5218,4,6,1,48,49,1,28,0,23,7,"[23, 30, 29, 22, 15, 14, 7]","[0, 2, 1, 0, 3, 0, 0, 0, 1, 2, 1, 0, 1, 2, 1, 2, 1, 0]","[False, False, True, False, False, False, False, True, False, False, False, False, True, False, True, False, False, False]","[2.693,1.169,0.412,1.2,1.14,0.328,0.35,1.168,0.384,0.499,0.416,0.451,0.42,1.515,0.564,1.168,0.28,0.706]","[nan, nan, nan, nan, nan, nan, nan, nan, nan, nan, nan, nan, nan, nan, nan, nan, nan, nan]","[23, 16, 23, 23, 16, 17, 10, 3, 3, 2, 9, 8, 1, 1, 8, 8, 15, 14, 7]",,299,True,model_teacher_forced,18,4,0.2222222222222222,6,18,14,12,0.3333333333333333,7,1,0,0,0,,,,,
13015195273.0,1,1,2,739475.5218,4,6,1,48,49,1,28,0,23,7,"[23, 30, 29, 22, 15, 14, 7]","[1, 0, 1, 0, 3, 0, 1, 0, 1, 2, 1, 0, 1, 2, 1, 2, 1, 0]","[True, False, True, True, False, False, True, False, False, False, False, False, True, False, True, False, False, False]","[2.693,1.169,0.412,1.2,1.14,0.328,0.35,1.168,0.384,0.499,0.416,0.451,0.42,1.515,0.564,1.168,0.28,0.706]","[2.693, 0.16900000000000004, 0.412, 0.19999999999999996, 0.1399999999999999, 0.328, 0.35, 0.16799999999999993, 0.384, 0.499, 0.416, 0.451, 0.42, 0.5149999999999999, 0.564, 0.16799999999999993, 0.28, 0.706]","[23, 23, 16, 16, 16, 17, 10, 10, 3, 2, 9, 8, 1, 1, 8, 8, 15, 14, 7]",,299,True,actual_subject,18,6,0.3333333333333333,6,18,12,12,0.3333333333333333,7,1,0,0,0,8.863,0.4923888888888889,0.398,2.693,0.3629411764705882
13015195273.0,1,1,2,739475.5228,4,7,2,2,3,1,37,0,31,23,"[31, 38, 37, 36, 35, 28, 29, 30, 23]","[2, 2, 0, 3, 3, 2, 1, 0, 1, 0, 1, 0, 3, 0, 3, 2, 3, 0, 3, 3, 0]","[False, False, False, True, True, False, True, False, False, True, False, True, False, True, False, False, False, False, False, True, False]","[1.204,1.204,0.463,1.914,1.149,0.45,0.433,0.487,1.177,0.47,1.119,0.396,0.485,0.451,0.448,1.218,0.416,1.135,0.332,0.383,0.748]","[nan, nan, nan, nan, nan, nan, nan, nan, nan, nan, nan, nan, nan, nan, nan, nan, nan, nan, nan, nan, nan]","[31, 38, 45, 38, 38, 38, 45, 45, 38, 37, 37, 36, 36, 37, 37, 38, 45, 46, 39, 40, 40, 33]",,303,True,model_teacher_forced,21,7,0.3333333333333333,8,21,14,13,0.38095238095238093,33,0,0,0,0,,,,,
13015195273.0,1,1,2,739475.5228,4,7,2,2,3,1,37,0,31,23,"[31, 38, 37, 36, 35, 28, 29, 30, 23]","[1, 3, 0, 2, 1, 2, 1, 0, 1, 0, 1, 0, 3, 0, 3, 0, 3, 2, 2, 3, 0]","[True, False, True, True, False, False, False, True, False, True, False, False, False, False, True, False, True, False, False, False, False]","[1.204,1.204,0.463,1.914,1.149,0.45,0.433,0.487,1.177,0.47,1.119,0.396,0.485,0.451,0.448,1.218,0.416,1.135,0.332,0.383,0.748]","[1.204, 0.20399999999999996, 0.463, 0.9139999999999999, 0.14900000000000002, 0.45, 0.433, 0.487, 0.17700000000000005, 0.47, 0.119, 0.396, 0.485, 0.451, 0.448, 0.21799999999999997, 0.416, 0.135, 0.332, 0.383, 0.748]","[31, 31, 32, 32, 32, 31, 38, 37, 37, 36, 36, 35, 28, 29, 22, 22, 15, 15, 22, 29, 30, 23]",,303,True,actual_subject,21,7,0.3333333333333333,8,21,14,13,0.38095238095238093,23,1,0,0,0,9.081999999999999,0.4324761904761904,0.433,1.204,0.39390000000000003
13015195273.0,1,1,2,739475.5237,4,7,2,6,7,1,37,0,32,14,"[32, 31, 38, 37, 36, 35, 28, 29, 22, 15, 14]","[0, 2, 0, 1, 0, 3, 0, 1, 1, 1, 0, 1, 0, 3, 0, 1, 0, 1]","[True, True, True, False, False, True, True, True, True, True, True, True, True, True, True, True, True, True]","[2.222,0.784,1.196,0.452,1.115,1.203,1.415,0.799,0.469,0.501,0.712,1.185,0.483,0.551,0.466,0.502,1.22,0.38]","[nan, nan, nan, nan, nan, nan, nan, nan, nan, nan, nan, nan, nan, nan, nan, nan, nan, nan]","[32, 32, 32, 32, 31, 24, 24, 24, 24, 24, 24, 24, 24, 24, 24, 24, 24, 24, 24]",,307,True,model_teacher_forced,18,16,0.8888888888888888,10,18,2,8,0.5555555555555556,24,0,0,0,0,,,,,
13015195273.0,1,1,2,739475.5237,4,7,2,6,7,1,37,0,32,14,"[32, 31, 38, 37, 36, 35, 28, 29, 22, 15, 14]","[1, 1, 0, 1, 0, 3, 2, 2, 1, 1, 0, 1, 0, 3, 0, 1, 0, 1]","[False, True, False, True, True, True, False, False, False, False, True, False, False, False, False, True, False, False]","[2.222,0.784,1.196,0.452,1.115,1.203,1.415,0.799,0.469,0.501,0.712,1.185,0.483,0.551,0.466,0.502,1.22,0.38]","[2.222, 0.784, 0.19599999999999995, 0.452, 0.11499999999999999, 0.20300000000000007, 0.41500000000000004, 0.799, 0.469, 0.501, 0.712, 0.18500000000000005, 0.483, 0.551, 0.466, 0.502, 0.21999999999999997, 0.38]","[32, 31, 31, 24, 24, 24, 24, 31, 38, 37, 36, 36, 35, 28, 29, 22, 22, 15, 14]",,307,True,actual_subject,18,6,0.3333333333333333,10,18,12,8,0.5555555555555556,14,1,0,0,0,9.655000000000001,0.5363888888888889,0.4675,2.222,0.4372352941176471
13015195273.0,1,1,2,739475.5244,4,7,2,10,11,1,37,0,27,10,"[27, 26, 25, 18, 19, 12, 11, 10]","[0, 0, 1, 0, 0, 1, 0, 3, 0, 1, 1]","[False, True, True, True, True, True, True, False, False, False, False]","[1.534,0.916,1.116,0.768,1.183,0.397,1.138,1.066,0.314,0.37,0.403]","[nan, nan, nan, nan, nan, nan, nan, nan, nan, nan, nan]","[27, 20, 20, 20, 20, 20, 20, 20, 21, 14, 13, 12]",,311,True,model_teacher_forced,11,6,0.5454545454545454,7,11,5,4,0.6363636363636364,12,0,0,0,0,,,,,
13015195273.0,1,1,2,739475.5244,4,7,2,10,11,1,37,0,27,10,"[27, 26, 25, 18, 19, 12, 11, 10]","[1, 0, 1, 1, 0, 1, 0, 3, 0, 1, 1]","[False, True, False, True, False, True, True, False, False, False, False]","[1.534,0.916,1.116,0.768,1.183,0.397,1.138,1.066,0.314,0.37,0.403]","[1.534, 0.916, 0.1160000000000001, 0.768, 0.18300000000000005, 0.397, 0.1379999999999999, 0.06600000000000006, 0.314, 0.37, 0.403]","[27, 26, 26, 25, 25, 18, 18, 18, 19, 12, 11, 10]",,311,True,actual_subject,11,4,0.36363636363636365,7,11,7,4,0.6363636363636364,10,1,0,0,0,5.205,0.4731818181818182,0.37,1.534,0.36710000000000004
13015195273.0,1,1,2,739475.5255,4,7,2,14,15,1,37,0,40,3,"[40, 33, 26, 25, 18, 19, 12, 11, 10, 3]","[2, 1, 3, 1, 0, 1, 0, 3, 0, 1, 1, 2]","[False, True, False, False, False, False, True, False, False, False, False, False]","[1.402,0.735,0.734,1.164,0.583,0.75,1.069,1.083,0.434,0.453,0.634,0.51]","[nan, nan, nan, nan, nan, nan, nan, nan, nan, nan, nan, nan]","[40, 47, 47, 48, 47, 40, 39, 39, 40, 33, 32, 31, 38]",,315,True,model_teacher_forced,12,2,0.16666666666666666,9,12,10,3,0.75,38,0,0,0,0,,,,,
13015195273.0,1,1,2,739475.5255,4,7,2,14,15,1,37,0,40,3,"[40, 33, 26, 25, 18, 19, 12, 11, 10, 3]","[0, 0, 0, 1, 0, 1, 0, 3, 0, 1, 1, 0]","[False, False, True, False, False, True, True, False, False, False, False, False]","[1.402,0.735,0.734,1.164,0.583,0.75,1.069,1.083,0.434,0.453,0.634,0.51]","[1.402, 0.735, 0.734, 0.16399999999999992, 0.583, 0.75, 0.06899999999999995, 0.08299999999999996, 0.434, 0.453, 0.634, 0.51]","[40, 33, 26, 26, 25, 18, 18, 18, 19, 12, 11, 10, 3]",,315,True,actual_subject,12,3,0.25,9,12,9,3,0.75,3,1,0,0,0,6.551,0.5459166666666667,0.5465,1.402,0.4680909090909091
13015195273.0,1,1,2,739475.5261,4,7,2,18,19,1,37,0,31,16,"[31, 38, 37, 36, 35, 28, 29, 30, 23, 16]","[0, 2, 0, 1, 0, 0, 1, 2, 0, 3, 0, 0, 1, 0, 0, 0, 1, 1, 1, 1, 0, 0, 1, 1, 1, 1]","[False, False, False, True, True, True, True, False, False, True, True, True, True, True, True, True, True, True, True, True, True, True, True, True, True, True]","[1.285,0.57,1.301,1.08,1.1,1.066,0.385,1.048,0.517,1.05,0.399,0.482,1.133,0.418,0.399,1.151,1.121,0.382,1.064,0.417,1.083,0.367,0.417,0.449,0.718,0.4]","[nan, nan, nan, nan, nan, nan, nan, nan, nan, nan, nan, nan, nan, nan, nan, nan, nan, nan, nan, nan, nan, nan, nan, nan, nan, nan]","[31, 24, 31, 24, 24, 24, 24, 24, 31, 24, 24, 24, 24, 24, 24, 24, 24, 24, 24, 24, 24, 24, 24, 24, 24, 24, 24]",,319,True,model_teacher_forced,26,21,0.8076923076923077,9,26,5,17,0.34615384615384615,24,0,0,0,0,,,,,
13015195273.0,1,1,2,739475.5261,4,7,2,18,19,1,37,0,31,16,"[31, 38, 37, 36, 35, 28, 29, 30, 23, 16]","[0, 1, 0, 3, 3, 2, 1, 3, 0, 3, 0, 0, 1, 0, 1, 0, 2, 1, 0, 0, 3, 0, 1, 1, 2, 1]","[False, True, True, True, True, False, True, False, True, False, False, True, False, False, True, True, False, True, False, True, False, False, False, False, False, False]","[1.285,0.57,1.301,1.08,1.1,1.066,0.385,1.048,0.517,1.05,0.399,0.482,1.133,0.418,0.399,1.151,1.121,0.382,1.064,0.417,1.083,0.367,0.417,0.449,0.718,0.4]","[1.285, 0.57, 0.30099999999999993, 0.08000000000000007, 0.10000000000000009, 0.06600000000000006, 0.385, 0.04800000000000004, 0.517, 0.050000000000000044, 0.399, 0.482, 0.133, 0.418, 0.399, 0.15100000000000002, 0.121, 0.382, 0.06400000000000006, 0.417, 0.08299999999999996, 0.367, 0.417, 0.449, 0.718, 0.4]","[31, 24, 24, 24, 24, 24, 31, 31, 32, 32, 33, 26, 26, 25, 18, 18, 18, 25, 25, 18, 18, 19, 12, 11, 10, 17, 16]",,319,True,actual_subject,26,11,0.4230769230769231,9,26,15,17,0.34615384615384615,16,1,0,0,0,8.802000000000001,0.33853846153846157,0.3835,1.285,0.30068
13015195273.0,1,1,2,739475.527,4,7,2,22,23,1,37,0,19,31,"[19, 18, 25, 26, 33, 32, 31]","[0, 2, 2, 1, 2, 0, 2, 1, 1, 1, 2, 1, 2, 2, 1, 0, 0]","[False, False, True, False, False, False, False, True, True, True, True, True, True, True, True, False, True]","[3.35,0.716,1.201,0.449,1.116,1.15,0.421,0.43,1.383,1.118,0.317,0.449,0.401,1.084,1.133,0.501,0.44]","[nan, nan, nan, nan, nan, nan, nan, nan, nan, nan, nan, nan, nan, nan, nan, nan, nan]","[19, 12, 19, 19, 18, 25, 18, 25, 25, 25, 25, 25, 25, 25, 25, 25, 18, 18]",,323,True,model_teacher_forced,17,10,0.5882352941176471,6,17,7,11,0.35294117647058826,18,0,0,0,0,,,,,
13015195273.0,1,1,2,739475.527,4,7,2,22,23,1,37,0,19,31,"[19, 18, 25, 26, 33, 32, 31]","[1, 1, 2, 1, 2, 3, 2, 1, 2, 3, 2, 1, 1, 2, 1, 0, 0]","[False, True, False, True, True, False, False, False, True, False, False, False, True, False, False, False, False]","[3.35,0.716,1.201,0.449,1.116,1.15,0.421,0.43,1.383,1.118,0.317,0.449,0.401,1.084,1.133,0.501,0.44]","[3.35, 0.716, 0.20100000000000007, 0.449, 0.1160000000000001, 0.1499999999999999, 0.421, 0.43, 1.383, 0.1180000000000001, 0.317, 0.449, 0.401, 0.08400000000000007, 1.133, 0.501, 0.44]","[19, 18, 18, 25, 25, 25, 26, 33, 32, 32, 33, 40, 39, 39, 46, 45, 38, 31]",,323,True,actual_subject,17,5,0.29411764705882354,6,17,12,11,0.35294117647058826,31,1,0,0,0,10.659,0.627,0.43,3.35,0.4568125
13015195273.0,1,1,2,739475.5282,4,7,2,26,27,1,37,0,3,7,"[3, 2, 9, 8, 15, 14, 7]","[2, 2, 1, 0, 2, 1, 2, 2, 1, 0]","[False, False, False, True, False, True, False, True, False, False]","[5.767,1.401,0.429,0.734,1.314,0.37,1.3,0.451,0.314,0.416]","[nan, nan, nan, nan, nan, nan, nan, nan, nan, nan]","[3, 10, 17, 16, 16, 23, 23, 30, 30, 29, 22]",,327,True,model_teacher_forced,10,3,0.3,6,10,7,4,0.6,22,0,0,0,0,,,,,
13015195273.0,1,1,2,739475.5282,4,7,2,26,27,1,37,0,3,7,"[3, 2, 9, 8, 15, 14, 7]","[1, 2, 1, 1, 0, 1, 2, 2, 1, 0]","[False, False, False, True, False, True, False, False, False, False]","[5.767,1.401,0.429,0.734,1.314,0.37,1.3,0.451,0.314,0.416]","[5.767, 1.401, 0.429, 0.734, 0.31400000000000006, 0.37, 0.30000000000000004, 0.451, 0.314, 0.416]","[3, 2, 9, 8, 8, 1, 1, 8, 15, 14, 7]",,327,True,actual_subject,10,2,0.2,6,10,8,4,0.6,7,1,0,0,0,10.496,1.0496,0.4225,5.767,0.5254444444444446
13015195273.0,1,1,2,739475.5295,4,7,2,30,31,1,37,0,28,39,"[28, 35, 36, 37, 38, 45, 46, 39]","[3, 2, 2, 0, 0, 3, 2, 3, 2, 3, 0, 3, 2, 3, 2, 2, 3, 1, 1, 2, 2, 1, 2, 1, 1, 2, 2, 1, 2, 2, 1, 1]","[False, True, True, False, False, True, False, True, False, False, False, True, False, True, True, True, True, False, False, False, False, False, False, False, True, True, True, True, True, True, True, True]","[1.923,0.583,0.65,1.237,1.181,0.367,1.201,0.364,0.422,1.194,1.136,0.333,0.334,1.099,0.335,0.18,1.201,1.135,0.348,0.4,1.069,1.198,0.685,0.633,1.233,0.517,0.651,1.232,1.414,0.467,0.249,0.605]","[nan, nan, nan, nan, nan, nan, nan, nan, nan, nan, nan, nan, nan, nan, nan, nan, nan, nan, nan, nan, nan, nan, nan, nan, nan, nan, nan, nan, nan, nan, nan, nan]","[28, 29, 29, 29, 22, 15, 15, 22, 22, 29, 30, 23, 23, 30, 30, 30, 30, 30, 29, 28, 35, 42, 41, 48, 47, 47, 47, 47, 47, 47, 47, 47, 47]",,331,True,model_teacher_forced,32,17,0.53125,7,32,15,25,0.21875,47,0,0,0,0,,,,,
13015195273.0,1,1,2,739475.5295,4,7,2,30,31,1,37,0,28,39,"[28, 35, 36, 37, 38, 45, 46, 39]","[3, 3, 3, 2, 0, 3, 0, 3, 2, 3, 0, 3, 2, 3, 2, 2, 3, 0, 3, 2, 2, 1, 2, 2, 1, 2, 2, 1, 3, 2, 2, 1]","[False, False, True, True, False, True, False, False, True, True, False, False, True, False, False, True, True, False, False, True, True, False, False, True, False, False, True, True, False, False, False, False]","[1.923,0.583,0.65,1.237,1.181,0.367,1.201,0.364,0.422,1.194,1.136,0.333,0.334,1.099,0.335,0.18,1.201,1.135,0.348,0.4,1.069,1.198,0.685,0.633,1.233,0.517,0.651,1.232,1.414,0.467,0.249,0.605]","[1.923, 0.583, 0.65, 0.2370000000000001, 0.18100000000000005, 0.367, 0.20100000000000007, 0.364, 0.422, 0.19399999999999995, 0.1359999999999999, 0.333, 0.334, 0.09899999999999998, 0.335, 0.18, 0.20100000000000007, 0.135, 0.348, 0.4, 0.06899999999999995, 0.19799999999999995, 0.685, 0.633, 0.2330000000000001, 0.517, 0.651, 0.23199999999999998, 0.4139999999999999, 0.467, 0.249, 0.605]","[28, 29, 30, 30, 30, 23, 23, 16, 17, 17, 17, 10, 11, 11, 12, 19, 19, 19, 12, 13, 13, 13, 12, 19, 19, 18, 25, 25, 25, 26, 33, 40, 39]",,331,True,actual_subject,32,13,0.40625,7,32,19,25,0.21875,39,1,0,0,0,12.576,0.393,0.3345,1.923,0.3436451612903226
13015195273.0,1,1,2,739475.5304,4,7,2,34,35,1,37,0,32,29,"[32, 31, 38, 37, 36, 35, 28, 29]","[3, 2, 2, 1, 1, 0, 1, 0, 3]","[False, False, False, True, True, False, False, True, False]","[1.125,0.565,1.186,0.466,0.518,0.551,1.215,0.515,0.403]","[nan, nan, nan, nan, nan, nan, nan, nan, nan]","[32, 33, 40, 47, 47, 47, 40, 39, 39, 40]",,335,True,model_teacher_forced,9,3,0.3333333333333333,7,9,6,2,0.7777777777777778,40,0,0,0,0,,,,,
13015195273.0,1,1,2,739475.5304,4,7,2,34,35,1,37,0,32,29,"[32, 31, 38, 37, 36, 35, 28, 29]","[1, 1, 2, 1, 1, 0, 1, 0, 3]","[False, True, False, False, False, True, False, False, False]","[1.125,0.565,1.186,0.466,0.518,0.551,1.215,0.515,0.403]","[1.125, 0.565, 0.18599999999999994, 0.466, 0.518, 0.551, 0.21500000000000008, 0.515, 0.403]","[32, 31, 31, 38, 37, 36, 36, 35, 28, 29]",,335,True,actual_subject,9,2,0.2222222222222222,7,9,7,2,0.7777777777777778,29,1,0,0,0,4.5440000000000005,0.5048888888888889,0.515,1.125,0.427375
13015195273.0,1,1,2,739475.5318,4,7,2,38,39,1,37,0,2,40,"[2, 3, 10, 11, 12, 19, 18, 25, 26, 33, 40]","[2, 1, 0, 0, 2, 2, 2, 3, 2, 3, 0, 3, 0, 1, 2, 0, 3, 0, 3, 3, 3, 0, 3, 2, 3, 2, 2, 1, 0, 2, 1, 2, 2]","[False, False, False, True, False, False, False, True, False, False, False, True, False, True, False, False, False, False, False, False, False, False, False, False, False, False, False, False, True, False, False, False, False]","[2.172,0.565,1.2,1.249,0.387,0.411,1.154,0.384,1.2,0.367,0.583,0.583,1.267,0.483,1.217,1.234,0.248,1.103,0.313,0.469,1.149,1.201,0.298,0.386,1.199,0.348,0.572,1.165,1.214,0.334,0.5,0.347,0.488]","[nan, nan, nan, nan, nan, nan, nan, nan, nan, nan, nan, nan, nan, nan, nan, nan, nan, nan, nan, nan, nan, nan, nan, nan, nan, nan, nan, nan, nan, nan, nan, nan, nan]","[2, 9, 8, 1, 1, 8, 15, 22, 22, 29, 30, 23, 23, 16, 16, 23, 16, 17, 10, 11, 12, 13, 6, 7, 14, 15, 22, 29, 28, 28, 35, 34, 41, 48]",,339,True,model_teacher_forced,33,5,0.15151515151515152,10,33,28,23,0.30303030303030304,48,0,0,0,0,,,,,
13015195273.0,1,1,2,739475.5318,4,7,2,38,39,1,37,0,2,40,"[2, 3, 10, 11, 12, 19, 18, 25, 26, 33, 40]","[2, 2, 3, 1, 2, 3, 2, 1, 2, 3, 0, 3, 2, 3, 2, 0, 3, 0, 3, 2, 3, 0, 3, 2, 3, 2, 2, 3, 1, 2, 3, 2, 2]","[False, True, True, False, False, True, False, True, False, False, False, True, False, True, True, False, True, False, False, True, True, False, False, True, False, False, True, True, False, False, False, False, False]","[2.172,0.565,1.2,1.249,0.387,0.411,1.154,0.384,1.2,0.367,0.583,0.583,1.267,0.483,1.217,1.234,0.248,1.103,0.313,0.469,1.149,1.201,0.298,0.386,1.199,0.348,0.572,1.165,1.214,0.334,0.5,0.347,0.488]","[2.172, 0.565, 0.19999999999999996, 0.2490000000000001, 0.387, 0.411, 0.15399999999999991, 0.384, 0.19999999999999996, 0.367, 0.583, 0.583, 0.2669999999999999, 0.483, 0.21700000000000008, 0.23399999999999999, 0.248, 0.10299999999999998, 0.313, 0.469, 0.14900000000000002, 0.20100000000000007, 0.298, 0.386, 0.19900000000000007, 0.348, 0.572, 0.16500000000000004, 0.21399999999999997, 0.334, 0.5, 0.347, 0.488]","[2, 9, 9, 9, 8, 15, 15, 22, 22, 29, 30, 23, 23, 30, 30, 30, 23, 23, 16, 17, 17, 17, 10, 11, 11, 12, 19, 19, 19, 18, 25, 26, 33, 40]",,339,True,actual_subject,33,13,0.3939393939393939,10,33,20,23,0.30303030303030304,40,1,0,0,0,12.79,0.3875757575757576,0.334,2.172,0.33181249999999995
13015195273.0,1,1,2,739475.5327,4,7,2,42,43,1,37,0,33,21,"[33, 32, 31, 38, 37, 36, 35, 28, 29, 22, 15, 14, 21]","[1, 1, 1, 0, 0, 1, 0, 1, 0, 1, 2, 1, 0, 0, 1, 0, 0, 0, 1, 0, 2, 1, 2, 0, 0, 1, 1, 2]","[False, False, True, False, True, True, True, True, True, True, False, True, False, True, True, True, True, True, True, True, False, True, False, False, False, True, True, False]","[1.346,0.749,1.367,0.667,1.246,0.502,1.235,1.75,1.298,0.402,1.135,0.363,0.653,0.712,1.252,0.503,0.634,0.462,0.383,1.138,1.097,0.446,0.453,1.484,0.385,0.55,0.35,0.531]","[nan, nan, nan, nan, nan, nan, nan, nan, nan, nan, nan, nan, nan, nan, nan, nan, nan, nan, nan, nan, nan, nan, nan, nan, nan, nan, nan, nan]","[33, 32, 31, 31, 24, 24, 24, 24, 24, 24, 24, 31, 31, 24, 24, 24, 24, 24, 24, 24, 24, 31, 31, 38, 31, 24, 24, 24, 31]",,343,True,model_teacher_forced,28,18,0.6428571428571429,12,28,10,16,0.42857142857142855,31,0,0,0,0,,,,,
13015195273.0,1,1,2,739475.5327,4,7,2,42,43,1,37,0,33,21,"[33, 32, 31, 38, 37, 36, 35, 28, 29, 22, 15, 14, 21]","[1, 0, 1, 1, 0, 1, 0, 3, 2, 1, 2, 1, 1, 0, 1, 0, 3, 0, 1, 1, 2, 1, 0, 3, 0, 0, 1, 2]","[False, True, False, True, False, True, True, True, False, True, False, False, False, True, False, False, False, False, True, True, False, False, True, False, False, False, False, False]","[1.346,0.749,1.367,0.667,1.246,0.502,1.235,1.75,1.298,0.402,1.135,0.363,0.653,0.712,1.252,0.503,0.634,0.462,0.383,1.138,1.097,0.446,0.453,1.484,0.385,0.55,0.35,0.531]","[1.346, 0.749, 0.367, 0.667, 0.246, 0.502, 0.2350000000000001, 0.75, 0.29800000000000004, 0.402, 0.135, 0.363, 0.653, 0.712, 0.252, 0.503, 0.634, 0.462, 0.383, 0.1379999999999999, 0.09699999999999998, 0.446, 0.453, 0.484, 0.385, 0.55, 0.35, 0.531]","[33, 32, 32, 31, 31, 24, 24, 24, 24, 31, 31, 38, 37, 36, 36, 35, 28, 29, 22, 22, 22, 29, 28, 28, 29, 22, 15, 14, 21]",,343,True,actual_subject,28,10,0.35714285714285715,12,28,18,16,0.42857142857142855,21,1,0,0,0,13.093000000000002,0.46760714285714294,0.4495,1.346,0.43507407407407406
13015195273.0,1,1,2,739475.5333,4,7,2,46,47,1,37,0,10,31,"[10, 11, 12, 19, 18, 25, 26, 33, 32, 31]","[2, 1, 1, 2, 2, 1, 2, 3, 2, 1, 2, 1, 2, 3, 3, 3, 0]","[False, False, True, False, False, False, True, False, True, False, True, False, False, False, False, False, False]","[6.825,0.55,1.132,1.116,0.417,0.568,1.117,0.483,1.135,1.166,0.418,1.182,0.365,0.533,0.234,0.248,0.502]","[nan, nan, nan, nan, nan, nan, nan, nan, nan, nan, nan, nan, nan, nan, nan, nan, nan]","[10, 17, 16, 16, 23, 30, 29, 29, 30, 30, 29, 29, 28, 35, 36, 37, 38, 31]",,347,True,model_teacher_forced,17,4,0.23529411764705882,9,17,13,8,0.5294117647058824,31,1,0,0,0,,,,,
13015195273.0,1,1,2,739475.5333,4,7,2,46,47,1,37,0,10,31,"[10, 11, 12, 19, 18, 25, 26, 33, 32, 31]","[2, 2, 3, 1, 2, 3, 2, 3, 2, 1, 2, 1, 2, 3, 3, 3, 0]","[False, True, True, False, False, True, False, True, True, False, True, False, False, False, False, False, False]","[6.825,0.55,1.132,1.116,0.417,0.568,1.117,0.483,1.135,1.166,0.418,1.182,0.365,0.533,0.234,0.248,0.502]","[6.825, 0.55, 0.1319999999999999, 0.1160000000000001, 0.417, 0.568, 0.11699999999999999, 0.483, 0.135, 0.16599999999999993, 0.418, 0.18199999999999994, 0.365, 0.533, 0.234, 0.248, 0.502]","[10, 17, 17, 17, 16, 23, 23, 30, 30, 30, 29, 29, 28, 35, 36, 37, 38, 31]",,347,True,actual_subject,17,6,0.35294117647058826,9,17,11,8,0.5294117647058824,31,1,0,0,0,11.991000000000001,0.7053529411764706,0.365,6.825,0.322875
