task,n_steps,accuracy
1,18787,0.692872731143876
2,20051,0.7050521171013915
3,22483,0.7041320108526442
4,123270,0.5800438062789
